LF_x,LF_y,LF_z,LF_w,LM_x,LM_y,LM_z,LM_w,LH_x,LH_y,LH_z,LH_w,RF_x,RF_y,RF_z,RF_w,RM_x,RM_y,RM_z,RM_w,RH_x,RH_y,RH_z,RH_w
-11.961322606554901,-23.917513600767588,1.370163638370558,0.0,-41.579943330923534,-10.69254688699921,1.688435536285704,0.0,-46.55472397522886,-10.203821557987917,2.317949167488356,0.0,-22.429844508669895,-44.00497597890019,3.673741237356369,0.0,-38.781183452959546,-35.928192506313096,1.3696102145514413,0.0,-59.92129687603018,-34.19218312312054,2.2270560540255335,0.0
-11.988720701176854,-23.96285622384169,1.324061731199583,0.0,-41.51627091901577,-10.676095452658458,1.7346692573920741,0.0,-46.53318682563322,-10.23977392627553,2.275511694702418,0.0,-21.806426767899183,-44.23643333092247,4.007109970566772,0.0,-38.77003260368381,-35.92467529831606,1.3726168594607717,0.0,-59.9021160547124,-34.213171640193195,2.2311902158866967,0.0
-12.030835926487027,-24.002175319817056,1.3014916528548781,0.0,-41.461307792332974,-10.655461186412461,1.7816272527361416,0.0,-46.514453999330605,-10.272945832587679,2.234941951554358,0.0,-21.16436500537541,-44.4445759889279,4.337024245423594,0.0,-38.758469978528176,-35.92115162763994,1.3770480306100037,0.0,-59.88536045949456,-34.23071546799903,2.231937926854071,0.0
-12.08994475005139,-24.0299807596986,1.315631408717513,0.0,-41.42012423114618,-10.631566076980233,1.827528753424975,0.0,-46.50079133766426,-10.300961188750682,2.1977463691625907,0.0,-20.492688159052328,-44.61665252303105,4.650224539427555,0.0,-38.746573182827994,-35.9182093021882,1.3833916007253197,0.0,-59.87205668829814,-34.24277480819922,2.228270310038301,0.0
-12.15631139302771,-24.039998444627724,1.3653872292417653,0.0,-41.39238247768176,-10.607640787639818,1.8710480358053463,0.0,-46.4942316892228,-10.322284760860313,2.164354756281167,0.0,-19.78968208765076,-44.746623281446105,4.93644214999688,0.0,-38.73480469235298,-35.91740958348013,1.3898595129038345,0.0,-59.86193404824789,-34.24984487435619,2.2210126474121292,0.0
-12.212915932659502,-24.02866018318938,1.4335677851073676,0.0,-41.372411489470394,-10.588326958637857,1.9119067745167975,0.0,-46.4960528910179,-10.336322110980902,2.1343466872661256,0.0,-19.062078086641105,-44.834647735768954,5.189095399098052,0.0,-38.723696925750225,-35.921079203725306,1.3932896396200682,0.0,-59.854002935568,-34.25461771616956,2.2122544911532263,0.0
-12.24449844013428,-23.99820446784339,1.4943609057091827,0.0,-41.350846919856615,-10.578026196636634,1.9514520938811106,0.0,-46.506074326288925,-10.343313496448296,2.1071805057064026,0.0,-18.3214924866635,-44.88469448902821,5.404768253921564,0.0,-38.71338540927207,-35.93162448164565,1.3911181078640364,0.0,-59.84731869955132,-34.26080982036803,2.2046497587698344,0.0
-12.24418197950552,-23.955764742825387,1.526024979455121,0.0,-41.31729920755255,-10.578589302425225,1.9932952189277504,0.0,-46.522180859495634,-10.344164916304152,2.082606265308975,0.0,-17.58000741425416,-44.90161799359635,5.582046197132389,0.0,-38.70338749454551,-35.950520864864004,1.382839166781304,0.0,-59.84160437772011,-34.27185217694582,2.200587591647796,0.0
-12.21457085165322,-23.910023403748973,1.5203610108038585,0.0,-41.26302389555626,-10.587290242382517,2.0437449248644235,0.0,-46.54046114116104,-10.340361736442171,2.0606652257466873,0.0,-16.84681232089176,-44.888695591098575,5.720466978615114,0.0,-38.69278439832455,-35.97730086760368,1.3703703024378306,0.0,-59.83727736776491,-34.289928909913,2.2015682556565572,0.0
-12.16516986062491,-23.86912088807052,1.4839814818638182,0.0,-41.182722908953856,-10.596132259036965,2.111360933720322,0.0,-46.55600972125343,-10.333972731023039,2.041556756882679,0.0,-16.126994155492053,-44.846283046263316,5.819931485212969,0.0,-38.68063708731119,-36.00904516783819,1.3575249663512814,0.0,-59.83473953886225,-34.31556507457924,2.2080164295911615,0.0
-12.108697399795293,-23.840205578842188,1.4328466795529717,0.0,-41.075266055680416,-10.592725614196238,2.2052415403765124,0.0,-46.5641085979829,-10.327578577117691,2.0254312418280236,0.0,-15.422325598151673,-44.77192117552042,5.880543146089742,0.0,-38.66635999474317,-36.04083519543117,1.3487819116816624,0.0,-59.833461324726805,-34.34777198550484,2.219291898095232,0.0
-12.057405239494594,-23.82847617228791,1.3847343899874627,0.0,-40.943350786147555,-10.562327777919926,2.332484237449105,0.0,-46.56141275475596,-10.323925604556333,2.012092555416725,0.0,-14.733155517803276,-44.66169493855064,5.902644187104844,0.0,-38.64986693285053,-36.067188014585824,1.3476580480184293,0.0,-59.83160845013582,-34.384628529681756,2.2336368200194663,0.0
-12.019970809770525,-23.835093668069256,1.3533252804855351,0.0,-40.79180525666926,-10.490510602230879,2.49580317371648,0.0,-46.54683996098173,-10.325265222367337,2.000796379619821,0.0,-14.060381136795097,-44.512021506946525,5.88676662279935,0.0,-38.63146611593316,-36.08385768810893,1.3553852913177522,0.0,-59.826501734811266,-34.42410050388138,2.2481868919883112,0.0
-11.999731476255356,-23.855871603035418,1.3451166144928948,0.0,-40.62422968114977,-10.365883748620089,2.6922297558077446,0.0,-46.52197324556544,-10.332567697189198,1.9903545040471275,0.0,-13.406702986992887,-44.32092419407299,5.833325688135156,0.0,-38.61163344174057,-36.089079997199974,1.3705487559808773,0.0,-59.815606573614055,-34.46481740891335,2.2593226497072596,0.0
-11.994841069708055,-23.882547084098498,1.3589957837515794,0.0,-40.438522308493106,-10.182199783872345,2.9133843430491293,0.0,-46.49087808841106,-10.344941693989801,1.9795467656492267,0.0,-12.776806107909508,-44.088362212457156,5.742167903277343,0.0,-38.59082945290912,-36.08370233523802,1.3898126387727991,0.0,-59.79746565451471,-34.506439321693925,2.2634338051810623,0.0
-12.000099598360354,-23.90607034581737,1.3881013380724276,0.0,-40.22313344631998,-9.939237176999342,3.1473325629451843,0.0,-46.4593015241773,-10.359585598005827,1.9676523584002314,0.0,-12.176634769231274,-43.81585433529555,5.612364920505879,0.0,-38.569428063149914,-36.070344066102024,1.4093100357475912,0.0,-59.77208497317211,-34.54940370173871,2.2579709116308315,0.0
-12.00938128600047,-23.91975429468086,1.4232367552640532,0.0,-39.95656066812831,-9.642274724863963,3.3817167619768274,0.0,-46.43330769401199,-10.372439757941752,1.9548356175614359,0.0,-11.612257549405156,-43.50603538744897,5.442649438068916,0.0,-38.547724970539434,-36.05218338004387,1.4259988156684553,0.0,-59.740648131105566,-34.594331439422284,2.24265191838499,0.0
-12.017521402026894,-23.92077173786477,1.4564789213973608,0.0,-39.61170917618839,-9.30064354167064,3.6075258558368475,0.0,-46.41759768472589,-10.379430676405697,1.9421593375260446,0.0,-11.08880759918107,-43.16275678252502,5.232580141711098,0.0,-38.52598685969191,-36.032002585130115,1.4383850765686272,0.0,-59.704849613413366,-34.64176633613146,2.2207359375092057,0.0
-12.021177538370669,-23.910026475416196,1.4836306343762367,0.0,-39.16440060871298,-8.92634896891462,3.822302107727902,0.0,-46.41401536324765,-10.377908516414093,1.931162010522062,0.0,-10.609745951138567,-42.79193190399665,4.984115382397963,0.0,-38.50454062501518,-36.01190868891844,1.4464188926935932,0.0,-59.6663371887214,-34.69274186861097,2.200166826794158,0.0
-12.018875242477296,-23.89117276862327,1.504884431215313,0.0,-38.60291089601979,-8.533493520819654,4.031144767887604,0.0,-46.420858331586565,-10.367729126003146,1.923164160098585,0.0,-10.176427080322892,-42.402765698601556,4.703020963545477,0.0,-38.48389583718169,-35.99375150971767,1.4508217569219823,0.0,-59.626603190411195,-34.7499790174532,2.194123108851173,0.0
-12.010719818453573,-23.869393145942027,1.5238675216620479,0.0,-37.93450507708077,-8.138185821909769,4.244413490539268,0.0,-46.43339895826302,-10.351502525289721,1.9186286471731115,0.0,-9.787802071428148,-42.00859276218574,4.399534848838716,0.0,-38.46483302942058,-35.97977588642295,1.4523443435185115,0.0,-59.587283596876304,-34.81887481892769,2.220339297110142,0.0
-11.998118767687636,-23.850190879494697,1.5457555419179894,0.0,-37.185864288153034,-7.757769767021092,4.472688573503404,0.0,-46.44547728975974,-10.333810669254266,1.916892783860142,0.0,-9.440187271709032,-41.62651535374928,4.0879158937842615,0.0,-38.44834157791653,-35.972795160769316,1.451391963555297,0.0,-59.55047185427164,-34.907388021303355,2.2987995895336386,0.0
-11.983541731115874,-23.838294519950402,1.5753099488196742,0.0,-36.39641953790429,-7.408557183883873,4.721240800795269,0.0,-46.45148465066089,-10.319614303118575,1.9164222235785608,0.0,-9.127271807278305,-41.27546417636941,3.784846339977399,0.0,-38.43531891610208,-35.97543299444186,1.4482062037974774,0.0,-59.5185353850111,-35.02453527975659,2.4480857281952773,0.0
-11.970102236488676,-23.836720966600726,1.6154652626262518,0.0,-35.606333891126994,-7.1026306133346955,4.986762991712122,0.0,-46.44794177136425,-10.312463951577115,1.9154767890191327,0.0,-8.840631905936416,-40.973029864939384,3.5070659136771027,0.0,-38.426070745988696,-35.988609333373475,1.4434603504500991,0.0,-59.49312144264998,-35.17798582315627,2.6813659479749887,0.0
-11.960744316910622,-23.846004758521175,1.666552514028945,0.0,-34.84356190802653,-6.845432274604733,5.257977993073753,0.0,-46.4342103176986,-10.31328057556474,1.9128355866381597,0.0,-8.570789657705,-40.73204591895253,3.2689337068690367,0.0,-38.419840135531906,-36.01003490824205,1.4387765194490676,0.0,-59.4734953116822,-35.37162030501458,3.003186653887875,0.0
-11.957080470680076,-23.863709551254352,1.7257979212512335,0.0,-34.11558512904985,-6.635611580637922,5.519627682346741,0.0,-46.41226296351418,-10.3202317809505,1.9081751756621568,0.0,-8.308519800860935,-40.55810237551924,3.080626014211518,0.0,-38.41469300558108,-36.03369726939781,1.4365882008742101,0.0,-59.45480714930319,-35.60384777935654,3.4077769704411303,0.0
-11.958353261707348,-23.88464650304309,1.7868879197439345,0.0,-33.409676581285204,-6.467167378214538,5.75774553076038,0.0,-46.38564799050204,-10.329687473784054,1.9019226691879059,0.0,-8.046010146764468,-40.448851619075896,2.9473084092529422,0.0,-38.40794570368186,-36.05101856528444,1.4392265558868989,0.0,-59.42701835364914,-35.86725827103218,3.87896571505269,0.0
-11.961266183753851,-23.902281076375846,1.8401771091520729,0.0,-32.701493786140766,-6.332612765495869,5.964009035307286,0.0,-46.35798614219311,-10.337712377041328,1.8947550538586864,0.0,-7.777639838604969,-40.395246907739356,2.869106148680263,0.0,-38.396996866966724,-36.053563063067905,1.4477784206152915,0.0,-59.374960430113035,-36.149877163884526,4.391524400086567,0.0
-11.961082864728342,-23.91107047349278,1.8746855014537225,0.0,-31.967883369607115,-6.2255827388855485,6.1378752295438925,0.0,-46.33161867007316,-10.341372960066654,1.8871210717727713,0.0,-7.50030615806682,-40.383999319916406,2.841409414375004,0.0,-38.380175826898,-36.03621816031778,1.4614889421591677,0.0,-59.279570683572864,-36.43772543409535,4.913808907872097,0.0
-11.95347529937472,-23.908503942245225,1.8821917014797815,0.0,-31.198098906013676,-6.1418320872815455,6.286100910378889,0.0,-46.30710140141112,-10.339380102932994,1.8790960193522483,0.0,-7.213280402350754,-40.40001168244963,2.8551344591366217,0.0,-38.35724279740116,-35.99932289156691,1.4780669149193226,0.0,-59.12002829700219,-36.717795402993744,5.411642756155146,0.0
-11.93606417570279,-23.89585294162184,1.8616955611673074,0.0,-30.398685806712074,-6.07854410094146,6.419883682838549,0.0,-46.28380879223443,-10.332037506629954,1.8706091026162976,0.0,-6.917614856846918,-40.42772269314158,2.896864969614528,0.0,-38.3294202161395,-35.948697580571945,1.4946264578260973,0.0,-58.87638515028527,-36.98040031651135,5.853187796432023,0.0
-11.909076901841102,-23.877887030724242,1.8214953699248575,0.0,-29.590373294932984,-6.032951600431672,6.550506173973427,0.0,-46.261159460914975,-10.320808040918974,1.8618126053278399,0.0,-6.615252926942825,-40.45106393696107,2.949089572257936,0.0,-38.29905686263839,-35.89362781997433,1.5086974763502567,0.0,-58.532259095861505,-37.22021539908928,6.214067386473866,0.0
-11.875262817458957,-23.86206485202277,1.7775323093262543,0.0,-28.799021475846978,-6.001730227577399,6.6849170906012825,0.0,-46.23953230868435,-10.307852687559139,1.8532858692382153,0.0,-6.308148893472752,-40.452575348831346,2.990916934938305,0.0,-38.26907387001484,-35.843805534410244,1.5188854724748087,0.0,-58.07721027115758,-37.43588249156862,6.481494404277887,0.0
-11.839215675119137,-23.856730705736425,1.7489710216511565,0.0,-28.045165656349223,-5.9818583282957,6.8227004667570315,0.0,-46.22024103607985,-10.29567614726193,1.8459113889307197,0.0,-5.9977708141526165,-40.41270926406212,2.99965602907546,0.0,-38.24230022836566,-35.80650916858789,1.525062275220204,0.0,-57.5085301185781,-37.62857606893501,6.65604705009031,0.0
-11.805930614786051,-23.867784299126587,1.7528062474956947,0.0,-27.33679167553168,-5.972247429200658,6.955318562504509,0.0,-46.20470886846151,-10.286771298669485,1.8405063251047054,0.0,-5.685280923241919,-40.31039931212691,2.9534651487468686,0.0,-38.22080341020665,-35.78495494871025,1.5281388741673947,0.0,-56.83212258087551,-37.800269115637946,6.750306298715547,0.0
-11.778717806839014,-23.895043649891235,1.7985794353483566,0.0,-26.668037686802037,-5.974755410155399,7.067751648512814,0.0,-46.1935588430523,-10.283120445250065,1.837469568386604,0.0,-5.372430693831889,-40.125616852901814,2.834941674984556,0.0,-38.205354664726094,-35.77813457619195,1.5295235322463334,0.0,-56.06192811239737,-37.9523930155664,6.784646848401447,0.0
-11.75757445723494,-23.931245833723914,1.8841932058523856,0.0,-26.02373374488732,-5.993720448152466,7.141972713063208,0.0,-46.18628800157093,-10.285586033006144,1.8366733683934537,0.0,-5.0627925695327365,-39.843905828514174,2.6351506469904606,0.0,-38.19519475500585,-35.78189809148753,1.5304259367762132,0.0,-55.217444636191246,-38.08519951552916,6.781583671871582,0.0
-11.739476183770927,-23.965610024901665,1.9950767696652498,0.0,-25.387109131574302,-6.0342786569815745,7.161102714170946,0.0,-46.18165874638663,-10.293418680395028,1.8376166774532425,0.0,-4.762549457678553,-39.46193805308354,2.3572061635224912,0.0,-38.18825079652816,-35.79069870049801,1.5312521029323598,0.0,-54.31973744087609,-38.1977425481888,6.760665833809698,0.0
-11.720615384263057,-23.989823844263,2.1089736395021994,0.0,-24.746724129517585,-6.100556274287109,7.112721519212524,0.0,-46.178405031610886,-10.30415446608114,1.8396695022725353,0.0,-4.479998204581259,-38.99228495822672,2.0181440220549973,0.0,-38.18182134314103,-35.79932700869476,1.5313726737376605,0.0,-53.387402549106135,-38.288228675400404,6.735550426956852,0.0
-11.69866200648622,-24.001603017056986,2.204973061057757,0.0,-24.09959070726099,-6.19487748294595,6.990077820031847,0.0,-46.17572013824474,-10.314048327853445,1.842243025378373,0.0,-4.223464082735161,-38.46518782035956,1.6476985290616266,0.0,-38.173491923923514,-35.80411001136482,1.529445114102396,0.0,-52.4342141897399,-38.35448451789402,6.7137209439482906,0.0
-11.673270113677733,-24.003669782085257,2.2712421772877693,0.0,-23.44998090086354,-6.318450763717037,6.791042056679312,0.0,-46.173255125938454,-10.318985252258354,1.8448556594262122,0.0,-3.998371097546647,-37.92546136435118,1.2831960245932716,0.0,-38.16187168666214,-35.803367392891055,1.524206910104441,0.0,-51.46926781098502,-38.39436093945742,6.698103753660854,0.0
-11.64510518691178,-24.000632355036437,2.30655014606692,0.0,-22.805727745202912,-6.473008740125436,6.515997993253017,0.0,-46.17070123044525,-10.315615812947485,1.8471276774737628,0.0,-3.805114193695138,-37.42410193216236,0.961331633337819,0.0,-38.14687289032542,-35.79725991248058,1.5153479046375828,0.0,-50.49905582120466,-38.405988943946284,6.689240287491122,0.0
-11.614845301240035,-23.99696866562534,2.3154612878114786,0.0,-22.174526491741993,-6.662147105201986,6.166510811832883,0.0,-46.16723679928468,-10.302353517856657,1.8486915685981788,0.0,-3.6392493640553845,-37.00654064913616,0.7094422825009215,0.0,-38.12960389294641,-35.787362440451425,1.5039350304092949,0.0,-49.53006806954026,-38.3878772963255,6.6867470637043755,0.0
-11.582970718197625,-23.996633744692122,2.3015864555658254,0.0,-21.561979831405203,-6.891049142342254,5.746108066792035,0.0,-46.16120727516705,-10.279898215029043,1.8490326218958923,0.0,-3.494132945983388,-36.70162678789663,0.5396173104126234,0.0,-38.1121538250293,-35.776261294086886,1.4921074299586508,0.0,-48.57054208688544,-38.338916141826274,6.6893668240575845,0.0
-11.550052139851198,-24.002784250721156,2.264625505908887,0.0,-20.971830105265937,-7.1639197137111825,5.263194177524935,0.0,-46.15041676209607,-10.251098113847105,1.8474406733422022,0.0,-3.3644856463420236,-36.51565378775731,0.44777696489840224,0.0,-38.09737805852887,-35.76724402300488,1.482310518781782,0.0,-47.630644307803216,-38.25841791809951,6.693817920704905,0.0
-11.516800982876626,-24.0164329111773,2.203836010652852,0.0,-20.407699273921523,-7.479577952286217,4.734653525964056,0.0,-46.133209756029814,-10.220186471229212,1.843329186254147,0.0,-3.248791222672626,-36.433485354560005,0.4175149717339952,0.0,-38.0884672966816,-35.76387709044204,1.4766772441314338,0.0,-46.721217308190106,-38.146247874364676,6.69343336559553,0.0
-11.483567952212184,-24.034702954236707,2.124799888976769,0.0,-19.875033676668913,-7.826991031978344,4.187779907017124,0.0,-46.10999927599967,-10.191648290032452,1.836909800660786,0.0,-3.1493174312781367,-36.425576494859875,0.42665493925925624,0.0,-38.08807795004621,-35.769217582867164,1.4768551390402713,0.0,-45.85187268214414,-38.00287150751047,6.67762327739722,0.0
-11.44976771085122,-24.050758009211123,2.0428569835975843,0.0,-19.381964399024138,-8.183449209961609,3.6584518484237964,0.0,-46.084339264975505,-10.169067894649876,1.8297493841661332,0.0,-3.0700405935817994,-36.45757535816743,0.45393355881399877,0.0,-38.09723181172423,-35.784715047893094,1.4839808487340331,0.0,-45.029337441867995,-37.82905293882447,6.632486014000499,0.0
-11.413929716164027,-24.05641692351271,1.97846541983046,0.0,-18.938420758170366,-8.517603098616817,3.185129364239204,0.0,-46.06260678646781,-10.15426511168653,1.8246083732966838,0.0,-3.0138224836785943,-36.49909800329456,0.4837424169896529,0.0,-38.114598382035986,-35.80929687309491,1.4983978615496696,0.0,-44.25659174930691,-37.62513558853145,6.542277196308344,0.0
-11.374623473550272,-24.045969347814903,1.9460519030740642,0.0,-18.553784439988625,-8.797324895202436,2.8003916600722984,0.0,-46.05204796396269,-10.146959555962358,1.8244294947139696,0.0,-2.9803333038741986,-36.52947103573386,0.507873307297583,0.0,-38.13668427124478,-35.83926795095908,1.5191976394597866,0.0,-43.532880441303035,-37.39016791590826,6.391605709763288,0.0
-11.33203666422461,-24.019119583412664,1.9444083094989155,0.0,-18.234125589263137,-8.999507138057487,2.522906415226937,0.0,-46.05790432535805,-10.145113846954652,1.8310065509296116,0.0,-2.965597549521018,-36.539669589977365,0.5243562040713368,0.0,-38.1589203527627,-35.8692877478651,1.54406173015796,0.0,-42.85454409782942,-37.1214429811321,6.168718194654495,0.0
-11.289300595564722,-23.98199148323679,1.956830082149759,0.0,-17.98018011556696,-9.117520015127608,2.3524276350051707,0.0,-46.080936343279745,-10.14588623682032,1.8441211977590601,0.0,-2.9631804640905712,-36.53085540231259,0.5345106103678905,0.0,-38.17707769086009,-35.89406613672978,1.5697306741070403,0.0,-42.216742470964476,-36.81525036851159,5.869978709399781,0.0
-11.251970479977906,-23.945270692039305,1.9611631759892632,0.0,-17.786760283686377,-9.16302334308325,2.269496736269798,0.0,-46.11656950437048,-10.146813546667481,1.8616356933582185,0.0,-2.9663565048062557,-36.51073017624704,0.5399235157440128,0.0,-38.18826476105802,-35.91004328062052,1.592981066856705,0.0,-41.61608372577646,-36.46955300961193,5.5042452251685905,0.0
-11.22513382152917,-23.919491054797952,1.9421395020195105,0.0,-17.643737558109635,-9.161349715423516,2.240577075928071,0.0,-46.15618961311153,-10.146655436025684,1.8804011550016853,0.0,-2.970223859774464,-36.48919424107361,0.5408796196518679,0.0,-38.19116986833707,-35.91642491499691,1.6116666570275822,0.0,-41.053551650425476,-36.08839699523622,5.094275211177761,0.0
-11.210001993993,-23.91000492713282,1.8986094378485907,0.0,-17.538388513009117,-9.142399150515885,2.2278726949742698,0.0,-46.190164580560136,-10.145452541899909,1.8973224493014076,0.0,-2.9727164823446217,-36.47454229807804,0.5367396606367407,0.0,-38.18592586115462,-35.9153015200014,1.6252871911456293,0.0,-40.53616490971012,-35.686024165545234,4.672514538131452,0.0
-11.202584628282295,-23.91478711812831,1.843429649640095,0.0,-17.458463855107638,-9.130792364083803,2.2007635096267357,0.0,-46.21130741457435,-10.14383276103107,1.910018650031473,0.0,-2.974061904009771,-36.47099537557717,0.5274273399129257,0.0,-38.17409933913231,-35.91085944718595,1.634802273869406,0.0,-40.07561452217126,-35.28721219875117,4.2718642883064,0.0
-11.195343585630788,-23.926043431602483,1.797411816886549,0.0,-17.39476274846963,-9.139091414844058,2.1440962322624904,0.0,-46.2170867373699,-10.142150311465253,1.9171090836554185,0.0,-2.9753175984192546,-36.47798675397618,0.5145676337010148,0.0,-38.15855611360768,-35.90787869606081,1.6419928877456993,0.0,-39.68383288700871,-34.92174931836688,3.916329941559839,0.0
-11.180557246027817,-23.934333713331487,1.7799481633766012,0.0,-17.342077214254722,-9.166309307950286,2.05969890160881,0.0,-46.20954667338887,-10.140116605663124,1.9183967385291947,0.0,-2.977192952671372,-36.491192705486355,0.5013768324001333,0.0,-38.142657565540496,-35.91001740109404,1.6488800808485182,0.0,-39.3680152630849,-34.61532151938708,3.6170493197312545,0.0
-11.153427626437928,-23.932964848092794,1.800144076358647,0.0,-17.29846259808674,-9.201667417441614,1.961273881134991,0.0,-46.19346354291713,-10.137053081308196,1.9148763689552393,0.0,-2.9797536963762035,-36.504766575137914,0.4914637004580964,0.0,-38.12912095704791,-35.91864643562135,1.6572640779086054,0.0,-39.12799824915435,-34.382093624856566,3.3743982943867117,0.0
-11.113698323793026,-23.920430944672567,1.853200285714954,0.0,-17.26377063909959,-9.231468635285749,1.8662240548649756,0.0,-46.17422687337957,-10.132351051662445,1.9083174622592072,0.0,-2.9826794692074534,-36.513724786674175,0.4874322949687713,0.0,-38.11938206128059,-35.93269924731864,1.6682943145627718,0.0,-38.95653920631906,-34.22235376239822,3.182198534756198,0.0
-11.06533827202253,-23.89939689179324,1.924449635315776,0.0,-17.23833610591784,-9.245807321181687,1.7885120412006987,0.0,-46.156418630960076,-10.12573448936288,1.9005646111255103,0.0,-2.9855833771416784,-36.51541538447461,0.4901333231134526,0.0,-38.11365282788365,-35.94934262165082,1.6822495418601697,0.0,-38.84116988265176,-34.12470417470583,3.030745332139082,0.0
-11.014394020744788,-23.872369555342974,1.998499204648592,0.0,-17.222112446684417,-9.242335411027833,1.7348817935907253,0.0,-46.143112678740025,-10.11730904994752,1.893056465142049,0.0,-2.988275038075294,-36.50972483254257,0.49871784351040205,0.0,-38.111303197716225,-35.964987662329605,1.6985940812865028,0.0,-38.76661904343463,-34.07072880711242,2.9087247425633542,0.0
-10.966085966021627,-23.836687931489394,2.067703615401526,0.0,-17.214189488673178,-9.22612364296525,1.7046471225621662,0.0,-46.13563229295828,-10.107583640677129,1.8868528265103404,0.0,-2.991013458798612,-36.4984373586752,0.5111132224768618,0.0,-38.11129918460934,-35.97634553300287,1.7160551523087575,0.0,-38.71757900842157,-34.04045738160922,2.805292651690321,0.0
-10.922829008000223,-23.78289835433348,2.1352077406846988,0.0,-17.212653219310784,-9.20657868251151,1.691922883220446,0.0,-46.13368396805112,-10.09753173691591,1.8829727445904094,0.0,-2.994640310388349,-36.484297842107125,0.524600576587865,0.0,-38.112638773523244,-35.98148404138079,1.7325252838558285,0.0,-38.681434442115176,-34.0172600732599,2.7124345779196144,0.0
-10.883991466232288,-23.698840797267763,2.2116004769040325,0.0,-17.214855154437846,-9.19337600320926,1.688756697428106,0.0,-46.13581703028015,-10.088592223920053,1.882583934169995,0.0,-3.0003794916602047,-36.47011776545716,0.5364312693114375,0.0,-38.11472912862632,-35.98090050207104,1.7449234420379893,0.0,-38.65008957098499,-33.99095277661495,2.6264822974470423,0.0
-10.846875453533155,-23.577580605776618,2.308052000527204,0.0,-17.21807062310623,-9.193216423577017,1.6878375917965815,0.0,-46.13999594872977,-10.082461922677005,1.8867074486219302,0.0,-3.0093037158627123,-36.45814364568659,0.5444346146031105,0.0,-38.1175539684544,-35.978482108266896,1.7493613377154524,0.0,-38.62021269958535,-33.95847718026411,2.5477669987126035,0.0
-10.808096737323165,-23.42401130899117,2.4305501189433913,0.0,-17.220296410983785,-9.208352894681648,1.6840297214920597,0.0,-46.14405008039233,-10.080576829928747,1.895504792765161,0.0,-3.0218009213513586,-36.449815190659024,0.5474313897764063,0.0,-38.121429567077215,-35.982013370165284,1.7419033853947514,0.0,-38.59202445705671,-33.922383262103885,2.4786253099762057,0.0
-10.764751193000576,-23.255363534497036,2.578301250664916,0.0,-17.220813320204186,-9.236889665471965,1.6746575093853515,0.0,-46.145972762512955,-10.083333665244808,1.9076220304320461,0.0,-3.037373934640638,-36.445821620125464,0.5453250486365597,0.0,-38.12624374737614,-36.00281167077795,1.7199199970004084,0.0,-38.5674239353718,-33.88800703336374,2.421045128542149,0.0
-10.714483104315272,-23.094581987305837,2.7460025356990796,0.0,-17.220230944454034,-9.27423471679916,1.658980864303258,0.0,-46.14420252571314,-10.089382154993068,1.9201588828260991,0.0,-3.0547699657419765,-36.44621610049342,0.5389504082385823,0.0,-38.13033440833875,-36.0542507183398,1.6836325789358941,0.0,-38.54830064691523,-33.860502711619986,2.375198067126023,0.0
-10.653738588593313,-22.95965807694695,2.9276044728243686,0.0,-17.21997899869391,-9.314866980225354,1.637447636816674,0.0,-46.137937101990175,-10.095509676170556,1.9295011103200554,0.0,-3.072221082983322,-36.45044670569374,0.5298106554403041,0.0,-38.12945563678029,-36.149327096266816,1.6371419910276082,0.0,-38.53549276039086,-33.84273831234433,2.3392483001883875,0.0
-10.575084429675393,-22.853995125829755,3.1189563138629692,0.0,-17.221510512595614,-9.353673687784358,1.6111498576233991,0.0,-46.12734200305835,-10.097470612581763,1.9327235577773614,0.0,-3.0877030982988622,-36.457362457484365,0.5197287827345622,0.0,-38.11635423679881,-36.29787822190225,1.5882907015826166,0.0,-38.52844723963784,-33.8345659622689,2.3100709104189097,0.0
-10.46591464795027,-22.762029320594163,3.3174329739744683,0.0,-17.225657873412167,-9.386472614450305,1.5816524483515746,0.0,-46.11344864249777,-10.091615158915383,1.9288943292691823,0.0,-3.0993195037983616,-36.46534686725728,0.5104013733911543,0.0,-38.081198917518066,-36.50434627818142,1.5472176936018496,0.0,-38.52543189504989,-33.83335931419027,2.2843232751387568,0.0
-10.309857380849373,-22.651575029052655,3.518555175091369,0.0,-17.232422218427768,-9.409888841402779,1.5511051286203212,0.0,-46.097675208911795,-10.076652190763738,1.9195843321203423,0.0,-3.105871404949633,-36.47264943535188,0.5029307811395114,0.0,-38.0126681405897,-36.7668670941512,1.524105068661469,0.0,-38.52408511529535,-33.83526625842943,2.2594558740067328,0.0
-10.089494370292106,-22.481285749972464,3.7123731099281336,0.0,-17.24109165578427,-9.421184558506733,1.52230202471487,0.0,-46.08115578949698,-10.054639003764695,1.9082126428527477,0.0,-3.1074053556239654,-36.47779295897575,0.4975207528533687,0.0,-37.89928357780237,-37.077915998252536,1.5269248684207541,0.0,-38.5220578364241,-33.83652764027195,2.2343587521549413,0.0
-9.787983331180516,-22.209507148279723,3.8836979585539826,0.0,-17.250424847383933,-9.418566588581996,1.498284411471909,0.0,-46.06420314173948,-10.030529577060449,1.898452011103977,0.0,-3.1053536725066673,-36.47982165943257,0.4935471449977342,0.0,-37.730658045236936,-37.42610846154847,1.5598489918653247,0.0,-38.517507221603935,-33.8344179078568,2.2094125036181467,0.0
-9.389178106027988,-21.80100979123911,4.01856324101732,0.0,-17.25887374927158,-9.401999290669519,1.4813824447457087,0.0,-46.04610990484512,-10.010352984328039,1.8925269165616445,0.0,-3.102077330736254,-36.47829291822493,0.4900645465053586,0.0,-37.49845621964038,-37.79845823558653,1.62262076440701,0.0,-38.509303047992496,-33.827667879112994,2.185929640362694,0.0
-8.878387458859883,-21.231427994470458,4.115615483234029,0.0,-17.265052797784584,-9.374076786191669,1.4721163434853946,0.0,-46.025287446923144,-9.998923210662724,1.8903981772535996,0.0,-3.10004802925558,-36.4731504924101,0.48649053581142,0.0,-37.19688613620858,-38.18248521028407,1.7108543325257255,0.0,-38.49698474406669,-33.816443975703734,2.1652798257294634,0.0
-8.246380312075772,-20.493353857250224,4.196964165137635,0.0,-17.268485551896262,-9.34030225908246,1.4686950752351642,0.0,-45.99970553423252,-9.99821487956889,1.89030435071491,0.0,-3.1010956586252183,-36.46461797405677,0.4830263637735275,0.0,-36.82258690767584,-38.56776550417057,1.8170206694803568,0.0,-38.480635584296785,-33.802037935864305,2.148141297993643,0.0
-7.497138934315408,-19.607198280506523,4.308927189696851,0.0,-17.270209590309904,-9.308209631355243,1.4676527257445287,0.0,-45.96763085335021,-10.00697936508492,1.8902824311296342,0.0,-3.105982953104062,-36.45308327832636,0.4805662669239368,0.0,-36.37399938791724,-38.94667381192777,1.9318124171301134,0.0,-38.46082313938949,-33.78641603537768,2.1342001288005186,0.0
-6.655151509810417,-18.630452748148084,4.503675572543237,0.0,-17.272620401889306,-9.285255717490688,1.4655005153044218,0.0,-45.92851250821225,-10.021393785298587,1.8897356206246485,0.0,-3.1143544015509415,-36.438928106189984,0.48018489944152165,0.0,-35.85059300054202,-39.31424035147814,2.045636286238878,0.0,-38.438622075616365,-33.77173900233609,2.1223390192110703,0.0
-5.763815219984935,-17.649925554298367,4.806780819817568,0.0,-17.27832706960916,-9.276225034084877,1.4605347316145867,0.0,-45.883607887227505,-10.036162819491626,1.8901560166905877,0.0,-3.1249919600349134,-36.42238014529111,0.48248057506776654,0.0,-35.25242906110603,-39.667249279345114,2.150063001489154,0.0,-38.415604317197484,-33.759923799771045,2.111115110984846,0.0
-4.871326565052231,-16.752214037744128,5.195346352612283,0.0,-17.288539458803232,-9.281427668378438,1.4536818117329915,0.0,-45.835924577658844,-10.045627406963733,1.8946279266480985,0.0,-3.1362464006265824,-36.40350749124888,0.4870699697324721,0.0,-34.580371470294864,-40.00286425052099,2.239054418892553,0.0,-38.39365337820702,-33.75228313636082,2.099258766688644,0.0
-4.013340592802015,-15.992649355985863,5.60686869341883,0.0,-17.301984376556774,-9.296671034264655,1.4477998876238924,0.0,-45.789396278085945,-10.044782682654734,1.906413245021616,0.0,-3.1465038504931515,-36.38238442045369,0.4924428540098038,0.0,-33.83693480685559,-40.31715960371224,2.3097068271499426,0.0,-38.37455685446213,-33.7492596771892,2.086016756410391,0.0
-3.2051708355552995,-15.38592786854708,5.969298542608977,0.0,-17.315136679576725,-9.315017929069292,1.4458688286744845,0.0,-45.747644594911556,-10.03031486446485,1.9273838034589108,0.0,-3.154582554509184,-36.359327084930484,0.49626500321128475,0.0,-33.02745638507687,-40.60401691814928,2.362264054041053,0.0,-38.35949267286319,-33.7502960339007,2.071293499023687,0.0
-2.445453586846833,-14.918144952819105,6.2280333795027705,0.0,-17.323766833616887,-9.329428995127849,1.4491969974678813,0.0,-45.71286452827602,-10.00163476395658,1.9570373142001642,0.0,-3.1599646256294625,-36.33501496089575,0.4961081035230741,0.0,-32.16107238534269,-40.854910388086466,2.3993905957516954,0.0,-38.3486393380436,-33.753924109013255,2.0556135303260152,0.0
-1.7241883085542482,-14.564312903411771,6.357758371842722,0.0,-17.32497709616866,-9.335109748890714,1.4566329733545675,0.0,-45.68525437401214,-9.961546257206015,1.9923817056709439,0.0,-3.1627698138463285,-36.3103533309837,0.49043260486083184,0.0,-31.250935520556155,-41.060019557723514,2.4250669247943497,0.0,-38.341118269968526,-33.75813860266874,2.0399317476221963,0.0
-1.0289343578550199,-14.299905618618821,6.361456878318361,0.0,-17.318607575886304,-9.330765019920179,1.4650295948650438,0.0,-45.66315773258908,-9.916017849970059,2.028533558558454,0.0,-3.163467388022,-36.286103633203936,0.47943977416015926,0.0,-30.313340838664754,-41.21070692994289,2.4436877625682616,0.0,-38.335322728030334,-33.76100952719889,2.025328692876741,0.0
-0.34767923047174065,-14.104980712603089,6.262682207226032,0.0,-17.307319862430212,-9.318577913194051,1.4705206387134542,0.0,-45.64380863481364,-9.872785046103864,2.05978372160725,0.0,-3.1624850915278957,-36.2624973644781,0.46532242912457455,0.0,-29.365911528435202,-41.302685205574505,2.4597578248479977,0.0,-38.32950034538815,-33.761353688091255,2.012685642743506,0.0
0.3300815963308148,-13.964507772230686,6.0955153343318464,0.0,-17.29541623243161,-9.303144178914089,1.4699331304629801,0.0,-45.62432124113863,-9.839094519551596,2.08098537006995,0.0,-3.159972396100358,-36.23911272592775,0.4516708130105691,0.0,-28.425434431690192,-41.33855980410534,2.478066237203606,0.0,-38.322342941324344,-33.75921848604902,2.0024637491190305,0.0
1.012242459022664,-13.868216496544667,5.8950130831325716,0.0,-17.28701656641041,-9.28973873475693,1.4617986165858436,0.0,-45.60247000027419,-9.819398839894816,2.0890815893153167,0.0,-3.1558948328659326,-36.21517514712181,0.44225102233218294,0.0,-27.50594425267026,-41.32844025694861,2.503812507236251,0.0,-38.313344916403544,-33.75597618890405,1.9946428914743741,0.0
1.702675678660337,-13.810568502655318,5.6901105697572945,0.0,-17.28443185066759,-9.282388601687943,1.4466965810467745,0.0,-45.576962250715155,-9.813848691964559,2.0844080116600736,0.0,-3.1503803191093365,-36.190172355326375,0.4397462309253335,0.0,-26.61727187277974,-41.288103374442514,2.5422439304625577,0.0,-38.302803457591665,-33.753962012021105,1.9887782768742763,0.0
2.400710552198425,-13.789595411175618,5.500107161600718,0.0,-17.287482246946848,-9.282387449984894,1.4269132158633955,0.0,-45.547202741542684,-9.818027932297749,2.071346999485776,0.0,-3.1439833258277985,-36.16440490162523,0.445041272618127,0.0,-25.7639934414458,-41.2352541049616,2.5978199528491928,0.0,-38.29149995622535,-33.75575994209629,1.9841115117317862,0.0
3.1025342439105623,-13.803860209060263,5.335037364159151,0.0,-17.29408119590176,-9.287899724665705,1.4056148307958019,0.0,-45.512758886704354,-9.823868771550082,2.058081411449967,0.0,-3.1375595018162863,-36.139088311527715,0.45725331219052734,0.0,-24.944846656321022,-41.18515453411232,2.673228388195337,0.0,-38.28024897049432,-33.76338332243502,1.97971268905596,0.0
3.8039246458885394,-13.848518232326569,5.199529445356307,0.0,-17.30172067987192,-9.294896290314135,1.3859045184940122,0.0,-45.47274594365854,-9.821310087150286,2.055452536229362,0.0,-3.1317911840816537,-36.11595900558161,0.47429114397545646,0.0,-24.152956561872298,-41.14703428369513,2.7685263684573886,0.0,-38.269545289479844,-33.777645806477175,1.9746476406044788,0.0
4.502443793704431,-13.912459132792602,5.098700979912907,0.0,-17.308938222117625,-9.298966391349328,1.3701374992940512,0.0,-45.42524975774463,-9.800090161109031,2.075111592095002,0.0,-3.126731201988953,-36.096702151347436,0.4935370067089,0.0,-23.377249967271496,-41.12235004247004,2.8805561065956766,0.0,-38.259446496955405,-33.79792419583845,1.9681460969876152,0.0
5.197675706832366,-13.978072060414714,5.043310886579448,0.0,-17.31585812036036,-9.297090674742854,1.3596551895549691,0.0,-45.36683506061885,-9.751171382907279,2.1272869048561027,0.0,-3.1217192648895424,-36.082552982393324,0.5123197807057789,0.0,-22.605132197913353,-41.10530730678263,3.0028243571810833,0.0,-38.249663258448784,-33.822320126758285,1.9597391161509972,0.0
5.88977051178777,-14.023840737210428,5.051146822226622,0.0,-17.323497075460843,-9.28859798087451,1.3548431856396643,0.0,-45.292200873661756,-9.667644577611625,2.218681822973206,0.0,-3.1157393021098003,-36.07415634649007,0.5281004039803658,0.0,-21.8259588930485,-41.0852583851964,3.1260825201985654,0.0,-38.23972014811133,-33.84807787721871,1.949345137170349,0.0
6.577627481427015,-14.02884209439134,5.143451087430204,0.0,-17.332291802495092,-9.275072908529657,1.3553345837175144,0.0,-45.194121972210304,-9.54528631596504,2.3511973735195077,0.0,-3.10800847239552,-36.07154725572479,0.5385553354771311,0.0,-21.034290888388583,-41.04995131657261,3.2396901490026604,0.0,-38.22907737825222,-33.87211334245549,1.937280035577258,0.0
7.257692914827108,-13.977756723355629,5.337992238276552,0.0,-17.34079141350307,-9.25948456480225,1.3602245878180668,0.0,-45.06390665213186,-9.383048691508755,2.522042351444181,0.0,-3.0984699848821657,-36.07413278551617,0.5418139564183377,0.0,-20.23170811819174,-40.98851510390611,3.33352511213754,0.0,-38.217219506218285,-33.89159235726796,1.9241580399849116,0.0
7.92359504417022,-13.864912302896746,5.64188996464158,0.0,-17.345440055504913,-9.245029558452133,1.3682120621227245,0.0,-44.89257000593713,-9.183741964295795,2.7252042361757454,0.0,-3.087904868120037,-36.08068572073587,0.5369163313430292,0.0,-19.4263273481288,-40.89350957407751,3.3999182837504005,0.0,-38.20378245475119,-33.9045318319527,1.9106871757249095,0.0
8.566788793526676,-13.696068849552162,6.046700820932649,0.0,-17.34182912598492,-9.234145044541304,1.3776637055133936,0.0,-44.67264532944342,-8.955087725533073,2.9534886619458973,0.0,-3.0775650606765153,-36.08942244020032,0.5242845867947619,0.0,-18.63005650362064,-40.76181465177754,3.4350003800434123,0.0,-38.188731283358464,-33.91033598777027,1.89743640233862,0.0
9.17860373319736,-13.487387233447134,6.527043980000825,0.0,-17.326902710564585,-9.227959175117642,1.3867102666193816,0.0,-44.40013725968983,-8.710943450489829,3.199967970969869,0.0,-3.068503843598258,-36.09822844545574,0.5058917487785877,0.0,-17.85462314686248,-40.594260788160646,3.439009666468321,0.0,-38.17249592066012,-33.9100867965244,1.8846854028965367,0.0
9.753540687802037,-13.262157328984959,7.043305848546242,0.0,-17.300869082943983,-9.226235395955882,1.3934916832213702,0.0,-44.07580398574999,-8.471738782893805,3.458139900981676,0.0,-3.0609840088778415,-36.105067999254175,0.4849431355192557,0.0,-17.107983355085633,-40.394015453114335,3.4154737244655546,0.0,-38.155947150145074,-33.906392412032275,1.8724209538007237,0.0
10.292402293896664,-13.046660506253126,7.548082294777239,0.0,-17.267630636909438,-9.227729358412686,1.3965255143420556,0.0,-43.704916917117295,-8.262658226077356,3.7211559680281905,0.0,-3.054313505043265,-36.10852184560047,0.4651257978252872,0.0,-16.39250297522743,-40.16418647091546,3.369591611708616,0.0,-38.140181788331056,-33.90272396383686,1.8604558057509752,0.0
10.803170673546894,-12.86647071791944,7.994438106440546,0.0,-17.233477579505024,-9.230792661411527,1.395040694995803,0.0,-43.295050567599084,-8.108805776545688,3.981216027181741,0.0,-3.0471957232186435,-36.10823423269786,0.4496722566438489,0.0,-15.705451504692066,-39.90564145760679,3.306415977376359,0.0,-38.1262058513019,-33.902398536950116,1.848584504130372,0.0
11.298586571639225,-12.743753039060037,8.342855200266527,0.0,-17.204869504431784,-9.23398123671577,1.389132420377285,0.0,-42.85240390804017,-8.02844796355071,4.229904806051341,0.0,-3.0383806295325693,-36.1049871696049,0.4405749091996718,0.0,-15.041372553197657,-39.61611894083111,3.229478372622646,0.0,-38.11465990877371,-33.907568407041346,1.8366933355703932,0.0
11.791446802620346,-12.695399323553072,8.564431854150598,0.0,-17.186496083818056,-9.236425659951141,1.3797233912223472,0.0,-42.378225726172616,-8.027037595396335,4.459250699667285,0.0,-3.0272608421857403,-36.10029224495179,0.4382591651818455,0.0,-14.395254616043676,-39.291150049163264,3.140355409686485,0.0,-38.105692505440196,-33.91862520884682,1.824791965717253,0.0
12.28977447507187,-12.731768789252113,8.64023152479307,0.0,-17.180335265850832,-9.237868652470343,1.368423699256983,0.0,-41.8671938483937,-8.094714043749788,4.662730799677915,0.0,-3.014131846638036,-36.09568885493119,0.4418366339163846,0.0,-13.765302358896031,-38.926511172566826,3.0393806717315677,0.0,-38.09900325104697,-33.93427677524366,1.8129832013290148,0.0
12.79350270623571,-12.856255588108684,8.558742454329778,0.0,-17.185689942562576,-9.238481930427456,1.3573396901823074,0.0,-41.308663605349494,-8.208414772360536,4.8358066445237995,0.0,-3.0000502684360755,-36.092122430672354,0.4497692440120158,0.0,-13.154450453389229,-38.521369713796716,2.9272513510065217,0.0,-38.09400936444106,-33.95226351067576,1.801407631157419,0.0
13.29327689935542,-13.06605668129349,8.313865218661658,0.0,-17.199763242766405,-9.238669279085311,1.348746866345376,0.0,-40.69026581897464,-8.337758417263254,4.9762213903988535,0.0,-2.986428954936077,-36.08971456855855,0.46056472205434673,0.0,-12.570357101200928,-38.08108512151212,2.8067691585258494,0.0,-38.0900614899621,-33.97037942900371,1.7901978556240916,0.0
13.771525183243956,-13.353922305197205,7.904968550574798,0.0,-17.21837221062932,-9.23898561853405,1.34454128948048,0.0,-40.00243846125797,-8.452573155187107,5.084413185224838,0.0,-2.9745891245667355,-36.0879883474396,0.47314602461962707,0.0,-12.024163639096205,-37.61864861644814,2.683740425814415,0.0,-38.08662570920785,-33.98730183669806,1.7794611391856012,0.0
14.205884930373417,-13.709954637881513,7.339231907216355,0.0,-17.236689390136313,-9.240141606630571,1.345602816721616,0.0,-39.242410018017694,-8.529742500098477,5.1639377764265735,0.0,-2.9654413382889615,-36.08635015872508,0.4867855815039839,0.0,-11.528555367356331,-37.15400496847584,2.566418132959983,0.0,-38.083343438963276,-34.00282084897617,1.7692824856525267,0.0
14.574671631172,-14.122477685594063,6.635249439706678,0.0,-17.25012949551187,-9.242958608507163,1.351421235413122,0.0,-38.41650189353258,-8.557624924022084,5.221312231924644,0.0,-2.9593509520724712,-36.08451522360068,0.500801603410503,0.0,-11.095534028177555,-36.71114638050093,2.463612147032917,0.0,-38.07992773849106,-34.0173921128713,1.7597148235381717,0.0
14.863234754676423,-14.577661012872603,5.825945470950456,0.0,-17.25543078987865,-9.248174224683826,1.360289183626426,0.0,-37.53998913601694,-8.537178532634574,5.264707000625899,0.0,-2.956146502578153,-36.08265583634429,0.5143404912658234,0.0,-10.734054617445205,-36.31371252383761,2.382218740330167,0.0,-38.07599089706195,-34.031363051517985,1.750731441408222,0.0
15.069313362373235,-15.058468221492516,4.958620849139,0.0,-17.25163148051802,-9.256136232391157,1.3700429860325443,0.0,-36.63417102177871,-8.479830551890988,5.301527789109935,0.0,-2.9552113824421022,-36.08126279990229,0.5264242003479396,0.0,-10.447737659736253,-35.9803488177865,2.325139596156184,0.0,-38.071009043584425,-34.04445431352121,1.7421754572757493,0.0
15.205274629403903,-15.54411983745947,4.090791430711461,0.0,-17.240370531230976,-9.266522046301981,1.3789753772191098,0.0,-35.72104459299555,-8.402959733583344,5.335829967798736,0.0,-2.9556258298203266,-36.08086475918639,0.5361939806282834,0.0,-10.233332017194519,-35.72104293630498,2.290420971922657,0.0,-38.064549664194274,-34.055874063894095,1.7337921564073824,0.0
15.295499350154358,-16.01109222960703,3.282256334405398,0.0,-17.22517652392535,-9.278189164173341,1.3864375100318682,0.0,-34.81708733742504,-8.324420740338851,5.367020412948422,0.0,-2.956335794194496,-36.0817536639538,0.543155167505466,0.0,-10.080863985634185,-35.535308489636286,2.2719962165288035,0.0,-38.05665651971735,-34.064926131707004,1.7253850285620196,0.0
15.368634431207695,-16.435618138803754,2.5856321197145515,0.0,-17.210069062077462,-9.289182728864269,1.392875012502465,0.0,-33.92851101146414,-8.257689159568683,5.390815372514355,0.0,-2.956333837435738,-36.08379928435349,0.5472718262515546,0.0,-9.975854574663849,-35.412616629786676,2.2617184369732435,0.0,-38.04811995179275,-34.071586601657735,1.7170177576672376,0.0
15.447214659368697,-16.79670711533759,2.0380141254279582,0.0,-17.1982487463043,-9.296937103202671,1.399392798289817,0.0,-33.05014437350006,-8.208983750002343,5.402152933963954,0.0,-2.9548570226692217,-36.086408050780754,0.5488915007122621,0.0,-9.902889283017581,-35.33497183108939,2.2517750928116165,0.0,-38.0404011444459,-34.076584264132016,1.709112024685039,0.0
15.539534450806038,-17.07901691318662,1.6551846298345794,0.0,-17.19145261825353,-9.29877423013125,1.4071287824255307,0.0,-32.1688226319157,-8.177214507295872,5.398680801740289,0.0,-2.951575320775727,-36.088665158093974,0.5485892739999745,0.0,-9.849074710262817,-35.281104405523315,2.2365303400939887,0.0,-38.035193629789184,-34.080938853615095,1.7023303816434705,0.0
15.638153272171195,-17.275675531402225,1.4290434287886056,0.0,-17.18998105053769,-9.292748882362572,1.4166788593982087,0.0,-31.270503574565762,-8.156805972742427,5.383206606515635,0.0,-2.946670944293998,-36.089631327249386,0.5470291478462954,0.0,-9.806057962391243,-35.231361556318475,2.21333811228471,0.0,-38.033836085609884,-34.08531825962194,1.6972569505978221,0.0
15.725955954490178,-17.39053563247882,1.3298206965041457,0.0,-17.193035065505722,-9.278649476674968,1.427719662703021,0.0,-30.34881938259879,-8.142374621292573,5.363885470745666,0.0,-2.9407257357335768,-36.088689966816425,0.54487611569302,0.0,-9.770115363277206,-35.17196185042759,2.182404919706446,0.0,-38.036857969574456,-34.08965283523175,1.6940302988808416,0.0
15.786306002880714,-17.43812102478924,1.3141435414715872,0.0,-17.19906517410479,-9.258666374286562,1.438946168160406,0.0,-29.41163880117095,-8.133182730467446,5.351591941653977,0.0,-2.9344653582037634,-36.08582556507444,0.5427474019941041,0.0,-9.740724965745146,-35.09726245105718,2.145982537153218,0.0,-38.043811930223136,-34.09318670421683,1.6921448815680904,0.0
15.811559691330725,-17.4401466640403,1.3367518224351924,0.0,-17.2061060018107,-9.237145460486694,1.4484192118430208,0.0,-28.482093168416146,-8.134953962981395,5.355123280487183,0.0,-2.9284981546928686,-36.08174193704226,0.5411847517535033,0.0,-9.718522247641008,-35.0094931940069,2.1071873916161366,0.0,-38.053372115464086,-34.094822540059816,1.6905470606577122,0.0
15.805797937539097,-17.419539340153317,1.3612209360166903,0.0,-17.21222044900789,-9.21918012950035,1.4542864935061512,0.0,-27.59247760716425,-8.157811411449433,5.376544732801426,0.0,-2.923145899556899,-36.077756665765996,0.5406237336233737,0.0,-9.703523637715598,-34.916509078757336,2.068833226881008,0.0,-38.06360060538935,-34.09349736433068,1.6879713167605281,0.0
15.781379213094635,-17.394451330278606,1.366106249910846,0.0,-17.216085328473667,-9.20850776132345,1.4556134702414294,0.0,-26.773369327545534,-8.21156171293557,5.409571305425148,0.0,-2.9183841139260345,-36.075444902184024,0.5413420416162342,0.0,-9.69422098155342,-34.8285670373086,2.0327301775909525,0.0,-38.07231586807087,-34.08846068553243,1.683346142151187,0.0
15.752252208251141,-17.374909352497003,1.345750714902687,0.0,-17.21756041728023,-9.205801755472322,1.4529155635283058,0.0,-26.043492365898032,-8.301405361151547,5.441937663590478,0.0,-2.9138761126174404,-36.07607612391127,0.5433985642530175,0.0,-9.687764683600172,-34.754934156163365,1.9996992266447116,0.0,-38.07755050209535,-34.079520027996466,1.6761146587010725,0.0
15.728252323912933,-17.363140797158632,1.3067971230985087,0.0,-17.21796661696432,-9.208408198812812,1.4480979345645544,0.0,-25.40522461529991,-8.426554659281457,5.459755232264703,0.0,-2.909083433938487,-36.07998453986191,0.54658477201429,0.0,-9.680975631689094,-34.70103727952797,1.9700894920791914,0.0,-38.07807183196687,-34.067338790030874,1.6663895878360435,0.0
15.713186552762231,-17.35653891844015,1.2619889733892151,0.0,-17.219827683494717,-9.211758581732525,1.4438419418024626,0.0,-24.84679110809897,-8.581805527216385,5.450998820924461,0.0,-2.903439137791406,-36.08610533737351,0.5503813899048566,0.0,-9.671514731402715,-34.66703351536247,1.9442160290661743,0.0,-38.07384055512955,-34.05368704143824,1.654915821882673,0.0
15.706570296795991,-17.351409587198102,1.2233856636155256,0.0,-17.22602373111514,-9.211690603570554,1.442761654010372,0.0,-24.34866342155169,-8.760182350410105,5.406960131475428,0.0,-2.896568331336545,-36.09195071562613,0.5539092624956403,0.0,-9.658529022270866,-34.64844799850513,1.9222520059897494,0.0,-38.06617547210326,-34.04135666521713,1.6428512061826481,0.0
15.706649723656,-17.345977062617937,1.1974924322613276,0.0,-17.238609123971095,-9.206493693393663,1.4466792034800111,0.0,-23.890625722743053,-8.954636639230454,5.32240102422174,0.0,-2.8885055158870787,-36.09424316938743,0.5559418667026961,0.0,-9.642548875379843,-34.63856049035895,1.9036874143061784,0.0,-38.057413289857216,-34.03350313376808,1.6314210306224446,0.0
15.712260597993568,-17.341706977609018,1.1839565663426033,0.0,-17.257804621234598,-9.197823867769,1.4562091192554725,0.0,-23.456870995837956,-9.157961058410201,5.1954829878169715,0.0,-2.879790255740606,-36.09024655996483,0.5551379615691587,0.0,-9.624928603423617,-34.631213960759446,1.8869659807279007,0.0,-38.050080929190074,-34.03252390808462,1.6215354904956207,0.0
15.722848808303262,-17.34272765863509,1.1775623096481898,0.0,-17.281706380905728,-9.19024508908612,1.4707128735683224,0.0,-23.03812477830715,-9.361617666339821,5.027724738529935,0.0,-2.871276469871568,-36.0795795481314,0.5506024605981317,0.0,-9.607281600541071,-34.62258132605833,1.8698380955580571,0.0,-38.045905306756495,-34.038981162517494,1.6134693641394193,0.0
15.737765404077074,-17.35397675345802,1.1716473891337564,0.0,-17.30695299138937,-9.189649472341165,1.4886272619233214,0.0,-22.631342840614913,-9.5552256820027,4.82356598491894,0.0,-2.8635272043124136,-36.06605542389301,0.5426599127576797,0.0,-9.591160842027977,-34.61123045266393,1.8503985487965302,0.0,-38.04511635722206,-34.051173507839025,1.6067054854871774,0.0
15.756089465127516,-17.37914626990816,1.1608774319537574,0.0,-17.330039461695403,-9.201118169268078,1.5080506064391983,0.0,-22.238440763604736,-9.728221482017553,4.589280396539021,0.0,-2.8558080408058335,-36.05895357334472,0.533493702075944,0.0,-9.577963557502812,-34.59684898885026,1.828217570968473,0.0,-38.04635840127115,-34.06565238819813,1.6000256194796467,0.0
15.7770662458565,-17.41929261448817,1.142397860084568,0.0,-17.34852874091181,-9.22691960172225,1.5272900671135936,0.0,-21.865404084248937,-9.873558361100802,4.331591443920859,0.0,-2.8449012255895774,-36.07313239409145,0.5272679508706961,0.0,-9.568902871365614,-34.57859514782518,1.8048732079537544,0.0,-38.04724503970461,-34.07847697163977,1.5918604429531484,0.0
15.800376610046065,-17.472444632174323,1.1156556398066648,0.0,-17.361475332907258,-9.265310747983122,1.5450563598706175,0.0,-21.522098129661416,-9.991433874217291,4.056647255774614,0.0,-2.824144429840003,-36.127567996893966,0.5295690104138444,0.0,-9.564903595750366,-34.55410713757156,1.7835960223859946,0.0,-38.045333917420315,-34.086634370922106,1.5808054437459127,0.0
15.825651300279882,-17.53408341964273,1.081761813131191,0.0,-17.368940745949708,-9.310648819657917,1.5602720389313731,0.0,-21.221845567968508,-10.090512036803279,3.7698380555407063,0.0,-2.783160980888765,-36.24227586094013,0.5463543648813403,0.0,-9.566374380217722,-34.519839513285206,1.7682496891319666,0.0,-38.03913841063518,-34.08903405778565,1.566141023642901,0.0
15.851442742070244,-17.598175475934404,1.043029023700484,0.0,-17.371111165220373,-9.35495697270527,1.5718359093185708,0.0,-20.97926101919321,-10.185284930079062,3.476640869351444,0.0,-2.7086444105148355,-36.43410192688332,0.5828308467713725,0.0,-9.572926233482516,-34.47270379790876,1.762064374447947,0.0,-38.02877287073562,-34.086767000792065,1.5481944001372376,0.0
15.874480853300131,-17.658475500684393,1.0027275039441914,0.0,-17.36771256176365,-9.39044068332712,1.578776385744444,0.0,-20.805574374000862,-10.290182234806107,3.1842627299238977,0.0,-2.5862421759780787,-36.712381361978814,0.6426074820768122,0.0,-9.583200842041819,-34.412197331221854,1.7664222773981813,0.0,-38.015972777205235,-34.08265384777337,1.528417090301037,0.0
15.889966564841338,-17.70983709072294,0.9648031157484045,0.0,-17.358032962334157,-9.41186888177253,1.5808595860270191,0.0,-20.70276894614578,-10.41289948797817,2.903061865766958,0.0,-2.4030594681298836,-37.075739122516374,0.7271657273837544,0.0,-9.594982995197649,-34.341739125152465,1.7799577178598298,0.0,-38.00349580041365,-34.08031245036339,1.5091094644644247,0.0
15.89298625015521,-17.74914598401058,0.9334858607073393,0.0,-17.341328390235073,-9.4178206410106,1.5792061272976827,0.0,-20.660042406224704,-10.550414863637036,2.6461381384150755,0.0,-2.1498317590776357,-37.51120900779104,0.8355033512128589,0.0,-9.605660007915885,-34.26822711448127,1.7984349273097457,0.0,-37.99415267808921,-34.0830637817814,1.49283624708535,0.0
15.880454209646548,-17.77545347289659,0.9129153951784463,0.0,-17.317214092558054,-9.410580431745181,1.5763329290314534,0.0,-20.655954515383353,-10.69019021955571,2.4263923905017926,0.0,-1.821809497076419,-37.99628291201068,0.963996296833237,0.0,-9.612891425316002,-34.19988184917232,1.8158513698507281,0.0,-37.98982802759919,-34.093019461024035,1.481722059704179,0.0
15.852717367222526,-17.789268245733012,0.9067406909572728,0.0,-17.285847525880076,-9.395210650212576,1.575412075918484,0.0,-20.666104838759896,-10.815948146069168,2.2525047380199545,0.0,-1.4179989726650228,-38.50343474466295,1.1068790808722326,0.0,-9.615201266497703,-34.14350640859685,1.8265564129062977,0.0,-37.990836683796005,-34.110626946871704,1.4768759919987584,0.0
15.814028118029206,-17.79161757272063,0.9174055678939634,0.0,-17.24794934203549,-9.378426129399774,1.5791028097353283,0.0,-20.671990745074453,-10.914502325872858,2.12629956598823,0.0,-0.9392873071210854,-39.00548213545226,1.25766053154811,0.0,-9.61224779838017,-34.102476122795764,1.8273511192345104,0.0,-37.995840331226226,-34.134768113320554,1.4781055572479715,0.0
15.771457160881752,-17.783685248332826,0.945000637002666,0.0,-17.20477592552205,-9.36749208303585,1.5886752442602354,0.0,-20.66593214512439,-10.98007670663409,2.0427181425463807,0.0,-0.38658206432701725,-39.47972923029143,1.411079206742567,0.0,-9.60473125560741,-34.07609339155747,1.8184673080417308,0.0,-38.002328479027106,-34.16328306347192,1.4839299257092762,0.0
15.73252179693547,-17.767180583027667,0.9861235343548458,0.0,-17.158081929304675,-9.368998992686908,1.6040770780031952,0.0,-20.650127380863523,-11.0149112810093,1.991869553065131,0.0,0.2399680153241861,-39.90963742068598,1.5645877937769157,0.0,-9.594069799576415,-34.060211741517314,1.8031069752116977,0.0,-38.00743398224725,-34.19364622165937,1.4918136610840627,0.0
15.70249132346602,-17.744800548103605,1.0336331577691347,0.0,-17.109949433087458,-9.387281325539965,1.6250554026873942,0.0,-20.631748492944755,-11.027070053988723,1.9620024371801854,0.0,0.9402159756971618,-40.284178296271804,1.7185519764904882,0.0,-9.581986169263127,-34.048716366452325,1.78604825235527,0.0,-38.00873220079471,-34.22356566659994,1.4985518718902249,0.0
15.68245278518304,-17.72016722798011,1.0780328162558561,0.0,-17.06224227361762,-9.422409322523471,1.6526993057414714,0.0,-20.617633023280526,-11.026980852383845,1.9423899046005406,0.0,1.7120217929832013,-40.59606311443812,1.8751200081966708,0.0,-9.570077607718039,-34.03539069894107,1.7720666332201027,0.0,-38.00471135360769,-34.251507262203894,1.500800606521583,0.0
15.668857611224439,-17.69731517869004,1.1103344812915612,0.0,-17.01567246437891,-9.468198455827604,1.6903731507734072,0.0,-20.61124678184067,-11.023988003864806,1.925333707032376,0.0,2.548946342770346,-40.840301224295814,2.036378911865812,0.0,-9.559418430753823,-34.01571440846632,1.7646808084909935,0.0,-37.99476488589821,-34.277365762122955,1.4958011925689227,0.0
15.654870480493841,-17.68020584194537,1.1251167740974264,0.0,-16.9690418077724,-9.511473835937482,1.7433855074813955,0.0,-20.61247327758189,-11.023856544336162,1.906798118545698,0.0,3.4388792647026256,-41.01406306070991,2.202666519808723,0.0,-9.550283814672106,-33.98822928630205,1.7654201386968893,0.0,-37.97876955253848,-34.30345137142241,1.4823463859942887,0.0
15.633279462709005,-17.672436012766365,1.1221718377005825,0.0,-16.919439829022707,-9.534014497504927,1.817679614849128,0.0,-20.61906426591903,-11.027858964233292,1.8857501247677693,0.0,4.364559926202402,-41.117817821738676,2.3717986389967525,0.0,-9.542104303424935,-33.955240248694125,1.7736346521215474,0.0,-37.95647674930942,-34.33558215991816,1.461937330664373,0.0
15.599779005977421,-17.67679873303853,1.1061028969388271,0.0,-16.863465137427127,-9.51731735809502,1.918521902078524,0.0,-20.628196310752724,-11.0336506543284,1.8628701937111405,0.0,5.3060029857567,-41.15671714421919,2.539526763228313,0.0,-9.533710334106367,-33.92267850799719,1.786792425005384,0.0,-37.926999193149356,-34.383660528563006,1.43989042783633,0.0
15.554897853839481,-17.694282601004687,1.084479328075517,0.0,-16.798502994108723,-9.448297951224081,2.0498962234521976,0.0,-20.637291258657488,-11.037544631488958,1.839455611361105,0.0,6.243828742873931,-41.14094179255258,2.700903831840149,0.0,-9.523824595001212,-33.89896986978976,1.8011633663519202,0.0,-37.88864572130708,-34.46105534489436,1.42599207404011,0.0
15.50365119835864,-17.72265263121934,1.0655041788677995,0.0,-16.72281476565268,-9.323141160375377,2.214366709076442,0.0,-20.64419607124726,-11.037207831591676,1.8169116048016622,0.0,7.162199233426368,-41.08441257433468,2.851804453185606,0.0,-9.51164560255866,-33.89292926403744,1.8127553724400425,0.0,-37.83927286369158,-34.582503939308324,1.4343120933692557,0.0
15.453475898339182,-17.755597949761313,1.0557567985245697,0.0,-16.633829272518934,-9.147478542834982,2.412650138824315,0.0,-20.647276259915294,-11.033562602503718,1.7966202559558262,0.0,8.050545803844235,-41.002270430536726,2.98991481966776,0.0,-9.497277603030689,-33.911127738254294,1.8183531397708101,0.0,-37.77712674929398,-34.76083580812356,1.4819794295179296,0.0
15.411632376097755,-17.78365350639686,1.058442986282932,0.0,-16.525075358864104,-8.932979429545,2.6426534184515162,0.0,-20.645790418766296,-11.031012457802035,1.7797732625363096,0.0,8.903949500025998,-40.908114227772835,3.114903980498184,0.0,-9.481762244839768,-33.955586582663166,1.816494637173598,0.0,-37.70182523209544,-35.00331946894857,1.5869695070921956,0.0
15.382924296445516,-17.797080101072233,1.072830384489901,0.0,-16.3833294051173,-8.692144729583074,2.898674217257277,0.0,-20.640367552313812,-11.035879209535047,1.7670368300338453,0.0,9.72241728442565,-40.81192600919618,3.227833452348781,0.0,-9.466610076196288,-34.022666596867055,1.8081361679081258,0.0,-37.61487550670587,-35.30870187761444,1.7651488683705203,0.0
15.368337360448937,-17.789446322897955,1.0951667177614688,0.0,-16.18816852910588,-8.433955126048204,3.1717170419560325,0.0,-20.63299786658791,-11.053721813504392,1.7582635484491878,0.0,10.509365527883094,-40.71914941201283,3.3300151622080634,0.0,-9.452986711691471,-34.103576574698494,1.7966511230824675,0.0,-37.5191947275016,-35.66594242335762,2.026969875039237,0.0
15.365145728273358,-17.760271310735085,1.1203281354893981,0.0,-15.915358077826461,-8.16263535713307,3.4510915317180544,0.0,-20.626080246194828,-11.086638970178708,1.7525243829277386,0.0,11.26962251112714,-40.630879021250415,3.421595238795055,0.0,-9.44094071557839,-34.186332401306274,1.7869456049173618,0.0,-37.41752615793183,-36.05518965105759,2.3743473640360317,0.0
15.368521431807753,-17.715830240668797,1.1430918033183204,0.0,-15.543629862448352,-7.8800656068918915,3.7264829120829717,0.0,-20.620770335344833,-11.131642492240644,1.7485088962221393,0.0,12.007386848538559,-40.54479554589606,3.5002259287630597,0.0,-9.429094666674791,-34.25855399115045,1.7839306188501478,0.0,-37.31022329651538,-36.4508571719154,2.7983854302236377,0.0
15.37381303372645,-17.667995811987552,1.158753981124093,0.0,-15.062791939370795,-7.590128038666544,3.9895570814622463,0.0,-20.615646114591133,-11.180830915921046,1.7450655528632009,0.0,12.724734103232967,-40.45635025806119,3.5602640501122202,0.0,-9.414996495334973,-34.3102668326637,1.790975131816099,0.0,-37.1933262606331,-36.82602894008738,3.27870485364053,0.0
15.378211867303182,-17.631393348604053,1.1637239712850498,0.0,-14.480417156008834,-7.301964443827526,4.234845634299515,0.0,-20.606828120156752,-11.22348306687115,1.7415796841936668,0.0,13.421162076170127,-40.359700473217686,3.5928820168072217,0.0,-9.395984942984942,-34.33591312745479,1.8089081418672848,0.0,-37.057867589872174,-37.15708488426054,3.785025740645496,0.0
15.38098649004701,-17.619583975401607,1.1566463792510486,0.0,-13.824238333894757,-7.029580365616486,4.460257598204072,0.0,-20.58985413547358,-11.249405830116721,1.7380608894535072,0.0,14.094210832979446,-40.24807711120906,3.587212960490014,0.0,-9.370203359166265,-34.335109595054476,1.8357605442507197,0.0,-36.89078803557216,-37.427426987057544,4.281209543642653,0.0
15.382613221388763,-17.641473342545797,1.1396034445380838,0.0,-13.137862397621449,-6.787235103767381,4.6675545620450265,0.0,-20.56234221155174,-11.252220307758325,1.7350065353921433,0.0,14.740667288771302,-40.113676627998956,3.532266521149788,0.0,-9.337397594408433,-34.31215700019754,1.8671414136291187,0.0,-36.67704637978756,-37.62947743623776,4.731131850330083,0.0
15.384015144240633,-17.69919029825538,1.1181541456550121,0.0,-12.469341128489003,-6.582669559783247,4.8627080189942955,0.0,-20.525784458935057,-11.23125302165757,1.7331486262420572,0.0,15.357683009702534,-39.94761677155119,3.419090738175285,0.0,-9.29923397335674,-34.274635878355966,1.8971491702509802,0.0,-36.40207688958772,-37.76466084208006,5.104909511180118,0.0
15.386832196699345,-17.788015459922768,1.0994548844304877,0.0,-11.85569334061317,-6.411897856656618,5.055642775650444,0.0,-20.48528352163662,-11.191427229289774,1.733170471860964,0.0,15.94340629111191,-39.7406174684464,3.2426887310560453,0.0,-9.258976181024625,-34.23152501860574,1.9198145306269314,0.0,-36.05395021838115,-37.841682034176316,5.383727025822786,0.0
15.394313683701498,-17.89794635226044,1.0891832530972572,0.0,-11.30963601135367,-6.258604129122695,5.258755320438522,0.0,-20.447321540751393,-11.141478429908029,1.7354767994767641,0.0,16.49714378265092,-39.48470061331037,3.003430989716758,0.0,-9.220539539180782,-34.19125784096202,1.930879556588291,0.0,-35.625078430223226,-37.873789538115695,5.562018093745122,0.0
15.411239691554293,-18.01597808220894,1.0891714884875832,0.0,-10.81463033771079,-6.098609471429066,5.484027382538752,0.0,-20.41681877065828,-11.091317981118126,1.7400528363175614,0.0,17.0192920148028,-39.17555555242506,2.70789159820305,0.0,-9.187215529026888,-34.16005042950208,1.929306742948457,0.0,-35.11352443405977,-37.87574956199459,5.646693346131094,0.0
15.441728563309352,-18.1282974420999,1.0974696776891175,0.0,-10.330554424898859,-5.907559941320286,5.739490976769805,0.0,-20.395086156652134,-11.04936496770749,1.74638821903884,0.0,17.511254346517987,-38.81475015768352,2.3690711427885756,0.0,-9.160548051867815,-34.14072057453916,1.9178042469314391,0.0,-34.52376278163838,-37.86107123680851,5.653949348768844,0.0
15.485832050563124,-18.221940253571248,1.1107367646346873,0.0,-9.807566449337445,-5.669149675241286,6.02650058864077,0.0,-20.37969356399816,-11.020499664436292,1.7534763706726615,0.0,17.975418215197504,-38.41100931501797,2.0059473938845134,0.0,-9.13979410512616,-34.13217539414084,1.9020604721286123,0.0,-33.86642967482361,-37.8398382612044,5.604738943293224,0.0
15.5373933183856,-18.28598769889417,1.1267743123204248,0.0,-9.20270346582057,-5.381261394818772,6.3388549778650285,0.0,-20.366145366833475,-11.00514341522129,1.7599670320367036,0.0,18.415178653214884,-37.98020983299155,1.6423035538038615,0.0,-9.122172393191343,-34.129796158499104,1.8889485429204456,0.0,-33.15667005131319,-37.81746861795605,5.520253393322879,0.0
15.58526385377422,-18.312776273588995,1.144995867512197,0.0,-8.493343232828035,-5.0577779726414995,6.663588185055452,0.0,-20.350240826618844,-10.999713561993202,1.764502209273214,0.0,18.834996044259697,-37.54413010679395,1.3047660426949008,0.0,-9.103827565106753,-34.12687757422022,1.8843400635992609,0.0,-32.41126576325599,-37.79478852368018,5.418676695552058,0.0
15.617916046935022,-18.299468875818974,1.1649839583480741,0.0,-7.683252300217561,-4.724885743029515,6.9826189187197265,0.0,-20.32976389245773,-10.99826669781038,1.7661221280690516,0.0,19.24044998407327,-37.12801059195754,1.0199599681862086,0.0,-9.081182723496756,-34.116904152684995,1.8913240487226037,0.0,-31.64541858173549,-37.76964214382588,5.313865615761463,0.0
15.628931790821705,-18.249742425210705,1.1852725887098945,0.0,-6.7995234026879885,-4.412903244589887,7.274991977398708,0.0,-20.304838605776713,-10.994729671084684,1.7645483062547598,0.0,19.638103926588578,-36.756748347643835,0.8108879452374058,0.0,-9.05218507717283,-34.09594971873834,1.9095151552033585,0.0,-30.870308553356725,-37.73964288942699,5.215675884071597,0.0
15.619868867903769,-18.174428643189394,1.203732106547184,0.0,-5.881757310678877,-4.1471650582101045,7.52001490943314,0.0,-20.277259173337495,-10.984976674149786,1.7602223042405676,0.0,20.03482586406536,-36.449729865222764,0.6931031557430192,0.0,-9.016978707854525,-34.064272302270076,1.9356436663070298,0.0,-30.092155678770794,-37.70495120585712,5.130963524619812,0.0
15.59895664081194,-18.089543040388524,1.2188017733350094,0.0,-4.967932872360684,-3.942175164664886,7.701047441788848,0.0,-20.24953545417911,-10.968159493362604,1.7541188357083328,0.0,20.436243434651125,-36.21538111328283,0.6715752019489241,0.0,-8.977775745342717,-34.0264299930944,1.9649884942907914,0.0,-29.312761993561807,-37.6697626058743,5.064272517134793,0.0
15.577056673798323,-18.01155681872996,1.2301514221010912,0.0,-4.082985674097839,-3.8010084156934507,7.8086755226205335,0.0,-20.224122288821633,-10.946959080283307,1.747429509785153,0.0,20.844382934336927,-36.04783174885897,0.7390212094585156,0.0,-8.937991418037063,-33.989775673467484,1.9929506430314685,0.0,-28.530883311212666,-37.64172810382174,5.017805246243254,0.0
15.563439682366917,-17.9520431891276,1.2384538658116035,0.0,-3.2345831696314304,-3.7185780025822286,7.841938119425457,0.0,-20.20283076491247,-10.926682988831825,1.7412172936296475,0.0,21.255173559481765,-35.928200343507754,0.8762005081861446,0.0,-8.900928213571722,-33.96176161045044,2.016285007531561,0.0,-27.74362105841991,-37.629478397233285,4.990996544902046,0.0
15.56307177666303,-17.914372656901122,1.2448716543874028,0.0,-2.4166559390170486,-3.6858522994329252,7.807300798362379,0.0,-20.186267801318948,-10.913410023244841,1.7361367904111127,0.0,21.657089546617144,-35.83111944750975,1.0546273781146915,0.0,-8.86846138958259,-33.94702692872688,2.0337870922577928,0.0,-26.94734192128216,-37.63926313346002,4.980373686033278,0.0
15.575880421925653,-17.89371549237978,1.2506460622334625,0.0,-1.6175231943383583,-3.6930546181157027,7.716033046308733,0.0,-20.17338387679913,-10.911695041057158,1.7322939895346963,0.0,22.032238197574433,-35.73410982625171,1.2419566791798573,0.0,-8.840291214454806,-33.945562623919336,2.046260715847078,0.0,-26.138143038217887,-37.67208132539038,4.9802050568422995,0.0
15.597682054571532,-17.88008449452946,1.2567901681066669,0.0,-0.8279067390265842,-3.7315458153690857,7.580893267413425,0.0,-20.16149162593179,-10.92259402997162,1.7292584434052163,0.0,22.360302520145986,-35.62544862337148,1.4092492568142028,0.0,-8.814197329003525,-33.95292284226808,2.0556527971993006,0.0,-25.31224088592093,-37.7224780797363,4.983981812873774,0.0
15.622094670987332,-17.863230700948854,1.2640681715698996,0.0,-0.04512943411312187,-3.7949042745281716,7.412995337992482,0.0,-20.14707470519129,-10.94279935780792,1.7262021106875842,0.0,22.624277584606382,-35.506943050869786,1.5377825460740002,0.0,-8.787241359032757,-33.962395487075426,2.0636520669778786,0.0,-24.466677740087455,-37.7795212768996,4.986407226617661,0.0
15.642733321325947,-17.837452982390783,1.2734747732909675,0.0,0.7274609703853215,-3.8795588742839087,7.219861133397807,0.0,-20.1272680529541,-10.9653863483313,1.7221555922064375,0.0,22.815846578062377,-35.39094256872601,1.622513767260802,0.0,-8.757299683665426,-33.96793991691001,2.0704892573978793,0.0,-23.600447694666734,-37.82958781093436,4.985350122141458,0.0
15.6551268226393,-17.804141585825032,1.2867668872525897,0.0,1.4839984046321528,-3.9848216650135404,7.005583288394633,0.0,-20.10134644308315,-10.982085403951576,1.7163572766618316,0.0,22.938164525988714,-35.29372266598565,1.670665967083579,0.0,-8.724122789474865,-33.96638406498851,2.0746112896792663,0.0,-22.71575676407088,-37.85988412899813,4.983047577669154,0.0
15.65788432750351,-17.770923942097806,1.306236258561361,0.0,2.219592493734177,-4.111943932784906,6.773183238558565,0.0,-20.071331432375366,-10.986284035837288,1.7085622053448013,0.0,23.00479249357153,-35.228460452789705,1.696413120135034,0.0,-8.689428754904203,-33.957991132162164,2.073377907091807,0.0,-21.818872022965248,-37.86146477866301,4.985840102471972,0.0
15.65274856123671,-17.74813664371407,1.3336594205138894,0.0,2.931898551246798,-4.26220067510454,6.527921031951847,0.0,-20.04118764787824,-10.975476297031927,1.6990988008296863,0.0,23.035224583082112,-35.200471380556536,1.7144963724745388,0.0,-8.656061446005241,-33.94549715554378,2.064426731434361,0.0,-20.919999783348477,-37.83086183496951,5.002136273853546,0.0
15.643585263339336,-17.744538472556226,1.36925295880331,0.0,3.6208019391755855,-4.434753051080848,6.279467555648156,0.0,-20.014915096643197,-10.952009365136925,1.688596916733223,0.0,23.049046819563273,-35.20598856902331,1.7355831052385522,0.0,-8.626644402153339,-33.932421606357565,2.0471272871987054,0.0,-20.03188981342797,-37.76996888251685,5.039096782054475,0.0
15.634969484247943,-17.76396894678964,1.4113234588127792,0.0,4.287548665790701,-4.625537350936957,6.04120513245402,0.0,-19.994608950589544,-10.921810605140289,1.6775940578313264,0.0,23.0611914107983,-35.234255862425854,1.7646100573407626,0.0,-8.602320732751323,-33.92153926833485,2.0234971535712223,0.0,-19.167362976870155,-37.684357333268586,5.099259409289786,0.0
15.63121432833185,-17.803737504744632,1.4564352457476257,0.0,4.934598790980203,-4.828228865278547,5.8263532677583445,0.0,-19.979612171242053,-10.891836233216925,1.6663296902355285,0.0,23.07978616982677,-35.27158569085608,1.8016455416936736,0.0,-8.582136139778006,-33.9140219464614,1.9980265888103919,0.0,-18.336514441824573,-37.580688259574025,5.178405398821127,0.0
15.636084154123159,-17.85501235487969,1.499516869717084,0.0,5.56641336046485,-5.0373711387915625,5.642314225023515,0.0,-19.967134288106354,-10.867550191447567,1.654811335286297,0.0,23.106661562219884,-35.305597871216136,1.8440033377992915,0.0,-8.563400015897866,-33.90933962539373,1.97624736414428,0.0,-17.544559668998996,-37.464085540290114,5.265236302346141,0.0
15.652648738820897,-17.905339200737142,1.5339741775700944,0.0,6.190204293408792,-5.252418156954448,5.485669845130951,0.0,-19.953808650363538,-10.85149448270883,1.6429753924752148,0.0,23.139598011755908,-35.328173672241626,1.8883751479557969,0.0,-8.54289451653978,-33.90578866707087,1.962622770376873,0.0,-16.790948696388863,-37.33608963564886,5.342554028170044,0.0
15.682757116114706,-17.9426919446714,1.5526295564517447,0.0,6.815304373462179,-5.480516273328376,5.340195249255513,0.0,-19.93730360950733,-10.843256600067576,1.6308061668402534,0.0,23.17506063989545,-35.33651561891037,1.932128175774917,0.0,-8.518268782773838,-33.9013964434783,1.9588918035436418,0.0,-16.069816116331697,-37.19341447785248,5.389445530391766,0.0
15.726407391365324,-17.959404130275804,1.5498559600368988,0.0,7.45058280446779,-5.736123202580585,5.179316956384178,0.0,-19.917299797701496,-10.840451074235586,1.618492219110232,0.0,23.21028796112445,-35.33254986001788,1.9734706284667762,0.0,-8.488812129014677,-33.894884473225865,1.9637857694542387,0.0,-15.371584682491921,-37.02761323392416,5.384422980221016,0.0
15.781752040600551,-17.95444355003738,1.5240203354874033,0.0,8.100620159534433,-6.036953778347359,4.9730489151597554,0.0,-19.895531705474063,-10.84004858139335,1.6066826417346096,0.0,23.244074940190146,-35.32125429308878,2.010894188825999,0.0,-8.45528665979588,-33.88643395741855,1.9741851231393834,0.0,-14.685652344214017,-36.82598716333489,5.309691132274281,0.0
15.845954105559766,-17.933667485501672,1.4787196884919869,0.0,8.762189857268808,-6.397287979597525,4.697804457775473,0.0,-19.87501592339473,-10.839474335440267,1.5966108999885016,0.0,23.276346389485763,-35.30847871649239,2.042781161335304,0.0,-8.419255515103988,-33.87809518563131,1.9869147751789864,0.0,-14.004114494672097,-36.57436371339787,5.1560537543280045,0.0
15.916242381350823,-17.90825356059832,1.4218213211670747,0.0,9.42261841251642,-6.820550699792729,4.345928652660328,0.0,-19.85895491960006,-10.837164408185341,1.5897388819918294,0.0,23.307304997144364,-35.29891784900796,2.067720749733123,0.0,-8.382678877409196,-33.87366572763124,2.000020438245201,0.0,-13.32596770943654,-36.26218353173104,4.926782075048086,0.0
15.99035957668406,-17.891259528390492,1.3626983637401828,0.0,10.061079156374777,-7.293488453807679,3.931010808775806,0.0,-19.849814427090756,-10.832560243714157,1.5869653298292832,0.0,23.336971350980836,-35.294936920344504,2.0851461357015726,0.0,-8.34806494842052,-33.87786821898927,2.012868679633872,0.0,-12.660295436835082,-35.88906876745556,4.6381673101536975,0.0
16.066286470461034,-17.892784967222248,1.3093316450302197,0.0,10.652932458157707,-7.784716571350599,3.4858737906767887,0.0,-19.848691777989114,-10.825751889939868,1.587956135781468,0.0,23.36525787357482,-35.29643918264048,2.0956184548632653,0.0,-8.318582184846672,-33.89490321469273,2.0254729145712993,0.0,-12.026344114565719,-35.46994660351574,4.315497794319038,0.0
16.141769854862783,-17.915653006996667,1.2667727631356769,0.0,11.175802965923278,-8.250085566691185,3.053099037719555,0.0,-19.854881881164186,-10.81707881097426,1.59113323204706,0.0,23.39214903039712,-35.30136682609296,2.100671097541472,0.0,-8.297325954076697,-33.92685306749321,2.037954753857912,0.0,-11.449269824997234,-35.034799920675304,3.985875197437318,0.0
16.214168708146843,-17.953880537120565,1.236834170693779,0.0,11.614875599939461,-8.644626874782414,2.671905801036676,0.0,-19.86582209455249,-10.80692165162587,1.5943364656907892,0.0,23.417665636234222,-35.306456430811814,2.1024374118661697,0.0,-8.285807296986661,-33.97264094272483,2.0504705480319796,0.0,-10.952825866758914,-34.621454745615075,3.6716539595259476,0.0
16.280775986464388,-17.994640141544295,1.2176870205122743,0.0,11.965276661210074,-8.93652018717168,2.367152962267605,0.0,-19.877783582378896,-10.7957181604031,1.595741273821746,0.0,23.441704980435855,-35.30815706500722,2.103093442874158,0.0,-8.282706529261537,-34.02802852646083,2.063212695972002,0.0,-10.55243804179819,-34.264501633561224,3.3875579790712127,0.0
16.339508230876085,-18.022647936471714,1.2029849476486252,0.0,12.23138098403925,-9.11648734598565,2.1444773726794306,0.0,-19.887238618422952,-10.784052310557335,1.594560321468169,0.0,23.463989145842344,-35.303571188103824,2.104166137186086,0.0,-8.28388218313424,-34.08657464458942,2.0761789799752357,0.0,-10.25167267924136,-33.98596183494514,3.1411970754129968,0.0
16.38965799836014,-18.02517163038373,1.18229266532391,0.0,12.424450798068136,-9.198620574512473,1.9921273335070655,0.0,-19.892202664952038,-10.77263524985163,1.5912428782383046,0.0,23.484134932328438,-35.29111874957923,2.105974291144589,0.0,-8.283719943763149,-34.141048180554044,2.088920180466614,0.0,-10.042585590890589,-33.791325350635695,2.9346348295328273,0.0
16.432255225252565,-17.995831566640632,1.144878117292107,0.0,12.559880550293029,-9.213415645122417,1.8876366599758594,0.0,-19.892774199348075,-10.762131357723035,1.5871486716813497,0.0,23.501645029177762,-35.2707251213662,2.107482208599812,0.0,-8.277093262981714,-34.18477270944443,2.1006227998798597,0.0,-9.90857050783164,-33.67098347440598,2.7655614866770417,0.0
16.46968960148248,-17.936127940648632,1.086084219225226,0.0,12.654401730818265,-9.196939314481048,1.8065123405940149,0.0,-19.890630340547876,-10.75295480700756,1.5839029522880086,0.0,23.515722647132527,-35.24357160782081,2.106686006129353,0.0,-8.261004705771542,-34.2126183652971,2.110565559624952,0.0,-9.82833716523761,-33.605235889683314,2.628357733120101,0.0
16.504516854895694,-17.854933726282894,1.0124409386862432,0.0,12.72323963047189,-9.180467272663247,1.7299124672975772,0.0,-19.887872137106967,-10.74522075775791,1.5827190629094758,0.0,23.525120620362127,-35.21159073554228,2.101445201720237,0.0,-8.235314861644099,-34.22164360312525,2.118642179042098,0.0,-9.780307028445598,-33.57093371473147,2.5157363794522603,0.0
16.537741910252922,-17.766367252737993,0.9417909599571637,0.0,12.777598872388001,-9.183611473831753,1.6488536366778472,0.0,-19.88591876266608,-10.738925170450566,1.5839191671744572,0.0,23.528349767040854,-35.17692390337305,2.0904244937386576,0.0,-8.202508370250007,-34.211658969941155,2.1256056046667062,0.0,-9.746693340785626,-33.54791257850734,2.420839011275053,0.0
16.56760742196779,-17.6854824403435,0.8979258330447806,0.0,12.823271077812578,-9.212194354621019,1.5639633786795333,0.0,-19.885010897832736,-10.734229161654238,1.5868141151735173,0.0,23.52427131510332,-35.14152401350033,2.0736856018094088,0.0,-8.166801799227924,-34.186084361224935,2.132954834975534,0.0,-9.716164377422217,-33.523411807950836,2.3389119352089764,0.0
16.590322499541692,-17.62195186156064,0.9026799870050564,0.0,12.860966679228547,-9.260515463154395,1.4817425066830587,0.0,-19.88445278326686,-10.731605965536017,1.5900045593491985,0.0,23.51268124033325,-35.106972534676814,2.0526611894983535,0.0,-8.132953783364592,-34.153216133982504,2.142671894208595,0.0,-9.684266186336016,-33.493300413962196,2.267818051923804,0.0
16.602912071663287,-17.574908316276815,0.9693861471200105,0.0,12.888224344095892,-9.31636211786422,1.4097374971406005,0.0,-19.883313903655,-10.73168933950315,1.5919692079277485,0.0,23.494460822949133,-35.074456778541794,2.02959310520648,0.0,-8.105106638599043,-34.12748507849986,2.1570383865744365,0.0,-9.651751693378104,-33.46024099636335,2.2074031010594695,0.0
16.606285124619564,-17.53306391836589,1.1000415705430235,0.0,12.902044569297603,-9.366511131872576,1.3530180481428093,0.0,-19.881162599465572,-10.734886431677698,1.5916480259776389,0.0,23.47125831403927,-35.04481037412775,2.0067293825065633,0.0,-8.085915148131008,-34.12978667661955,2.1785740751951614,0.0,-9.6218346284554,-33.43017856041833,2.158298138672089,0.0
16.606323546356514,-17.480456646761976,1.286577110819854,0.0,12.901202369944606,-9.400882916175906,1.3129748717168361,0.0,-19.87848281746926,-10.74100443412255,1.5887860693482168,0.0,23.44500782585639,-35.01854844092176,1.9856073007186232,0.0,-8.0759145437492,-34.18583833991796,2.2100339880385107,0.0,-9.597585057327292,-33.40889767448128,2.120777707091298,0.0
16.61267472877528,-17.40364663730832,1.515258803546228,0.0,12.887479229354811,-9.414567227241534,1.2879090263973687,0.0,-19.87658329176039,-10.749140438118143,1.5839938188068121,0.0,23.417561131627565,-34.99587826883824,1.9666629493507823,0.0,-8.07271078561973,-34.3219766019472,2.2544042471335244,0.0,-9.580287162522458,-33.39978829572207,2.09408377960011,0.0
16.636547652007238,-17.295979699235147,1.7720142767019524,0.0,12.865539319324052,-9.407876396806543,1.2742963167116486,0.0,-19.877015222771465,-10.757891966873927,1.5785863266019167,0.0,23.39049989769652,-34.97669518857581,1.9492427716180032,0.0,-8.069695191958118,-34.55881701646103,2.3147086118524625,0.0,-9.5689891285926,-33.40308344318564,2.0763658104379825,0.0
16.688620130279322,-17.157925867082362,2.0460293522998327,0.0,12.84166896303921,-9.385054144788047,1.2679736626539615,0.0,-19.88076024314852,-10.765727437998986,1.5742425557762516,0.0,23.365094685012735,-34.96057485493546,1.931954870034728,0.0,-8.054765957840498,-34.904436772130026,2.3931924668951874,0.0,-9.561005019715463,-33.41626993940928,2.065094976802193,0.0
16.777310811362657,-16.995027328177237,2.330255657742862,0.0,12.821976922184904,-9.352392915862112,1.265070050385269,0.0,-19.88759442007155,-10.771310010085285,1.57249848801583,0.0,23.342370160442076,-34.946788802084654,1.9132494758922327,0.0,-8.01032222428778,-35.34969027431891,2.489554247880247,0.0,-9.552905268654275,-33.43518893016707,2.0576135159285567,0.0
16.907589415075265,-16.81482569506035,2.6195369609037584,0.0,12.810772432532474,-9.316442470888797,1.262733000323614,0.0,-19.89595338215722,-10.773691825879519,1.574144445731461,0.0,23.32320972299143,-34.93439425070859,1.8921035459755338,0.0,-7.915600612284747,-35.868298186853806,2.5987425324870177,0.0,-9.541545592616256,-33.45534267676532,2.051515264215535,0.0
17.08082496454765,-16.623240866627633,2.90824961308528,0.0,12.809627392592098,-9.282790149274764,1.2595702752777687,0.0,-19.903373946039114,-10.772406522875402,1.5787240314162538,0.0,23.308416197970715,-34.92241674830016,1.8686416138982693,0.0,-7.750997529348768,-36.422833187272126,2.709956553548092,0.0,-9.52484054317942,-33.4729999740192,2.044759052217321,0.0
17.2959358961601,-16.421056604402864,3.1891925361554776,0.0,12.817239865310837,-9.255577651382838,1.2555837476429144,0.0,-19.90730962322846,-10.767477502933948,1.584422137602111,0.0,23.298694940176542,-34.910067827250856,1.8444641528289019,0.0,-7.502457548271181,-36.97482165098589,2.8085354657247326,0.0,-9.502166590474427,-33.485852467907975,2.035623091473358,0.0
17.551400091758598,-16.201910660546783,3.454513541988687,0.0,12.829928471624042,-9.237533221106101,1.251535599685818,0.0,-19.905900992233875,-10.759292728219634,1.5885356212421975,0.0,23.294581618511476,-34.896913381070775,1.8224489467960439,0.0,-7.163910158486561,-37.49471593182345,2.8807021217609137,0.0,-9.474392510632686,-33.49319193849448,2.02269958276897,0.0
17.847169666938075,-15.953077914228823,3.6982645874947764,0.0,12.842531152257205,-9.230038487977613,1.2480937103862395,0.0,-19.89819330253101,-10.7482885898291,1.5884104492128461,0.0,23.296342382159946,-34.882944352649105,1.805942676733217,0.0,-6.737273088046988,-37.96765929920051,2.918945880809873,0.0,-9.443573326118507,-33.49574112755802,2.0050422337314355,0.0
18.18552421649879,-15.65906680744772,3.9190851633729977,0.0,12.849564867069919,-9.232877664901917,1.2453155350469522,0.0,-19.88346485201383,-10.73445760376495,1.5824255900906987,0.0,23.303868751449365,-34.868527196061166,1.797582525136308,0.0,-6.231031471292211,-38.39360408603695,2.9251960362568177,0.0,-9.412375581709233,-33.495292938129936,1.9823728026300316,0.0
18.570410029415154,-15.30674399100603,4.12126047273971,0.0,12.846550906965456,-9.243816025256798,1.2427413507244314,0.0,-19.859845387345324,-10.716774683993561,1.5706223693277472,0.0,23.316595315712604,-34.85423026672056,1.7982788952414896,0.0,-5.658463206478925,-38.783085779903814,2.9102194529756584,0.0,-9.383376137737832,-33.49424011934084,1.9551631314469038,0.0
19.005597472713276,-14.890426011838223,4.313463936169443,0.0,12.831297614379608,-9.258587814982324,1.2398476036737893,0.0,-19.82302261810073,-10.692673017215254,1.5549229663035025,0.0,23.333465269576273,-34.84059022912494,1.8068786322303598,0.0,-5.035685414400601,-39.1510805400264,2.8896616291788906,0.0,-9.35844089162921,-33.49501871446692,1.9245458424454949,0.0
19.492490597302474,-14.415850262343366,4.50592427847133,0.0,12.804731636853905,-9.271760413538775,1.2363947702312466,0.0,-19.766046537215757,-10.657717710508715,1.5391854335025439,0.0,23.35297951670398,-34.827947235766395,1.8206755613466985,0.0,-4.3791743891781065,-39.511061679970545,2.8786363512558992,0.0,-9.338357109998581,-33.49949776821177,1.8921440138352512,0.0
20.028386704104772,-13.902167260380294,4.707201190424346,0.0,12.770849000815529,-9.278333179975217,1.2324291121163693,0.0,-19.680768581518702,-10.605673083733404,1.529333189122747,0.0,23.373393123877943,-34.81642932201849,1.8364720567940687,0.0,-3.7028222716156853,-39.87062319395206,2.887133317500921,0.0,-9.322770497741402,-33.5084222772135,1.8598582063076972,0.0
20.60578355073088,-13.380768880003348,4.92131385766703,0.0,12.735658550818037,-9.275389512941473,1.2280495160996079,0.0,-19.56054819675663,-10.5292369168491,1.533559871172832,0.0,23.39308229346442,-34.80604040318661,1.8516228173204432,0.0,-3.015358740650169,-40.22943513367407,2.9176917799455495,0.0,-9.310363643335492,-33.52111216119098,1.8295567884906063,0.0
21.21331179237554,-12.889728027075522,5.145876255965742,0.0,12.705425565742772,-9.263036176697945,1.22323012778757,0.0,-19.40308289960859,-10.421682461631086,1.5623485330869684,0.0,23.410969722357997,-34.79674868730983,1.864590608192735,0.0,-2.319150304391338,-40.579723107466386,2.9654659822895155,0.0,-9.299184900097464,-33.535626635699224,1.8026838554745996,0.0
21.838658969345275,-12.464084087852273,5.372479001128065,0.0,12.684800986928924,-9.244149717898072,1.217923452988817,0.0,-19.21203921288951,-10.279274956204016,1.6279336962684567,0.0,23.426820169219493,-34.78851284742398,1.874919066804674,0.0,-1.6107539403652313,-40.908705301006684,3.019967498537075,0.0,-9.287078022076102,-33.54943164915896,1.7799340175776468,0.0
22.472904387763954,-12.125049315668514,5.590400460471768,0.0,12.675442705690566,-9.222955588868535,1.2124263245657279,0.0,-18.996645276681242,-10.103637408976365,1.7430188098554122,0.0,23.441315131727727,-34.78123066549345,1.8828634532219954,0.0,-0.8828164853743736,-41.20175123943981,3.0676946705747206,0.0,-9.272185292839767,-33.56033766316495,1.761131207470644,0.0
23.114479317970492,-11.873083539082499,5.792669876257602,0.0,12.675602762610307,-9.203111675624411,1.2077338207720345,0.0,-18.769192112292707,-9.902744418702884,1.9189406770897044,0.0,23.455946194088245,-34.774623111490975,1.8889914513855999,0.0,-0.12665649451963157,-41.44501717991674,3.0951116985420413,0.0,-9.253443546922895,-33.56730876834011,1.7453155503368158,0.0
23.770757464727016,-11.688355810634862,5.981189342281937,0.0,12.680925697357686,-9.186396593936568,1.2055359485980581,0.0,-18.54105235640489,-9.689516637374114,2.163692567158929,0.0,23.472760039146237,-34.76811494474064,1.8939225669111188,0.0,0.6649204734562728,-41.62709487521856,3.091645264626985,0.0,-9.230906777458536,-33.57080479387049,1.7309719802799926,0.0
24.45639326748479,-11.538302304998668,6.1678559659860515,0.0,12.686291621353982,-9.172777508195887,1.2077247506547746,0.0,-18.31820785523618,-9.478087950776388,2.4800880349782375,0.0,23.49392388316058,-34.76081257592748,1.8982047680431666,0.0,1.4948426273714661,-41.74016728033729,3.052411628015749,0.0,-9.205720311440293,-33.57254695601838,1.716356644827016,0.0
25.18899944248839,-11.388869957304623,6.3712978639073174,0.0,12.688002131840179,-9.16159797017691,1.2156184540054848,0.0,-18.097489189101708,-9.27909456978409,2.864102246734463,0.0,23.521141377213606,-34.75163587306929,1.9022672262580915,0.0,2.359434652771787,-41.781467277888055,2.9801858878103946,0.0,-9.179700629497898,-33.57483874428582,1.6998853378823569,0.0
25.983668879397186,-11.215236945506064,6.611139519154744,0.0,12.685326812321303,-9.152790988224218,1.2292793836851317,0.0,-17.86484803681856,-9.096055913872238,3.3034898781914332,0.0,23.55511406719864,-34.73954705912274,1.9064408373010764,0.0,3.247253512380754,-41.75518775129867,2.8857827782966883,0.0,-9.154672605975865,-33.57972229576781,1.6805166175145203,0.0
26.848011295018242,-11.008795522392695,6.90189441428995,0.0,12.680714061309137,-9.147200806087493,1.2472142652564848,0.0,-17.596776615783085,-8.92471025775706,3.7772938687300215,0.0,23.595305974070808,-34.7237604988221,1.911086798146659,0.0,4.139986092171486,-41.67387429852381,2.786060905070821,0.0,-9.131842567735749,-33.58829769272294,1.6580384009043065,0.0
27.779104352704167,-10.77871887036332,7.247568533502212,0.0,12.678656315847249,-9.145979794076043,1.2665743754178145,0.0,-17.26508086362793,-8.756061843348776,4.257359153904064,0.0,23.640126705960842,-34.70388604716018,1.916798882601249,0.0,5.01589035664132,-41.557743501956054,2.6996750149592383,0.0,-9.111469832135901,-33.60048199231753,1.6331531471848955,0.0
28.76343227985972,-10.547777893702005,7.637764705083034,0.0,12.683792022721898,-9.149638106750166,1.2838427322163835,0.0,-16.84373226905818,-8.582167371274432,4.712568837955468,0.0,23.687424427602043,-34.6800583199499,1.9244757844252138,0.0,5.855176370964313,-41.43113673373962,2.642042291468117,0.0,-9.092973205798518,-33.6153125524946,1.6072661184894734,0.0
29.780344021849736,-10.343635028243312,8.046929039062219,0.0,12.699001378673199,-9.157306248715525,1.2958500339468326,0.0,-16.315399840398705,-8.401988555276198,5.114945717049045,0.0,23.735052856097948,-34.653088324629046,1.9350191202138696,0.0,6.645528807597675,-41.31709547372897,2.621498944467847,0.0,-9.07542017509632,-33.63164064554252,1.5819897368912148,0.0
30.808255970739022,-10.189074521091502,8.4385226073928,0.0,12.724132032106047,-9.16655119728373,1.3007814341775017,0.0,-15.675386804927356,-8.224116519302594,5.445176649964887,0.0,23.78130817248569,-34.624552028578094,1.9486943066618512,0.0,7.385627393066466,-41.232258826025024,2.637767915440916,0.0,-9.058137004577501,-33.648849785725105,1.5585743996930415,0.0
31.83112723986234,-10.095952024509415,8.773588764838339,0.0,12.755820977496567,-9.173956269720122,1.2987620593404259,0.0,-14.931880033429191,-8.064672455327091,5.695169662221245,0.0,23.825159757866125,-34.59665244409437,1.964591622132735,0.0,8.085360126722609,-41.183860486636426,2.6825877195253867,0.0,-9.041067977888366,-33.66719546249569,1.5375669332155422,0.0
32.84219915155221,-10.065671091581162,9.01998405636957,0.0,12.78859460820447,-9.176439478131648,1.2917679653545573,0.0,-14.102809619918169,-7.941475662167404,5.867064928519904,0.0,23.86630022577387,-34.57176327875497,1.9806614426070226,0.0,8.762816791477253,-41.169235036371106,2.741736286967452,0.0,-9.024653050320577,-33.68753006983855,1.5188275094323647,0.0
33.84340749533075,-10.094629556221665,9.157925771240885,0.0,12.816881320464912,-9.172809088647282,1.2829261506999163,0.0,-13.210710825123204,-7.867610505288184,5.970051734558382,0.0,23.90505676048988,-34.55175376363809,1.9943836064371911,0.0,9.439288040617262,-41.17730186540976,2.797754783310099,0.0,-9.00933836385039,-33.71049366152447,1.5017573921376073,0.0
34.84114437610055,-10.180326393523295,9.180168813464896,0.0,12.83702034155245,-9.16466346473086,1.2755289623966188,0.0,-12.27755161269842,-7.847398538684645,6.016885113495574,0.0,23.942223752600782,-34.5373872870236,2.0037142939429575,0.0,10.13400051533496,-41.191387184536715,2.832954189991682,0.0,-8.995103942966207,-33.73558786191745,1.485502759973027,0.0
35.840579620277,-10.324713988932658,9.088394900192016,0.0,12.848311388491815,-9.155937396153188,1.272157920519529,0.0,-11.32117632403775,-7.875982323636416,6.021208145326016,0.0,23.978927598884688,-34.52813285001064,2.0078461550188162,0.0,10.860137112793232,-41.192883377814674,2.8324395144500603,0.0,-8.981368970388184,-33.7607140156755,1.4690649299742873,0.0
36.84101518639946,-10.534015220483148,8.888842746068999,0.0,12.852755931247382,-9.151236027955324,1.2741885596143359,0.0,-10.353861918784759,-7.941876698978415,5.995800113446364,0.0,24.01658111629451,-34.522533176051255,2.0074335739032527,0.0,11.622955335975872,-41.16510257554865,2.7867777639341096,0.0,-8.96736211135764,-33.78258863790964,1.4514328477917218,0.0
37.83407839245887,-10.815980199011321,8.589521623406121,0.0,12.853903570870619,-9.15392588379923,1.2817145014846982,0.0,-9.382378773293073,-8.030992066444695,5.951515378585309,0.0,24.05682023791065,-34.51893471252231,2.0041662007703778,0.0,12.419908043960017,-41.0964155932245,2.6936670243278282,0.0,-8.952730335563217,-33.79796886164269,1.4318266610593628,0.0
38.80535136040689,-11.175952908693885,8.199630221597987,0.0,12.855514902967519,-9.164994055885343,1.29375213285258,0.0,-8.40879577906366,-8.130652431978222,5.896820924069985,0.0,24.101258667280604,-34.51616824735272,1.9998720035844393,0.0,13.242086788450225,-40.981822201301554,2.557893416377823,0.0,-8.938000959290786,-33.80509446815702,1.4099440348085928,0.0
39.73859224243772,-11.613098860460763,7.730403324259977,0.0,12.86049534739063,-9.182974663407382,1.3085890030114449,0.0,-7.431851296632403,-8.232486895422728,5.83788654763884,0.0,24.151036326657415,-34.51383840150031,1.99556377689051,0.0,14.076270327250384,-40.822541599069744,2.3893141282770127,0.0,-8.924584860868997,-33.80457000135057,1.386012427067179,0.0
40.620561222513565,-12.118148361881488,7.196233975247804,0.0,12.87020209784767,-9.20458784774244,1.3242227086111686,0.0,-6.448960857750898,-8.333553185041092,5.778958259719163,0.0,24.206320620322508,-34.512144829397734,1.9908923440059425,0.0,14.907138725877275,-40.62378511368091,2.1994835208720787,0.0,-8.91424373405102,-33.799243179840055,1.3606190896630999,0.0
41.44433083714368,-12.673620082575365,6.615235757581246,0.0,12.884151422737206,-9.22566335556913,1.338842705243989,0.0,-5.458379790763964,-8.435610450266067,5.7226564977318315,0.0,24.266022229047884,-34.51141564467018,1.9843189675111894,0.0,15.71941233969026,-40.3914389766457,1.9982985625473368,0.0,-8.908206151870433,-33.79320658944707,1.3345075998582026,0.0
42.21006354068975,-13.256483842490962,6.008767894603064,0.0,12.900241371925597,-9.242133461947331,1.3512471573146883,0.0,-4.460451891079345,-8.542959614854677,5.670133177902779,0.0,24.32797450412375,-34.511653542682666,1.9739757383603713,0.0,16.499658010411018,-40.12890520328284,1.792073482053281,0.0,-8.906318914483762,-33.79040875152366,1.3084927422304666,0.0
42.923668891141105,-13.842220127644909,5.399856116019603,0.0,12.91553955243206,-9.250933403006043,1.3610587365256315,0.0,-3.457220020096921,-8.65963787690265,5.621327061767703,0.0,24.389614595068874,-34.51234033140155,1.9587372234345697,0.0,17.237456255079202,-39.83554831204444,1.583622523100619,0.0,-8.906714012212927,-33.79339536142875,1.2833848039534121,0.0
43.59420633818055,-14.409035555764099,4.811108764815915,0.0,12.927405398352079,-9.250585289048074,1.368646887209124,0.0,-2.450837428009481,-8.786987995620876,5.575461877309628,0.0,24.448842525840007,-34.51256450978955,1.9388213675762405,0.0,17.92572374743186,-39.50767261352615,1.3738245493630217,0.0,-8.906333082515417,-33.802610968258534,1.2597303078532143,0.0
44.230596035156836,-14.941425455762616,4.262881993661622,0.0,12.934467061636118,-9.241316053978814,1.3747701364877756,0.0,-1.4421346201889147,-8.922578163693569,5.531629535579318,0.0,24.504572124495585,-34.511377904081726,1.91562087995964,0.0,18.560179063026307,-39.14177355899757,1.1636174702547244,0.0,-8.902164731363232,-33.816523296121844,1.2374895977507467,0.0
44.838498555133555,-15.432414531228126,3.7715922485423956,0.0,12.937006083619384,-9.224755462805126,1.3800850359192278,0.0,-0.43059866954820913,-9.060965065268451,5.489195968084486,0.0,24.556747506211114,-34.508243668491914,1.8911436613522579,0.0,19.138123228166165,-38.73869861452273,0.955572171883043,0.0,-8.892494311185967,-33.83248810422388,1.216041863257967,0.0
45.41861226632305,-15.88363618778897,3.3479235205402453,0.0,12.936630449806572,-9.203407383830395,1.3847691243570424,0.0,0.5839034612309622,-9.196028376052325,5.447807487925166,0.0,24.605980714260483,-34.50340899283151,1.8675901372501755,0.0,19.65693524369082,-38.307004207332234,0.7545483454215844,0.0,-8.87744417287741,-33.84791355874785,1.1946242413442327,0.0
45.966773880821904,-16.302780507787784,2.9956848175058344,0.0,12.935507108726235,-9.180125746542501,1.3884799167491515,0.0,1.5984438777921963,-9.323970381330236,5.406800549109127,0.0,24.65309189784193,-34.497980244407586,1.8470906393504052,0.0,20.112945501011353,-37.86415073270319,0.5672188983430448,0.0,-8.858678815698934,-33.86119383128465,1.1728180943298518,0.0
46.47520582182255,-16.698889119849856,2.711970268022876,0.0,12.93558893912438,-9.157769763321461,1.390663266738425,0.0,2.6048959769844138,-9.445837487512483,5.364038412590293,0.0,24.698734433092923,-34.493567892453115,1.8313224856625308,0.0,20.501371202113532,-37.43482095893512,0.40073509200142077,0.0,-8.8386893746285,-33.872063356316275,1.1506931390098156,0.0
46.93421538803944,-17.07706504494031,2.488250795035319,0.0,12.93814026785976,-9.139091040474609,1.390959797040388,0.0,3.589685371741142,-9.568558939689048,5.314708404261246,0.0,24.74317413314109,-34.491642301286525,1.8210440286524072,0.0,20.8175746408375,-37.04649606979916,0.26127652625291553,0.0,-8.820080793048286,-33.88133355721795,1.128641424410965,0.0
47.33419085899892,-17.434999107147064,2.3117914261053123,0.0,12.943649595104146,-9.1267621579236,1.3893728282028874,0.0,4.535735378774176,-9.703946102436369,5.250979973351383,0.0,24.78624121227701,-34.49295279811029,1.8159118282328794,0.0,21.059254164990918,-36.723456769613215,0.1530792478405072,0.0,-8.805010029618229,-33.89030242395514,1.1071759094475428,0.0
47.6679944940706,-17.76333955151492,2.1673335036467645,0.0,12.952094522346748,-9.123344559658936,1.3860458814924606,0.0,5.425663498303997,-9.86582746565797,5.163173326531744,0.0,24.82743116359352,-34.49731682989817,1.8147597790477956,0.0,21.228673246527833,-36.4811049608301,0.07790248142077161,0.0,-8.79476733884928,-33.900253589524084,1.0868365651867293,0.0
47.933288067673146,-18.04983946308593,2.039334254040117,0.0,12.96341624869946,-9.130995860023571,1.3808204055799003,0.0,6.244690054120483,-10.066243563708351,5.042287553522048,0.0,24.866051885878562,-34.503856185526374,1.8160953838111293,0.0,21.3338593417289,-36.322448668815845,0.03464475836647196,0.0,-8.78951986571586,-33.91221955699371,1.06814826590022,0.0
48.13361011652492,-18.28480850610672,1.9146656893101506,0.0,12.977873379199256,-9.150879176427981,1.3729842598459179,0.0,6.9820922817359925,-10.31189717299232,4.882928637730764,0.0,24.90129201475056,-34.51153813977451,1.818430047722826,0.0,21.38799590772455,-36.23787666214964,0.0192020362315386,0.0,-8.78830276723686,-33.926827468082934,1.0515548502716694,0.0
48.27742922550187,-18.46484196063984,1.7850340972073777,0.0,12.995851044272081,-9.182459122067838,1.3616008575676624,0.0,7.631016866786811,-10.60170555016047,4.68536226818169,0.0,24.932199498103426,-34.519771755555574,1.8202843868056,0.0,21.40704731515869,-36.20830168974572,0.024951538727107092,0.0,-8.789348604220322,-33.944029302034764,1.0373347158257182,0.0
48.375811286500976,-18.593426004430878,1.6482874133932413,0.0,13.017000029383102,-9.223009480592086,1.3464468952552622,0.0,8.187411558890986,-10.925837308498158,4.455732495833166,0.0,24.957701454998016,-34.52879988513184,1.8200465826411296,0.0,21.40656711374535,-36.21061594116432,0.04394091176863135,0.0,-8.790731150247797,-33.96285354116044,1.0255462150092303,0.0
48.44021760077736,-18.67907142277388,1.5081713267526764,0.0,13.039216928765335,-9.267673286494968,1.329029648404477,0.0,8.64919820380855,-11.26654127879899,4.204286434447658,0.0,24.976809753618276,-34.53969485269048,1.816086962950635,0.0,21.39896782076954,-36.22359230591919,0.06834080561597666,0.0,-8.791069924246319,-33.98152488157925,1.0160415479101506,0.0
48.48127429776756,-18.732501715424043,1.372569403243915,0.0,13.058368567896451,-9.310262684031695,1.312878116874236,0.0,9.016423932264537,-11.601110200518741,3.9424004209668837,0.0,24.989004310663102,-34.55387542602905,1.807411762394043,0.0,21.392129839897834,-36.23232877945993,0.09156120377504529,0.0,-8.789925544783888,-33.99809168805982,1.0085388990145905,0.0
48.50799400980723,-18.764076997926466,1.2508047947812928,0.0,13.069301823073216,-9.34464581163283,1.302691282277003,0.0,9.292342519271786,-11.906731787821657,3.679820137839867,0.0,24.994595831080275,-34.57218407735651,1.7946299539183617,0.0,21.38952549636898,-36.230093593633796,0.10874880372497842,0.0,-8.787720106430369,-34.01130150734279,1.0026921448992674,0.0
48.52673951349549,-18.782005039142792,1.150926624021551,0.0,13.06782093233737,-9.366246024103315,1.3026741861149258,0.0,9.484726380811642,-12.165786237997404,3.423317781591802,0.0,24.99485851687951,-34.593781342144474,1.780585392861008,0.0,21.391449521229305,-36.217544473904695,0.11685394223082035,0.0,-8.785339886632809,-34.02122611225466,0.9981203988093288,0.0
48.540325077584725,-18.791599066949566,1.0777003517211607,0.0,13.052700798865594,-9.373139424848866,1.3148170812422935,0.0,9.606499623266807,-12.36949036049758,3.1769721792467642,0.0,24.991890855416873,-34.615452180291726,1.770106898221968,0.0,21.396654080003746,-36.20018715913938,0.11463588485575116,0.0,-8.78369681548116,-34.02923060309267,0.9944218135604821,0.0
48.548259333710554,-18.79570324865079,1.031617481039616,0.0,13.026790742623387,-9.366462424770406,1.3377934610470437,0.0,9.675008653378207,-12.518542192730632,2.943315896481428,0.0,24.988275074893448,-34.63211925149678,1.7687601323116624,0.0,21.403718729310146,-36.18524139398635,0.10271226484453777,0.0,-8.783432040620504,-34.03726818481475,0.9911925541339901,0.0
48.54840740884537,-18.79600905213846,1.0090235022784508,0.0,12.996628935533856,-9.350086062736928,1.3669141749180813,0.0,9.709749769303976,-12.620976527456389,2.7244547874781126,0.0,24.98659673125893,-34.63911322923406,1.7808819518366104,0.0,21.411765977906704,-36.17886706352546,0.08341958212253253,0.0,-8.78480420380406,-34.0468967984827,0.9880244327608505,0.0
48.53928339726498,-18.79446584540604,1.0032604722682255,0.0,12.97048730636376,-9.329630984841549,1.3953607644613673,0.0,9.729019379897537,-12.688543158697486,2.522749248822473,0.0,24.988867218285034,-34.636007798556946,1.807427782376827,0.0,21.420493686750472,-36.18432628271537,0.06025704516636132,0.0,-8.787708176578423,-34.05854726415743,0.984462564178191,0.0
48.52179822215623,-18.793940175968572,1.006397199743141,0.0,12.95539720365485,-9.310980832816446,1.416525283124395,0.0,9.746578536344904,-12.733121237326216,2.341003076666423,0.0,24.99589192958019,-34.63084990014421,1.844271222541897,0.0,21.429779867548618,-36.201347176169506,0.03697583366951385,0.0,-8.791739558150333,-34.07137396287753,0.9799693782543599,0.0
48.49963270641962,-18.797878352620643,1.0109301478580175,0.0,12.954357789070112,-9.298645758894976,1.4266104824111894,0.0,9.769676369987081,-12.764313045602087,2.1821347200165153,0.0,25.006679177726255,-34.64294887790658,1.8816382589292733,0.0,21.439231353486484,-36.22666454877903,0.01661608306891793,0.0,-8.796245506197218,-34.083683070413386,0.9739773774390663,0.0
48.478099941679105,-18.8094039782531,1.0109749656936842,0.0,12.9651216942191,-9.294543018117508,1.4261802638936132,0.0,9.79930362611214,-12.78870347931218,2.048400643177125,0.0,25.018197443375907,-34.70258740136177,1.90541718187567,0.0,21.447972984592543,-36.25538338056073,0.0008257810395910781,0.0,-8.800358900406478,-34.093675979878014,0.9660670273749083,0.0
48.462091232801534,-18.830457432900367,1.0027852268054662,0.0,12.981284784497788,-9.297719026694754,1.419767569319526,0.0,9.832441143290142,-12.810472397552768,1.9405482322977896,0.0,25.02603831944736,-34.84711265758887,1.9009335936236589,0.0,21.45477574987784,-36.28258737202557,-0.010328536142889533,0.0,-8.803080815200154,-34.10017196952423,0.956214246021327,0.0
48.454162463624456,-18.861298003150118,0.9846939531886711,0.0,12.995199559783252,-9.305124809901583,1.4138213109909072,0.0,9.865017949974668,-12.832452292860612,1.8574154116189554,0.0,25.02642785388837,-35.11408356527828,1.858952736059413,0.0,21.458423756207633,-36.30467059973775,-0.018047609803252485,0.0,-8.80351339618787,-34.103063803315834,0.9449953796629202,0.0
48.45371637116821,-18.900353204376273,0.9567098009120389,0.0,13.001351030973844,-9.313018071370456,1.414195734346122,0.0,9.894092672205154,-12.856736342537198,1.7961809117179452,0.0,25.01937034439243,-35.532579904532554,1.7820883069494542,0.0,21.45811359109172,-36.320116880459366,-0.024169151112186427,0.0,-8.80128667718224,-34.103415954441544,0.9336533115655765,0.0
48.4575695083628,-18.944319057735623,0.920048815665492,0.0,12.998826118574026,-9.318279994545602,1.4243282477638814,0.0,9.918531822622626,-12.884532397491132,1.7529866166634243,0.0,25.011802186216297,-36.113770280657164,1.6881626347575374,0.0,21.453698985894906,-36.329638147215626,-0.030505099444111394,0.0,-8.797062730556412,-34.10324367847464,0.9239804348137337,0.0
48.46141124647709,-18.988560146431496,0.8767939016635733,0.0,12.992155506583426,-9.319076843701907,1.444537164752254,0.0,9.938475019300393,-12.915624876544213,1.723491538162877,0.0,25.01900491049318,-36.84302244125369,1.6068176229499365,0.0,21.445717140226204,-36.33565868494669,-0.038355992463817046,0.0,-8.792840595926872,-34.105070330859675,0.9180170917535726,0.0
48.46131986073435,-19.027939342131443,0.8296482459105725,0.0,12.990537829170837,-9.314729696970073,1.4722659780904674,0.0,9.954382570831386,-12.948064275568589,1.7031678781859974,0.0,25.062893232929106,-37.67822481099629,1.5685551775373572,0.0,21.435270095643926,-36.34124785650792,-0.0482380875761006,0.0,-8.791755227244767,-34.11136445164019,0.9175935003080173,0.0
48.45472213654959,-19.05802408593584,0.7816261966345923,0.0,13.00591430259307,-9.305091066524879,1.502944324844723,0.0,9.96631814703816,-12.978483512618265,1.687481017935733,0.0,25.16763793809978,-38.55860850888549,1.5911219991751455,0.0,21.423875344974537,-36.348807596907946,-0.05974977416128979,0.0,-8.79720787485897,-34.12396202333904,0.9237708009272758,0.0
48.44064621688555,-19.07630124221351,0.7356626129159576,0.0,13.05049564702471,-9.28989766693714,1.5312658335243885,0.0,9.97372517640409,-13.003026235632586,1.6721961168814978,0.0,25.355135459089837,-39.42206273228737,1.671721342352992,0.0,21.413321725503593,-36.358979502149,-0.07154858727625424,0.0,-8.811431655650063,-34.14362907752263,0.9362634109404055,0.0
48.419494757354215,-19.082901947100275,0.6942638321466426,0.0,13.134215840568423,-9.268359082214273,1.5528476714593316,0.0,9.975671144236234,-13.018564954679135,1.6539033281135485,0.0,25.642623859337778,-40.22192474863832,1.7896894264380823,0.0,21.405458134875015,-36.37021706502293,-0.08152773279149272,0.0,-8.833891280478312,-34.169984385306044,0.9529670428053283,0.0
48.39270458991126,-19.08054192155767,0.659209581621047,0.0,13.262381298257324,-9.238839329276331,1.5662471267000173,0.0,9.971397102312688,-13.023778065001009,1.6306261304817031,0.0,26.042369649370492,-40.93484396935166,1.9164289981392102,0.0,21.401823427241723,-36.3792474408165,-0.08729883613382405,0.0,-8.860133619623403,-34.201988825860695,0.969820216070616,0.0
48.3624958568137,-19.073733247905455,0.6311929132930167,0.0,13.433805545767608,-9.198326640828881,1.574995582436019,0.0,9.960933671384337,-13.019691784383019,1.6022515711380123,0.0,26.56174894350979,-41.55842341822938,2.0258748475906696,0.0,21.403149638743145,-36.3822858215487,-0.08692833582533588,0.0,-8.881733189398444,-34.239059160506436,0.9813907455183486,0.0
48.33158772824304,-19.067535073534845,0.6095085378528218,0.0,13.640052235671913,-9.141731128025349,1.5887747988308272,0.0,9.945517218590927,-13.009437725902275,1.5705499979551032,0.0,27.202577909418537,-42.102936195908555,2.10117724279071,0.0,21.408961862265006,-36.376503815406586,-0.07967256347208007,0.0,-8.88773166253637,-34.282584788284325,0.9826409833177987,0.0
48.302636129320845,-19.06614580727497,0.5922087988083025,0.0,13.86667411483845,-9.061615897138807,1.622694047934715,0.0,9.927580272962631,-12.997235827783065,1.5386707261212305,0.0,27.959867395802608,-42.58221350437764,2.136919844420113,0.0,21.417573866559554,-36.3611072719733,-0.06641593867246343,0.0,-8.867478003858245,-34.33728139468431,0.9719966994036682,0.0
48.27739132527009,-19.071656764981864,0.5769799137869374,0.0,14.097015664731378,-8.949073021776549,1.6943371700481036,0.0,9.91022261538225,-12.986955724149203,1.5101690384591198,0.0,28.820941099542857,-43.00708467735553,2.137928210574536,0.0,21.426607522276818,-36.33759449902776,-0.04965677694484327,0.0,-8.81421259668081,-34.41160758646398,0.9550231645589786,0.0
48.255893802086945,-19.083331436423737,0.5623965922467846,0.0,14.318083046288539,-8.795771892337193,1.8194606941127898,0.0,9.896329202156913,-12.980886828452478,1.4878493392310244,0.0,29.765871322489428,-43.38273344805445,2.115940743034731,0.0,21.43383713446567,-36.30921439763678,-0.03304078537491684,0.0,-8.728319765966411,-34.51668713304058,0.947135090924494,0.0
48.2361125895548,-19.097732621823994,0.5488008223636189,0.0,14.526624024023441,-8.596356124106258,2.0078898175236777,0.0,9.887795918579775,-12.979313819258655,1.4728988840297852,0.0,30.769676562317944,-43.70955239600296,2.0852638830390884,0.0,21.43793835284007,-36.279997125585524,-0.02051187056658854,0.0,-8.618984290754335,-34.66383839853293,0.9736170838726022,0.0
48.21429138753676,-19.109824779240633,0.5381766806794506,0.0,14.732789843150577,-8.350244147907727,2.2607704471703665,0.0,9.885366540736896,-12.98105040293588,1.4647159265998617,0.0,31.805945782419315,-43.985823006842956,2.0584386108492616,0.0,21.438785552341333,-36.25378866247186,-0.015215252508987476,0.0,-8.503095693814892,-34.86147114071909,1.0661742909912348,0.0
48.18602410929196,-19.114843882818985,0.5329355087729404,0.0,14.95921850234781,-8.062440878347154,2.5695311969524237,0.0,9.889188940131092,-12.98450920902997,1.4614590470777404,0.0,32.85087796014571,-44.21028734951427,2.042842853131358,0.0,21.437227488578387,-36.23356963404743,-0.018463524730503167,0.0,-8.400900013599276,-35.112282486680094,1.2567177571233188,0.0
48.14776773837206,-19.110294461087133,0.5342180784227395,0.0,15.235001145051752,-7.7434231058891,2.9165525579924205,0.0,9.899622313816149,-12.988632752725074,1.4609521896952806,0.0,33.88646617426962,-44.38336974641177,2.0389273666710963,0.0,21.434549209176655,-36.22116472791849,-0.029264652765181864,0.0,-8.329232854370403,-35.41138319911394,1.5700601429348584,0.0
48.09824028699046,-19.097130010614258,0.5407875791856149,0.0,15.586159620473346,-7.408211191460253,3.277643327675368,0.0,9.917583331135436,-12.993223764492875,1.4614838911482266,0.0,34.90178274962596,-44.50685771086722,2.040330735352226,0.0,21.431908238735208,-36.21730748537589,-0.04479747281562041,0.0,-8.294654820411798,-35.74567604632714,2.01712891320828,0.0
48.03917629935232,-19.079411645577736,0.5493542996697496,0.0,16.02606837886559,-7.074644465618067,3.626343890207309,0.0,9.944038222964744,-12.998635241469216,1.4622229634294044,0.0,35.891987932937546,-44.582671256235656,2.0355054919355045,0.0,21.429924465781998,-36.22186739912808,-0.06168400549604591,0.0,-8.289452476151764,-36.0948413664285,2.589813006790042,0.0
47.975246862725,-19.062575149292112,0.5561896773123696,0.0,16.549695731384983,-6.760851279085462,3.9394427267665098,0.0,9.978882048645005,-13.005111618691384,1.4632079680159915,0.0,36.85560042281286,-44.61162969144683,2.010047094138155,0.0,21.428487748236893,-36.233964105326045,-0.07734652553219412,0.0,-8.29258395626667,-36.43441897549065,3.258647850977976,0.0
47.9132922045329,-19.051247114428367,0.5588831001080852,0.0,17.134215353536177,-6.482046415904688,4.202237437782149,0.0,10.019943248433657,-13.012207087223395,1.4650125958892275,0.0,37.79128585579001,-44.59285155101858,1.948940918106656,0.0,21.426836917872173,-36.25188805978707,-0.09069046697843142,0.0,-8.275369509355677,-36.74098204899915,3.9750295918483243,0.0
47.86106728218611,-19.047697472901945,0.55699655914297,0.0,17.74610836767735,-6.24722967929964,4.41167896794095,0.0,10.062883557673963,-13.018644043160624,1.4682557327033283,0.0,38.695520683594225,-44.52387759575355,1.8383532526747324,0.0,21.42395133023031,-36.27309334992121,-0.1018582022995318,0.0,-8.209172437138074,-36.99801382558172,4.678961697316722,0.0
47.82559991664534,-19.051492790248773,0.5513215049301081,0.0,18.352462565540282,-6.056963542480179,4.576085405897443,0.0,10.102299046341173,-13.022724030749492,1.4731504303060827,0.0,39.5619518394279,-44.40121062432888,1.6670568766115856,0.0,21.41915427084566,-36.294566704693935,-0.11139594562032151,0.0,-8.07136531334425,-37.1999263775557,5.310754580140152,0.0
47.81139270097045,-19.06018258948721,0.5425498457127382,0.0,18.932556403406384,-5.903523647711612,4.711493973057627,0.0,10.13363487573386,-13.023067936232607,1.4792561558691748,0.0,40.38243113379755,-44.22098147596023,1.4277831788289994,0.0,21.41264562082533,-36.31348877121877,-0.11945753651499658,0.0,-7.847550365673909,-37.35220411456453,5.8225997472177085,0.0
47.81901881774684,-19.070433292593663,0.5304482767876291,0.0,19.48546470941564,-5.773776260622028,4.836190052574417,0.0,10.154999932505719,-13.019257946568302,1.4855095059251333,0.0,41.1490047860924,-43.97976997194854,1.1186114852409048,0.0,21.405661854727843,-36.327749332255124,-0.12554465560040384,0.0,-7.5308112865188725,-37.46770914219187,6.186075884040424,0.0
47.84468386331623,-19.07914214215964,0.5140380805804092,0.0,20.030735291536956,-5.653666431088746,4.965590831991688,0.0,10.16791898719257,-13.012022281136883,1.490511319275388,0.0,41.85591854802431,-43.67581991107965,0.7441103993348346,0.0,21.400156244061595,-36.33599252111252,-0.12888704799930473,0.0,-7.120152523507127,-37.56099004485293,6.394128095498435,0.0
47.88090262783737,-19.08441893727315,0.4925350155496879,0.0,20.601904760900517,-5.532527749281291,5.109137712067994,0.0,10.176573926666974,-13.002873586733683,1.4929869681850967,0.0,42.500965541033246,-43.31065829481758,0.3156901902160616,0.0,21.39814842184763,-36.33735220683226,-0.12914882352089307,0.0,-6.619541533571612,-37.64291485981455,6.458494545172235,0.0
47.91798197544009,-19.08644689625133,0.4664065828910058,0.0,21.235416256385868,-5.405974609276769,5.269649861643132,0.0,10.185907896005194,-12.993401337808539,1.4922887473564792,0.0,43.08594902774787,-42.890616187167225,-0.1492362837452781,0.0,21.4010334334198,-36.331362046814796,-0.1269501918251894,0.0,-6.037514409759719,-37.71745032888864,6.404556249267951,0.0
47.94589924343145,-19.08797704616207,0.4379474267803385,0.0,21.958918327161904,-5.276935320662096,5.444489696334281,0.0,10.199570848026243,-12.984587036626287,1.4887433002268775,0.0,43.61635360887746,-42.42748903155266,-0.6292155562677912,0.0,21.409121119403956,-36.31828280127979,-0.12380670240944802,0.0,-5.38657575234407,-37.781538675279535,6.265454947628376,0.0
47.95635938240295,-19.09385395476985,0.4111496006315907,0.0,22.782675946812482,-5.154656760630126,5.6274220639484716,0.0,10.21868175803034,-12.976495031563033,1.4836329143774485,0.0,44.10046750138131,-41.93788502120768,-1.101302787808958,0.0,21.421561366046387,-36.29952801797816,-0.12143529758373184,0.0,-4.681866330939034,-37.82795381753002,6.076713617777827,0.0
47.944888221405726,-19.109118133981934,0.3909936476997693,0.0,23.69658874908004,-5.051725135839824,5.810297135119666,0.0,10.241857462679796,-12.968491637215909,1.4787506486400233,0.0,44.5482767443159,-41.441428985293754,-1.543533184330407,0.0,21.43666883016701,-36.27764509294561,-0.12077539827142658,0.0,-3.9391912815132404,-37.849878307422244,5.871884299167304,0.0
47.91247557335132,-19.136272167472146,0.3822198765536431,0.0,24.67348787883841,-4.9799525799663265,5.984295537263515,0.0,10.26630631351549,-12.959842609547103,1.4757275904006395,0.0,44.97046702519788,-40.95843085685948,-1.936889463199444,0.0,21.45252981639082,-36.25565724714971,-0.12128554789221013,0.0,-3.1728979660127132,-37.84517346044225,5.679230895108402,0.0
47.865819571494875,-19.173488125021215,0.3875396146981682,0.0,25.677072515442322,-4.946878137157524,6.1408857284946015,0.0,10.289345502152305,-12.950303710085683,1.475462425565933,0.0,45.377720964142426,-40.50769208159996,-2.2666746138496956,0.0,21.46768120221315,-36.236081420993166,-0.12095790298979203,0.0,-2.394111481564951,-37.81842600119165,5.519348034241473,0.0
47.81543434601626,-19.21529606879818,0.4059422285837364,0.0,26.67106292603581,-4.954460415234216,6.272572534406126,0.0,10.309619260147189,-12.940319541184248,1.4778685378447936,0.0,45.78020159542827,-40.104892322059364,-2.523377161967039,0.0,21.48161893062259,-36.220142292228054,-0.11711595165518318,0.0,-1.609672999503684,-37.77991403521675,5.403848612053542,0.0
47.77213084107432,-19.255325389357616,0.43255781192776155,0.0,27.626370050516474,-5.000184088269496,6.373252218082771,0.0,10.327541824402257,-12.930704510207462,1.4819415376423422,0.0,46.186889129794885,-39.76160958148777,-2.7031444647057414,0.0,21.49493052958166,-36.20753854931537,-0.10763384007685595,0.0,-0.8219837569853201,-37.742092439478824,5.335461374063501,0.0
47.743676726389175,-19.28896714833689,0.46070886904811204,0.0,28.52505606276204,-5.079502946382343,6.438018199844729,0.0,10.344898703170921,-12.92203192204138,1.486058056429508,0.0,46.604512794214905,-39.48465197301622,-2.808002221681079,0.0,21.508955709907156,-36.196808833099595,-0.09196126335096366,0.0,-0.029836279224411122,-37.715249080021835,5.309743395278295,0.0
47.73328827477464,-19.31428124678054,0.4848650754634871,0.0,29.361516056635807,-5.188250190062504,6.462616288498399,0.0,10.36389731448988,-12.914167105419285,1.4884556459014213,0.0,47.036165737415054,-39.275240318432175,-2.8459763498166266,0.0,21.5250606303941,-36.186105237183504,-0.07142428687459557,0.0,0.7698770482746298,-37.70415390100863,5.318133703248149,0.0
47.74013067227681,-19.331271508159357,0.5025895263664371,0.0,30.141427455438887,-5.3241038887834495,6.443055289841424,0.0,10.386113124247439,-12.906303118050111,1.4878281923776395,0.0,47.48006093075024,-39.127834896681996,-2.8311457862679212,0.0,21.543819024151915,-36.17406524969078,-0.048689000406273664,0.0,1.5799465327840316,-37.70690907685194,5.351516574243506,0.0
47.76083907072531,-19.34067790905525,0.5146653327434905,0.0,30.87852152295546,-5.486788857912117,6.375854897839127,0.0,10.411728478901392,-12.897529306823975,1.4838169561479688,0.0,47.929051660025,-39.02898817105439,-2.7833584366667434,0.0,21.564508762681786,-36.16044555356649,-0.02677073825839038,0.0,2.400735617762896,-37.71624687215492,5.403128746683654,0.0
47.7910668715226,-19.343158306699124,0.5238189473185617,0.0,31.5895281327361,-5.677231973764645,6.259008004319586,0.0,10.439327882407124,-12.887584815671428,1.4770951277173356,0.0,48.37139793188501,-38.957176437951354,-2.7270618645826588,0.0,21.58524202787394,-36.14626522300631,-0.00819942683062358,0.0,3.228947225713176,-37.72261917483177,5.4697817325631775,0.0
47.82660882149393,-19.339123483631276,0.5329283122872717,0.0,32.28868800151654,-5.896311488594623,6.093109398026287,0.0,10.466357743206286,-12.877276739600282,1.468975099662483,0.0,48.79280604151508,-38.88466287125886,-2.6886752429649636,0.0,21.603757150526768,-36.1334316269856,0.005282833362187489,0.0,4.057916030667668,-37.7178000688874,5.55108283267751,0.0
47.86400632889188,-19.329180504869854,0.5435855310764772,0.0,32.98377476155092,-6.143924375980299,5.881735034086157,0.0,10.490115875484822,-12.868222007539547,1.4608411137366506,0.0,49.17919482515134,-38.78189263612442,-2.6923241061511174,0.0,21.61854673091095,-36.12406726891002,0.012605631906545511,0.0,4.879495679032421,-37.69754432552848,5.647341292726178,0.0
47.900704670056925,-19.314889259397283,0.5555859209542184,0.0,33.67486395313741,-6.418758246319239,5.630531216797028,0.0,10.508850091516907,-12.862001562614589,1.4537766084492691,0.0,49.51936330522549,-38.62393952219537,-2.7545775843353857,0.0,21.62977468439479,-36.119820054130244,0.013201505640706657,0.0,5.68673510799599,-37.66227780598018,5.757451838387313,0.0
47.93500178639197,-19.299182209123845,0.567361013123616,0.0,34.35570647173591,-6.718670488901536,5.34541264963121,0.0,10.522461762545527,-12.859190924924585,1.4484518479255168,0.0,49.8069953180492,-38.397474185228575,-2.8797706620556465,0.0,21.63950343078447,-36.12131671167728,0.007004418478938845,0.0,6.47601848573583,-37.61573963490201,5.87779602967643,0.0
47.96606358502028,-19.285847280272662,0.576883255996318,0.0,35.016573966959825,-7.041234595246552,5.030991948482993,0.0,10.53253055366696,-12.858804163704404,1.4450921065950677,0.0,50.04188278925327,-38.10588870728168,-3.057965923274649,0.0,21.651095361707682,-36.127806747384824,-0.005381599145776406,0.0,7.247664933984706,-37.562439465467655,6.002422239033892,0.0
47.99401696288176,-19.278243649903587,0.5825162233274845,0.0,35.64726073198857,-7.3838979881089575,4.690318845271794,0.0,10.541701529627254,-12.858456979042154,1.4434210871358193,0.0,50.230263512894254,-37.76999526180775,-3.267028150393644,0.0,21.66804461703925,-36.13706074389166,-0.02244214627318719,0.0,8.004867021162529,-37.505203533798074,6.124129175521819,0.0
48.01983877522574,-19.278195933543845,0.5835696875869321,0.0,36.23929666224748,-7.743343231630532,4.326288358843825,0.0,10.552716128129404,-12.855196486823967,1.4426546289265563,0.0,50.383807012623976,-37.42278504605082,-3.478568583258168,0.0,21.69271293485364,-36.14565574308679,-0.041644033291255766,0.0,8.751618826564092,-37.443818120324764,6.235815214613396,0.0
48.044807137359875,-19.285900701879505,0.5805674357576809,0.0,36.786973165631196,-8.114072678211125,3.9441429057113355,0.0,10.567472308683325,-12.84665201441517,1.4416500027542423,0.0,50.5169163823733,-37.099349286009,-3.665541170362597,0.0,21.72544382761068,-36.149764524881796,-0.05973548436185183,0.0,9.490605803178333,-37.3750940667364,6.3314123217322855,0.0
48.069650278001504,-19.300785735419467,0.5752656719515397,0.0,37.287245879656105,-8.486803652514427,3.5538167325914083,0.0,10.586428293018797,-12.832041341682423,1.4392246933369695,0.0,50.64307550065863,-36.82604992606355,-3.8085047185407337,0.0,21.764368111032777,-36.146380958937975,-0.07357785783146831,0.0,10.22195917885323,-37.29400596931278,6.405854728645693,0.0
48.09387673928888,-19.322463826427878,0.570365798630851,0.0,37.73885048435971,-8.847669523895416,3.170765891919948,0.0,10.608470652350883,-12.812627044327677,1.4345741505420921,0.0,50.77201335674282,-36.61412890984411,-3.8985046333440234,0.0,21.805944356535772,-36.13459861031451,-0.08127415877902955,0.0,10.943428243563442,-37.195219962874525,6.453933185651005,0.0
48.11578729092626,-19.35089450123359,0.5688779893762597,0.0,38.14112568816483,-9.179179291006127,2.814449479046999,0.0,10.631228080475385,-12.791409539038552,1.4276672752709025,0.0,50.90925597373468,-36.46098073248718,-3.9361181167529455,0.0,21.845999985855183,-36.116322466294385,-0.08306586985660935,0.0,11.651954123438795,-37.074344578526734,6.468508357660518,0.0
48.13329694362117,-19.3855527506284,0.5733073944449938,0.0,38.493146828539395,-9.46327391399252,2.5045554609976444,0.0,10.651777076394378,-12.7721230915977,1.419465826586702,0.0,51.05824553449266,-36.35840473534494,-3.927417026109116,0.0,21.880893876262057,-36.0958951151991,-0.08147185102033383,0.0,12.34599268336864,-36.92848127091477,6.439128683553674,0.0
48.14516884483682,-19.424182302659823,0.5850185592765413,0.0,38.79368094429472,-9.685803604086669,2.2560217897932224,0.0,10.667599404655048,-12.757908167434573,1.4118173986913796,0.0,51.22367811450164,-36.30354455179702,-3.8784360811258844,0.0,21.908454794982582,-36.0786067816797,-0.0804607282756784,0.0,13.027516203054986,-36.75595643949469,6.352265532450499,0.0
48.151961024899975,-19.462017329461624,0.6040370688269441,0.0,39.042008320048915,-9.840795784017615,2.0745641043360363,0.0,10.67745317662916,-12.750222266178065,1.4069472770490101,0.0,51.41393973532606,-36.306754107400685,-3.7901706783504547,0.0,21.92847266447779,-36.068645856050026,-0.08390957140963273,0.0,13.702614466811806,-36.55541656271252,6.193919077549422,0.0
48.15614426430129,-19.49213469581474,0.629279613567256,0.0,39.239065428538694,-9.932573001181412,1.9545533039121796,0.0,10.681726092671706,-12.748456390750487,1.4066478523216315,0.0,51.64089886615984,-36.392056876413626,-3.6557044901701783,0.0,21.942636417348346,-36.06734921241281,-0.09396956279769597,0.0,14.379956773043661,-36.32485389978233,5.954348154060112,0.0
48.16133124705815,-19.50709726349673,0.6590268043583016,0.0,39.388206986371195,-9.974549020637426,1.8804565102499131,0.0,10.682074474116986,-12.750365383744988,1.4114814058235172,0.0,51.91668705213015,-36.589293483751476,-3.4600979743374207,0.0,21.95390585864147,-36.072505763426165,-0.11005200957187888,0.0,15.066969974755535,-36.061569653526135,5.633507290610318,0.0
48.1709938633631,-19.50146017841471,0.6914465143083248,0.0,39.49530113262104,-9.9851721163092,1.831622513766903,0.0,10.680598782148016,-12.753039557060202,1.42041123053332,0.0,52.24859316207383,-36.92022307520453,-3.1833530267310692,0.0,21.965419455372132,-36.0790887653773,-0.12889690886389893,0.0,15.76451223796467,-35.76406888709527,5.24486296646057,0.0
48.187183174146085,-19.474212388773505,0.725057138431767,0.0,39.56832696901233,-9.982885726872043,1.7885750643902885,0.0,10.67908361180901,-12.753969257224526,1.4311297984399616,0.0,52.63401827006998,-37.38248694819845,-2.807378430347179,0.0,21.979237085237962,-36.081250368576235,-0.1456910793188797,0.0,16.462081139690522,-35.43579724481703,4.815087745520607,0.0
48.20965204132264,-19.430062714535588,0.7590768715265259,0.0,39.616639616370875,-9.982048243043373,1.7382676608557723,0.0,10.678700463260936,-12.751808875410761,1.4410101542009794,0.0,53.05793212562298,-37.93691088275991,-2.3277056689840636,0.0,21.995448657453807,-36.07478275024887,-0.15574527883296874,0.0,17.136547438814326,-35.0886800077393,4.378447298103545,0.0
48.23562991401053,-19.37880249449263,0.7935781199438612,0.0,39.649811381126064,-9.990718507158967,1.6764479173689963,0.0,10.680176833334038,-12.746625953962205,1.448250651273975,0.0,53.495410702906284,-38.50590689359179,-1.767109065774605,0.0,22.01219229220338,-36.05886329892288,-0.15608008032760168,0.0,17.756601928256412,-34.74326345155039,3.967791116881859,0.0
48.260430377226015,-19.332677916779097,0.8293214178780435,0.0,39.67600984070863,-10.010235799470376,1.6067622086443922,0.0,10.684118732008535,-12.739624022323136,1.4526185715602935,0.0,53.919366297995495,-38.988912977108065,-1.1818797024236076,0.0,22.026699265093534,-36.03619344509726,-0.14639838384736592,0.0,18.291786448241098,-34.42394852089047,3.6068679322888375,0.0
48.27893996545277,-19.302529669595632,0.8671930060607078,0.0,39.7003452816531,-10.036234884852064,1.5375409492462975,0.0,10.691152725729026,-12.732497914808302,1.4553622021379624,0.0,54.308469906263575,-39.290417489612345,-0.6506583567866251,0.0,22.03681506709065,-36.01155356971746,-0.12915275379922342,0.0,18.72152010880536,-34.15166616295092,3.307687460983292,0.0
48.28759947113873,-19.294155791871518,0.9073468556183482,0.0,39.72403107651486,-10.060832167434777,1.4778159126354833,0.0,10.701771275193607,-12.72668944091982,1.4583087351874937,0.0,54.649183340258986,-39.3464253094674,-0.24720931532309365,0.0,22.04209067952854,-35.989660799789434,-0.10867038280283126,0.0,19.039780801795885,-33.93826219204071,3.0722534232151713,0.0
48.285919543336,-19.30654972223895,0.9484049926698876,0.0,39.745019274703736,-10.075658793000255,1.433997679062477,0.0,10.715997844663855,-12.722842068249886,1.4626376495666573,0.0,54.93234429420763,-39.13932469069071,-0.011953834777470362,0.0,22.043851163258932,-35.9734136339306,-0.08961055831453812,0.0,19.254723611891,-33.78478617135891,2.8953632969491565,0.0
48.2765754594734,-19.332908735271637,0.9872485266883864,0.0,39.75998086314289,-10.07506008345961,1.40804655488318,0.0,10.733074730618547,-12.720677192125603,1.4680210479280067,0.0,55.150792044219,-38.70174375137212,0.061876791693425304,0.0,22.044377670777862,-35.963146648569435,-0.0753294386280281,0.0,19.385166188238436,-33.682965779480156,2.766639120532698,0.0
48.26402159705953,-19.363809148326947,1.0197968317049178,0.0,39.76669267248485,-10.058454088626934,1.3972966821337884,0.0,10.751336717535844,-12.719318339832492,1.4726489182771871,0.0,55.30227163080667,-38.111383882865155,0.020887087033083063,0.0,22.045862024181076,-35.95689506481999,-0.06681535216416457,0.0,19.45571977475013,-33.61842701241285,2.6723056276303367,0.0
48.25256979048253,-19.390831701048267,1.0426572295702865,0.0,39.76569454848943,-10.030904879487133,1.3956561044100866,0.0,10.76836048752265,-12.717854461252466,1.4742083324491926,0.0,55.3942741515211,-37.473889243324024,-0.0720605327427215,0.0,22.04973926746233,-35.95132269259793,-0.06262180421877694,0.0,19.491462691861454,-33.57477258223651,2.5976531331417085,0.0
48.24502109582072,-19.409038063333778,1.054946022585801,0.0,39.76051519838462,-10.001479612176915,1.395738163836464,0.0,10.781397451249806,-12.715819885884256,1.471354688761176,0.0,55.44381728806248,-36.89410220456546,-0.16338640258708637,0.0,22.05654177079054,-35.94296276653176,-0.05978781081732798,0.0,19.513099975361595,-33.5376621666018,2.5300700320272256,0.0
48.24230858119708,-19.41764780821258,1.0593547019093883,0.0,39.756439233698615,-9.979803332827554,1.3913453707379357,0.0,10.787999130545643,-12.71335806891439,1.4648701623316036,0.0,55.47057503163039,-36.44729677308945,-0.22242116132251688,0.0,22.065979255266164,-35.92954019040992,-0.05534369020627672,0.0,19.53391157604536,-33.497698412438595,2.461509383193386,0.0
48.24396587362265,-19.419126685735332,1.0617942364714352,0.0,39.758397694257724,-9.972157670268569,1.3794763436919801,0.0,10.786659798318809,-12.711041756299792,1.4578212717233523,0.0,55.489131721842426,-36.16444227096841,-0.2407876343210642,0.0,22.076842106833155,-35.91115376790669,-0.04782495114989693,0.0,19.559339846828813,-33.45121333500301,2.3892467091574865,0.0
48.24897515516077,-19.417297115797627,1.0695512276343422,0.0,39.768938205150334,-9.978970631224877,1.3609476135530247,0.0,10.777245108540336,-12.709497986004482,1.4545944023647586,0.0,55.5058461467747,-36.034856479703684,-0.22496210013837548,0.0,22.08660339552111,-35.890959828271704,-0.03827757655813713,0.0,19.588883112149965,-33.3990489371462,2.3147727807217304,0.0
48.256544204287756,-19.415215486626753,1.0885902537131873,0.0,39.78719667375661,-9.9950515703547,1.3392763861142338,0.0,10.760971647954676,-12.70905442068829,1.4593041330071497,0.0,55.52048387340392,-36.01988560475404,-0.18881869124325767,0.0,22.091069470971853,-35.874904726530765,-0.030451872701540594,0.0,19.619033874680788,-33.344329614345796,2.2416782954784047,0.0
48.26646840689709,-19.41362588251825,1.1211185766646068,0.0,39.809314923984715,-10.012469819067933,1.3185055538793513,0.0,10.73986942390445,-12.709576849848187,1.4743058985860902,0.0,55.52981691010123,-36.06995440714451,-0.14802070539635714,0.0,22.08475795001909,-35.870240392810494,-0.03014650231257221,0.0,19.645952793746307,-33.29040502575068,2.17361747600099,0.0
48.27896832786993,-19.410665142660264,1.1645024994632518,0.0,39.830063779352685,-10.024444737209231,1.3012798110571389,0.0,10.71601106613589,-12.710545181220477,1.4993549372165358,0.0,55.53078708587379,-36.13965734655305,-0.11577801150713896,0.0,22.06255609826746,-35.883045665648865,-0.04392841253047486,0.0,19.6671512388692,-33.23967714948114,2.1130142743814684,0.0
48.294212914821856,-19.4029533647891,1.2120830045620465,0.0,39.84489984671544,-10.028117715203225,1.288115939682024,0.0,10.69102097428112,-12.71129058834731,1.5316128781053688,0.0,55.522189394107954,-36.19755799986512,-0.09990764512337513,0.0,22.022542522829006,-35.91553586824492,-0.0776882305675688,0.0,19.682073008193097,-33.19339027339452,2.0606490683375824,0.0
48.31191634901462,-19.387486102937775,1.2556774661978203,0.0,39.851552098178765,-10.024934726413223,1.2778995603277892,0.0,10.666175603857127,-12.711255789994523,1.5664400659938913,0.0,55.50492090519941,-36.22933171442607,-0.10181793573685027,0.0,21.968892399793578,-35.964304092403864,-0.13556011937945733,0.0,19.691824763641762,-33.152033783197695,2.015914943288328,0.0
48.331261473141474,-19.363419806814186,1.2889104664413757,0.0,39.85051642783196,-10.018852667189087,1.2690031141305678,0.0,10.642914409037603,-12.710163182331465,1.5987211338508338,0.0,55.48138866759658,-36.23515094311723,-0.11766113660743294,0.0,21.913163810719446,-36.020606884848775,-0.21943032365416393,0.0,19.698445356884644,-33.11588948674352,1.9773766867706613,0.0
48.35107822938621,-19.33308389550364,1.31019957808455,0.0,39.84437034460431,-10.013685087288067,1.2603242429428576,0.0,10.62326160146043,-12.708050235664237,1.6242867881833156,0.0,55.45468550479174,-36.22383611440627,-0.14091070014245766,0.0,21.87269811170463,-36.07320221642495,-0.32866477858606835,0.0,19.704100214393815,-33.085376159710236,1.9433121600518763,0.0
48.370024011102295,-19.301885847128275,1.3243106455913232,0.0,39.8363739765089,-10.011135842994952,1.2517603315382768,0.0,10.609768953688594,-12.705195615055812,1.6409050737072253,0.0,55.42788339361139,-36.20658721557778,-0.16505270755651935,0.0,21.866384156818715,-36.113066577020064,-0.45943879425094547,0.0,19.710466408870868,-33.06106594673898,1.912119356840055,0.0
48.38672056942313,-19.276836618277503,1.3418653678151387,0.0,39.829133196964115,-10.010509076212628,1.2439616543114411,0.0,10.60495004008849,-12.701977386274306,1.6484789086339475,0.0,55.40354629537229,-36.19232199654459,-0.1853493411841196,0.0,21.909557309219466,-36.138144551395854,-0.6036847028562722,0.0,19.718423365734125,-33.04344097691684,1.882622437579597,0.0
48.40025242971369,-19.263623112470917,1.3768659400038938,0.0,39.82395279023061,-10.010053944583628,1.2375766527130185,0.0,10.610454634437527,-12.69870183385465,1.6484766134886524,0.0,55.38343683145071,-36.18544049116125,-0.1993684536462048,0.0,22.010156543042562,-36.156022725981735,-0.7486324186111801,0.0,19.728067260056786,-33.032556864778726,1.8542746887895483,0.0
48.411532044077006,-19.263005808644497,1.4428755984526713,0.0,39.82097774225123,-10.008908113519851,1.2324828468385842,0.0,10.626317109642207,-12.695446256134652,1.6429920087478003,0.0,55.36837272911231,-36.18577961074291,-0.20659938105584708,0.0,22.16747990712325,-36.183310487202576,-0.8780066791362842,0.0,19.738996894121957,-33.02778195487818,1.8271809924054025,0.0
48.425331154673366,-19.268291192167258,1.5488110565368434,0.0,39.819729002310766,-10.008253109247828,1.2275049656750383,0.0,10.65061047238228,-12.691959322529145,1.6339419225234408,0.0,55.35823875049601,-36.189938495762654,-0.20770383389487357,0.0,22.373802041788288,-36.241905078371865,-0.9748787703499691,0.0,19.750730670658797,-33.02772862557275,1.8019016829222707,0.0
48.45174322492931,-19.26553455873149,1.6955786775957087,0.0,39.8195577955617,-10.010828558168402,1.2208444177962967,0.0,10.679795437206945,-12.687645526134565,1.622723486979437,0.0,55.35220094845804,-36.19310052195908,-0.2038534246285142,0.0,22.6181687141749,-36.35346589681187,-1.0249636072107542,0.0,19.76305768696569,-33.03043470618035,1.7791025674907797,0.0
48.50565008945788,-19.23666710059021,1.87498538215225,0.0,39.819822315463654,-10.018983385134892,1.2110390257505603,0.0,10.709851351554812,-12.681638150912299,1.610320545337478,0.0,55.34911250638376,-36.19076179547002,-0.1963706166394914,0.0,22.890902722887283,-36.533932681176495,-1.018930352704328,0.0,19.776171739755007,-33.033794697261925,1.7591874000271197,0.0
48.60388891982747,-19.16400179869254,2.071939614493365,0.0,39.8199023363165,-10.032336516317402,1.1979392233608088,0.0,10.737845379317358,-12.672952913414534,1.5975873859136023,0.0,55.3479567987547,-36.180086862074766,-0.1866447371748272,0.0,23.187086341730332,-36.789702796311154,-0.9531356487189555,0.0,19.790567164520557,-33.03614532001267,1.7420698518039703,0.0
48.76120389397972,-19.034114776833228,2.269780981210406,0.0,39.81926160008598,-10.04643457689164,1.1831293950387387,0.0,10.763187370198631,-12.660713085608567,1.5854230778586977,0.0,55.34810098127977,-36.16073497853381,-0.1761356498015232,0.0,23.507872047922156,-37.11634234018594,-0.8292030059359794,0.0,19.806798928465398,-33.03679335730738,1.7271932381656026,0.0
48.986328279236304,-18.8404378123569,2.4572175648397696,0.0,39.81764555842636,-10.053395559623711,1.1695279787185662,0.0,10.787866915088038,-12.644416334609442,1.5747617039992576,0.0,55.34926303981717,-36.13497614874647,-0.16627645942420344,0.0,23.859585249688724,-37.49985121431443,-0.6532323384770509,0.0,19.825248398893354,-33.03623713367679,1.7137668476519963,0.0
49.278867051878315,-18.585500838334383,2.634148889630307,0.0,39.81533507932764,-10.044613865422015,1.1603551660832228,0.0,10.815591742620494,-12.624136510631505,1.5664842872622184,0.0,55.35133064969523,-36.1069674751472,-0.15821040154266974,0.0,24.251473723655074,-37.91983052323159,-0.4350705519678222,0.0,19.845985773001438,-33.03594183164046,1.7010319162420942,0.0
49.62776761127716,-18.283000007482997,2.8127354955844535,0.0,39.813301044038504,-10.014623418552297,1.157906140236765,0.0,10.85048147789496,-12.600478997142817,1.5613166655659576,0.0,55.354258345765324,-36.08133643401304,-0.1524470039433634,0.0,24.693214252147037,-38.353467023210335,-0.1875271230030613,0.0,19.868745018047886,-33.03772563692147,1.6883546752262095,0.0
50.01363232375462,-17.956416518566378,3.0111454449193253,0.0,39.81311438604493,-9.964583952668663,1.1625325260713133,0.0,10.896175051893097,-12.574179279807808,1.559685143004705,0.0,55.35810051260853,-36.06160130214742,-0.1486284194025611,0.0,25.19299716090221,-38.77908047022787,0.07478495835258059,0.0,19.892989214899174,-33.042988513709304,1.675134229642829,0.0
50.41684981842033,-17.62999413633065,3.2425720908546865,0.0,39.81651853769729,-9.903730844348454,1.1721645224441275,0.0,10.955688697945071,-12.545458046672387,1.5615965114155408,0.0,55.36300519907733,-36.04912520074656,-0.14559415772735917,0.0,25.756453905449636,-39.178257894827496,0.3370534236006506,0.0,19.91804279070127,-33.05209344974189,1.6607346421744023,0.0
50.82846118936432,-17.31493456143028,3.507541823707335,0.0,39.8247023010028,-9.847582309252434,1.1827313085565372,0.0,11.03160442210511,-12.513408765475722,1.5667633589202499,0.0,55.36899488939451,-36.04302980734016,-0.14177724834832794,0.0,26.38618605797298,-39.536357392087815,0.586031407968644,0.0,19.943267310731905,-33.06416112826314,1.6446296322529594,0.0
51.25579727634547,-17.00172206534174,3.7952164538419773,0.0,39.83756053689746,-9.812892592339873,1.1896683063898,0.0,11.125923244963342,-12.475632587138701,1.5751120116044124,0.0,55.37562986103527,-36.040950437069476,-0.1357710584466041,0.0,27.08148366010474,-39.84196332013615,0.8115558317674587,0.0,19.968241213696096,-33.07737077101911,1.6266857119335505,0.0
51.7181966348543,-16.665738759369646,4.091287182392515,0.0,39.85343707782939,-9.81110563620511,1.190010103154009,0.0,11.23939665055206,-12.42816460855674,1.5875064652061432,0.0,55.38187228143159,-36.040121788789996,-0.12687791880307486,0.0,27.83803074761851,-40.086204575204924,1.0075222660631287,0.0,19.99287882795477,-33.08963560716789,1.6073239396753465,0.0
52.23618075992061,-16.281788513726095,4.386022537894927,0.0,39.869667267979864,-9.843396414293823,1.1837701714912576,0.0,11.37081368435528,-12.36565873402699,1.6063222754887754,0.0,55.38635643722548,-36.03829215643506,-0.11555895223247958,0.0,28.647739827075924,-40.262651839381085,1.172204209119096,0.0,20.01741605070823,-33.099354772768784,1.5873937717735078,0.0
52.82092312370218,-15.837946006263042,4.677761281757611,0.0,39.883643956034675,-9.900035351994672,1.1734932332043222,0.0,11.516949105918435,-12.28182516869393,1.635612377650773,0.0,55.38793869501901,-36.034215409067315,-0.10369859593570396,0.0,29.49905924783105,-40.368013385089604,1.30796046141122,0.0,20.042230622896184,-33.10592533233151,1.567822242408937,0.0
53.4688503556713,-15.342125200122073,4.9704510668173345,0.0,39.89369956655697,-9.964553891767466,1.1623051715695016,0.0,11.673548701759564,-12.170108867896618,1.6808859709649298,0.0,55.38620406250103,-36.02768583409511,-0.09445326420809508,0.0,30.37805716940436,-40.40322875645279,1.4204267023472283,0.0,20.067552552656103,-33.10982691637357,1.5492353248666415,0.0
54.16330830565916,-14.81931717411206,5.267412695437892,0.0,39.89934563646726,-10.020404435914134,1.1520445855950499,0.0,11.837127578242843,-12.024530035893797,1.7486882242139536,0.0,55.38169092091075,-36.01920785042272,-0.09146393978235068,0.0,31.270348799109208,-40.37408423943626,1.517264336944411,0.0,20.09319531653009,-33.11229526067839,1.5317213839678754,0.0
54.8824789505229,-14.301452220224835,5.5663648758012805,0.0,39.90101986398173,-10.056609834745823,1.1427284568371618,0.0,12.006882522051974,-11.840609971433803,1.8460703042604454,0.0,55.3758004001248,-36.009509055023216,-0.09754904217798988,0.0,32.16355927504191,-40.290584000405424,1.6066235346024307,0.0,20.11844036678678,-33.11478754824851,1.514809898663712,0.0
55.60951337828482,-13.815543534844682,5.859792624907968,0.0,39.899761405782165,-10.070111755216644,1.1332668872681975,0.0,12.185946356247715,-11.616429111481692,1.9797824670281017,0.0,55.37047249835941,-35.99916750252756,-0.11342935442434943,0.0,33.04957585047994,-40.165104563967944,1.6957078619353503,0.0,20.14214842726428,-33.11851712168245,1.4976679289230237,0.0
56.33936683042957,-13.376410078165055,6.139778786277679,0.0,39.897030237384,-10.064763492340772,1.12254429505367,0.0,12.381521164168527,-11.353909502901148,2.154895872676155,0.0,55.3677070416045,-35.98852095029743,-0.1371587514660586,0.0,33.92558581701278,-40.01019324261178,1.78989902624871,0.0,20.16309806173403,-33.12425135904964,1.4794718667029265,0.0
57.07918096625917,-12.986428755909476,6.402644198640784,0.0,39.89459072891218,-10.048347523733923,1.1101493571443442,0.0,12.603876096321986,-11.060125173117498,2.3727903853644037,0.0,55.368998588250065,-35.97780291590116,-0.16457962146715488,0.0,34.793171045664444,-39.83694031821623,1.892589315378892,0.0,20.1804652432764,-33.13238211121398,1.4598441225586374,0.0
57.84311786452238,-12.64025459076397,6.649865094207437,0.0,39.894288231483685,-10.029223908100013,1.096546515327553,0.0,12.864567044399498,-10.747872874005871,2.629013357840437,0.0,55.37480880915331,-35.96730515341598,-0.19056490956846872,0.0,35.65557949760893,-39.6541483858387,2.005428925248749,0.0,20.194250266688595,-33.14311167324916,1.4391768328213086,0.0
58.64493636874643,-12.330930253798787,6.885267305452526,0.0,39.897664761371686,-10.013801011071333,1.0828402558631343,0.0,13.17444090905819,-10.434394369160586,2.912109337803349,0.0,55.384269225844335,-35.95741545892546,-0.21048112606900915,0.0,36.51426420369571,-39.467830286979044,2.128499298277191,0.0,20.205409654686314,-33.15654982171073,1.418676493142705,0.0
59.491677700174634,-12.054610691733206,7.1106801097816685,0.0,39.90553861983565,-10.005401801477365,1.0703970473005437,0.0,13.542036414452053,-10.137685136987315,3.204605259766483,0.0,55.395306125581975,-35.948533242455156,-0.2213593003694374,0.0,37.366259492739864,-39.280562032208074,2.2600567079020415,0.0,20.215561261281,-33.172634052998426,1.4000579704421678,0.0
60.38070100781829,-11.812360576435212,7.322500038838685,0.0,39.917751966166456,-10.00446652099464,1.0605243945848741,0.0,13.972883978376432,-9.871286495542625,3.4864802351376802,0.0,55.40524456556945,-35.94095175542183,-0.22249185163044416,0.0,38.203635145381966,-39.0907809301102,2.395891146684548,0.0,20.22635877534442,-33.190984018573104,1.384942528844343,0.0
61.30071252091106,-11.608855160161553,7.510999377582046,0.0,39.933208020744416,-10.009581968865033,1.0542644046512972,0.0,14.469814695708674,-9.639820660577053,3.7399853756050536,0.0,55.41169828326952,-35.93476317502413,-0.21536350126449122,0.0,39.015269053028696,-38.89261042524938,2.52888847280553,0.0,20.238814034544387,-33.21086938216848,1.3741698281013992,0.0
62.23571165659514,-11.449380409932182,7.662976880428317,0.0,39.95016003111654,-10.018697066480778,1.0522459644383968,0.0,15.033755652444196,-9.437547167237167,3.9537614613237437,0.0,55.41335706429383,-35.929784307149774,-0.2029773217980857,0.0,39.790028322122566,-38.67677479924319,2.6496668691166914,0.0,20.252882291673725,-33.231311856803906,1.3673758644721694,0.0
63.169640243733774,-11.337247568504077,7.766557093861948,0.0,39.96661927654102,-10.03004406889169,1.05452842745761,0.0,15.664129301034913,-9.25075331897913,4.1246440893010945,0.0,55.41033650927608,-35.92549942590323,-0.18882142421783854,0.0,40.51981618529273,-38.43272323829985,2.7487342041546423,0.0,20.26751983790924,-33.2511748425378,1.3631396035921544,0.0
64.08968334105136,-11.272846833505515,7.815736509403575,0.0,39.980776289195695,-10.04257608027125,1.060458352058241,0.0,16.358340923685304,-9.062900426154277,4.256860238976156,0.0,55.40401764346504,-35.92104847318683,-0.17585701307604573,0.0,41.201205070746454,-38.151550232541545,2.8195955858245227,0.0,20.281193051339628,-33.269170006258676,1.3596533130178354,0.0
64.98738267790098,-11.254070920013199,7.812714468555926,0.0,39.9914017894234,-10.055976782161817,1.0686641651177347,0.0,17.11066551763586,-8.860320616771308,4.359408493579819,0.0,55.39652294525005,-35.915303857854944,-0.1658701660715387,0.0,41.835290643761276,-37.8289022514036,2.8613609153583965,0.0,20.292558585158503,-33.283911642973415,1.3554801071651355,0.0
65.85796272853462,-11.277174573837828,7.767476584748007,0.0,39.99820260250419,-10.070411213319,1.0773243206746592,0.0,17.911458377236386,-8.636383603352693,4.442771648951087,0.0,55.3900231395376,-35.9070729541978,-0.1593439478046772,0.0,42.42630421849784,-37.46689591823958,2.879386646860418,0.0,20.300963974563388,-33.294146680760505,1.3499431391542487,0.0
66.69885381312565,-11.337416982739091,7.695108541092583,0.0,40.00204531575798,-10.08617310317614,1.0847038049337172,0.0,18.747585285781724,-8.39307844215643,4.5159654181533035,0.0,55.386068077560566,-35.89543039211999,-0.1557881075423868,0.0,42.979889353482946,-37.0743144604756,2.883435485624762,0.0,20.30660893076932,-33.29906313674245,1.3430432001601584,0.0
67.50834484786613,-11.429365324175741,7.611595740499809,0.0,40.004914517683254,-10.103299921195912,1.0897280870376491,0.0,19.604323243965236,-8.140071333769988,4.584630888183579,0.0,55.38517634133506,-35.880107825806874,-0.1542965390496498,0.0,43.50172432969731,-36.6650786670754,2.8841245354634317,0.0,20.31041866630639,-33.298477844392046,1.3351145607211379,0.0
68.28487671302628,-11.547095514416196,7.529075235257537,0.0,40.00951404481802,-10.12117397996576,1.0922565058249436,0.0,20.468134838434736,-7.891955695693773,4.650516431254507,0.0,55.38688320530141,-35.86178311598989,-0.15406689509171478,0.0,43.99664661371761,-36.25575652836653,2.8892013560693037,0.0,20.31369769798312,-33.29289951859004,1.3264789084710173,0.0
69.02696050563554,-11.684636639457642,7.451883191432963,0.0,40.01854648832763,-10.13818142097471,1.092877419835828,0.0,21.329212189244934,-7.664660262886183,4.712233655881196,0.0,55.390215696214746,-35.84209442155606,-0.15472055397635742,0.0,44.46800963428576,-35.86300513840855,2.9010828697448687,0.0,20.317589077912295,-33.283653437059805,1.317270883481516,0.0
69.73336000009287,-11.836947476360038,7.374673289939526,0.0,40.033857306021616,-10.15160155820167,1.092371966769944,0.0,22.182756297415274,-7.4720392850363995,4.7667314810208445,0.0,55.39427917635602,-35.82329773396744,-0.156383239480121,0.0,44.91697523941178,-35.501345938102155,2.916422442600391,0.0,20.322483060032315,-33.273083241148285,1.3075088558105943,0.0
70.4031320967203,-12.001584167799267,7.283033915109482,0.0,40.05571230000497,-10.15790312419735,1.091211866239771,0.0,23.02848448768305,-7.323487605753894,4.81072914150929,0.0,55.398599231274815,-35.80765550272204,-0.1595458912548633,0.0,45.3417984834766,-35.18125720111896,2.9276627038894567,0.0,20.327712409155442,-33.26446626596516,1.2973483138911366,0.0
71.03520797622672,-12.180875243611748,7.1560506600323395,0.0,40.08242763986126,-10.15348289902675,1.0893977433387843,0.0,23.868640790774805,-7.222949536089981,4.841488482758063,0.0,55.403118772710144,-35.79680159165959,-0.16477412241235712,0.0,45.73755082457413,-34.907631767675326,2.92584341634317,0.0,20.331837715894093,-33.261219450629646,1.2873071155845182,0.0
71.62734470533107,-12.383752119191868,6.969891666824166,0.0,40.11042456465307,-10.135708187282134,1.0866927888373699,0.0,24.70548584447649,-7.169182217131011,4.856739480713083,0.0,55.408017565098234,-35.791356508342375,-0.1724015941896333,0.0,46.09677854480398,-34.67897496769005,2.903623573067243,0.0,20.333467164290546,-33.265470942229875,1.278231923344677,0.0
72.17469338757627,-12.625830212707449,6.701771017922834,0.0,40.13464954255253,-10.104021390861403,1.0830798455337884,0.0,25.539382570216514,-7.156911973517181,4.854101879495534,0.0,55.41354585235732,-35.79091792997279,-0.1823537799856325,0.0,46.411207219308174,-34.487910893314464,2.85764894999987,0.0,20.33213857300483,-33.27673744179384,1.2709569580927607,0.0
72.66887013681769,-12.926542536210691,6.334193875235036,0.0,40.149281956957886,-10.060792546239473,1.0791678667348759,0.0,26.368050827777324,-7.178557979129208,4.830652365653966,0.0,55.41990310938792,-35.794339655705166,-0.1941518583910664,0.0,46.674034988618075,-34.32336139093703,2.789761094964579,0.0,20.328701836547577,-33.29163455202184,1.2658731224854787,0.0
73.09868865931624,-13.303204224961066,5.859673017029004,0.0,40.14873983539885,-10.011529666860785,1.0762743902971579,0.0,27.186835944882084,-7.226205046159723,4.783150132626043,0.0,55.427082241245145,-35.80010992961677,-0.20701960052986834,0.0,46.882012046772275,-34.174108573200655,2.706778787546753,0.0,20.324978702271483,-33.305018311223115,1.262752456398852,0.0
73.45318889532523,-13.763351615348675,5.2855049097142315,0.0,40.129043711684986,-9.964102464621153,1.0760297916373478,0.0,27.98951716420737,-7.293411049633142,4.708957221846353,0.0,55.43466388125533,-35.806690671046134,-0.21998628585312296,0.0,47.036582551749284,-34.03256827421054,2.6187800785922644,0.0,20.322936256166646,-33.31210193143927,1.2610131035576426,0.0
73.72640281849095,-14.297960236927171,4.636805597597624,0.0,40.089415235842765,-9.926939952309738,1.0795901329715623,0.0,28.769351320755582,-7.376444755855548,4.6072471072825625,0.0,55.441693997823016,-35.81278317967592,-0.23196474055318284,0.0,47.14374769637205,-33.89705192287572,2.5362541002007255,0.0,20.323820773329388,-33.31051706429362,1.2602549274753496,0.0
73.92179611652088,-14.878641189344329,3.9552948536014947,0.0,40.033563365682966,-9.90665143475905,1.08679973019062,0.0,29.520262228234955,-7.474729749420341,4.479994713832321,0.0,55.446834785899924,-35.817536305754174,-0.24188485076324184,0.0,47.21277541068905,-33.77126776721496,2.467109462240094,0.0,20.327610354212943,-33.301313164902716,1.2606429370451124,0.0
74.05347641563583,-15.460993898640474,3.292763179398732,0.0,39.96976514080919,-9.90591588521576,1.0957805505349754,0.0,30.237953464785704,-7.5904207104046835,4.332428326756673,0.0,55.44884658525256,-35.82069047762133,-0.24896129681229873,0.0,47.25426850235298,-33.66133662996921,2.414800398079196,0.0,20.332953521624184,-33.28843760886304,1.2628160898513663,0.0
74.14258870934411,-15.99390325701638,2.7009095939214767,0.0,39.90907599973602,-9.922519781613909,1.103344675450158,0.0,30.92039936939517,-7.727085074150456,4.172820174710585,0.0,55.44718849539151,-35.82260743382417,-0.25302612043341277,0.0,47.278260984181784,-33.57207980536832,2.3783223375824427,0.0,20.337606266001032,-33.27698577177362,1.2673965425980835,0.0
74.21056763592968,-16.431966184960572,2.2206544882568373,0.0,39.862004739387814,-9.950015424757636,1.1062406118086283,0.0,31.56715342849285,-7.8875828043252865,4.011582891505062,0.0,55.44234520606135,-35.82412943922374,-0.2546903194321395,0.0,47.292868931421324,-33.50454488329967,2.353798967120877,0.0,20.339248567772177,-33.271059549078366,1.2744932436602188,0.0
74.27302574454102,-16.7469225517649,1.873507215383154,0.0,39.8351462431349,-9.979749981480085,1.1026604305483154,0.0,32.177440511656584,-8.071552939918487,3.8597031848848076,0.0,55.43563163214444,-35.82626591017805,-0.25515329073154014,0.0,47.30369885716363,-33.4556598128736,2.336622411413842,0.0,20.336401187875417,-33.27218829943658,1.2835170801264617,0.0
74.33696634902115,-16.934269278892344,1.657021157979468,0.0,39.829497875481024,-10.003346409581315,1.0931118572620182,0.0,32.74783261301236,-8.273309950892152,3.7266521348269546,0.0,55.42859710188134,-35.829781886461156,-0.2557592869785701,0.0,47.313927075159434,-33.41961337706921,2.3230931391814575,0.0,20.329036821536903,-33.27897570662278,1.2933047875923638,0.0
74.40148442718846,-17.012743243508034,1.5462262147747188,0.0,39.841162897739444,-10.014609376756919,1.0801027910696046,0.0,33.27090968233971,-8.481167271657739,3.618122105334324,0.0,55.42240045173159,-35.83479364316314,-0.2575768936800973,0.0,47.32481427902576,-33.38993245576067,2.311050090884356,0.0,20.318556113514916,-33.288092404260304,1.302387517034843,0.0
74.4606429374014,-17.016866064260604,1.5016065600976374,0.0,39.863719618570585,-10.010442203730902,1.0668772013335808,0.0,33.73613481726763,-8.678984290496976,3.534260563600606,0.0,55.41749518818216,-35.840463095669236,-0.2611607316472888,0.0,47.33640042908201,-33.36133857481111,2.2996089574402365,0.0,20.307131195008417,-33.29610867384434,1.3093114664567942,0.0
74.50702209373242,-16.985548792240554,1.4813762996397006,0.0,39.89076510001652,-9.991122992899792,1.0560163369978284,0.0,34.13309592285298,-8.849940152348575,3.4692217906582137,0.0,55.413764860881955,-35.844893211330245,-0.266456149057424,0.0,47.3481892317163,-33.33091997522654,2.2884742556489623,0.0,20.29679639153745,-33.30123286345244,1.3129772124267074,0.0
74.53477128665398,-16.951243325454723,1.453384044574487,0.0,39.91737696639069,-9.960399458599507,1.0486725821254694,0.0,34.45583717045101,-8.981370362283183,3.412424383137809,0.0,55.41103975082009,-35.84538648381066,-0.27276576764278637,0.0,47.3597070703736,-33.298534192317824,2.277268361333604,0.0,20.288782369713864,-33.30409444828433,1.312910645067415,0.0
74.54147477571313,-16.933338776368505,1.4019915476423357,0.0,39.940141667917466,-9.925259803304352,1.0446968351781365,0.0,34.70619286056445,-9.068640681573898,3.3510255214419082,0.0,55.40977228415997,-35.83927291467442,-0.278774393820461,0.0,47.37085218696607,-33.266472705161796,2.2651117187117595,0.0,20.283359087044992,-33.30726646146069,1.309339044376209,0.0
74.52862026764197,-16.93717543915411,1.327914410825712,0.0,39.956363650836934,-9.894759659210171,1.0433900057537642,0.0,34.89445971365744,-9.116251118622788,3.2726327974670433,0.0,55.41157785571509,-35.82542518123128,-0.28267091473913375,0.0,47.38196174365039,-33.23840646539537,2.250551820298295,0.0,20.28009998497404,-33.313862393438846,1.3030064727087964,0.0
74.50084582449797,-16.957667586642746,1.242500343893898,0.0,39.96352969435911,-9.87769269763081,1.044351606050979,0.0,35.037070140628046,-9.135714996798022,3.1676495119985226,0.0,55.419402337194185,-35.80626932223185,-0.2823526145786044,0.0,47.393580951894414,-33.217754213183206,2.2319246390629157,0.0,20.278302013946476,-33.32589775358554,1.2947838494128643,0.0
74.46442722191648,-16.98509739969874,1.160046758210676,0.0,39.959759045404965,-9.879894234839735,1.0479384957841855,0.0,35.15223306257708,-9.141330869741594,3.031250500138407,0.0,55.437248634914766,-35.78964495715681,-0.27560501579946006,0.0,47.4060366115227,-33.2059116405715,2.208139885766956,0.0,20.27736357526216,-33.34311585650523,1.2852424721871927,0.0
74.42560392729794,-17.010491222973638,1.0915961197698572,0.0,39.945051712602115,-9.902519496348651,1.0550881788007906,0.0,35.255179065688296,-9.145709493469887,2.8649381436708516,0.0,55.46956363165843,-35.7895611070119,-0.2601180886182046,0.0,47.41905067439874,-33.201010914428956,2.179568529817722,0.0,20.277061626807885,-33.3627597126613,1.2743911950408666,0.0
74.38925343369289,-17.028891380005458,1.041936921867837,0.0,39.92241041635746,-9.942144073706178,1.0666029098880294,0.0,35.35467797999731,-9.15662304794561,2.677064884664082,0.0,55.52045838820724,-35.8250353059272,-0.2332837943382451,0.0,47.43167567946808,-33.197861715130934,2.1484272562305904,0.0,20.277715474639287,-33.380413344553325,1.2616893016702893,0.0
74.35815399444569,-17.040097300704122,1.009719786095122,0.0,39.89798201990835,-9.99241334311882,1.082281975934352,0.0,35.452026470555474,-9.175962858796824,2.481536176240983,0.0,55.59299016473997,-35.91681316420838,-0.19189230498610144,0.0,47.442685500778985,-33.18942979935362,2.11825130964713,0.0,20.280196243131265,-33.39159574627472,1.2463163689994285,0.0
74.3328143046725,-17.04737543342379,0.9895750170074145,0.0,39.88004533029952,-10.046119918695418,1.1003674492466526,0.0,35.54275377248154,-9.200805453275333,2.2946058878818754,0.0,55.6888520604414,-36.08257423604439,-0.13201919256141714,0.0,47.45124668746411,-33.1695625072842,2.092703653467316,0.0,20.28573519208403,-33.39343236764728,1.2276029355465958,0.0
74.31174989806047,-17.055078915158212,0.9748855941912922,0.0,39.877244831305276,-10.096613443292897,1.1176288557466894,0.0,35.620126631818536,-9.225892614459289,2.130747369122213,0.0,55.80882491870847,-36.33194189610274,-0.04945723907238886,0.0,47.45745906400332,-33.13577868435593,2.074428477069425,0.0,20.29553038117148,-33.38568493014856,1.205492620804339,0.0
74.29207746802462,-17.066256434979476,0.9600908154202497,0.0,39.89656019344953,-10.138250467304111,1.130191703025229,0.0,35.6788152345196,-9.246372847142824,1.999138435209744,0.0,55.95404572468423,-36.663010656088126,0.059147052809374046,0.0,47.4624088014271,-33.09052713620559,2.064470134225644,0.0,20.310221835344784,-33.370765709900574,1.1808852115516295,0.0
74.27024552084157,-17.081171240416587,0.9418979771191278,0.0,39.94133803496916,-10.16643485732069,1.1349713637924967,0.0,35.71727922821139,-9.259728957541803,1.901974179994376,0.0,56.12765861669533,-37.06191251007901,0.19479502334470133,0.0,47.46769740357026,-33.04009467645437,2.062293261650977,0.0,20.329375810985365,-33.35288462871428,1.1557265370853482,0.0
74.2427095474352,-17.097181066826685,0.9193992595617786,0.0,40.00968089278914,-10.177914239229324,1.1312700308116188,0.0,35.73826395495213,-9.26640371778174,1.8349863268284192,0.0,56.33609524654281,-37.50590923220606,0.3551520595924931,0.0,47.474743445888265,-32.99186122562487,2.0661813148346067,0.0,20.351171450408543,-33.33682646745986,1.1327816838813298,0.0
74.2065418515571,-17.109909237034532,0.8935242469338949,0.0,40.093676878663615,-10.17140827476741,1.1218532757590882,0.0,35.747616539368956,-9.26927197702726,1.789735904831229,0.0,56.58930736650891,-37.968886367120824,0.5349369286719288,0.0,47.48424987898226,-32.95154068091883,2.0737917740331184,0.0,20.37248161828871,-33.326856007206736,1.1151222188092031,0.0
74.1601820858338,-17.11528945799783,0.8663022010152446,0.0,40.18011791792875,-10.148090325681073,1.1129206987086349,0.0,35.75213415321696,-9.272418713235249,1.7567152578893168,0.0,56.89968220785128,-38.42696790737423,0.7277201611869817,0.0,47.49606145405649,-32.921721220524105,2.082705503288844,0.0,20.38944748838327,-33.32602455297674,1.105433555373864,0.0
74.10442068806327,-17.11180699432762,0.8401335905166043,0.0,40.25318794125362,-10.11144021536914,1.1128618425832322,0.0,35.75737175373537,-9.279685361867118,1.7281170479852683,0.0,57.27988709922109,-38.862197516491385,0.928160343439707,0.0,47.50938725524559,-32.901958181482826,2.090865099863091,0.0,20.398492334437343,-33.33591550314426,1.1052807082798992,0.0
74.04319133971529,-17.102001315572704,0.8170066389266264,0.0,40.29894301866064,-10.066385414195299,1.1302079366351752,0.0,35.76625326385195,-9.29335953887475,1.6993625335566325,0.0,57.740309260273904,-39.26357024363014,1.133437601273883,0.0,47.52320899435204,-32.88981906268334,2.0968653092037854,0.0,20.397571701419327,-33.35673746857858,1.1144783884957583,0.0
73.98327482760985,-17.092269658298648,0.7977631919550703,0.0,40.310352559268836,-10.018048053058532,1.171419257802036,0.0,35.77892189062897,-9.313363222349464,1.669092006109329,0.0,58.28694004890188,-39.62600279136865,1.343269672894138,0.0,47.53667690459743,-32.882084973660085,2.1001107889503086,0.0,20.387330228738442,-33.38769831253473,1.1307476481941219,0.0
73.93227059030225,-17.090608517793346,0.7820219318367663,0.0,40.29075133071087,-9.970562142831973,1.2391344176657988,0.0,35.79368973902408,-9.337287746274718,1.6380242763135318,0.0,58.920402449133796,-39.94834399465458,1.5587668192005744,0.0,47.54935981471241,-32.87563047804338,2.1008489947552427,0.0,20.371756117358892,-33.42771432458778,1.1499012633808405,0.0
73.8954304416521,-17.10311752705833,0.7692422691669023,0.0,40.253657191380036,-9.926300794031432,1.3315023371702281,0.0,35.80846674526102,-9.361438375469813,1.6074953806165002,0.0,59.6363246994247,-40.23133189832572,1.7808687048949512,0.0,47.56129996123587,-32.867951340096276,2.100024188946687,0.0,20.35800417749223,-33.476516462291926,1.1667763409098626,0.0
73.87327764322451,-17.131057410348642,0.7601734613649835,0.0,40.21857198015857,-9.885597072525565,1.4431023027264676,0.0,35.82186320142112,-9.382640631409236,1.578406709628723,0.0,60.4266042349659,-40.47595913243818,2.009072782878624,0.0,47.57289495114726,-32.8575679048339,2.098887574326394,0.0,20.35532811247152,-33.535973214113326,1.176936193365405,0.0
73.86177257229522,-17.170144667427127,0.7570930801760145,0.0,40.2047452667249,-9.846808950090342,1.5673060037707742,0.0,35.83339012718797,-9.40011167115356,1.5508938666563292,0.0,61.280679764043924,-40.68240140523288,2.240820488302388,0.0,47.58469153442071,-32.84447721143898,2.0984267353177106,0.0,20.37334570682617,-33.61111669783513,1.1788552962620358,0.0
73.85487707874776,-17.21254403324511,0.7623951613536377,0.0,40.22598107639132,-9.806462612216116,1.6989721490169742,0.0,35.84281443026345,-9.41644967905401,1.5245728471185487,0.0,62.18610012298669,-40.84960085066735,2.471538250282423,0.0,47.59721828455205,-32.83055178782514,2.0988409727969852,0.0,20.419982416546986,-33.710235006448606,1.1760309972805896,0.0
73.84759817855256,-17.25035678095601,0.7768945953129691,0.0,40.28850067015214,-9.759245323431829,1.8360822286561458,0.0,35.84940993202459,-9.436951401932042,1.498986321780654,0.0,63.12837723039223,-40.97558386231013,2.6951077987196594,0.0,47.61096260373511,-32.81952533693298,2.09931742632161,0.0,20.49946323156245,-33.8436369443019,1.1783346773394303,0.0
73.83770960144476,-17.278474253657432,0.7992598498926036,0.0,40.39190578315,-9.697781574695297,1.9797127625067699,0.0,35.85198904218677,-9.46715218421503,1.4739341228874512,0.0,64.09077965939751,-41.05840835376888,2.904485694005645,0.0,47.62649637317626,-32.816204887373694,2.098256210526161,0.0,20.610836713938873,-34.021249157017266,1.2019706029394062,0.0
73.82576783323279,-17.29538937755382,0.8266138639150711,0.0,40.53208714466269,-9.612355792855613,2.1328092271347874,0.0,35.84997106059461,-9.509484891463293,1.4495781549475648,0.0,65.05485603406107,-41.097321492526504,3.0922741314025224,0.0,47.64463783937549,-32.82488393408343,2.093936677244331,0.0,20.74770840629828,-34.249804600195105,1.2676829277405304,0.0
73.81403344214375,-17.302246309509247,0.8555100836520104,0.0,40.70479680104473,-9.490977333390811,2.2987161783795855,0.0,35.844815219930496,-9.560712133875837,1.4263606618125717,0.0,66.00207868068053,-41.093522028083456,3.2512303828403617,0.0,47.666490390685766,-32.84742916434461,2.085425200163021,0.0,20.899817913528388,-34.53061418028567,1.3972933517937598,0.0
73.80496221463333,-17.301450217513647,0.8826721812643452,0.0,40.90890381592251,-9.320311387691612,2.4801971673662973,0.0,35.84066318416326,-9.611745982420683,1.4048406828379392,0.0,66.91638177822335,-41.05004631986127,3.3748729244998383,0.0,47.693251931288934,-32.88185592913822,2.0733343186238926,0.0,21.056500752353735,-34.8585714315665,1.6091032026348806,0.0
73.79972948164519,-17.295906904428808,0.9053579495483142,0.0,41.148572183123626,-9.087901913032978,2.679096385536999,0.0,35.84339786617994,-9.650430640600923,1.3855970815335201,0.0,67.78680858935054,-40.97070161275655,3.4582970354878544,0.0,47.72581056317575,-32.92218414009293,2.059999215920321,0.0,21.211076303095076,-35.22242440982381,1.912988577833442,0.0
73.79727595112917,-17.288984554325204,0.9215357185242983,0.0,41.433664609538276,-8.78570979409306,2.896245552542961,0.0,35.858349901711634,-9.666210709013582,1.369285837537106,0.0,68.60922942479328,-40.858457340173125,3.4990053024371015,0.0,47.764271130549545,-32.95995404149048,2.048857971808326,0.0,21.364442862673695,-35.6059842167341,2.3061574006017462,0.0
73.79437713513411,-17.284511108244164,0.9301386431749865,0.0,41.77780092608085,-8.414220770028779,3.13099960588036,0.0,35.88785301539737,-9.654375820301798,1.3567192702999762,0.0,69.38634854150963,-40.714018818201225,3.4972756441854536,0.0,47.807628823313586,-32.98703036454091,2.0432188243952627,0.0,21.526253963076037,-35.989984020948334,2.7706861883883693,0.0
73.78686146383474,-17.286134894472298,0.9314521616018236,0.0,42.194086332731146,-7.9853488709730005,3.3800917940397923,0.0,35.92999127923731,-9.617766327086235,1.3487136936649602,0.0,70.12588775988768,-40.535253107278905,3.455673295626207,0.0,47.853780877287114,-32.99848488566374,2.0449110977741896,0.0,21.71304993529214,-36.3544285813832,3.2740973741935164,0.0
73.77147754668437,-17.296076659748785,0.9273704878635947,0.0,42.689838430067276,-7.521762093498406,3.636331590406863,0.0,35.979129087499345,-9.565328863980778,1.3456788881155504,0.0,70.83754125521855,-40.31772060631391,3.3777341334789686,0.0,47.89994367893364,-32.99405579402735,2.0533768676223936,0.0,21.944106701329932,-36.6811335459284,3.77390387693354,0.0
73.74755026092645,-17.314017850334718,0.9211505970525948,0.0,43.26303712932312,-7.051337094132294,3.8885004172432795,0.0,36.027859135989516,-9.508540124634145,1.3472552719102637,0.0,71.52970855478976,-40.05604330239874,3.2662648254875855,0.0,47.94336086409532,-32.97742997880744,2.0656156710216305,0.0,22.236751325273048,-36.95585417038104,4.225762921969064,0.0
73.71767597315402,-17.336985552682386,0.9165497113004175,0.0,43.90299819800526,-6.598520254023931,4.123573056840457,0.0,36.06947012212336,-9.457461218009067,1.3523130307239928,0.0,72.20700639481586,-39.745558267283776,3.121903849906216,0.0,47.98203786884882,-32.95393503733491,2.077105965693219,0.0,22.60284067460376,-37.16942353404188,4.593076511695484,0.0
73.68712496306907,-17.360510722307758,0.9166623522921356,0.0,44.59512213718478,-6.177107149173182,4.330729907529166,0.0,36.0999961391786,-9.417962908532644,1.3593079687573209,0.0,72.86917731475964,-39.38382270217592,2.9426165779637135,0.0,48.01522037208073,-32.92806013384355,2.0833978132522724,0.0,23.047099740834845,-37.31785747042168,4.8548497966689155,0.0
73.66219035182205,-17.38050498352221,0.9229936764169278,0.0,45.32659691412211,-5.788322127365787,4.50500335259872,0.0,36.11917362277791,-9.390933566279063,1.3667187045690223,0.0,73.51142701706077,-38.9719136567189,2.7246927818210462,0.0,48.04346387753634,-32.90199253907347,2.0816923331083803,0.0,23.567001671835342,-37.401955461065015,5.00919662969665,0.0
73.64823925295181,-17.394902213546526,0.9351652219526514,0.0,46.08960558826605,-5.4245346475771585,4.6485782046425825,0.0,36.13006814267902,-9.373423451613242,1.3733298677391748,0.0,74.1257309391562,-38.515772011486824,2.4654279785879343,0.0,48.06832226016655,-32.87553295693794,2.071720063753597,0.0,24.15366060684629,-37.426920738312624,5.071593701710086,0.0
73.64831645253575,-17.404403011637804,0.9513671299954272,0.0,46.88092350696725,-5.075799478134393,4.769372667656086,0.0,36.13763071344807,-9.360915246974217,1.3783519549783243,0.0,74.70259026169275,-38.02771799563573,2.1669348592474833,0.0,48.091802778744324,-32.847087851386895,2.0556215536981437,0.0,24.79359933329525,-37.401998969560545,5.068841142715623,0.0
73.66272824072381,-17.412188334235655,0.9694012975006032,0.0,47.69927421105707,-4.735586022694388,4.877923987437106,0.0,36.14681079644788,-9.34953557848827,1.3814721830934023,0.0,75.23310872051267,-37.52759695415058,1.8397435184740356,0.0,48.115760783806955,-32.81517636516782,2.0369863994279083,0.0,25.471421866359016,-37.33974604835329,5.0310333289325015,0.0
73.68947984120014,-17.422752939038986,0.9878399031510696,0.0,48.542634374885374,-4.403280344630251,4.9840702049538566,0.0,36.16092658511293,-9.337279092484073,1.382839010415525,0.0,75.71153983026431,-37.042229483110404,1.504486432447612,0.0,48.141383167095825,-32.7798454260329,2.0194826871582823,0.0,26.17299849211564,-37.254702594122584,4.9842592329616995,0.0
73.72515756480459,-17.44014355845799,1.0066215143511599,0.0,49.40688099253791,-4.083302039754202,5.09465831281387,0.0,36.18081541261727,-9.32402793767408,1.382916216776497,0.0,76.13803147026596,-36.60175459819954,1.1903369045939964,0.0,48.168893909825364,-32.7434018980155,2.0056219412416727,0.0,26.888224404375165,-37.16170796746246,4.946027820090556,0.0
73.76586067386334,-17.466131284166106,1.0266708513169842,0.0,50.2858265341752,-3.7825534219951304,5.212759219914262,0.0,36.205010446857926,-9.310786009096446,1.382229287475825,0.0,76.52041610977015,-36.23262782629933,0.9299615344359129,0.0,48.19760354119836,-32.710023616348664,1.9961612265097397,0.0,27.612402282895655,-37.07428571526315,4.92397625575515,0.0
73.80790172869457,-17.499096474393433,1.048805258055955,0.0,51.171852611183084,-3.5081566844599843,5.3379968096324,0.0,36.23082446282122,-9.298750649543605,1.3811335535670572,0.0,76.87352937426304,-35.949192077622655,0.7521223540425677,0.0,48.22634075635566,-32.684262830191194,1.9903636493102166,0.0,28.345907942211575,-37.003320567094796,4.917180181835908,0.0
73.84811545104886,-17.53427268707268,1.0727416427740923,0.0,52.05639287220837,-3.2662623816081497,5.467203265286801,0.0,36.25577974393559,-9.28867057120454,1.3797194337794636,0.0,77.21534042432117,-35.747631393246195,0.6740715820273504,0.0,48.254117289160654,-32.66910813473687,1.9868804036406313,0.0,29.092541844550567,-36.95596625816664,4.918925067236781,0.0
73.88378569704251,-17.565335634266372,1.096941858338159,0.0,52.93010182285959,-3.0614917086670737,5.5949369143723,0.0,36.278604736148004,-9.280634096797002,1.3778691361227828,0.0,77.56078017684668,-35.606148168576325,0.6961931496581091,0.0,48.28070650683995,-32.664639297146245,1.9846764983837364,0.0,29.857381118736885,-36.934733342330105,4.91996011345849,0.0
73.91241110759297,-17.586594557419197,1.119385518621872,0.0,53.78312445057636,-2.8962650688153113,5.71402811468054,0.0,36.2993021946446,-9.274195144935781,1.3753977327928446,0.0,77.9155979989022,-35.492636668422975,0.8009911125165665,0.0,48.30683542628847,-32.66797162113313,1.9834770346993231,0.0,30.644921744125696,-36.936981059156565,4.9115778005606465,0.0
73.93166281512538,-17.59487673997944,1.1387248147649487,0.0,54.60596523648806,-2.769839239895682,5.816601952616334,0.0,36.31838072094647,-9.268658838378949,1.3721990336293786,0.0,78.27304785776853,-35.377018369659325,0.9573899551555982,0.0,48.33390917608317,-32.67437448011559,1.9835978794937734,0.0,31.45796763568296,-36.95525155828484,4.888094687446946,0.0
73.93980760786992,-17.590574785531658,1.1551669582926447,0.0,55.390936382790024,-2.6776569048224044,5.895646748848687,0.0,36.33580503035128,-9.26338332373632,1.3683511127615642,0.0,78.61528808404807,-35.24240567174754,1.1293218937135752,0.0,48.363429464679136,-32.67886474610609,1.985392946080248,0.0,32.297263958758684,-36.9787484760453,4.848444284934775,0.0
73.93656294843967,-17.577680763169695,1.17075996287819,0.0,56.13357144530042,-2.6118541841773464,5.946505151172438,0.0,36.35036328739831,-9.258018598238756,1.3641620123845595,0.0,78.91931027192987,-35.08975431839673,1.2855307189055853,0.0,48.3963733719082,-32.67758213265051,1.9886584029659335,0.0,33.16150060988392,-36.99576717529195,4.796672030536486,0.0
73.9239920191597,-17.562686610840117,1.1890609495872368,0.0,56.8333655927854,-2.5632403569898337,5.967394977310149,0.0,36.35994191843309,-9.2526339270042,1.3601248070446985,0.0,79.16504649870453,-34.934438122749306,1.4068397693862487,0.0,48.432761179851255,-32.66858840620341,1.9922445522343573,0.0,34.0472351940281,-36.996340861401016,4.741227635497177,0.0
73.90688602024876,-17.552301666527832,1.2141757862051676,0.0,57.49369842503624,-2.524210269726532,5.958530969143598,0.0,36.36266753480593,-9.247687827483643,1.3567497538294457,0.0,79.34229099071302,-34.797463724161396,1.4884304401998953,0.0,48.471552906810615,-32.6520238603492,1.9940154695467545,0.0,34.94855351451744,-36.97416546096112,4.693167147588472,0.0
73.89222680495493,-17.550437322566978,1.2490687745154094,0.0,58.12123152077666,-2.4914923196864356,5.920208097451451,0.0,36.35828406244832,-9.243813794843575,1.3543107329289654,0.0,79.45372070920197,-34.69611404542842,1.5371167822597727,0.0,48.51092770051722,-32.62972024117865,1.9912250464265657,0.0,35.85671088178152,-36.927127511169125,4.663619609450507,0.0
73.88768034001838,-17.555718870959712,1.2933159666782892,0.0,58.72512729727818,-2.4676653579952204,5.8507708560836,0.0,36.34889816903183,-9.24146352131098,1.3526519757531688,0.0,79.51315781732445,-34.637989701590314,1.5656806303029516,0.0,48.548895523688124,-32.60447117670033,1.9812840014192652,0.0,36.76028123959017,-36.85627710945007,4.660974136987701,0.0
73.89945944349675,-17.56106331696697,1.3412674284448816,0.0,59.316213132495704,-2.460921874922718,5.745511044146875,0.0,36.33854142813747,-9.240543777043467,1.3512334247234499,0.0,79.54029645104563,-34.61991504227428,1.5870287095658338,0.0,48.58404829447249,-32.57918980895856,1.9627393709524856,0.0,37.64628513802606,-36.76361810951793,4.688248169259259,0.0
73.9301948138338,-17.555865955684517,1.382184347488467,0.0,59.90594404943422,-2.4832877476721773,5.597205272856001,0.0,36.331695484109375,-9.240225932589222,1.3494591524109403,0.0,79.55440302449502,-34.630763960853415,1.6102344654993104,0.0,48.616137329472984,-32.55612421758026,1.9361329392518645,0.0,38.50235118015225,-36.64953706829404,4.741153792326697,0.0
73.97758485429696,-17.529764352445312,1.4032766941728347,0.0,60.50494596710236,-2.5480212321225775,5.398300212909581,0.0,36.33159789942727,-9.23904269214517,1.3470841837582377,0.0,79.56947490764163,-34.65606018733247,1.6391828498739756,0.0,48.646157568169926,-32.536263062537415,1.9043330522087256,0.0,39.31936279318693,-36.51094779522224,4.807412986549469,0.0
74.03443483482228,-17.476474840533363,1.3947604497593868,0.0,61.1212080880335,-2.666966017283883,5.1439719298892115,0.0,36.339294475026215,-9.235252511989195,1.3443556700346377,0.0,79.59224849117209,-34.68230861913879,1.6733665276196064,0.0,48.67578448250027,-32.51915672043255,1.8720367462506058,0.0,40.09361173173907,-36.34101888838137,4.867734796398979,0.0
74.09024915440375,-17.396985282646682,1.354496858987675,0.0,61.758415562888786,-2.8482965346812845,4.834907972413278,0.0,36.35382291666547,-9.227343036399846,1.3417238409802934,0.0,79.62302033218647,-34.699862221499856,1.7097884694969459,0.0,48.70633761398319,-32.50346354976877,1.844489170177452,0.0,40.82751438041879,-36.130591276334194,4.898607127571472,0.0
74.13405986542749,-17.301566217944917,1.2896700771915839,0.0,62.414962394326324,-3.0946553338702163,4.478927976623163,0.0,36.37309770110505,-9.21452053157921,1.3393441323399262,0.0,79.6582012214946,-34.70403670744969,1.7449157128004202,0.0,48.73777550778157,-32.48830161248548,1.8259210362159362,0.0,41.52838962721795,-35.87059109653686,4.876736996375353,0.0
74.15783253453746,-17.208923902851136,1.2144088042140613,0.0,63.08374109033528,-3.4014739780199594,4.091132698351835,0.0,36.394792702316806,-9.197078326269148,1.3367880505957483,0.0,79.69319831692682,-34.69473839507798,1.7760057218455625,0.0,48.76827599223213,-32.474919456086404,1.8183801902103554,0.0,42.20538083049153,-35.554638101062025,4.784484526848852,0.0
74.15943197591928,-17.140806422548607,1.1445235343739721,0.0,63.752429685033064,-3.7555329773737025,3.6925896012160333,0.0,36.416869465255324,-9.17658597305695,1.3331801368560328,0.0,79.72453450450786,-34.67508470875366,1.8016163657404363,0.0,48.79463743590237,-32.46771136769544,1.8213652914213103,0.0,42.86519656074462,-35.18164495681412,4.614930724633446,0.0
74.14381342135822,-17.113524859793266,1.0920598800802743,0.0,64.40416811042093,-4.13449504486792,3.3075561546549244,0.0,36.4377745622564,-9.155828155207816,1.3276334594031454,0.0,79.75075558331037,-34.649574816270544,1.8214804943657104,0.0,48.81334050247256,-32.47363825583132,1.8322638793422819,0.0,43.50795819389583,-34.758520849755214,4.374630252265529,0.0
74.12148099739123,-17.131370439666902,1.0619638398255322,0.0,65.01893026492482,-4.508676650290532,2.9593988891068106,0.0,36.456421593728216,-9.138369318854494,1.3197105706817425,0.0,79.77227689500502,-34.62237514300936,1.836067553001989,0.0,48.8219217968472,-32.499770531464655,1.8473653010765503,0.0,44.124910799478535,-34.30231666697888,4.0823526403910595,0.0
74.10462909056605,-17.186140196906866,1.0519053619195091,0.0,65.57592566364852,-4.845903797371986,2.6659650706784896,0.0,36.472104793824585,-9.127656276662726,1.3097003507788667,0.0,79.79062428114423,-34.59615801571976,1.846098186092643,0.0,48.820262193271034,-32.54969020795577,1.8630929233322515,0.0,44.6995268790539,-33.83996009723538,3.763768982495522,0.0
74.10287222057869,-17.262244208956346,1.0556351002486881,0.0,66.0568837867542,-5.118722930357655,2.4357601493086705,0.0,36.4845319419553,-9.125803775466252,1.2985955338593982,0.0,79.80752266842053,-34.571677410402025,1.8521524987944336,0.0,48.8113032435322,-32.62039223911188,1.87696634125337,0.0,45.21211166327951,-33.40395446435171,3.4444349156681042,0.0
74.1207259842168,-17.343110694122682,1.0689219203968872,0.0,66.44948910846593,-5.311441910712517,2.2662467038572025,0.0,36.49399769482038,-9.132537418268697,1.2877538517347773,0.0,79.82415001822892,-34.54799836614628,1.8544374490648945,0.0,48.80067070146832,-32.70155260827396,1.8878712468217689,0.0,45.64596371300499,-33.02478897978934,3.1444740415486834,0.0
74.15764082756029,-17.415146062976387,1.094511877424969,0.0,66.7499379761511,-5.423907238989371,2.1449002708011795,0.0,36.50142717018006,-9.144902303033195,1.278385242301546,0.0,79.84073718670253,-34.52313910310134,1.8527583284640343,0.0,48.79501912349548,-32.77819131763606,1.895683601571731,0.0,45.99219391563622,-32.72339277390002,2.876716739755702,0.0
74.20974277119771,-17.46869631139196,1.1417385444559152,0.0,66.96370878134228,-5.47022554797479,2.052830399263356,0.0,36.508018702286236,-9.158070116769881,1.2711389703130234,0.0,79.8565660232965,-34.4948755293708,1.84669641645411,0.0,48.79965404187592,-32.8359713946057,1.900802194861102,0.0,46.251480580877235,-32.50705697914071,2.6473220235956774,0.0
74.27194966544968,-17.497646456281522,1.2197700964655507,0.0,67.10412577891735,-5.473034875884246,1.9700810671768076,0.0,36.514591913709985,-9.167007171454665,1.2660064411493455,0.0,79.87028077790849,-34.46152494686826,1.8359132185409077,0.0,48.81658898111526,-32.86661258270611,1.9040473702225942,0.0,46.43306223821517,-32.36985958548993,2.456973401154608,0.0
74.3394454012578,-17.49945713491974,1.3287312260874806,0.0,67.18901988321355,-5.45589264134014,1.8811294888561303,0.0,36.52109195100398,-9.168279298215522,1.2625181104627288,0.0,79.88032723485436,-34.42256985899012,1.8204557613944985,0.0,48.8440414211774,-32.87055850780898,1.9067565080815374,0.0,46.552196435019816,-32.29630284071423,2.3019209255857955,0.0
74.40796280518528,-17.476288313203632,1.4554277492094858,0.0,67.23653768287924,-5.436825866650648,1.778773413910427,0.0,36.52664941082164,-9.161189177905529,1.2600107674442071,0.0,79.88534367353871,-34.378987541451195,1.800956605453628,0.0,48.877567855285115,-32.85557093665683,1.9105802195600816,0.0,46.62699558096354,-32.266224606704235,2.1753508046327568,0.0
74.47335344282881,-17.43569252824393,1.577581870288995,0.0,67.26159972080438,-5.425167574754813,1.6649722646174396,0.0,36.53019673439021,-9.147796883665755,1.2577773534307077,0.0,79.88443366726291,-34.33317343335284,1.7786528400990154,0.0,48.912226468541505,-32.832243848244296,1.9168512218409575,0.0,46.675157705928484,-32.2595007029491,2.069468251575527,0.0
74.53182661002376,-17.38831894348281,1.674349940532304,0.0,67.27429586415222,-5.42223866345305,1.5484172334374762,0.0,36.53122390120657,-9.131922066894766,1.255138287483275,0.0,79.877341656711,-34.28842571735363,1.755176596948269,0.0,48.94476072273192,-32.80900415640592,1.925936864939528,0.0,46.71115447633943,-32.25963314389941,1.977797657434218,0.0
74.58143450317901,-17.342659739874364,1.7365848729010587,0.0,67.28057436749575,-5.424922183408401,1.4400605327653597,0.0,36.530144950313854,-9.117652214128963,1.2516154631662335,0.0,79.86455336609667,-34.248089445212294,1.7321461788029549,0.0,48.974862391248536,-32.78924792110515,1.937112114750649,0.0,46.74449546830066,-32.25578446131621,1.8966577513486502,0.0
74.62368803913229,-17.3003903851765,1.7711391414969526,0.0,67.28441341491585,-5.430149769476171,1.3486115701522614,0.0,36.52803574737215,-9.108007813952588,1.2472651203952196,0.0,79.84729175039593,-34.214609927400815,1.7107162081713305,0.0,49.00503511987679,-32.772046092857714,1.949191979614854,0.0,46.77941360363377,-32.243232588207,1.8251248711456505,0.0
74.66382889808,-17.25560932648048,1.7976992035690689,0.0,67.28993262229305,-5.438057904744438,1.2777198119474544,0.0,36.52598336551195,-9.104252196219088,1.2429684119743705,0.0,79.82735758700115,-34.18884609261645,1.6913303438443794,0.0,49.039273635488506,-32.75607104189131,1.9617288910612434,0.0,46.81586587482266,-32.222511372494694,1.7637371927669605,0.0
74.70939773235757,-17.197890275762266,1.840571497110357,0.0,67.30202090798745,-5.452261215471767,1.2256227061079539,0.0,36.524586860947984,-9.105989449452,1.2403644575785524,0.0,79.80681567229625,-34.169942642958056,1.6738430144954624,0.0,49.08134986941703,-32.74486771492981,1.9762352490637944,0.0,46.85137934791881,-32.197622967548384,1.7129176093968077,0.0
74.7679380819408,-17.116699756347522,1.9197650455141648,0.0,67.32506028413985,-5.477268421676079,1.18699144050305,0.0,36.52398402366925,-9.11180956831547,1.2412643850440617,0.0,79.78761930771299,-34.155821759683164,1.6579476228618333,0.0,49.13364285062555,-32.75091793236236,1.9968067647090457,0.0,46.88309339024454,-32.17378045440231,1.6720703209262204,0.0
74.84515260314286,-17.005039590988623,2.045266166133011,0.0,67.36072530072265,-5.514812629780763,1.1558240684367789,0.0,36.52423929539461,-9.119992701944213,1.246721206709152,0.0,79.77130213181566,-34.14405981567348,1.6436431079351443,0.0,49.19715412480579,-32.79635316823751,2.029814275286368,0.0,46.90936322441732,-32.155266112844835,1.639661591662982,0.0
74.94448477384374,-16.86141264829474,2.2161122994635942,0.0,67.40660600347881,-5.561524357314817,1.1278743685990005,0.0,36.525546185806036,-9.12883931446358,1.2562350481733588,0.0,79.75879946454657,-34.13276385309482,1.6314597991574793,0.0,49.27283158879907,-32.909455602404506,2.0828338784515807,0.0,46.93049071512774,-32.14405438162052,1.6138958988616299,0.0
75.06812609076619,-16.689852688887964,2.4233279481732115,0.0,67.45678095846742,-5.609354171296369,1.1016448934066343,0.0,36.527936255638004,-9.136562200483779,1.2676087901502289,0.0,79.75036805268081,-34.121135163049715,1.622338925952464,0.0,49.3637546399612,-33.11764343371394,2.1632407870887187,0.0,46.94847984152859,-32.13963932633838,1.5933414178539298,0.0
75.21847339645278,-16.498113375867362,2.6542782403637304,0.0,67.50397153689792,-5.648361778004581,1.0780107735657083,0.0,36.53082181930493,-9.14110643487056,1.2776679690403476,0.0,79.74556344718575,-34.10960225881177,1.6172597532727515,0.0,49.477174458016826,-33.43886528266329,2.2766334667536805,0.0,46.96606212847584,-32.14001269761416,1.5771083103472527,0.0
75.39892857124583,-16.294512457001357,2.895963949162109,0.0,67.54190072553973,-5.670349504733582,1.0591199245979777,0.0,36.533037130579615,-9.140358325231125,1.2836037050113092,0.0,79.74331683170067,-34.099567052875656,1.6168012069666915,0.0,49.62505465965878,-33.87410518563831,2.424849021866688,0.0,46.98548658697564,-32.14318293756207,1.5646158015190572,0.0
75.6137855657544,-16.08405341919505,3.1362452967561882,0.0,67.5666598945597,-5.671769195576566,1.0470941915673873,0.0,36.53374667076597,-9.132808715288713,1.284327234067412,0.0,79.74221538162867,-34.092871960313936,1.6208027788482777,0.0,49.822133741251804,-34.40405943049568,2.6035436256154387,0.0,47.00763492934775,-32.14832664532661,1.5552347847358998,0.0
75.8678232150122,-15.864650041167833,3.3640414305378155,0.0,67.57677122298723,-5.6548503441985085,1.042847077753251,0.0,36.53398303461446,-9.118189979206157,1.281093466774875,0.0,79.74101055407233,-34.09111390045715,1.6282277069040916,0.0,50.08196690044465,-34.992336586937405,2.8003784796687894,0.0,47.03184728431468,-32.15589064567769,1.5480658661782236,0.0
76.16609735524044,-15.625026717533343,3.5704573247712474,0.0,67.57241728155492,-5.626559602444964,1.0454094912467315,0.0,36.5381763951647,-9.09744611179416,1.2769001900534782,0.0,79.73918745617675,-34.09496973721339,1.6372851854090165,0.0,50.413090266127995,-35.59485216293119,2.9956910294178343,0.0,47.0564619301675,-32.16668368918273,1.5419529511049603,0.0
76.5136082343909,-15.346145291633446,3.751645662623119,0.0,67.55461942780808,-5.595808423325741,1.052175141014155,0.0,36.555007625565125,-9.071778945809912,1.274842984593345,0.0,79.73731536343655,-34.103745501233654,1.645815610563643,0.0,50.81761400664587,-36.171493905236105,3.166621239883936,0.0,47.07969004043355,-32.18073529877119,1.5356761207736032,0.0
76.91427186326811,-15.006667626635654,3.9120498934366434,0.0,67.52497349293924,-5.5701208036614895,1.0600357248650862,0.0,36.59703963756671,-9.04110925871549,1.2763941264194987,0.0,79.73699388427961,-34.11534978980496,1.6518417367634441,0.0,51.29264993462456,-36.694846315507945,3.293349402258632,0.0,47.100319707982464,-32.19685099040605,1.5281706263232682,0.0
77.36936354367334,-14.590790356189867,4.065415755689781,0.0,67.48602171994804,-5.553225220612726,1.0667197098528813,0.0,36.67874825226271,-9.00269485445624,1.280891676863325,0.0,79.74041342808633,-34.12677417717771,1.6540824983020403,0.0,51.83293032016487,-37.15319676710925,3.3646733235992823,0.0,47.117947140988434,-32.213190445913106,1.518633604484501,0.0
77.87641785487854,-14.09543687396389,4.231695240389605,0.0,67.4417582336956,-5.544456667279034,1.0714761100587236,0.0,36.81303045757795,-8.950666386008763,1.2870078674150118,0.0,79.7496878308526,-34.13496586759152,1.6522328762867442,0.0,52.432772409070196,-37.548611228746154,3.3807932645140006,0.0,47.132788616174246,-32.228336259259606,1.5065023988580943,0.0
78.42958685530583,-13.533895871482052,4.430273878243591,0.0,67.39755466159164,-5.539882036439853,1.07479567245303,0.0,37.007064630520865,-8.876857634352833,1.2958602676695197,0.0,79.7661611575998,-34.137788185078435,1.646955209607322,0.0,53.086838815885706,-37.892535492191186,3.3527479049059563,0.0,47.145360586746506,-32.241966991188264,1.4914068074711349,0.0
79.02169011718175,-12.934308889424623,4.672314904789344,0.0,67.35915051923168,-5.534396549192584,1.0775794261799927,0.0,37.25903242296704,-8.772708329691136,1.3144062605176146,0.0,79.78989338945215,-34.13469303412808,1.6396533359972736,0.0,53.79031210450125,-38.200950205319316,3.299115840408467,0.0,47.15628892984397,-32.254675727743674,1.4732108672864204,0.0
79.64716408071548,-12.333426387736056,4.955836356837887,0.0,67.33103153349775,-5.523904922848386,1.0804076288812645,0.0,37.55722344904039,-8.63160169165642,1.3573267463718182,0.0,79.81949613250362,-34.12683393122138,1.6321073879276664,0.0,54.53927307926646,-38.49008568019215,3.2411814898095255,0.0,47.16631263570994,-32.267193354575696,1.4521637939122893,0.0
80.30443319307844,-11.767973129017134,5.265835524077508,0.0,67.31501124508179,-5.506848421052591,1.0832794725181962,0.0,37.88246437502052,-8.450992499653367,1.4458688496204672,0.0,79.85241581709127,-34.11657401437517,1.6260341953109556,0.0,55.331461620867124,-38.7730836175197,3.197986707575974,0.0,47.17636723714107,-32.27963463150289,1.429039543014035,0.0
80.99636357926785,-11.266815702583937,5.5791700617347875,0.0,67.30977234049766,-5.484609458487453,1.085772738456967,0.0,38.21380627261809,-8.233870171055,1.603060378915755,0.0,79.88564240167345,-34.10657782521875,1.6226794856636886,0.0,56.16687071595714,-39.05779215281679,3.182511245253467,0.0,47.187575319852535,-32.291257043004116,1.4050752153890649,0.0
81.72851520319495,-10.846337143917747,5.8716792402744264,0.0,67.31157141445186,-5.460769275308505,1.087347706150819,0.0,38.536050864908965,-7.989177200415218,1.8461749415052164,0.0,79.91663299474413,-34.098832898287036,1.62255541924117,0.0,57.047364695621596,-39.34576867497149,3.199656482275831,0.0,47.20104155331241,-32.300878315049985,1.3816304094241865,0.0
82.50624867248746,-10.509568876217616,6.124578626662085,0.0,67.31567042339543,-5.439674325105635,1.0875589331495874,0.0,38.846449644981874,-7.73078534549396,2.1787708950517413,0.0,79.9440666090275,-34.09397218301664,1.625382441108357,0.0,57.97491859182708,-39.63241389916707,3.2460747202786315,0.0,47.21749960509928,-32.307736893773054,1.359730899455224,0.0
83.33229484524564,-10.248184107222006,6.328347642070661,0.0,67.31775473500319,-5.424961516652829,1.086126031123115,0.0,39.15772292117793,-7.474820196447843,2.585391389324764,0.0,79.96808171738834,-34.09114211039363,1.630257793543933,0.0,58.94890397766464,-39.90806192320349,3.3114955277667537,0.0,47.23699960409341,-32.31229347223365,1.3397859571694202,0.0
84.20575323372523,-10.046185390924663,6.483732379278804,0.0,67.3147913943248,-5.418524605220152,1.0829879774778082,0.0,39.49596613785099,-7.235785195559084,3.031721938050554,0.0,79.98993901621394,-34.08842526357182,1.6360408561763986,0.0,59.96361577076207,-40.15984225672456,3.381063010490262,0.0,47.25884596847356,-32.31644233528987,1.3216269360841917,0.0
85.12238638910019,-9.884428521655902,6.6002131109404285,0.0,67.30527706526365,-5.420091429592948,1.0784943118804993,0.0,39.894317530936476,-7.022885688331545,3.47141626901627,0.0,80.01137895883603,-34.08358641647543,1.6418485123088828,0.0,61.007441884602365,-40.374093711385235,3.4381984177499127,0.0,47.28184460723006,-32.322948546855685,1.3047686051067302,0.0
86.0754704674434,-9.745285282025467,6.692611175315516,0.0,67.28922175254904,-5.42733278362901,1.0737338965249386,0.0,40.38494416947747,-6.838356328352315,3.858034581123338,0.0,80.03404215007654,-34.07481329974018,1.6474439455372973,0.0,62.06444635353398,-40.53897257552656,3.4675581926904435,0.0,47.30470480508331,-32.3344186941248,1.2886894625697316,0.0
87.05659137262614,-9.61672333122368,6.776777799744773,0.0,67.26821496073858,-5.436328855538164,1.070775564575401,0.0,40.991945026835474,-6.678693601066946,4.157843358082447,0.0,80.05915953749486,-34.06122293583845,1.653307755896801,0.0,63.11791832123464,-40.646759563508276,3.457710023996185,0.0,47.32636586923416,-32.35233397503379,1.2729892826566882,0.0
88.05631239846291,-9.495066407392212,6.865369145715732,0.0,67.24554403484055,-5.442286341977205,1.0725083837306748,0.0,41.726522069666416,-6.537953392461693,4.358469480579865,0.0,80.08750878454775,-34.043064109822815,1.6603353283849138,0.0,64.1543661631276,-40.695350934091444,3.4031567865627217,0.0,47.34614642891211,-32.37650841333677,1.2573928253947422,0.0
89.06512260068433,-9.385744948540765,6.964508870414836,0.0,67.22591875169732,-5.440558125142673,1.0819478503251077,0.0,42.584668622722035,-6.411128071191237,4.470186594552059,0.0,80.1195499331642,-34.02162101227373,1.669296103204239,0.0,65.16618979685735,-40.68851952453823,3.3052973079403394,0.0,47.36378610054615,-32.405063422076566,1.24165182331717,0.0
90.07503173358224,-9.301613645733319,7.07193669977867,0.0,67.21437674584631,-5.4281356384884365,1.1011596210480477,0.0,43.547609033732485,-6.295927439133306,4.5197680913107146,0.0,80.15564987292811,-33.99884598480533,1.6802864189671176,0.0,66.15197205053946,-40.63471764526361,3.171923907519396,0.0,47.37947229966936,-32.43489756361302,1.2254356483114481,0.0
91.08139884997004,-9.259162348014033,7.177029872017911,0.0,67.21455212312962,-5.405665346514506,1.1300523491839698,0.0,44.58553650382167,-6.192603051327978,4.5397871610677285,0.0,80.1962646360126,-33.97681365279301,1.6924020584943715,0.0,67.11450726517313,-40.54450063816402,3.015111077875238,0.0,47.39383249424523,-32.462585794154286,1.2082940658834556,0.0
92.08374124699048,-9.273973348907509,7.262497791685856,0.0,67.22713506964062,-5.379526631867548,1.165234808690533,0.0,45.66445852947328,-6.102671232130946,4.557836482000418,0.0,80.24191964504053,-33.95717044211439,1.7038105538250008,0.0,68.05763126804068,-40.42712665201431,2.8478981346216674,0.0,47.40781707888008,-32.48544805645092,1.1897270561127762,0.0
93.08456934149194,-9.35726906090354,7.3068374483380545,0.0,67.2493062947837,-5.36280225268738,1.1993244593421544,0.0,46.75427511795477,-6.027685172996756,4.5896611852008515,0.0,80.29294159680484,-33.940761044821606,1.712287953385557,0.0,68.98323266448783,-40.287398044632404,2.680737519057022,0.0,47.42248271915828,-32.50230427141285,1.169321521455137,0.0
94.0867033143881,-9.514886476943746,7.286689621026422,0.0,67.27532867083457,-5.373732447462196,1.2215858418342052,0.0,47.83519904559553,-5.968643975850445,4.637893105266816,0.0,80.34910479039128,-33.92752868386236,1.7160475079427098,0.0,69.88956640621515,-40.123953249910656,2.518868831182358,0.0,47.43876255859494,-32.51354235178475,1.1468654440511,0.0
95.0904989322967,-9.748856133998862,7.17902323750657,0.0,67.29814080501427,-5.431004203685086,1.2207707367899232,0.0,48.900312671975556,-5.92598671393908,4.695410201605965,0.0,80.40945290490093,-33.91668059668852,1.714448703099304,0.0,70.77138742417473,-39.92970704824417,2.3614443465380877,0.0,47.457263178709354,-32.5205749854776,1.1223815881521304,0.0
96.09208647943606,-10.060403483897579,6.96355939746625,0.0,67.31184299888385,-5.546673693148736,1.1897795008133993,0.0,49.953832129004944,-5.89995382252472,4.750807323303718,0.0,80.47243754432893,-33.9070453395004,1.7081688054681052,0.0,71.62165732785128,-39.69423961098925,2.2026036910206415,0.0,47.478061854531916,-32.52512311386569,1.0961074224347485,0.0
97.08285742235316,-10.452178247221493,6.6256855365669045,0.0,67.31457821694846,-5.718770613898061,1.1298974865618714,0.0,51.00633552640174,-5.891220581146223,4.793381807326572,0.0,80.53627706005491,-33.89751236082553,1.6987267539138422,0.0,72.43388196773176,-39.40725673636242,2.034109550206832,0.0,47.50050966440895,-32.5287591512601,1.0685011871986134,0.0
98.04986775348362,-10.927707032901345,6.159788566436654,0.0,67.31033524679525,-5.926427664737583,1.051701820109912,0.0,52.06911318361611,-5.901701569766107,4.815904902480794,0.0,80.59929928081013,-33.88741089203334,1.6876772240211988,0.0,73.20385139837889,-39.062102423477654,1.848772791225004,0.0,47.52313642734188,-32.532875184709006,1.0403256771124205,0.0
98.97670029836918,-11.487578618802214,5.572652383675818,0.0,67.30797692588754,-6.130886424394307,0.9715489381265687,0.0,53.1496899520188,-5.935207454449845,4.814744056147314,0.0,80.66013037168545,-33.87669053713837,1.6760010777379026,0.0,73.92986402734574,-38.65856780034777,1.6437070130584335,0.0,47.543810893006395,-32.53890590395153,1.0127544612660166,0.0
99.84453941000235,-12.123728517706207,4.88617077378911,0.0,67.31746044464882,-6.28471118894715,0.9058742589995621,0.0,54.24956597999486,-5.997478955447019,4.788180458111858,0.0,80.7177889673283,-33.865854370037304,1.664021994493714,0.0,74.61124946698304,-38.204647887456,1.4224426510360253,0.0,47.56025897217491,-32.548427985795534,0.9873360503864408,0.0
100.633632561038,-12.814398633571145,4.1381434985625845,0.0,67.34547459563395,-6.347460141381546,0.867099980292803,0.0,55.36387651279787,-6.095332335452575,4.734486879472749,0.0,80.77176163241771,-33.85572089046001,1.6517670745560817,0.0,75.24581972047615,-37.71720189587896,1.1951087284798358,0.0,47.57082782082857,-32.56288730911097,0.9656824580500345,0.0
101.32556975338338,-13.52254327830067,3.3797471871055587,0.0,67.3928598879219,-6.301239409174793,0.8625420480288977,0.0,56.48180058242463,-6.235121188259949,4.6511135729157385,0.0,80.82197348147542,-33.84715382798156,1.639425102931284,0.0,75.82750610721703,-37.22138717586248,0.9763071438452791,0.0,47.575119353644126,-32.583096342461666,0.9489569637116251,0.0
101.90644110512429,-14.199590510975863,2.6689015019701294,0.0,67.45414007799246,-6.158570836788572,0.8942004075021668,0.0,57.586737512034624,-6.4209537437087185,4.535367262136262,0.0,80.86852728115143,-33.840859783814395,1.6275990800439502,0.0,76.34561072427358,-36.748285508821006,0.7811032394804993,0.0,47.57409577304803,-32.60886676540782,0.9374331711420556,0.0
102.3700406559179,-14.79458306057867,2.0602099453614047,0.0,67.5183373667928,-5.95859701656307,0.9574974564776308,0.0,58.65634626936539,-6.652939040709562,4.385958618282819,0.0,80.91130769350875,-33.837270953437475,1.617269862260553,0.0,76.7865553845295,-36.330088282330735,0.6206417553278722,0.0,47.569585375590115,-32.63896334268344,0.9303733599169117,0.0
102.71965539405666,-15.266266613886833,1.5938104094713283,0.0,67.57122717377516,-5.753455312880882,1.0402540620308791,0.0,59.66348131310886,-6.925641204783274,4.204393364456086,0.0,80.94976340262728,-33.836489235085814,1.6095445822227852,0.0,77.13784057163726,-35.99334567119631,0.49945566090604565,0.0,47.56349949209559,-32.67128370731507,0.9262675369276661,0.0
102.96732734143367,-15.59379266150018,1.2864937833353336,0.0,67.59976652283947,-5.5918831105698334,1.1242694712751788,0.0,60.57888882845348,-7.227226220048919,3.9954584557778805,0.0,80.98307213889791,-33.83828952214503,1.6052619869686708,0.0,77.39274918946069,-35.75248869710299,0.4156539976320044,0.0,47.55717463983517,-32.70314860217343,0.9233015606282287,0.0
103.13074284474376,-15.78163355519607,1.1283092229006613,0.0,67.59770437765394,-5.507725459379268,1.1893729563993807,0.0,61.375465687214884,-7.540089483194782,3.766583454480843,0.0,81.0105635142845,-33.84220539915426,1.6045233578414173,0.0,77.55385866136167,-35.60635379581992,0.36329079658797525,0.0,47.55108018418869,-32.731737983778416,0.919885775546522,0.0
103.22916818221563,-15.85654542763177,1.0863981890618115,0.0,67.56942026083203,-5.516001736777381,1.2179298364299713,0.0,62.03300494094505,-7.843474568045505,3.5263321877412945,0.0,81.03208894634157,-33.84769392628869,1.6063381333160898,0.0,77.63388576373238,-35.539130446164,0.33502754840788285,0.0,47.54491377201389,-32.75470585087564,0.9150944423649552,0.0
103.28010717288498,-15.8579797273172,1.1152247328218738,0.0,67.52954906129439,-5.613990508539555,1.1986358521442462,0.0,62.54219697182901,-8.117692878597579,3.282656858223035,0.0,81.04812928557354,-33.85431229921256,1.608657976744082,0.0,77.65345635716339,-35.52523647654073,0.32369543667136114,0.0,47.53797770210892,-32.77080643011824,0.9088738877817395,0.0
103.29758785825288,-15.826095529826393,1.1696748924464622,0.0,67.49835174583367,-5.7839392002569125,1.1293948532160227,0.0,62.906873153341536,-8.348545521809902,3.0416585085001753,0.0,81.05964228954366,-33.861793908710105,1.608938752730646,0.0,77.63657147205409,-35.53637885667362,0.32275284713111674,0.0,47.52966200963142,-32.78022962426203,0.9019267553744523,0.0
103.29206264432385,-15.791789967074696,1.2162419024784903,0.0,67.49466096123362,-5.996061032927453,1.018658653881661,0.0,63.14373861100282,-8.530153273456959,2.807240581036176,0.0,81.06777699872198,-33.869924582441826,1.6051076978484637,0.0,77.60540411833978,-35.54858498109163,0.32646172140441365,0.0,47.51983096976035,-32.78445991188677,0.8953169111623769,0.0
103.27142623577554,-15.771308395066944,1.238604181302561,0.0,67.52863399307934,-6.212357032642942,0.8844031718398737,0.0,63.27933866854539,-8.665055750833817,2.581494554185097,0.0,81.07359342436709,-33.87820630025553,1.5966093217605142,0.0,77.57624933357536,-35.547084838397694,0.33032228586943724,0.0,47.50895789461164,-32.78573312472868,0.8899853749424782,0.0
103.24244900994854,-15.765835597147465,1.236625421897065,0.0,67.59651119217395,-6.392227007168369,0.7508689712206396,0.0,63.34490785634181,-8.76178416554035,2.36546204325073,0.0,81.07789171337224,-33.88545150842857,1.5851166078503116,0.0,77.5578241783164,-35.5277385565646,0.33158982090529676,0.0,47.49798325943104,-32.78634137266768,0.8864024268473987,0.0
103.21169451968602,-15.76519399268468,1.2206114194939541,0.0,67.67984845553438,-6.499943779392795,0.6441498392537168,0.0,63.37063252927638,-8.8311868385706,2.1600880192961274,0.0,81.08121961796739,-33.88963790408002,1.5745326186683943,0.0,77.5520044243926,-35.49511029490953,0.3294362594346456,0.0,47.48800435678323,-32.7880424115462,0.8844859859905494,0.0
103.18501685068658,-15.75418442920629,1.2042515069811888,0.0,67.75119126447092,-6.512921398280951,0.5874966709711202,0.0,63.381030987668844,-8.882994947150605,1.9672314256792713,0.0,81.08408365117712,-33.88847023483114,1.5701020402041959,0.0,77.55614020993585,-35.458544289532085,0.3245956426662939,0.0,47.479954794260294,-32.791742911567184,0.8837728868582424,0.0
103.16556272775811,-15.719793685441825,1.1992017467926175,0.0,67.78535404135121,-6.428964843070203,0.596314816289218,0.0,63.39248092280004,-8.923658338134073,1.7903587572734043,0.0,81.08730942826263,-33.88098202970478,1.576765305828138,0.0,77.56576043113324,-35.42800785078926,0.3186526130209817,0.0,47.47439268990778,-32.797521277784604,0.8837264719795623,0.0
103.15162175640027,-15.65750744009395,1.2120046334388626,0.0,67.77106164770515,-6.269414404868281,0.6728375558636319,0.0,63.41297418712242,-8.955835893767423,1.6343900090554264,0.0,81.09238831805301,-33.87005931355148,1.597173320237932,0.0,77.57671842802111,-35.41099713442019,0.3132365720866126,0.0,47.47144255971293,-32.8049484792243,0.8840371035924193,0.0
103.13651790835564,-15.574964166395354,1.2420854644845924,0.0,67.71569435267908,-6.074135301124349,0.8023895924921218,0.0,63.44353397038278,-8.979341895449107,1.5044727739092583,0.0,81.10159549412407,-33.865110782594165,1.629933944979813,0.0,77.58633367455538,-35.410969023212,0.3093736041233779,0.0,47.47086365464548,-32.81356307623141,0.884797014104441,0.0
103.11175991331531,-15.49088490048972,1.2802638953339844,0.0,67.64000100936765,-5.887857374846728,0.9553675695746442,0.0,63.480478564945905,-8.99293146995094,1.4041014625786072,0.0,81.11777469515825,-33.883634251171074,1.6687692156764058,0.0,77.593561677153,-35.42712386546814,0.30720023241264016,0.0,47.47216265770943,-32.82328259026753,0.8864728879748505,0.0
103.07169765487208,-15.428314604321418,1.3098950387692394,0.0,67.56717213174429,-5.744733014287053,1.0969532265580995,0.0,63.51775136460233,-8.996156256403081,1.3334496405729404,0.0,81.1439496908436,-33.95052759941767,1.7033888909206087,0.0,77.59852961789964,-35.45514210802073,0.30610551762425864,0.0,47.47467703881328,-32.83452637704433,0.8896649568173558,0.0
103.01569247151438,-15.405083151930638,1.3130027722728332,0.0,67.51380060289722,-5.66002063090239,1.200060643406462,0.0,63.54884932259283,-8.990651981275189,1.2887011029463924,0.0,81.18315323158504,-34.09470288313621,1.7227192760304018,0.0,77.60186463088012,-35.488533923373566,0.3051700540763367,0.0,47.47764003029969,-32.847942469275765,0.8947259245844208,0.0
102.94631974168962,-15.427125745833022,1.279206297259206,0.0,67.48669175801308,-5.63117944642493,1.2539020808582997,0.0,63.56831921250717,-8.980520219770776,1.2627129273533875,0.0,81.23881569470622,-34.343441424111624,1.7201846660142088,0.0,77.60414841249747,-35.520329464779834,0.30365783491646425,0.0,47.48030941749053,-32.86386755083653,0.9013691847208865,0.0
102.86711276364566,-15.487639084637674,1.2110175902965974,0.0,67.48476732207148,-5.644139789596854,1.2644394226130675,0.0,63.572984511592814,-8.97176039086123,1.2468426389401746,0.0,81.31567472886279,-34.715484043184986,1.6990728459425863,0.0,77.60565231674327,-35.54477864483414,0.30135171053387566,0.0,47.48221049848217,-32.881882085163355,0.9084149558206711,0.0
102.78304925262596,-15.570814850290642,1.1215208175627218,0.0,67.50348097651751,-5.680099428496117,1.2485270052889392,0.0,63.5628798423011,-8.970880744507856,1.2333314969747615,0.0,81.42070185116103,-35.214311902582494,1.674634192113901,0.0,77.60634504532139,-35.55862242491811,0.2986268870446107,0.0,47.48343823237469,-32.90090850817682,0.9138548111681803,0.0
102.70175616779544,-15.657776041329424,1.0272435084886204,0.0,67.5393014563088,-5.7207032370884905,1.2260207211151446,0.0,63.541596759089536,-8.982958056890265,1.2173368996139242,0.0,81.5633619224425,-35.82408981666097,1.670137279719814,0.0,77.60606751244329,-35.561545740490395,0.29626442038455814,0.0,47.48489392789203,-32.92016181051075,0.9154533067789359,0.0
102.6319878757479,-15.732475872934605,0.9420910966890297,0.0,67.5924041921352,-5.751082899276568,1.2135096585824101,0.0,63.515715041133475,-9.009685774248595,1.1977703022071555,0.0,81.75485937693888,-36.51150525270351,1.7075848411342882,0.0,77.6047385635062,-35.555720094929306,0.2951147957347011,0.0,47.48836658328258,-32.940891303343015,0.9120277568432051,0.0
102.57981172460526,-15.785403731637176,0.8750686762062276,0.0,67.66662075416404,-5.760796578903938,1.2214025018395533,0.0,63.49325258254617,-9.048244947534487,1.1766212674613072,0.0,82.0067511297084,-37.23472472466113,1.798221576691482,0.0,77.60248867624018,-35.54472418536873,0.29579491887463405,0.0,47.496468298944784,-32.96835490082892,0.9052421656780325,0.0
102.54569220857083,-15.8142448341901,0.8305135708893268,0.0,67.76702769474335,-5.7431349091821255,1.2542847255687883,0.0,63.4814638636424,-9.091769798704963,1.1571859012706085,0.0,82.32975535130525,-37.955805537809375,1.9388431554723304,0.0,77.59968862856324,-35.53232256521174,0.2985702788643785,0.0,47.51249409157103,-33.013060542485846,0.9013106562397368,0.0
102.52451911627134,-15.822259143613858,0.808837328847666,0.0,67.89681207530839,-5.693652228350068,1.313319107977918,0.0,63.484674762128655,-9.131507520614473,1.1421209199278248,0.0,82.73313481729087,-38.649880419271874,2.1155650574519402,0.0,77.59688828762228,-35.52150381626825,0.3034433091662265,0.0,47.54025395581445,-33.09022475130579,0.9117308195499163,0.0
102.50812240206247,-15.815642320971614,0.8071596619967494,0.0,68.0554748718256,-5.60880332126357,1.3990742412855326,0.0,63.50296675575391,-9.159781176458711,1.1321951220000273,0.0,83.22420357239585,-39.3069430924336,2.3114633615887215,0.0,77.59468929916666,-35.51397692857671,0.3103396704603565,0.0,47.58387745245329,-33.21681977291959,0.9523237667569706,0.0
102.48854501354896,-15.800915299382366,0.8201896639536841,0.0,68.2397236505924,-5.485226074033856,1.5134610001445914,0.0,63.53225106091143,-9.172333912306694,1.1261003301514751,0.0,83.80742085157543,-39.92725753595025,2.5131685361163676,0.0,77.59358420903219,-35.510146027151876,0.3192403010570448,0.0,47.64757977139325,-33.40656001154639,1.0404251169314058,0.0
102.46062632762056,-15.7831442360799,0.8415692025876282,0.0,68.44689490845376,-5.3199038184785765,1.6601266602803415,0.0,63.565683746559756,-9.169080427167978,1.121148916758667,0.0,84.48324583550664,-40.51436762385313,2.713740941395491,0.0,77.5938183141533,-35.50944147027297,0.3301582863889063,0.0,47.73538630256983,-33.664394813383396,1.1907699432123877,0.0
102.42329626493627,-15.765420853482892,0.8653448327100541,0.0,68.67910870249555,-5.111358133958675,1.843278051305865,0.0,63.5958389688802,-9.153311907701962,1.114441522937998,0.0,85.24749795198991,-41.06934057182647,2.9118465788815655,0.0,77.59533128258494,-35.5107686285505,0.34298050069725683,0.0,47.85082905618762,-33.98278021191381,1.4111520307661554,0.0
102.37955162239335,-15.749417180305633,0.8869981995499376,0.0,68.94543716112932,-4.861837013774634,2.065318460030647,0.0,63.616878995362946,-9.130116886631921,1.104075007883127,0.0,86.09183002252898,-41.5881105976962,3.1087260408354886,0.0,77.59779594275177,-35.512829651815004,0.3573200500534792,0.0,47.99670918712241,-34.3415574447191,1.6991505837448706,0.0
102.33528607947054,-15.73632973719266,0.9037091861192916,0.0,69.25996289927934,-4.579831516082488,2.3240301569159536,0.0,63.62607627054768,-9.104818475757833,1.0899989993588122,0.0,87.00527432789272,-42.062078119157185,3.3048445753828677,0.0,77.6007241336857,-35.514245518270585,0.37253820031633644,0.0,48.175141282694526,-34.711801540167095,2.0410332006537466,0.0
102.2972979859637,-15.727516476789381,0.9140054063440566,0.0,69.63579792925087,-4.281490739925669,2.610416055480173,0.0,63.624261026534896,-9.081869465078489,1.074199863808623,0.0,87.97616391062358,-42.48087054147331,3.497783708403876,0.0,77.60358264649417,-35.51363980613091,0.387943115120013,0.0,48.38807281289391,-35.06235546494724,2.41338130892297,0.0
102.27107242926891,-15.724492129680263,0.9172874171971301,0.0,70.07778165297655,-3.9894621647570823,2.9084886870275044,0.0,63.61507460379769,-9.064280211187741,1.060075149304856,0.0,88.99349323972785,-42.83558644072612,3.682010281693806,0.0,77.60586151970759,-35.509920763127624,0.40299858128928356,0.0,48.63819483210371,-35.36678489692143,2.787201442527051,0.0
102.25914238769184,-15.728320635738285,0.9136379214483235,0.0,70.57786894273262,-3.7288316358210762,3.1977855403711546,0.0,63.60334432088344,-9.053458104059317,1.05117184980406,0.0,90.04712527938737,-43.12109501955834,3.850039091723934,0.0,77.60707357100674,-35.50281847017356,0.41737006729584714,0.0,48.92978792085344,-35.60854063084976,3.1335399133614477,0.0
102.26068712427593,-15.738704741384318,0.9038909196759626,0.0,71.11609190187166,-3.521493722122284,3.4581153959855753,0.0,63.59330884086979,-9.049318078238743,1.0497774686300314,0.0,91.12693546981167,-43.33678224481148,3.993869711291703,0.0,77.60673672860584,-35.49342637029229,0.43079324692669196,0.0,49.26886755657662,-35.78304479790276,3.429182191477093,0.0
102.2724604814265,-15.753312513637281,0.8895867449087049,0.0,71.66708965809856,-3.3810605588400797,3.6748037935307085,0.0,63.58752262153626,-9.050592399774562,1.0559770282191305,0.0,92.22156146000529,-43.48592315533287,4.1057586668853645,0.0,77.60443969690799,-35.484314871969936,0.4429044220567686,0.0,49.66217358409158,-35.89669214972533,3.661040298498472,0.0
102.29043342459565,-15.767988319206927,0.8725450395464716,0.0,72.20944695350872,-3.309774775757554,3.842458564047635,0.0,63.5868466695373,-9.055307084594695,1.0675914106888964,0.0,93.31760556914966,-43.57421062702369,4.1780970938202415,0.0,77.6000404138294,-35.47892409873641,0.45320179446916775,0.0,50.11505983393975,-35.96371694651725,3.8281909627925508,0.0
102.31116700361099,-15.778125193805522,0.8542103446958098,0.0,72.73399804108783,-3.2978227124155195,3.9659365800143354,0.0,63.59117803478286,-9.06134044420414,1.0809868683753745,0.0,94.39988959943804,-43.60794193423121,4.202840730370468,0.0,77.5939110525946,-35.480365531389474,0.4611945720084236,0.0,50.628991949373265,-36.0021359283246,3.9410000247584716,0.0
102.33225272067608,-15.780626015156193,0.8351800780749024,0.0,73.24800419695987,-3.3250561734442625,4.058117540366015,0.0,63.600124803210235,-9.066893309219878,1.0923617168210242,0.0,95.45286097727106,-43.592262112676025,4.1712033627789875,0.0,77.58704344188591,-35.4901816519862,0.4666224419642706,0.0,51.19983758931186,-36.0297062430318,4.017367697388382,0.0
102.35195487378144,-15.77527844173416,0.815171610825189,0.0,73.7739445504173,-3.365169879451826,4.135229758857577,0.0,63.6131218846852,-9.07071819277013,1.0989670387053927,0.0,96.46274126254504,-43.52985437610691,4.074140374824944,0.0,77.58086973861896,-35.50770659695453,0.4695645407739324,0.0,51.8180596215405,-36.06051616114782,4.076986141285236,0.0
102.36875359160301,-15.764728108209418,0.7933740580890554,0.0,74.34367668791343,-3.391876032645734,4.211707575989668,0.0,63.62914913889083,-9.07210413272702,1.099819295158019,0.0,97.41967628360936,-43.42044448571133,3.9037164977505157,0.0,77.57682089275521,-35.5303462598488,0.47038681400930216,0.0,52.4711271623868,-36.102718278266586,4.135379586809387,0.0
102.38136460264204,-15.753219446479427,0.7689957937023948,0.0,74.99014409811025,-3.3855487858542936,4.296846307732728,0.0,63.64659752458187,-9.070731420517827,1.095733577401436,0.0,98.3190671515234,-43.2612954389049,3.6550420500921614,0.0,77.57582110692546,-35.55458217364252,0.4696301816754094,0.0,53.147298865019906,-36.15784403707633,4.1997915554906555,0.0
102.38927295862551,-15.744890275563389,0.7418196808433422,0.0,75.73911541291841,-3.3382462350172304,4.394251627052903,0.0,63.66365793231091,-9.066510294010532,1.088801932811247,0.0,99.16148951056758,-43.048572985998405,3.3282798132500755,0.0,77.57797327685178,-35.57718104749628,0.46792894429213305,0.0,53.839156770423436,-36.22181506862533,4.268343482461933,0.0
102.3934042526935,-15.742305905071117,0.7125267915400482,0.0,76.60275082929144,-3.2555521799127973,4.503315758801592,0.0,63.6790870625026,-9.059538919314734,1.0816039176249301,0.0,99.95117831537421,-42.77925288699466,2.9302862192897283,0.0,77.5825924725023,-35.59613590588074,0.4659355558524094,0.0,54.545363358517896,-36.28723075278886,4.332614169364396,0.0
102.39647095726659,-15.745570790678439,0.682553702477561,0.0,77.57593644434762,-3.154720595153714,4.621149688420613,0.0,63.69281306327673,-9.050370100044058,1.0764297519085346,0.0,100.69374471278898,-42.45320223423468,2.4755747287446166,0.0,77.5885608571129,-35.611095000646024,0.4642023904161068,0.0,55.26993301666914,-36.34611153225511,4.382516318707786,0.0
102.4026530425778,-15.75216197584802,0.6534912380338351,0.0,78.63618778506456,-3.059504077069608,4.743838694658276,0.0,63.70593394775334,-9.040585929691145,1.0747104227700763,0.0,101.39413410896456,-42.075147398785006,1.98631356070036,0.0,77.59481544286625,-35.62322295715331,0.4630579895623921,0.0,56.01934826155588,-36.39225635333994,4.411561694635056,0.0
102.41651789621311,-15.757541247600072,0.6263488182035868,0.0,79.74822296521079,-2.993054724481656,4.8668778640358985,0.0,63.72008522596804,-9.033189544243283,1.0767576472188427,0.0,102.05560314833514,-41.656292157388094,1.491051875963901,0.0,77.6007308647143,-35.634579633151844,0.4625779243324999,0.0,56.798659483947006,-36.422672414210325,4.420509490352336,0.0
102.44143590726932,-15.756483326894992,0.6010959300077889,0.0,80.87338560857354,-2.9715464760257957,4.985378670104155,0.0,63.73651861043477,-9.0320550798167,1.0818225366228873,0.0,102.67991434766168,-41.21520608952642,1.0219870462101017,0.0,77.60625540864586,-35.64724103724235,0.46270383446620045,0.0,57.60807365628838,-36.43794518227537,4.41799605874596,0.0
102.47805853776775,-15.744890672519736,0.576730067058957,0.0,81.98117063986655,-3.001383271419032,5.0945954310468355,0.0,63.75539958166164,-9.040169582891398,1.0883911595695093,0.0,103.26836860228222,-40.77734086579433,0.6109454913952899,0.0,77.61182861718139,-35.662428681342504,0.4634615308879386,0.0,58.44143748017511,-36.44170017016791,4.4179096535752915,0.0
102.5234961045201,-15.721645016140421,0.5518948970364832,0.0,83.05745016096363,-3.080817057017935,5.190629352302701,0.0,63.77576316577978,-9.057419504281885,1.0945987775826875,0.0,103.8229427557611,-40.37257352485536,0.2847843908593628,0.0,77.61821596428484,-35.6797941387056,0.4651673988853329,0.0,59.28740330407006,-36.439325819735686,4.434636602519312,0.0
102.57160599834057,-15.689779274866966,0.5258694504894681,0.0,84.1048127661996,-3.2039898518660728,5.270658514639588,0.0,63.796140530324195,-9.07934962322246,1.098695968206803,0.0,104.34682977765424,-40.03083717501656,0.061336541277702494,0.0,77.62635969103933,-35.69690520691378,0.4685199142109546,0.0,60.13289289928072,-36.436061307348616,4.478252930332939,0.0
102.6143946909896,-15.656172766046616,0.4995431171220144,0.0,85.13481899291419,-3.3645480530528236,5.332321736587629,0.0,63.81531275600465,-9.09803431169998,1.0995635222845124,0.0,104.84414658580195,-39.77678813432625,-0.05304992905733741,0.0,77.63721325183668,-35.709161103254516,0.474505982530971,0.0,60.96719993157465,-36.43478072480094,4.551646869822617,0.0
102.64415680663612,-15.62945361847086,0.4758573896746743,0.0,86.15679534610467,-3.5573642242134547,5.372549311452703,0.0,63.832596153298894,-9.105059648102747,1.0972045505723784,0.0,105.31919517451651,-39.62480725016714,-0.06393609836032788,0.0,77.65144437078911,-35.71068253975337,0.48410936791948345,0.0,61.78468415742362,-36.43427884286572,4.6504189939275395,0.0
102.65575718651972,-15.61680880598698,0.4592973809095273,0.0,87.16966144858947,-3.778635834674768,5.386430484512165,0.0,63.847642206274664,-9.095265401162745,1.0929455407633135,0.0,105.77590241605097,-39.575329942709054,0.01246955312563891,0.0,77.66898456890326,-35.696529327397585,0.49791599633640793,0.0,62.58497129120204,-36.42900118146102,4.765079051827238,0.0
102.64834232520134,-15.62128651115364,0.45438592473490225,0.0,88.16102004640929,-4.02545021839729,5.3665927778642795,0.0,63.86021122269179,-9.069199995120286,1.0890286416654007,0.0,106.21773769193986,-39.613107486908795,0.1514192123414766,0.0,77.6886264502063,-35.6655811576409,0.5157702777062276,0.0,63.37108802273131,-36.41062003950056,4.884400272812956,0.0
102.62574741306612,-15.641128328421615,0.46366933912818276,0.0,89.11302957082006,-4.295879704480931,5.303440435221791,0.0,63.870185020123074,-9.0328439967048,1.0876429915881065,0.0,106.64789413688013,-39.70784685908193,0.3218384118019344,0.0,77.70800290349267,-35.622379432195,0.5365792652372416,0.0,64.1468657919823,-36.37096996257532,4.998783561567139,0.0
102.59525334901001,-15.671449751031941,0.4861572647955139,0.0,90.01077699205167,-4.58999096383323,5.186482238493716,0.0,63.87762075374602,-8.994834789155389,1.0899868608875032,0.0,107.06921944868616,-39.8175637979761,0.48851873231653364,0.0,77.72415803452789,-35.576378075505836,0.5583365155933553,0.0,64.91486780155302,-36.30517812092881,5.1026643496432005,0.0
102.56518389746631,-15.707006527421424,0.5171520402946239,0.0,90.8483085480315,-4.91103416378934,5.006709977124878,0.0,63.88261086196566,-8.962944299413746,1.0960181387388346,0.0,107.48341973713319,-39.89457357209803,0.6148399567209832,0.0,77.73460205361091,-35.538556619290624,0.5784965281108381,0.0,65.6754453756144,-36.21369161527571,5.195251786783045,0.0
102.54244228688998,-15.744283981311236,0.5496875785658908,0.0,91.62970001523759,-5.265299835839209,4.7596510911236845,0.0,63.88507681690243,-8.941704094046672,1.1049408517165382,0.0,107.889465278045,-39.89328966680377,0.6666981881455207,0.0,77.73843029981045,-35.5170640010264,0.5947302236131282,0.0,66.42686709264142,-36.102355156616824,5.279408547707547,0.0
102.5309225675706,-15.78209341346628,0.5768861779102146,0.0,92.36542465408112,-5.659447286750456,4.448401633370655,0.0,63.884798524063704,-8.931912688401681,1.1158543901119629,0.0,108.28180619139188,-39.778370784211084,0.6176793427461433,0.0,77.73695286747719,-35.51416910295565,0.6057652607473916,0.0,67.16609080724297,-35.98047943527539,5.359188181096664,0.0
102.53111174889686,-15.820996950882135,0.5940906779441519,0.0,93.0662391838411,-6.095459224273194,4.085607666640853,0.0,63.881735899264605,-8.931517215043861,1.1280207485138245,0.0,108.64957787583539,-39.531724344222326,0.454546065735121,0.0,77.73343147377255,-35.52596899428597,0.6118327626907512,0.0,67.88969757929154,-35.85756294938209,5.436989618869248,0.0
102.54070500324487,-15.86218002791785,0.5998650911118713,0.0,93.73745026909754,-6.565080696504749,3.6931903434706284,0.0,63.876389142723696,-8.936974961377814,1.1407135797998809,0.0,108.97795105511594,-39.15718970004498,0.1814091506019313,0.0,77.73195032266365,-35.5447363720818,0.6144709806449367,0.0,68.59468568834039,-35.73973738595362,5.511167607607916,0.0
102.55584566994388,-15.906176219376805,0.5956654061394779,0.0,94.37587127625491,-7.046772266976621,3.2991164325965556,0.0,63.869917839866794,-8.94454677139234,1.1529993464151236,0.0,109.25193527621124,-38.68176262437172,-0.17920220844568036,0.0,77.7359475184755,-35.56241157033865,0.6158367002885701,0.0,69.27908827878645,-35.62707669072375,5.574563339294189,0.0
102.57255213541863,-15.951771898399086,0.5846446026357626,0.0,94.97038659724626,-7.507852620179135,2.9318876997715693,0.0,63.86395461768936,-8.95138909685981,1.1637988242526127,0.0,109.46154405395694,-38.15205390240811,-0.5896585850226117,0.0,77.7471488443189,-35.57328889729271,0.6178853811626404,0.0,69.94250414271339,-35.51267393353063,5.614314114941227,0.0
102.5879194507784,-15.995560784025315,0.5702475953258137,0.0,95.50545737684378,-7.91213451803644,2.6147680300050773,0.0,63.86024599288636,-8.956364141854444,1.172291109239259,0.0,109.60605994879559,-37.625236966395754,-1.004870464648631,0.0,77.76537383812486,-35.57471811827257,0.6217481344211038,0.0,70.58645034289162,-35.38386685993825,5.613430461182423,0.0
102.60076812095755,-16.032653407032637,0.5551187613221558,0.0,95.96590605419735,-8.23016375750594,2.361750043513113,0.0,63.860260515890175,-8.960273489168529,1.178360563426807,0.0,109.69519890914404,-37.15574546750003,-1.3822419898903053,0.0,77.78910725756405,-35.56614097724041,0.6274967513069125,0.0,71.21411449108307,-35.225332574213766,5.554419002428263,0.0
102.61158086136261,-16.05856242337287,0.5407007112691247,0.0,96.34126899395656,-8.447581447768195,2.1759393528470925,0.0,63.86480005215207,-8.965191848413896,1.1826621567535494,0.0,109.74660762384556,-36.781712849537406,-1.6905939433520025,0.0,77.81630655308739,-35.54783758717711,0.6343385321707213,0.0,71.82901164651041,-35.023318836870224,5.424355153249106,0.0
102.6218453749978,-16.07136601968975,0.5275916932104732,0.0,96.62858874472435,-8.568278772383097,2.0500096023691885,0.0,63.87364025815102,-8.973039679735349,1.186198422949131,0.0,109.7812267857681,-36.51654720210918,-1.915100005686087,0.0,77.84497233416066,-35.520551405283385,0.641145227332796,0.0,72.43251399299496,-34.77019895225259,5.219644815673259,0.0
102.63318641916854,-16.072793785700956,0.5162318472682941,0.0,96.83323162127684,-8.611680663788354,1.9684908309078475,0.0,63.88536221642953,-8.98417698664386,1.1897663906228022,0.0,109.81885235410782,-36.34951890056532,-2.0570180614996882,0.0,77.87340336042396,-35.48604586364271,0.6471042697227993,0.0,73.02111809702292,-34.468411830648854,4.948141710068764,0.0
102.64670739114669,-16.067516708678838,0.5074015212070773,0.0,96.9678787206011,-8.605848895197665,1.9119004908315445,0.0,63.897619642699766,-8.996927932683068,1.1937107916349294,0.0,109.87530564773994,-36.255369051420196,-2.1287696606475244,0.0,77.90034498256828,-35.44772307290614,0.6522136169355424,0.0,73.58507408838196,-34.13229806349642,4.6271992368620065,0.0
102.66273269440576,-16.06107993610768,0.5024543304865805,0.0,97.0500748791591,-8.579192649822366,1.8620807955267438,0.0,63.90789676772008,-9.008324112950293,1.1980460466985257,0.0,109.96123080727534,-36.20890950001419,-2.146143695469471,0.0,77.92515848287141,-35.41043530804148,0.6573738298212852,0.0,74.10974510703772,-33.786133906059646,4.278610447914211,0.0
102.68085224040601,-16.057579506364082,0.5034046271394725,0.0,97.0987077540228,-8.553418144187436,1.8070330598364555,0.0,63.914442247072024,-9.01554280751072,1.2026582251739377,0.0,110.08184169495988,-36.1984433009797,-2.120211642163987,0.0,77.9478788047441,-35.379320980818996,0.663994643028488,0.0,74.57947003966858,-33.4581074525833,3.9234911593682984,0.0
102.70005481725781,-16.058034323061854,0.5126296375537098,0.0,97.130009303335,-8.53954142995958,1.7432675907391495,0.0,63.91687137418015,-9.017172519870263,1.207337433220145,0.0,110.23703004149348,-36.23245193920463,-2.0516794422101103,0.0,77.96898423385704,-35.35817678164765,0.6732924274762997,0.0,74.98194210810522,-33.17260476527844,3.5797371605102484,0.0
102.71884031937842,-16.059936186937968,0.5317655827863312,0.0,97.15431183446955,-8.537825850700468,1.67474839971167,0.0,63.91609428021559,-9.013664234900997,1.2116750671460572,0.0,110.42169213852227,-36.33682791122199,-1.92941758857663,0.0,77.9889509958511,-35.348121263365606,0.6856671528214147,0.0,75.31097065316366,-32.94440849969223,3.261964521591773,0.0
102.73536447172813,-16.058156777930332,0.5600019107468448,0.0,97.17506038405683,-8.54129266177512,1.6092720316545241,0.0,63.91357983271696,-9.006822795076044,1.2150214547658944,0.0,110.62652501553585,-36.54351402145276,-1.7332843606818304,0.0,78.0078629676973,-35.34717736794017,0.7005226460102421,0.0,75.56702727133452,-32.776880407704645,2.981845119580326,0.0
102.74773895139585,-16.04704764390957,0.592922202209353,0.0,97.19062648795027,-8.541073113311878,1.554310725877066,0.0,63.91026974295009,-8.998663314382904,1.2166220190771924,0.0,110.83957131020345,-36.87431831209835,-1.440322732113783,0.0,78.02525955297254,-35.35102039811897,0.7166012523964191,0.0,75.75636602185237,-32.66369741497459,2.7473937864662332,0.0
102.75454493164283,-16.02294473982779,0.6231992469418124,0.0,97.19783498554102,-8.531198807119122,1.5141424510441377,0.0,63.90564468923334,-8.990242503628318,1.2159073981247719,0.0,111.04845502161052,-37.325321091494104,-1.0334272595020817,0.0,78.04022225774207,-35.35458341821389,0.7325712335006322,0.0,75.88954758545808,-32.59251781749464,2.561645666693547,0.0
102.75545176069012,-15.98595414047108,0.6433601535625044,0.0,97.19527807571716,-8.511091018004862,1.4889107150417473,0.0,63.89749853321874,-8.981094101303908,1.2128548313564043,0.0,111.2429458372639,-37.857838660376835,-0.5114683023308224,0.0,78.05161744025122,-35.353808138256795,0.7474975819397276,0.0,75.97957676248997,-32.54912527885727,2.4220649701649464,0.0
102.7516595837406,-15.940431804889021,0.6492483948046459,0.0,97.18500347342584,-8.485415476272841,1.475234826247739,0.0,63.88277562568547,-8.96961836256793,1.2083172344254987,0.0,111.41732908931887,-38.400938026569875,0.10188366816117522,0.0,78.05837400081839,-35.346901722725974,0.76098021446475,0.0,76.03971555702715,-32.52100956484487,2.3214881728700387,0.0
102.74584660083326,-15.8943783099594,0.6421151728731811,0.0,97.1722582862698,-8.46204283931112,1.467688589290395,0.0,63.85928089093177,-8.954280589124288,1.204130627526565,0.0,111.57159036422998,-38.8664448140042,0.7558210565608068,0.0,78.05967118490898,-35.33483356303814,0.7729868052568385,0.0,76.0814133146978,-32.49960981655212,2.2503393235529856,0.0
102.74146973653042,-15.8579168203609,0.6281560689540644,0.0,97.16377869249592,-8.44916948491138,1.4605997570027398,0.0,63.827433797595376,-8.935003445935404,1.2027456611966567,0.0,111.71000957568558,-39.17078228953561,1.3809042240964118,0.0,78.05503112592473,-35.32105451520071,0.7835724770292423,0.0,76.11298637720488,-32.48084905128584,2.1991504343824353,0.0
102.74156370098048,-15.84030144737547,0.6159291852364657,0.0,97.16545560151238,-8.452511761735792,1.449739470430984,0.0,63.791007936703124,-8.91395910746818,1.2063350187955457,0.0,111.83689575479549,-39.25429162155833,1.9069606277932554,0.0,78.04446189316528,-35.31047227705292,0.7927070801751501,0.0,76.13936294742751,-32.46415616687014,2.160373055917269,0.0
102.7474622846388,-15.845337005909412,0.6130147102890682,0.0,97.18026669177179,-8.473317331358075,1.4334420303311965,0.0,63.75626666237119,-8.895222961911614,1.2158061732597183,0.0,111.95174191402833,-39.0921845227327,2.282931678942262,0.0,78.02876821401827,-35.307829901075934,0.800339782773845,0.0,76.1627213992239,-32.45062406262056,2.128963813106166,0.0
102.7579913924419,-15.867414924314367,0.6230330886146227,0.0,97.20723541045687,-8.50781384503412,1.412728675407033,0.0,63.729857588042904,-8.883384775793784,1.230402372006104,0.0,112.04742256069872,-38.69761559319707,2.490335049931467,0.0,78.00991126033115,-35.3159302540984,0.8066684047193746,0.0,76.18356005566297,-32.44113285464358,2.101952807110324,0.0
102.76961028723859,-15.891837742172688,0.6439019749745007,0.0,97.24180339106819,-8.548382528218987,1.3903623258332463,0.0,63.71659792734638,-8.881853395230255,1.2481714440413239,0.0,112.11341271934921,-38.11933357084594,2.5454621147611913,0.0,77.99106231851601,-35.334401325963064,0.8124169663303622,0.0,76.20170803344595,-32.43518524079097,2.077669984324041,0.0
102.77770797411195,-15.900566971922727,0.6687581806392799,0.0,97.2774064819494,-8.586062163883732,1.3693358325375495,0.0,63.71823203525308,-8.89169635886244,1.2668869888899064,0.0,112.14233946649244,-37.433792052669155,2.4900696083085627,0.0,77.9760116333632,-35.35958280275888,0.8188643291196396,0.0,76.21695317977023,-32.4308570930362,2.0551583054255183,0.0
102.77867649315036,-15.879973316266339,0.6900930565345362,0.0,97.30751935309574,-8.613317573690178,1.3516008309742205,0.0,63.73347100950322,-8.91134962057262,1.2847746674751175,0.0,112.13526621634634,-36.73030158300485,2.3750805271521376,0.0,77.96795691256389,-35.38560235458546,0.8275060576304245,0.0,76.22921991580638,-32.425708170746006,2.033821492334221,0.0
102.77174769087522,-15.826040776665769,0.7046186523519271,0.0,97.32735471563359,-8.625940463766378,1.3375735085412614,0.0,63.75888882115312,-8.936998996741757,1.3007454103497977,0.0,112.10184189681375,-36.091375161032865,2.245050066894793,0.0,77.96817729076959,-35.40614722408572,0.8394814202438035,0.0,76.2384392452713,-32.4179723905909,2.0131461105845876,0.0
102.75963143508217,-15.745430894407257,0.7154215958700139,0.0,97.33477223310896,-8.623564658042346,1.3264099849223268,0.0,63.7900679503682,-8.9633451078529,1.3142688062689771,0.0,112.05568738151746,-35.575166310215835,2.129668919136533,0.0,77.97527689789683,-35.41622624606311,0.85500532601597,0.0,76.24434607560244,-32.407212894620855,1.9924989271962659,0.0
102.7477142327842,-15.652985826046635,0.7303224955605803,0.0,97.3303934714515,-8.608988928108973,1.3167068253058165,0.0,63.822610259378116,-8.984630850645612,1.3251710642149046,0.0,112.00884163447995,-35.20665729067779,2.0430272855652465,0.0,77.9854176404783,-35.413426961888,0.8729399347022095,0.0,76.24641843023973,-32.39403193963159,1.9711236074030225,0.0
102.74236919500437,-15.566346698044645,0.7582147718496,0.0,97.31714577563918,-8.586806259762849,1.3072652630422095,0.0,63.852868233017674,-8.995856038214464,1.3335284913768497,0.0,111.96852688782432,-34.97920881090985,1.9871485003048601,0.0,77.99353466915194,-35.39852423303653,0.8905152520034925,0.0,76.24405973075245,-32.37909191171609,1.9483493942832961,0.0
102.74941183385974,-15.499256455539234,0.8064208840801772,0.0,97.29947745519463,-8.561805372700942,1.2976779381370953,0.0,63.8783657478931,-8.993991937831384,1.3396481071665178,0.0,111.93678762721112,-34.863577047231665,1.9563402642857248,0.0,77.99521422738925,-35.375559084129726,0.9032418597199445,0.0,76.23698062759797,-32.36215251902166,1.923872045103069,0.0
102.77347030647964,-15.456440929401095,0.8802110954326174,0.0,97.28241968711188,-8.537554862922834,1.2885886690571517,0.0,63.89794621976398,-8.978897400667954,1.3440531936347853,0.0,111.91187731898832,-34.82015931133617,1.9410023608525275,0.0,77.98873419838678,-35.351665535141876,0.9052350501799378,0.0,76.22562955401784,-32.34180622982396,1.8979444923628677,0.0
102.81823404238887,-15.43248060272013,0.9831357320662573,0.0,97.27060194696502,-8.515583962518603,1.2815291382463503,0.0,63.91173180605763,-8.953580148628197,1.3474211957302717,0.0,111.89014943882526,-34.8107185371813,1.9308733266131917,0.0,77.97669891494408,-35.3369131752219,0.8902586554378136,0.0,76.21146798727216,-32.31617574070578,1.8713748433711892,0.0
102.88703732967036,-15.414947454077582,1.117058971297304,0.0,97.26730381033056,-8.495464450369415,1.2783364008170892,0.0,63.92094137044454,-8.92348251422032,1.350441272272075,0.0,111.8676910584321,-34.80677616271141,1.917729784890513,0.0,77.96680242863643,-35.344098842584096,0.8535303061094908,0.0,76.19689930033866,-32.28425669818168,1.8453120733561494,0.0
102.98325957123883,-15.38986061773108,1.2822710890409343,0.0,97.27366613705631,-8.475784085160722,1.2803229624233534,0.0,63.92754628857472,-8.89476097562141,1.3535563790228728,0.0,111.84142139341125,-34.79316797674079,1.8971160843646633,0.0,77.97152454901797,-35.387930370800085,0.7937464436022168,0.0,76.184785469552,-32.247138487315176,1.8209097907896492,0.0
103.11022190980339,-15.346579915346057,1.4780379295642962,0.0,97.2882626125286,-8.455618584128493,1.2875098958108477,0.0,63.93377343440033,-8.872088107272644,1.35661930302442,0.0,111.80969355340214,-34.76690962645515,1.8686518034905983,0.0,78.00683670339588,-35.482975840597675,0.714332498478937,0.0,76.17770658646428,-32.208317333921705,1.7990261511112635,0.0
103.27052972606828,-15.280070395154615,1.702830113013034,0.0,97.3072579857684,-8.4358333240192,1.2982476023374279,0.0,63.94160330297477,-8.85695046969015,1.3586134913884873,0.0,111.77251867477857,-34.73294693885468,1.8349875647587748,0.0,78.09013119336959,-35.64045162148233,0.6230966518087584,0.0,76.17727922763271,-32.17282420142018,1.780066850995265,0.0
103.46526682780157,-15.19014037356757,1.953442725694945,0.0,97.32525957710459,-8.419487705343517,1.3094372401836,0.0,63.95252444189623,-8.847290215679774,1.3576477526435031,0.0,111.7314633049921,-34.69898865825059,1.8000547010020629,0.0,78.23766730760174,-35.864940782692464,0.5303120989457586,0.0,76.18381169676144,-32.14560422891097,1.7639779788881533,0.0
103.69381673428109,-15.078558712229773,2.2235967041466917,0.0,97.33672480482124,-8.410889474641653,1.3173811819112906,0.0,63.967760681101566,-8.838653367311975,1.3513673252285905,0.0,111.68923283708041,-34.671319123501185,1.7674203343252977,0.0,78.46198194181314,-36.152561519643875,0.4461977447583667,0.0,76.19638663164307,-32.12997954105101,1.7503477039557698,0.0
103.95490220477457,-14.945603882640533,2.5036676401731803,0.0,97.33754292901335,-8.413477801499816,1.319067916643009,0.0,63.98894173363465,-8.826230227338803,1.3377584791851174,0.0,111.64901433040362,-34.652597149589376,1.7393066606320637,0.0,78.76984197826737,-36.49150432432379,0.3790427362264124,0.0,76.21327966722662,-32.12686898291094,1.7385737980504121,0.0
104.24868551233486,-14.787677370001193,2.782633588944572,0.0,97.32627856885114,-8.427439464971968,1.3134582132499268,0.0,64.01884761349476,-8.806754562573087,1.3161343551511102,0.0,111.61373963624023,-34.641689021520094,1.7164138362328423,0.0,79.16121834369783,-36.86468596730672,0.334614267420152,0.0,76.23253165587248,-32.134944860650045,1.7280565990769823,0.0
104.57892822842233,-14.597006626977695,3.051740148488614,0.0,97.30462874354946,-8.448320396646633,1.3021943308919166,0.0,64.06170698747403,-8.779335752118715,1.2880192759996998,0.0,111.58546582532932,-34.63493811237842,1.698325318653513,0.0,79.62948564651747,-37.253364182191945,0.3165584861891446,0.0,76.25248255909723,-32.15145244393029,1.7183758191387053,0.0
104.95376640964999,-14.363446870738615,3.3082351818711437,0.0,97.27693924156851,-8.467579111080713,1.289300306782259,0.0,64.12278822454081,-8.744851013012795,1.2577779741272153,0.0,111.56503831013652,-34.62801662944863,1.6841116601261703,0.0,80.16282693497085,-37.64037894707907,0.3269772394720327,0.0,76.27211799369223,-32.17321834407051,1.7093965637633826,0.0
105.38387825484214,-14.077699221346583,3.5574474085004795,0.0,97.2490310411575,-8.475159697505772,1.2799061949079693,0.0,64.20749589231458,-8.70424728585633,1.2329941557642368,0.0,111.55211619040305,-34.617551473081086,1.6728189408439231,0.0,80.74667982518139,-38.01213710288314,0.3665136825201145,0.0,76.2911596505188,-32.197429936300665,1.701238178316654,0.0
105.87775970167495,-13.735224471989127,3.8119242237492355,0.0,97.22681682925037,-8.463221007839614,1.278493821357337,0.0,64.32040955227666,-8.656623258531527,1.2245592110300247,0.0,111.54552130898723,-34.601985286961934,1.6637219955453393,0.0,81.36682314648644,-38.35916170044689,0.43387583869058766,0.0,76.3099271007006,-32.221976301745705,1.694081807499149,0.0
106.43538794506759,-13.340205603263888,4.08687645685661,0.0,97.21505575626381,-8.429606976595752,1.2872851882909941,0.0,64.46451258721761,-8.598048464965709,1.2462634417850786,0.0,111.54376936628411,-34.58153857945451,1.6563841209237218,0.0,82.01236609032587,-38.67560468883153,0.5252990011335275,0.0,76.32906625345719,-32.2453827368249,1.6878921930211774,0.0
107.04334529971253,-12.908261655304715,4.392340735059511,0.0,97.2163041075351,-8.379612454023087,1.3052378187934153,0.0,64.64060230093901,-8.521749694023256,1.3136630737017878,0.0,111.54559692200161,-34.55753799121153,1.6506266049962157,0.0,82.67773606790401,-38.95833612750423,0.6346040196508973,0.0,76.34924920729559,-32.26654365831784,1.6822060488567239,0.0
107.67528083655898,-12.46562406166337,4.724956935396316,0.0,97.23008993997651,-8.325038297434581,1.327972073674676,0.0,64.84694265053302,-8.419722618981844,1.4422012283631265,0.0,111.55030579660239,-34.53160698988054,1.6464827620069933,0.0,83.36299525959785,-39.20606938052385,0.7541774796550644,0.0,76.37092531827166,-32.28450867547589,1.6761269963891383,0.0
108.29959580595322,-12.043305919448864,5.064812766385575,0.0,97.25266331468293,-8.280479048202148,1.3488619942833502,0.0,65.07951823309173,-8.285257680259997,1.6448414804918645,0.0,111.55780494292375,-34.50517001274002,1.6441332852014803,0.0,84.07237966776415,-39.41867121079459,0.8766315593596659,0.0,76.39418454705051,-32.298507805162714,1.6685720187610844,0.0
108.89152410989477,-11.6682748677604,5.381666633745295,0.0,97.27788504590274,-8.2581139227651,1.3611905736637748,0.0,65.33328206754614,-8.115566490384753,1.9296524031455622,0.0,111.56837783934962,-34.47941931921348,1.6437735326102203,0.0,84.81159262458993,-39.5966051136851,0.9964652919259152,0.0,76.41877817912383,-32.308244314080255,1.6586841312150131,0.0
109.4432508054644,-11.35624843143664,5.6485846496759,0.0,97.29937857302679,-8.263255726802944,1.360629621652544,0.0,65.60434571360908,-7.9136984398957,2.297705206582588,0.0,111.58237398552156,-34.4555301776662,1.6454147726313781,0.0,85.58484974845777,-39.740470574920096,1.1110154717113883,0.0,76.44429024144742,-32.314283300660854,1.6462209104276493,0.0
109.96706962313606,-11.109014994982267,5.855064003580257,0.0,97.31311395676217,-8.292711494354899,1.346832881279667,0.0,65.89247109781363,-7.689053252197896,2.74135722053518,0.0,111.60003406129249,-34.43475193258149,1.6487435631270948,0.0,86.39275871518478,-39.850734746147104,1.2203744301480839,0.0,76.47036441876408,-32.31822306863145,1.6317035169584777,0.0
110.4909894090284,-10.915714934050307,6.012248491363303,0.0,97.31897941200232,-8.336617912955662,1.3232384086871782,0.0,66.20290153031836,-7.455976946788693,3.242915701089874,0.0,111.62149099909327,-34.41815993609065,1.6532295470082463,0.0,87.23170990633724,-39.92784679822643,1.3264956196099043,0.0,76.49683983652557,-32.32240005064214,1.6161943530362368,0.0
111.04938755343709,-10.756551145461215,6.148548601570198,0.0,97.32035440005647,-8.382711386730879,1.2952310777699587,0.0,66.54667666312488,-7.230437755378951,3.774143719957829,0.0,111.64682583775208,-34.4061850571934,1.6585159723060041,0.0,88.09471623817711,-39.97283732379416,1.4320212320968242,0.0,76.5237052975423,-32.3291773524963,1.600771894588421,0.0
111.672292945738,-10.608340947984175,6.299180267062988,0.0,97.32199074381582,-8.42093950944524,1.2678084376134233,0.0,66.93914755148943,-7.025743559847127,4.297655221924799,0.0,111.67600601966704,-34.39827118845946,1.6647992039802766,0.0,88.9730396049087,-39.98817679360276,1.539269372604867,0.0,76.55091551334073,-32.34018086475143,1.586012726353486,0.0
112.37689475528695,-10.451236994853092,6.494741243528006,0.0,97.32757535452089,-8.446397167215219,1.2440155411497162,0.0,67.39725093705476,-6.849139614267703,4.771089770262986,0.0,111.70862728649173,-34.392937865079446,1.6728043005922704,0.0,89.85786473146757,-39.97829823954388,1.6494984990714787,0.0,76.57821678011283,-32.355875860977555,1.5718313912494786,0.0
113.1641417029396,-10.27462002659505,6.752658349304365,0.0,97.33834776504862,-8.459646636738798,1.2246935683630547,0.0,67.93663011153905,-6.700978933995113,5.153852854734094,0.0,111.74364397238227,-34.38820541654162,1.6833166744531525,0.0,90.74164018163513,-39.94919089049742,1.762379457210006,0.0,76.60511690723231,-32.37560543423998,1.5577274857517676,0.0
114.02139055676435,-10.079679845300507,7.073412857929494,0.0,97.35324683357871,-8.464889921761895,1.209248859631348,0.0,68.5694020546186,-6.576752970595894,5.414890207149428,0.0,111.77944897211397,-34.38211997632086,1.6966563701656003,0.0,91.61904590721845,-39.906995281442875,1.875704143637666,0.0,76.63101986423082,-32.39793511663229,1.5431421461699433,0.0
114.92941840002969,-9.877654714255037,7.442133355867396,0.0,97.37009861122452,-8.467351668238301,1.1967592398908735,0.0,69.30250564588223,-6.470573041702211,5.539267096100424,0.0,111.81440202586536,-34.37320824150072,1.7125106174555018,0.0,92.48754356201125,-39.85620045026983,1.985510295994132,0.0,76.65543487053544,-32.421091073008874,1.5276218510787931,0.0
115.87010050580761,-9.68507598926654,7.83480743212797,0.0,97.3869503088642,-8.471176604982384,1.1868031975151716,0.0,70.13603665639009,-6.378006691485028,5.5314949895517636,0.0,111.84745065431775,-34.36084311218581,1.7301826759901502,0.0,93.34727382322365,-39.798313047018844,2.0867022171685132,0.0,76.67814044584232,-32.44337721231287,1.5107730321312758,0.0
116.83105487348023,-9.51868512626631,8.22645503021669,0.0,97.40286906116829,-8.478444436598561,1.179695193414437,0.0,71.06147809694878,-6.2969539774924925,5.414401619651823,0.0,111.87844011265939,-34.34543236232577,1.7489747416052044,0.0,94.20008083911323,-39.73155707867586,2.1739845019375483,0.0,76.69922363667885,-32.463531398001805,1.4922075668730095,0.0
117.8057090485823,-9.391946279775421,8.5974431499981,0.0,97.41804733574851,-8.489177463435727,1.1761441082957358,0.0,72.06082099166412,-6.22679116160541,5.223652259155344,0.0,111.90806513070795,-34.328245237168595,1.7684105281985456,0.0,95.047794968856,-39.651586970546354,2.242799560607841,0.0,76.7189863012248,-32.48095987215824,1.4716246932299466,0.0
118.79003628586291,-9.313370346255248,8.935267988207865,0.0,97.43345890688458,-8.50185629409475,1.17659169854001,0.0,73.1079652165551,-6.167077638631627,4.999524764643995,0.0,111.93764507698593,-34.310850197922484,1.7882009102768635,0.0,95.89035091944154,-39.55278514422929,2.2900289698688123,0.0,76.73778986366918,-32.49574464491683,1.4489712806227946,0.0
119.77877525360897,-9.285984948330084,9.231948214696072,0.0,97.450358173725,-8.514016901455651,1.1805959122200278,0.0,74.1728510183476,-6.116949645466888,4.77859034060673,0.0,111.9688103478079,-34.29443406079946,1.80801269114842,0.0,96.72453643287581,-39.429636279729706,2.3143476558165332,0.0,76.755939798802,-32.508383837489724,1.4245108383038954,0.0
120.76361298565566,-9.307572725752765,9.479494971913107,0.0,97.4697534987968,-8.522796765877892,1.1866196174083061,0.0,75.22723836965856,-6.075297990513632,4.587814496868962,0.0,112.00306070960995,-34.27939376090024,1.8271996134517643,0.0,97.54398283762328,-39.277829059214106,2.316237969243481,0.0,76.7736430352561,-32.51940193408841,1.3987048998881075,0.0
121.7341738715231,-9.371801593063164,9.666369807470417,0.0,97.49189001601894,-8.525537573171933,1.1924374026954787,0.0,76.25016142741437,-6.041096071476385,4.442268122171864,0.0,112.04124447526998,-34.265414701781424,1.844736646364872,0.0,98.3404861819319,-39.0949503521514,2.297765766913173,0.0,76.79098447312116,-32.52905883209879,1.3719844708657583,0.0
122.68086487512339,-9.470316587438827,9.7766602876131,0.0,97.51582788794963,-8.5205369558784,1.1960550339086105,0.0,77.23130105398182,-6.013430789132212,4.346068639638775,0.0,112.08320375483736,-34.251918706687675,1.8595318407491845,0.0,99.10616588405114,-38.88077786681765,2.2622517891786718,0.0,76.80787551693855,-32.53729455694259,1.3446188378667934,0.0
123.59766749397913,-9.595393494220275,9.792084106895054,0.0,97.53928652069091,-8.507813304309325,1.1966903015552344,0.0,78.17137560633343,-5.991406712399614,4.295277660870315,0.0,112.12782987088227,-34.23853602570763,1.8709999906683201,0.0,99.83564352496055,-38.63722074058338,2.2139214354940044,0.0,76.82398888815747,-32.54393686688787,1.3168595835336738,0.0
124.4831243638661,-9.742502854887206,9.695887711157333,0.0,97.55894049008833,-8.489520567317182,1.1952559419877762,0.0,79.07959757425404,-5.97436075745178,4.281377226125022,0.0,112.17348922466239,-34.22528983947471,1.8795083166223137,0.0,100.52747840089815,-38.3679348394472,2.157540666714917,0.0,76.8387286859164,-32.54914151141854,1.289331403711918,0.0
125.33873928065124,-9.912264014759906,9.477368219967591,0.0,97.57126661085739,-8.469642594546771,1.1940469862442455,0.0,79.96912715577741,-5.9625432263689415,4.294252293441721,0.0,112.21850569955066,-34.21242644754473,1.8863339009426294,0.0,101.18441030319423,-38.077607043042406,2.098017569481657,0.0,76.85131675657667,-32.553874219849355,1.2633750915906816,0.0
126.16551385792793,-10.11122721177633,9.135685952909228,0.0,97.57385308712907,-8.45287283492334,1.1957982959153952,0.0,80.85216177585886,-5.957940554717071,4.324080399471201,0.0,112.2614303024385,-34.20007727459167,1.8930706781545883,0.0,101.81234036787205,-37.77096428756406,2.03998928762838,0.0,76.86107838652751,-32.56005248623936,1.2409489298204708,0.0
126.96086019910271,-10.350601840278166,8.681596501046627,0.0,97.56681598994378,-8.442986296889885,1.2025927038481132,0.0,81.73644885923706,-5.964655791436952,4.362111966277963,0.0,112.30113572775112,-34.18802657939741,1.9007502300981187,0.0,102.41830393602432,-37.451791079450835,1.98747257245261,0.0,76.86786258193834,-32.57008542095156,1.2239403817047805,0.0
127.71824431962615,-10.642585575710735,8.135885977034743,0.0,97.55370491404831,-8.441320892435945,1.2150587162868849,0.0,82.62428620886692,-5.988449224527916,4.4008479665507725,0.0,112.33697558808878,-34.175768360011496,1.9091410351097373,0.0,103.00790632147401,-37.12249374278754,1.9436509339015,0.0,76.87231044628184,-32.58599846868535,1.213220694198153,0.0
128.42974338596932,-10.995880120969487,7.524205148346439,0.0,97.54120042324577,-8.446149200206186,1.2320407430343554,0.0,83.51374997384764,-6.0355879626561455,4.434284104559563,0.0,112.36906882244256,-34.16286123740269,1.916688232931028,0.0,103.58279810233886,-36.78471239148216,1.9107907361975602,0.0,76.87568179110295,-32.60866727309735,1.2080853859473457,0.0
129.0890925365023,-11.4130902527329,6.870167484318139,0.0,97.53725973013967,-8.453681876990906,1.2507537811613432,0.0,84.40080276883876,-6.111589511133281,4.458535919838907,0.0,112.39840994506778,-34.14940444507731,1.9212509449222068,0.0,104.13881986280519,-36.44101640963594,1.890207518556183,0.0,76.87925762972839,-32.637588300768066,1.2065132652610462,0.0
129.6927330479652,-11.890716374727582,6.190706689010331,0.0,97.5481913363545,-8.460876335792896,1.2674041936124851,0.0,85.28086247300637,-6.220299919774654,4.472501875778535,0.0,112.42650240406826,-34.13633121708169,1.9212611340547827,0.0,104.66551076243442,-36.09707363228686,1.8821994970102747,0.0,76.88366724254716,-32.67122546960212,1.2060601088377059,0.0
130.23877207789891,-12.419614691557609,5.4968498904153655,0.0,97.57596930665514,-8.468988356295913,1.278127014423509,0.0,86.14933270787843,-6.363245653625516,4.477794190133782,0.0,112.4546864461914,-34.125264883342126,1.916595712235404,0.0,105.14761391703242,-35.76321524960309,1.8859085391669055,0.0,76.88852774642116,-32.70763823333101,1.204746459132842,0.0
130.72560928044575,-12.984038255978872,4.79918562375087,0.0,97.61724767215493,-8.485671376385787,1.2798383015982804,0.0,87.00161039043209,-6.53910359504934,4.477429226131941,0.0,112.48366754429658,-34.11794271436002,1.9086850680035639,0.0,105.56869227334802,-35.454247472352286,1.89915904397823,0.0,76.89255345936775,-32.74500783150763,1.201436231611245,0.0
131.1517356372615,-13.560079392821908,4.114112713295084,0.0,97.66478899139791,-8.523581742218354,1.270665877168227,0.0,87.8332750386325,-6.7436456645617975,4.473603001032714,0.0,112.51348596076971,-34.115506938600085,1.8999487747342894,0.0,105.91594389481908,-35.186866856282705,1.918453331817929,0.0,76.89405383235228,-32.78182323802835,1.1957120187578205,0.0
131.5169565363415,-14.116078229910627,3.4667826216479014,0.0,97.7107635408239,-8.595141831962472,1.2500989368526092,0.0,88.64055693092276,-6.970823970206583,4.465594383687485,0.0,112.5437196271919,-34.11804634427354,1.8930028357081454,0.0,106.18439131348488,-34.97516355940609,1.9393446728830455,0.0,76.89162947673856,-32.81676131374287,1.1875697362004463,0.0
131.8242130092602,-14.616897762277635,2.8886773409416246,0.0,97.75021314511858,-8.705411554667545,1.219199280028663,0.0,89.42062433890618,-7.214987429238299,4.448868827699139,0.0,112.57365225679813,-34.12459861483793,1.8900049614846157,0.0,106.37863701556752,-34.82593253220838,1.9572299568502025,0.0,76.88483548477136,-32.84852139958133,1.1771978497084223,0.0
132.08060347631695,-15.031648151711996,2.410411948910225,0.0,97.78262523077723,-8.846593875859153,1.1808012662320415,0.0,90.1712579319178,-7.472999315088982,4.415866693201199,0.0,112.60238388455502,-34.13357328297195,1.8922237847235106,0.0,106.5114824847731,-34.735928993898014,1.9682896264513516,0.0,76.87456668359552,-32.87587152126668,1.1649022169144523,0.0
132.29639108861278,-15.341942831073215,2.052500121802198,0.0,97.81060963313669,-8.997473540177019,1.139339944331251,0.0,90.88983679123282,-7.7445674603273265,4.358200850051407,0.0,112.62899063710286,-34.14340344205257,1.8997580049759648,0.0,106.60018653780848,-34.69238214078801,1.970153892879443,0.0,76.86297245223234,-32.89792213006795,1.1510834948152269,0.0
132.481909825072,-15.546719384872205,1.8178484725210087,0.0,97.83669589663712,-9.128790132441772,1.1003374611514154,0.0,91.57190991004306,-8.030065554216229,4.26937581937114,0.0,112.652735590354,-34.15318914487726,1.9113988502414845,0.0,106.66204683804393,-34.676564440952085,1.9620519998908836,0.0,76.85286231890737,-32.91439730835346,1.1361536141504907,0.0
132.64383296531682,-15.661151861666454,1.6893916713092247,0.0,97.86063875271071,-9.212428115433422,1.0699131569520244,0.0,92.20996741702477,-8.326844115708033,4.146829276795474,0.0,112.67321791736266,-34.1630970931191,1.9247694185519624,0.0,106.7109059321863,-34.66890852755062,1.9445352229353556,0.0,76.84678302378596,-32.9256815659547,1.1204069402979933,0.0
132.78288252820818,-15.71046031946349,1.6344901155806264,0.0,97.879059233534,-9.230583358723479,1.0542348300680864,0.0,92.79328404905839,-8.626276721579142,3.9923346353835942,0.0,112.69039152593504,-34.174344762673186,1.9368759759874958,0.0,106.75541909042023,-34.65368255339868,1.9190806346725982,0.0,76.84612121449048,-32.93265360366635,1.103996362488692,0.0
132.89401607460167,-15.72178574994505,1.6149440091368907,0.0,97.88739615380175,-9.181562684774319,1.0582777973113568,0.0,93.30954357087414,-8.913704980020187,3.8107274897430035,0.0,112.7045058650366,-34.188745334306276,1.945006659500768,0.0,106.79909951120077,-34.62174716874637,1.8878229900258177,0.0,76.85058934913553,-32.93648462286073,1.0871131922915502,0.0
132.96873034223387,-15.717059571535202,1.5989310659234057,0.0,97.8826664249325,-9.08034133918204,1.0836966050031958,0.0,93.74812301113607,-9.171895972385627,3.608017666035252,0.0,112.71606323025459,-34.207963808429895,1.9476498326365022,0.0,106.84164705938369,-34.571050774303124,1.8533939758053162,0.0,76.85828614377516,-32.938501234545754,1.0702608796083073,0.0
132.99861248774607,-15.708440238941535,1.570036652604002,0.0,97.86529627887289,-8.953531168306386,1.12691270852088,0.0,94.10378388743214,-9.386395472537,3.390210861270985,0.0,112.72581134121049,-34.23276915861307,1.9450071856806712,0.0,106.88086254684657,-34.50544894152096,1.8186681771847653,0.0,76.86630982911126,-32.94004097369549,1.054364346757012,0.0
132.97900625292132,-15.69740979689571,1.5295341743298865,0.0,97.83907493090281,-8.830409615144438,1.1792452033843688,0.0,94.37903661483176,-9.549874893327445,3.163239155298685,0.0,112.73468728043079,-34.26262428310743,1.938839623007377,0.0,106.91444611194545,-34.43258645428614,1.7863300559617876,0.0,76.87173030882138,-32.942206292752225,1.040520478235326,0.0
132.911448410594,-15.678394978276083,1.4911699456980836,0.0,97.80947126096206,-8.73370481990254,1.2297940671969538,0.0,94.58413144766934,-9.663390254696871,2.933323660226785,0.0,112.74361608216886,-34.29586172690058,1.9316963377690115,0.0,106.94114694812616,-34.361251992911235,1.7584231817666787,0.0,76.87260628808369,-32.94558213671524,1.029444124607231,0.0
132.80442869009326,-15.645800224528282,1.4712702571992695,0.0,97.78144076665251,-8.67403633516673,1.2695795855176026,0.0,94.73481931211124,-9.734609569556937,2.7070339839869604,0.0,112.75318006547104,-34.33040137384868,1.9258838806678167,0.0,106.96105115172709,-34.29853172985561,1.736106130997987,0.0,76.86868747949974,-32.95013569746207,1.0209321296166358,0.0
132.67336951056876,-15.60033672760183,1.4787025420682678,0.0,97.75794746350886,-8.649655379360428,1.294464270330053,0.0,94.84876530298611,-9.774585223750387,2.4909912147189885,0.0,112.76330972714229,-34.3646069092151,1.922703918928903,0.0,106.97516472700363,-34.2474536554615,1.7196600693535782,0.0,76.86152115078588,-32.95546731940555,1.0137373894316308,0.0
132.54008258599768,-15.55033502874528,1.5088130745598773,0.0,97.73980983260401,-8.650308444947413,1.305555601897039,0.0,94.94168493774019,-9.79465547175966,2.2915018555391793,0.0,112.77316232571243,-34.39773518763366,1.9223802173889766,0.0,106.98471599210755,-34.20610276196809,1.7086106427118093,0.0,76.85389169612944,-32.961320706537705,1.0060152343280553,0.0
132.4297119454065,-15.50783258193147,1.5441278141388874,0.0,97.72665867578155,-8.662657103823609,1.3075976926232453,0.0,95.02433542185183,-9.804239704451472,2.1141385278700913,0.0,112.78125780421378,-34.429679381199,1.924667063227112,0.0,106.99064457430336,-34.16880962081354,1.7018379890989124,0.0,76.84877780037986,-32.96802191764477,0.9961335961514148,0.0
132.3635708058634,-15.48347666018857,1.5622081830330536,0.0,97.71823858744933,-8.674955350188487,1.306645158215142,0.0,95.1014038978472,-9.809664650564468,1.9630627159575607,0.0,112.78586009506672,-34.46019886671796,1.9296593440097087,0.0,106.99353589450625,-34.12899412893184,1.6976856514417626,0.0,76.84821850706965,-32.976550766065834,0.9834306368420958,0.0
132.35086652647362,-15.483846608980839,1.5470296756879645,0.0,97.71519786917848,-8.679778353424703,1.3080106400835554,0.0,95.17263344725761,-9.8139891783952,1.8401848268968983,0.0,112.7855687479066,-34.4882338052411,1.9382190454599542,0.0,106.9939095432057,-34.082256992697296,1.6941705538592053,0.0,76.85257924576074,-32.98821668954483,0.9685873457994525,0.0
132.38556623099643,-15.510638223183209,1.4966951239678092,0.0,97.71887638242751,-8.674696946316594,1.3149375020705314,0.0,95.23535553167147,-9.817701631193264,1.744680234809934,0.0,112.78005201241261,-34.511966522581965,1.9517163275196054,0.0,106.9925293249819,-34.02814320031291,1.689364332699343,0.0,76.86058873097055,-33.00414194781553,0.9534809431287314,0.0
132.450860330144,-15.559491296666177,1.4224171173629134,0.0,97.7302353946339,-8.661457270200579,1.328158362322756,0.0,95.2869480530609,-9.819917130712087,1.673293537112892,0.0,112.7707347423989,-34.52996034081477,1.971104075932903,0.0,106.99047053545638,-33.969858383636215,1.681878242777401,0.0,76.87011700551511,-33.024775877749235,0.9405132070898858,0.0
132.5269357675351,-15.619540127846594,1.341077176504582,0.0,97.7486510790919,-8.644396344161038,1.3463267047849774,0.0,95.32620307674144,-9.819541620258263,1.6213466396700706,0.0,112.76106627893114,-34.543134414635155,1.9956027484280714,0.0,106.98893323684366,-33.912446815789075,1.671250006589906,0.0,76.87925406201386,-33.04954098577484,0.9315332089974753,0.0
132.596877146853,-15.676532246114322,1.2673601500523137,0.0,97.77145438356382,-8.628675082319596,1.367039749661707,0.0,95.35353940869146,-9.816015875264982,1.5839801916843985,0.0,112.75599338018053,-34.55682919663241,2.0216171659915965,0.0,106.98893561224551,-33.860615596864925,1.6580307780844947,0.0,76.88717323932721,-33.07664422463847,0.92669168727382,0.0
132.6494187721029,-15.718899670055318,1.2094495680057413,0.0,97.79472188950638,-8.61867910134757,1.3879209757672042,0.0,95.37053509190106,-9.80954966426609,1.5571326998617145,0.0,112.76077641561635,-34.58204428925173,2.042706100131177,0.0,106.99099713861906,-33.81720633868942,1.6435065505325728,0.0,76.89447077350124,-33.10320681220376,0.923768581201152,0.0
132.67965026512854,-15.742618791014472,1.168785078268403,0.0,97.81514083210419,-8.616805252509877,1.4072693031800894,0.0,95.37925949342788,-9.800954765341821,1.5379646717882522,0.0,112.77994919394752,-34.635093024449276,2.051049090645627,0.0,106.99489001883305,-33.78268817458885,1.6291710205371857,0.0,76.90290127501498,-33.12604178736021,0.9185439696969482,0.0
132.68840345142,-15.751818799901974,1.142100770027561,0.0,97.83216094713748,-8.622766113904824,1.4241610524880093,0.0,95.38171292847989,-9.791258416579772,1.5247016833401101,0.0,112.817168050749,-34.73528896772864,2.040071702689737,0.0,106.99957452533002,-33.75549955472068,1.6161985487575574,0.0,76.91460272516663,-33.1433312359431,0.9065488435952354,0.0
132.6803821495653,-15.75561979697615,1.1239835223818542,0.0,97.84940857768208,-8.633342419666574,1.4383502778799473,0.0,95.37954442864277,-9.781303514143133,1.5160850267919521,0.0,112.87593220708344,-34.900845022593664,2.0072698695499316,0.0,107.00344309575632,-33.73282877406066,1.6051633951934612,0.0,76.93107518733838,-33.1570026734643,0.8860176499867887,0.0
132.66146763134645,-15.7634487629718,1.1092246944675281,0.0,97.87460359238165,-8.642341926897506,1.450470864335883,0.0,95.37411343366371,-9.771523565636835,1.5107400336698404,0.0,112.96054266043797,-35.14388494658499,1.9560029306826525,0.0,107.00487893327546,-33.71146767912742,1.5960878478365306,0.0,76.95233149303169,-33.17501105988104,0.8611946056883273,0.0
132.636242832394,-15.780836215029765,1.094529650415497,0.0,97.91784611573382,-8.640708448186095,1.4627426748808228,0.0,95.36681684003057,-9.761995465589674,1.506794568325832,0.0,113.07666283242033,-35.46614057631059,1.8951636155091283,0.0,107.0029278586878,-33.688559603206436,1.5886810035942087,0.0,76.97668842791683,-33.21235910137217,0.8446369154380147,0.0
132.6066867708183,-15.806999883040183,1.0789858796142386,0.0,97.98880950213395,-8.617152346927341,1.4798831712475247,0.0,95.35941252736144,-9.752740554133638,1.5019535228803687,0.0,113.23123607038077,-35.85718304309577,1.8364886095057678,0.0,106.99775079887414,-33.6622285610548,1.582549367102331,0.0,77.00152781852665,-33.28975165677212,0.8571482934306065,0.0
132.57219394007546,-15.834948577563933,1.0631654224904157,0.0,98.0938077436549,-8.559806179547707,1.5096281101257576,0.0,95.35399678121475,-9.744112939069131,1.4939743217386248,0.0,113.43190147387382,-36.29641328501252,1.7906883632807986,0.0,106.99060266426301,-33.63210592048624,1.57727821989595,0.0,77.02500698381422,-33.429359249323745,0.9245618883579247,0.0
132.530355295774,-15.854084810488601,1.0477091520463624,0.0,98.23378263595255,-8.458929309638005,1.5623154272002706,0.0,95.35249019210787,-9.737043602023208,1.4812767292404594,0.0,113.68620913714446,-36.758427234552435,1.7644630855682237,0.0,106.98333179523209,-33.59966658973828,1.5724299096047911,0.0,77.04821695414945,-33.64826102066913,1.071555044608667,0.0
132.4779428925893,-15.854304018662031,1.0325800871513167,0.0,98.40405828422386,-8.309848859688449,1.6492565722098629,0.0,95.35584380330775,-9.732954320204799,1.4634131889930035,0.0,114.00088075223927,-37.21969045902611,1.75984987052923,0.0,106.9776363374423,-33.56819893862691,1.567530387746075,0.0,77.07686849665848,-33.95149562939183,1.3137069246483097,0.0
132.41197604941172,-15.82997294580045,1.0174500079859445,0.0,98.59635340016872,-8.114736769814648,1.780024981837272,0.0,95.3634119714883,-9.733319398738418,1.4412543913435467,0.0,114.38122141841153,-37.663937189543724,1.7756762814303713,0.0,106.97441769525965,-33.54230433315402,1.5620692572255912,0.0,77.12153075392992,-34.327588620365404,1.6499403895131373,0.0
132.3309498532169,-15.782295307339306,1.0026973234866237,0.0,98.80292010723767,-7.882001416396405,1.9593927608155992,0.0,95.3728818119622,-9.739049504854904,1.4168479214761653,0.0,114.83069435528101,-38.08457837376787,1.8096769197846765,0.0,106.97352332537535,-33.52699074366982,1.555533626970865,0.0,77.19603680633688,-34.7491076807605,2.058149767467457,0.0
132.23609464119914,-15.719188515061484,0.9901470601801261,0.0,99.0216405389095,-7.623122948577468,2.1852485401846895,0.0,95.38086294855057,-9.749972445855164,1.392954834474665,0.0,115.35065525770239,-38.483819885224605,1.859889396870674,0.0,106.97400244599692,-33.52651497447109,1.547518119774585,0.0,77.31479738432125,-35.17887009576622,2.4966171253024214,0.0
132.1322139621148,-15.652629520633862,0.9830154362256565,0.0,99.2598399416687,-7.3482120480564515,2.4488129069690183,0.0,95.38394015767157,-9.76463485187504,1.3723424456606157,0.0,115.94022574262809,-38.869296556610294,1.924817819475086,0.0,106.97476233642873,-33.54312237103301,1.537924669755375,0.0,77.49060915236564,-35.57962909839779,2.9120427483334996,0.0
132.02756844941493,-15.59441972726171,0.984957584571994,0.0,99.53441626622953,-7.062523162485047,2.7374776565441703,0.0,95.37985096589172,-9.780514310408757,1.357037370867216,0.0,116.59620975046083,-39.249550012690925,2.002662695809411,0.0,106.97532187506235,-33.5758939095201,1.5271963549857865,0.0,77.73409570187016,-35.923189888300755,3.2520463712945222,0.0
131.9324727404197,-15.552176611026995,0.99837956117711,0.0,99.86726974163302,-6.7658801785064355,3.039136693158757,0.0,95.36844481171207,-9.794606078394281,1.347823290232288,0.0,117.31292052183551,-39.62973248980066,2.090220016285178,0.0,106.97632393177274,-33.62012427671917,1.5164750812740628,0.0,78.0543041734318,-36.19543000881062,3.4777417894841545,0.0
131.8566432832758,-15.527422872576315,1.0225610805621237,0.0,100.27741876318979,-6.455469333747247,3.3458956487662537,0.0,95.35208277332397,-9.804244650396445,1.3441846402855937,0.0,118.08194096321444,-40.00869084902519,2.181899022055582,0.0,106.97958873735247,-33.667818389476004,1.507545350748103,0.0,78.45875548294248,-36.39613832614963,3.5721054512683477,0.0
131.80598876660403,-15.516498105613497,1.0526182392657368,0.0,100.77317746591596,-6.130470172572329,3.6552184431159764,0.0,95.3351766925075,-9.807913378835364,1.344674046144787,0.0,118.8921540539998,-40.378180883613574,2.2690564573271086,0.0,106.9876592871451,-33.70962089310865,1.5024718988823036,0.0,78.95171034975127,-36.53496651596725,3.5419637095048575,0.0
131.78030724147257,-15.513331660333336,1.0801997465875637,0.0,101.34810960355449,-5.795720340093958,3.96795579593432,0.0,95.32283524752313,-9.805716870721103,1.3474941315759263,0.0,119.7305311153967,-40.72435088118166,2.3398697943127544,0.0,107.00293651691074,-33.737671792492726,1.5030119077934536,0.0,79.53113751281519,-36.62577540885326,3.4138752676141184,0.0
131.77333545930236,-15.512312779964782,1.0959124804234115,0.0,101.98296289678682,-5.46203360525274,4.284572901782027,0.0,95.31910139963765,-9.799249993916739,1.35105382685866,0.0,120.58382015012215,-41.030843291021576,2.380186345940489,0.0,107.02665649771558,-33.748072319358556,1.5100581732290212,0.0,80.18629086685954,-36.681442636044224,3.2259407767818438,0.0
131.77533369428,-15.510062495932848,1.0926044935671726,0.0,102.65311954924277,-5.142834501031892,4.601983637015554,0.0,95.3256575835695,-9.79086722450431,1.3543270378998553,0.0,121.44057102894747,-41.28227552615686,2.3756498864327433,0.0,107.0581058525857,-33.74170089681398,1.5233555037391113,0.0,80.89777434978731,-36.71054335910021,3.0184374904649474,0.0
131.77690281222107,-15.505883718239765,1.0681681766951172,0.0,103.33841124846418,-4.849059922046565,4.912876482689201,0.0,95.34169605765119,-9.78269529289749,1.3569202756014302,0.0,122.29249752043535,-41.46695862524811,2.3147280346456025,0.0,107.09446799451953,-33.72314790849685,1.541566682033574,0.0,81.64062046507013,-36.716600051975966,2.826053729555655,0.0
131.7722580976393,-15.501158160863447,1.0264270630095922,0.0,104.03084542766311,-4.585190973933179,5.207716884993491,0.0,95.36492858886129,-9.775869266245422,1.3588590217947765,0.0,123.13449059514522,-41.57840988834937,2.1915866703729723,0.0,107.1314711216367,-33.698614125556276,1.5626318790408984,0.0,82.38931434019923,-36.69977816126461,2.6733754506061924,0.0
131.76069414609498,-15.498101421853761,0.9753978888636254,0.0,104.73683791768983,-4.34840728201438,5.478062312499655,0.0,95.39299014024245,-9.770321626541241,1.3602383846865305,0.0,123.96346041885556,-41.6158481465398,2.0076842528677155,0.0,107.16467388318286,-33.67385935228905,1.5843154311117118,0.0,83.12290639466005,-36.66001927731345,2.5737182995644616,0.0
131.74578605087012,-15.498446325338548,0.9238087657810663,0.0,105.47339449828422,-4.131108295526837,5.71936926417919,0.0,95.42433785611902,-9.765151015729309,1.3609566585097372,0.0,124.77688233703648,-41.58398131943699,1.7715188085332016,0.0,107.19094554426229,-33.65281835714839,1.6047996852240178,0.0,83.82861357157338,-36.600023721350254,2.530310460887428,0.0
131.73281187322053,-15.502670072055892,0.8779102245131725,0.0,106.26048257946175,-3.9254865961533607,5.931993845639553,0.0,95.45824840449102,-9.759297152337153,1.3606743072580194,0.0,125.57189490782638,-41.49221412500791,1.4967443982786364,0.0,107.20960038848827,-33.63702437340816,1.6231444096520793,0.0,84.50312464967357,-36.5266236703704,2.5386673273698133,0.0
131.7257965129939,-15.510065245987109,0.84015091956398,0.0,107.11300972136148,-3.7280221945770977,6.120011574354055,0.0,95.49422794877798,-9.752092939004212,1.3589764454472295,0.0,126.34517074750366,-41.35333997921936,1.1994206731215744,0.0,107.22276321555607,-33.62581637180375,1.63942337719579,0.0,85.15161456529995,-36.44991906833875,2.5894287087363566,0.0
131.72576564873918,-15.519459241893662,0.8097561275155982,0.0,108.03521688920343,-3.5419030892050882,6.288423255176572,0.0,95.53149060859997,-9.74338289034245,1.3556137486517628,0.0,127.09321288175319,-41.1819145552857,0.895256976184374,0.0,107.2347967244408,-33.61722071221178,1.654443574914005,0.0,85.78498719345562,-36.38061988429047,2.6713027820549833,0.0
131.7309308516179,-15.530078897940918,0.7841886003568792,0.0,109.01886217985508,-3.3763758233345946,6.440039205665933,0.0,95.56894022205361,-9.733247277463033,1.3507148655260863,0.0,127.81267656263502,-40.99261181926418,0.5975094855268885,0.0,107.25091243242417,-33.609174028988804,1.6691605338464406,0.0,86.4161395705473,-36.32679821234176,2.773759132513531,0.0
131.73828383083946,-15.542050326958353,0.7605204298717663,0.0,110.04524054127833,-3.243456911274648,6.573561002091848,0.0,95.60558660097902,-9.721683894912989,1.344918946223725,0.0,128.50061897846746,-40.79880554226536,0.3159068207270064,0.0,107.27537568060106,-33.6005484729247,1.6840912240798698,0.0,87.05614964705121,-36.291431940598926,2.8889511015109246,0.0
131.74539459105404,-15.556236098520115,0.73629878119851,0.0,111.09005612815797,-3.1536492063444923,6.683887764017229,0.0,95.64094597485916,-9.70860038658829,1.3393867858718629,0.0,129.15481071512872,-40.611509823885996,0.05663979008242315,0.0,107.30994248426626,-33.59151603655004,1.6990135859471351,0.0,87.71125004524109,-36.27177062011053,3.012417480625171,0.0
131.75140393026197,-15.573449114783664,0.7098905675342397,0.0,112.12935374299103,-3.112624661637316,6.764597953611425,0.0,95.67498532550053,-9.69416127930034,1.3356492828926623,0.0,129.77418322931283,-40.438760244117375,-0.1769160659251341,0.0,107.353170986797,-33.58314397853866,1.713044973034794,0.0,88.38126907399402,-36.2608304240834,3.1425105794654193,0.0
131.75690126441177,-15.59343341446279,0.6804709945044127,0.0,113.14435614975108,-3.1200061771130487,6.811480869173932,0.0,95.70759341653556,-9.679191595689302,1.3352999234732756,0.0,130.35925563240605,-40.28547380601193,-0.3832871891035161,0.0,107.40092578246396,-33.57650869245103,1.7250060424221996,0.0,89.05992733857995,-36.250411111429514,3.278979915951574,0.0
131.76301108029327,-15.614201751643504,0.6479136171938311,0.0,114.12346628118084,-3.17006761187592,6.825527017030249,0.0,95.73804004944333,-9.665250131923655,1.3396010655362787,0.0,130.91225732841687,-40.15371176588041,-0.5622977913669356,0.0,107.44787297985542,-33.57183452761187,1.733910786803884,0.0,89.73697077273032,-36.234288125129396,3.421452123384645,0.0
131.77028210455597,-15.632210378621743,0.6128266489195102,0.0,115.06090092121799,-3.2534153812368105,6.8140634255883565,0.0,95.7649336182473,-9.654207769642948,1.3490965544441664,0.0,131.4367538722277,-40.043107059726225,-0.715056124459652,0.0,107.48933507763688,-33.56813108528518,1.7394157475166292,0.0,90.40157775557512,-36.210154741239904,3.5685479705014167,0.0
131.77792047928082,-15.64344377291616,0.5767937862807404,0.0,115.95310650070637,-3.358855196495286,6.789481936116694,0.0,95.78677966866869,-9.64748916887825,1.3633093964194654,0.0,131.9367883417031,-39.95111270086373,-0.844501005266654,0.0,107.5227539796936,-33.56354010367138,1.7420468230066675,0.0,91.0459331698072,-36.17962425960075,3.7179817664755674,0.0
131.78368393072793,-15.645010654730498,0.5426005329454426,0.0,116.79546692474295,-3.475164968635579,6.7659619304147185,0.0,95.80281205384082,-9.645308652230804,1.380600779560952,0.0,132.41575235277534,-39.87279729596178,-0.9561705083683965,0.0,107.54824458266982,-33.5562201388469,1.7430636620351212,0.0,91.6676750165621,-36.14667895507707,3.867360477134607,0.0
131.7844892716273,-15.636585052432702,0.5140975544641471,0.0,117.58175431925876,-3.5928120249394713,6.755387209672499,0.0,95.81359832164928,-9.646239184759187,1.3983010264947247,0.0,132.87534766555473,-39.80020911549664,-1.0587134406671552,0.0,107.56817813675336,-33.545289375129784,1.7440137205531734,0.0,92.2703388137553,-36.11566202214768,4.015022966273651,0.0
131.77756592405663,-15.62106076517347,0.49552879838783603,0.0,118.3069641928692,-3.7056246613920942,6.763883987153843,0.0,95.82099259527608,-9.64741318245204,1.4132279290760277,0.0,133.31502579643515,-39.72174357620483,-1.1637440276390336,0.0,107.58614898219537,-33.5313005674457,1.7462700723239486,0.0,92.86175012928125,-36.089894796097525,4.160397434958545,0.0
131.76181937754245,-15.604053195805696,0.4904877562911114,0.0,118.97178709871777,-3.8121639772115534,6.7899303966949285,0.0,95.82733446084917,-9.64550013262593,1.4225753050205423,0.0,133.73212668868217,-39.62223696196986,-1.2848166352410377,0.0,107.60582504885453,-33.515992155495,1.7508632300213396,0.0,93.45111794315972,-36.071357248830694,4.303722323215894,0.0
131.7388958054998,-15.592259391325317,0.5008625214868303,0.0,119.5857691334765,-3.916279746589513,6.824211641235515,0.0,95.8343449457564,-9.638188477683734,1.4248891230408631,0.0,134.12263683780222,-39.48444985044482,-1.435470981009189,0.0,107.63004478526034,-33.5015095409813,1.7586118678219975,0.0,94.04605149637105,-36.06100936258028,4.445223002623717,0.0
131.71331957527906,-15.591127489387889,0.5260874383073233,0.0,120.16691854861965,-4.026417177448443,6.850921052638777,0.0,95.84253807108897,-9.625385989336097,1.4206453928622178,0.0,134.48226237640918,-39.29214499847838,-1.6265084353304466,0.0,107.66027999218015,-33.48961971453691,1.7702299029567712,0.0,94.65065483118237,-36.05891623245412,4.584009963499311,0.0
131.69128418942972,-15.602770680853816,0.5628867602690342,0.0,120.73741144154934,-4.153750997464474,6.850215991101001,0.0,95.85164447955248,-9.609269850297247,1.4120560389946064,0.0,134.80751098883528,-39.03429600312247,-1.8629611139431486,0.0,107.69644232563707,-33.48137465332429,1.7861147949670926,0.0,95.2652175068811,-36.063784768605885,4.717230375250116,0.0
131.6783926763423,-15.625284259460514,0.605633320282875,0.0,121.31699794988636,-4.309751163838454,6.801657048036622,0.0,95.86168498841565,-9.592987041945957,1.4021727753544067,0.0,135.09661494981444,-38.70940423983369,-2.1415470718041245,0.0,107.73702680206173,-33.477244190905026,1.8058926347442004,0.0,95.88720658137788,-36.07235903464543,4.840147123317848,0.0
131.6774631223684,-15.654024276964927,0.6474022648994282,0.0,121.91688852124281,-4.503893944514511,6.688277043263559,0.0,95.87376947885784,-9.578799770121625,1.393785295493979,0.0,135.35020215657943,-38.3285966883957,-2.449601607309022,0.0,107.7796248808701,-33.47732499928558,1.8281323886102872,0.0,96.5128216693338,-36.07941570898891,4.947427393238939,0.0
131.6876347442631,-15.684083954781542,0.6815867021936466,0.0,122.53681628539577,-4.741991136651166,6.500473671754928,0.0,95.88999441907725,-9.566913794153756,1.3886235832042022,0.0,135.5715622160762,-37.91603027619504,-2.7663257550426765,0.0,107.82174121985332,-33.48123629150473,1.8506066261717677,0.0,97.13841545448308,-36.07860909431301,5.035090196344504,0.0
131.7051772246623,-15.712360477104788,0.7036023858302372,0.0,123.16656979143569,-5.0254026898360395,6.2385850970608905,0.0,95.91257976924504,-9.555720850585702,1.387026683868907,0.0,135.76630194524517,-37.50528877072859,-3.0665482784233156,0.0,107.8616416488309,-33.48772080843243,1.8710628814073829,0.0,97.76131707742435,-36.063778506479174,5.101992560270055,0.0
131.7253730874723,-15.738085874433537,0.712053500415875,0.0,123.79117043874692,-5.351316301021177,5.913123108235417,0.0,95.94282564074344,-9.543204055807237,1.3879896298309706,0.0,135.94128248520778,-37.13159820733686,-3.326235681721945,0.0,107.89885936432411,-33.49437998048957,1.8880302799927957,0.0,98.37985430382153,-36.03010261739428,5.15001310220638,0.0
131.74445775196662,-15.761836466261812,0.7088750568534525,0.0,124.3971179330734,-5.714025473557083,5.542296935496739,0.0,95.98035603549603,-9.528587587286687,1.3895529764387131,0.0,136.10297521533107,-36.82200096781866,-3.5282415406655643,0.0,107.9341256294359,-33.498033764794364,1.901145510706348,0.0,98.99267371786122,-35.97464601806318,5.18296663763695,0.0
131.76086193401645,-15.783839078991885,0.6983258674631223,0.0,124.97674756840249,-6.106600898545194,5.147523683595975,0.0,96.02283742155124,-9.513319760846212,1.3895361185420878,0.0,136.25571073285548,-36.58769925158268,-3.6665840582621474,0.0,107.96876286094621,-33.495864900540276,1.9108547345167697,0.0,99.59776315484919,-35.896189573640164,5.204856043287608,0.0
131.7754203850208,-15.80267249138696,0.685231957589707,0.0,125.52897418216948,-6.521958220006507,4.748564657404154,0.0,96.06622347308962,-9.500949177371439,1.3864021619696416,0.0,136.40058569811694,-36.42261759328232,-3.7477311619853673,0.0,108.0038029280253,-33.48697754469517,1.917753313233229,0.0,100.19179087604387,-35.794561995705465,5.217932632076092,0.0
131.79058700231963,-15.815302628396928,0.6733655961474305,0.0,126.05673431834545,-6.952596557013645,4.3600497616788285,0.0,96.10553623693633,-9.496004928841703,1.3798521607423275,0.0,136.5357546543783,-36.3094905383156,-3.7879366856456205,0.0,108.03921370386249,-33.473605169049435,1.9220139565335348,0.0,100.77037127998244,-35.66978119803092,5.220810593366117,0.0
131.809092011731,-15.818644918048907,0.6648106530527684,0.0,126.56299196020667,-7.389160533080664,3.9903479206731367,0.0,96.13610136633716,-9.502395961718971,1.370885797518163,0.0,136.65833121004601,-36.23114531859785,-3.8069248384945737,0.0,108.07360698033295,-33.46123294860013,1.9232776506159635,0.0,101.3294564134082,-35.52123564830409,5.207135210459475,0.0
131.83273882652406,-15.811698576653837,0.6603229074833212,0.0,127.04746420703553,-7.818870307066498,3.6426305786721516,0.0,96.1549767882019,-9.522004238510634,1.3613922847298614,0.0,136.76738672845673,-36.18224751148484,-3.8199982523810636,0.0,108.10461021388171,-33.45734274926349,1.9210517085992098,0.0,101.86726730699507,-35.34715421390201,5.165673238227205,0.0
131.8618430003788,-15.796689015367317,0.6597981839855027,0.0,127.50541066965401,-8.225201937795845,3.3172040708281507,0.0,96.16208351866526,-9.55401600633865,1.3534898966249695,0.0,136.8669533096857,-36.17655734408051,-3.831751271783684,0.0,108.12978827330517,-33.46904465612522,1.9152990291028207,0.0,102.38552943715369,-35.144720717349955,5.082512030196948,0.0
131.8953031359227,-15.77837283151152,0.6622302241320934,0.0,127.92861019861972,-8.589742497810274,3.0139833890532017,0.0,96.1603774091241,-9.595162088938906,1.3487846997633515,0.0,136.96778419394252,-36.24637063269055,-3.8337210505331125,0.0,108.147779336551,-33.50027987512644,1.9068152767963245,0.0,102.88886535741369,-34.91113082419101,4.945229978121768,0.0
131.93101089675443,-15.762099028004094,0.66556132499516,0.0,128.30767384028186,-8.895992872236995,2.7342174843877336,0.0,96.15461308172466,-9.640623305737071,1.3477776278419498,0.0,137.0869935860295,-36.43359855425054,-3.8059182260467397,0.0,108.15922669105278,-33.549561541840845,1.8971785169245337,0.0,103.38210625160684,-34.64556387632845,4.747877065221115,0.0
131.96638656318555,-15.751849383860415,0.6669726781944281,0.0,128.63447536605713,-9.13361657693428,2.481004916672692,0.0,96.14907132863826,-9.68516892568286,1.349775271821386,0.0,137.24538726512313,-36.77488216424712,-3.720536613342671,0.0,108.16708758829071,-33.60932845399674,1.888279776206172,0.0,103.86649352096003,-34.35159416248316,4.494888756311626,0.0
131.9989329624796,-15.748886274868797,0.6634594289500075,0.0,128.90378461292434,-9.301149997451109,2.258609936889128,0.0,96.14556621107822,-9.72417977239037,1.3533918693792835,0.0,137.4628559468692,-37.28473291639376,-3.5469554605175118,0.0,108.17601957293456,-33.66762096432469,1.8816184055123468,0.0,104.33658095852174,-34.039135295674754,4.202043070212836,0.0
132.02668667408625,-15.751065576199922,0.6523482471199049,0.0,129.11391376654822,-9.405992859365,2.071022774906969,0.0,96.14312072888835,-9.754347288363743,1.3571642793977006,0.0,137.75264715392788,-37.94075742641952,-3.2593984326749634,0.0,108.19089602188821,-33.71177786750754,1.8777219081549763,0.0,104.77965631592026,-33.72470019974081,3.893550012499869,0.0
132.04846425679338,-15.753121934181836,0.6318676389337359,0.0,129.26679844019554,-9.461987688949296,1.9204217267718926,0.0,96.1395331205256,-9.773947134038135,1.3597313983681598,0.0,138.11632646695105,-38.67587792009916,-2.849081213187004,0.0,108.21497247837978,-33.7327029515454,1.8760710907150866,0.0,105.17848935587052,-33.42897862853812,3.5961740547669834,0.0
132.06394875436635,-15.748524142057239,0.6020758750978317,0.0,129.3679703626436,-9.485861963150768,1.8060780162159746,0.0,96.1335674874709,-9.782740239375087,1.3596707820781653,0.0,138.54233452839003,-39.38436378592799,-2.33814547582155,0.0,108.24849070839741,-33.727846319112395,1.875614153451643,0.0,105.51649487731963,-33.171978634485605,3.3328512633467895,0.0
132.0737645023995,-15.73285872058746,0.5659103802247465,0.0,129.4264127544117,-9.493715576882039,1.7240085682704809,0.0,96.1260573882811,-9.781667519715823,1.3556059068758248,0.0,139.0096161368666,-39.94514174049679,-1.7850211640307965,0.0,108.2883678516261,-33.70171501836529,1.8755392495631877,0.0,105.78303922024642,-32.96767862314108,3.118224071303949,0.0
132.07951486280254,-15.707328857347859,0.5293263357210218,0.0,129.45387210055105,-9.49816452790846,1.6675507160807959,0.0,96.11919851290523,-9.77248864599995,1.3469018642289292,0.0,139.49342741572883,-40.2541032837397,-1.270823585604603,0.0,108.32912928563445,-33.66393314587721,1.8757932579014724,0.0,105.97668940251799,-32.820673187534375,2.9569662857104753,0.0
132.08353952758182,-15.680000946998126,0.4997394088428102,0.0,129.4632699768299,-9.506435564962793,1.6288502543833623,0.0,96.11478315469991,-9.757503690596987,1.3345214796584823,0.0,139.96866453325742,-40.249808111668365,-0.8699542531484141,0.0,108.36468993532932,-33.625845298597795,1.877035360856631,0.0,106.10549468860823,-32.726055244099214,2.8443819947597344,0.0
132.08835088807177,-15.663026916712216,0.4836088095714448,0.0,129.46637697726808,-9.5197379342554,1.600825373648263,0.0,96.11282205980973,-9.739478128493376,1.3212807974351115,0.0,140.4103327097798,-39.92511913862023,-0.6214100078087785,0.0,108.39028698391522,-33.5970015338704,1.8801350474400014,0.0,106.18466305058861,-32.672030516353,2.768605349226501,0.0
132.0960826145738,-15.666484756112524,0.48490204582530616,0.0,129.4714993755194,-9.534247250989086,1.5787654041677222,0.0,96.111483271079,-9.721678210900725,1.311155714726418,0.0,140.79526881493322,-39.32814767174687,-0.5164060428055901,0.0,108.40387627954753,-33.58263661478545,1.8855992705252973,0.0,106.23259235702959,-32.64383925530663,2.7140843088354725,0.0
132.1081711922924,-15.692290597112258,0.5047400362027243,0.0,129.48215547661374,-9.543645420160896,1.560821006140019,0.0,96.10818917475771,-9.70765694226315,1.3079877650094804,0.0,141.10758541957577,-38.55472936842619,-0.5075615988682589,0.0,108.40652680830661,-33.58274101204214,1.8932582253555008,0.0,106.26645552152515,-32.62754105246933,2.665841060843043,0.0
132.12512281891117,-15.732308401127376,0.5410042862597972,0.0,129.49734193819174,-9.542382565954608,1.5472819921856615,0.0,96.10097499629906,-9.700508949485998,1.3142429311577875,0.0,141.34436598900623,-37.728860348922844,-0.5334512595166849,0.0,108.40173737485219,-33.592756510897985,1.9023093577203074,0.0,106.29865236920361,-32.61265273873793,2.613348322990463,0.0
132.14632991728715,-15.77216965557902,0.5878501236716165,0.0,129.51320856509122,-9.528275615066448,1.5392060325596795,0.0,96.0892473612351,-9.701780055009591,1.3302457360699833,0.0,141.51560701197872,-36.97178545047131,-0.5439870148022514,0.0,108.3940414341527,-33.60547691008454,1.9116352483064531,0.0,106.33516752160523,-32.593244455120434,2.5526235568936393,0.0
132.17022231030168,-15.79826549176018,0.6367895293599908,0.0,129.52531351767695,-9.503382761218743,1.5371355718859423,0.0,96.07368094128387,-9.710649468140673,1.3539574412656332,0.0,141.63753277299455,-36.37183058780426,-0.5136556158938035,0.0,108.38749761259872,-33.61352041217535,1.9202287497802129,0.0,106.37611362274035,-32.56766253232745,2.485800327210109,0.0
132.19483655831442,-15.803532192079109,0.6799523219471819,0.0,129.53050593350522,-9.473116266527349,1.5403300272113611,0.0,96.05562006927222,-9.72398468669998,1.3812485379652326,0.0,141.72475306472182,-35.96872638117399,-0.4408857408897191,0.0,108.38454264813505,-33.6117520748342,1.927535462764732,0.0,106.41789209201177,-32.53734660947537,2.4185736884787232,0.0
132.21841110841027,-15.789335444164205,0.7135498413532453,0.0,129.52783441796984,-9.444421050114977,1.5465540608407728,0.0,96.03658182026378,-9.737398635557737,1.4066600438592118,0.0,141.78634361308505,-35.7554713700806,-0.3402162168547065,0.0,108.3854052272039,-33.599101936406676,1.9335644204717592,0.0,106.45592995647279,-32.50525727115053,2.356818484395321,0.0
132.23958438558267,-15.763432405283385,0.7387705715165893,0.0,129.5184141959727,-9.423984922947906,1.5523011461031508,0.0,96.01822998202675,-9.746853161743928,1.4246073125998393,0.0,141.82629598070824,-35.691748054398396,-0.2332868029142876,0.0,108.38813634389138,-33.57926784219997,1.938754729933171,0.0,106.48695686493414,-32.47439661013322,2.3039662383932082,0.0
132.25732628109338,-15.735516677600542,0.7595342678994452,0.0,129.5046280134709,-9.41700180901676,1.553388315454706,0.0,96.00270221857257,-9.750010399856322,1.4307912363301671,0.0,141.846062797797,-35.72180490482799,-0.14107652729903108,0.0,108.38928832225761,-33.55993511150326,1.943733202595375,0.0,106.51013886254381,-32.446830911584705,2.260239083266802,0.0
132.27113484260747,-15.71234404833744,0.7792936502124714,0.0,129.48921563813298,-9.426461753385823,1.5459396925867335,0.0,95.9927329088234,-9.746648528020707,1.4234145529245268,0.0,141.84708116116371,-35.79149679749913,-0.0781889043478543,0.0,108.38514660432203,-33.55050081351764,1.949115895366985,0.0,106.52694210733986,-32.42341350294208,2.223657369389546,0.0
132.28167026486335,-15.694430923140763,0.7993310328160845,0.0,129.47467870727763,-9.452681223856045,1.5276639143742603,0.0,95.99101900099018,-9.738022734658344,1.40384099557523,0.0,141.83225824970728,-35.86044717561117,-0.049861804108136454,0.0,108.37319674759172,-33.558812180433236,1.9554326313817647,0.0,106.54012396910996,-32.404083422544495,2.191684653327126,0.0
132.29143884357805,-15.675732369244244,0.8193342753155708,0.0,129.4631075593551,-9.492932320841424,1.4990226824529405,0.0,95.99885864131781,-9.725702878125476,1.3765269153268882,0.0,141.80625641220064,-35.90703457828611,-0.052191852262403415,0.0,108.35335548999628,-33.58795098188205,1.9631769213556183,0.0,106.55246654237646,-32.38839197348589,2.1623732455716755,0.0
132.30511806738585,-15.646362947993776,0.839657839427181,0.0,129.45623777227627,-9.541381621303723,1.4636906019400833,0.0,96.01480512135649,-9.710648700003574,1.3481599954264745,0.0,141.77483959107917,-35.92656882363592,-0.07512930205852086,0.0,108.32844397729308,-33.6343629430241,1.9728817305701085,0.0,106.56577397564735,-32.37590523092394,2.134669989031144,0.0
132.3294654746539,-15.596869622243847,0.8639622114791443,0.0,129.4554330969589,-9.58973588818828,1.4278980106409715,0.0,96.03431392802392,-9.692964971351188,1.3259653376871974,0.0,141.74371744889856,-35.92525100010836,-0.10666617589093264,0.0,108.30353278856919,-33.688382063739056,1.9850833297171135,0.0,106.58044151996702,-32.36627840492188,2.1081770332525487,0.0
132.3729793712864,-15.522043343920707,0.9007602801081802,0.0,129.4614096039269,-9.628772712494769,1.3987647762212454,0.0,96.05092469507403,-9.672282243787828,1.315429919394548,0.0,141.71737895286162,-35.91320758607259,-0.13638519936162297,0.0,108.28429012781238,-33.737361620885316,2.0001756482559294,0.0,106.5956686694924,-32.359014196222084,2.0827595932778085,0.0
132.4454945995735,-15.423226987083515,0.9633200999620826,0.0,129.4737780497655,-9.650437921879568,1.3822310620586755,0.0,96.05867930887335,-9.64843444760437,1.3182947443694406,0.0,141.6983188906157,-35.89915322558671,-0.157357113339053,0.0,108.2750904510647,-33.770485891063814,2.0182801573312155,0.0,106.61014294671818,-32.353138649089466,2.0582303225787477,0.0
132.5575593478753,-15.308264082094153,1.0675419108451312,0.0,129.49070810344895,-9.649844613107353,1.3813337009280087,0.0,96.05472039882162,-9.622079399327927,1.3319084109917014,0.0,141.68684437643725,-35.88780357501343,-0.166460904338388,0.0,108.27784315533603,-33.783533136702275,2.0391224435785738,0.0,106.62283077641288,-32.34712174596206,2.034202585173439,0.0
132.7192089309256,-15.187334610007165,1.2273212105658438,0.0,129.50905095888697,-9.626593770817681,1.3953254170253881,0.0,96.04079534678002,-9.594939828132024,1.3503589727024092,0.0,141.68143803022718,-35.87982606569546,-0.16380980316920457,0.0,108.29206634126561,-33.78190900089984,2.0617201542753048,0.0,106.63349559539758,-32.339229176242306,2.0101298835549652,0.0
132.93844287096024,-15.065032923350868,1.4495741454608506,0.0,129.52507020386457,-9.585146198181507,1.4197692089097274,0.0,96.02286086082822,-9.569443873238374,1.3667113220687561,0.0,141.67952754866906,-35.87337508090492,-0.15197392536113163,0.0,108.31607551029086,-33.78102612901956,2.0838562303831036,0.0,106.64275635857014,-32.32820147576411,1.9854973736825574,0.0
133.22014435283202,-14.933246977596788,1.732070893169487,0.0,129.53559955722548,-9.534122058215312,1.4475308045517696,0.0,96.00888691558103,-9.547882942502486,1.375215634856188,0.0,141.67844208024937,-35.86609629881844,-0.135313076326101,0.0,108.34877730772361,-33.80398143457123,2.101798964824866,0.0,106.65176751547628,-32.313927507431536,1.9600926132768794,0.0
133.56567917270738,-14.770284922043842,2.0646261183263004,0.0,129.53913098263095,-9.484409852616029,1.4705177672138863,0.0,96.00582486251673,-9.531623472800149,1.3727399256990402,0.0,141.67627059028908,-35.85666865678037,-0.11926932688532865,0.0,108.39147612910247,-33.87711220344219,2.110973292550373,0.0,106.66175215676006,-32.2977458477691,1.9342357815457394,0.0
133.97312388507387,-14.547732080362888,2.4329781986110266,0.0,129.5362874485892,-9.44624673311018,1.4818612465022856,0.0,96.0171002220515,-9.520935990582423,1.3592296083593212,0.0,141.6723161253854,-35.845377987267526,-0.10929917373936249,0.0,108.4490743915728,-34.024392042868406,2.107816291956329,0.0,106.67359645340126,-32.28216081319722,1.9088041827022177,0.0
134.4380389886619,-14.241685347377262,2.8248871176690287,0.0,129.52945794964043,-9.42611770380316,1.4779249642703718,0.0,96.04169482345597,-9.515498474279829,1.3372171253740106,0.0,141.6670191798381,-35.83375763867473,-0.10944404317645962,0.0,108.53006420663512,-34.26186775933686,2.092095911269425,0.0,106.68761505723634,-32.27001231341372,1.8849285166989187,0.0
134.95422923181226,-13.843482726988682,3.235725997773784,0.0,129.5218257170534,-9.424844576420549,1.4593266126091038,0.0,96.07504302025875,-9.515072160391622,1.3105298770727103,0.0,141.66150710768656,-35.82372612516708,-0.12102646222546909,0.0,108.64501148277056,-34.593553280740934,2.0683533983768942,0.0,106.70352615563331,-32.26339738784383,1.8634501017216571,0.0
135.51398239511136,-13.36609933846524,3.6684595313389927,0.0,129.51625509131492,-9.43786958518008,1.430474300003267,0.0,96.11109868427702,-9.519763027491766,1.282688975169437,0.0,141.65700933405702,-35.81674485962252,-0.14211294485267345,0.0,108.80392579178675,-35.01026847239342,2.045463382661561,0.0,106.72063088555588,-32.26281060255019,1.844488317027574,0.0
136.10856797695675,-12.842897144003368,4.126137825681491,0.0,129.51443913361936,-9.457535735823285,1.3978978026854847,0.0,96.14454668859715,-9.529616503440968,1.2557817714812298,0.0,141.65433796281494,-35.81333214746732,-0.16806540169713458,0.0,109.01368607906491,-35.492279366219414,2.0343997228463877,0.0,106.73812329623063,-32.266932040044246,1.827432574802387,0.0
136.73043512548142,-12.31725829479578,4.602687264271681,0.0,129.51652022451665,-9.476090683860704,1.3682264004068596,0.0,96.17234058026025,-9.543666888753865,1.2303619216962947,0.0,141.65366464825837,-35.812977990876874,-0.19300457914006763,0.0,109.27695072930501,-36.014951681978594,2.0453010854790357,0.0,106.75537439749165,-32.273205175579754,1.81128859728409,0.0
137.3766893240247,-11.827699600919534,5.080710588959299,0.0,129.52122716419044,-9.48804911093583,1.3465576265187682,0.0,96.1942645060134,-9.558862369282137,1.2062999475817886,0.0,141.6547250262523,-35.814371928138996,-0.21168792767962863,0.0,109.59326254129734,-36.554934059051995,2.08506921324863,0.0,106.77203364253408,-32.27896091041057,1.7950551311989251,0.0
138.05101369620212,-11.397346472179418,5.538294454679759,0.0,129.5264533269136,-9.491245456441161,1.3354924291359715,0.0,96.21266402383438,-9.569511565104293,1.1840337795742073,0.0,141.65725499370015,-35.81589256064947,-0.2211898229222431,0.0,109.9616848790774,-37.09422936226375,2.1560681112384454,0.0,106.78792986315955,-32.28257918844712,1.7779490909172022,0.0
138.7617634595837,-11.032510153967234,5.958563621228073,0.0,129.5301067441706,-9.486636866788643,1.3348273912928423,0.0,96.23167253743861,-9.5678081203733,1.1656014129439516,0.0,141.66122966096125,-35.816279981977836,-0.2217815446571798,0.0,110.38336180621624,-37.62108306869274,2.2558194276995875,0.0,106.80291950822466,-32.284161262084574,1.7595361273339556,0.0
139.51699616868697,-10.72775749554421,6.33510722056999,0.0,129.5309592809262,-9.477324802970717,1.3418813924482738,0.0,96.25624572888647,-9.545474287091533,1.1549698676308928,0.0,141.6666057315539,-35.81527115825899,-0.21664419720359085,0.0,110.86259938638445,-38.128428453050006,2.377422540927471,0.0,106.81685436563968,-32.28541132866686,1.7398970660307196,0.0
140.3193153831076,-10.472434308072287,6.671371267895918,0.0,129.52914402471382,-9.467354769424945,1.3524302059136986,0.0,96.29124709349111,-9.495972301142114,1.1573496965605319,0.0,141.67269925107075,-35.813868073091186,-0.21048133600234564,0.0,111.40604641478883,-38.61140557667888,2.5105836099712855,0.0,106.82971042362016,-32.28876986741596,1.7198540801477602,0.0
141.1631336634978,-10.255773280357626,6.976101787145625,0.0,129.52603430127914,-9.460633254956498,1.3620412524196706,0.0,96.34074228947915,-9.416422510278315,1.1775449144480952,0.0,141.6777528533612,-35.81394249849061,-0.2074759997617388,0.0,112.02049665459157,-39.06521709422829,2.6432354867936514,0.0,106.84176866553149,-32.296139684669384,1.7010129440798742,0.0
142.0352939564837,-10.069956043051842,7.257857440524942,0.0,129.52354652723315,-9.459972509318971,1.3673648042591342,0.0,96.40758229789608,-9.30836464635638,1.218000546677354,0.0,141.67929637689485,-35.817148284676094,-0.20932411978017207,0.0,112.71028438292055,-39.48395374007915,2.763591472023995,0.0,106.8536805172321,-32.30774282551688,1.6851941428930033,0.0
142.91842240404318,-9.911195219946709,7.520942426902657,0.0,129.5232518751292,-9.466275096086795,1.3669255834610592,0.0,96.49339418224345,-9.176804825266563,1.2776800823786338,0.0,141.6753659557357,-35.82360827158697,-0.21433672076335242,0.0,113.47524234690142,-39.86051467509081,2.862207549202915,0.0,106.8662977879791,-32.321709146352134,1.6732874976464274,0.0
143.7956356142681,-9.77918476457596,7.7641616904098125,0.0,129.5257621264138,-9.478214238439016,1.3612308344350623,0.0,96.59917437601074,-9.02764785281722,1.3526992280541972,0.0,141.66576912291248,-35.83124839911629,-0.21838049989179886,0.0,114.30991251592962,-40.18742482848288,2.933514327299479,0.0,106.88028221866331,-32.33476028708369,1.6644780272616941,0.0
144.6550075381377,-9.67568390833637,7.982742364003704,0.0,129.53063433372148,-9.492744362691656,1.352339285977017,0.0,96.72642307783698,-8.86439651959882,1.4387824985590978,0.0,141.65230752737352,-35.836442770342195,-0.21728596086590635,0.0,115.2041574366621,-40.45813652523929,2.976448755921929,0.0,106.89569479881109,-32.34376877643091,1.6567103243992083,0.0
145.49226462529973,-9.603117087855733,8.17251497122841,0.0,129.5367542253248,-9.506170375801078,1.343153879984369,0.0,96.87820006853879,-8.685580361114681,1.534645080869879,0.0,141.6377891802189,-35.83568803626821,-0.20913060500347136,0.0,116.14472499201533,-40.668361036250545,2.994132145395552,0.0,106.91183198881335,-32.34740450288896,1.6479380663848389,0.0
146.31081337278485,-9.563856959980601,8.334340600805985,0.0,129.5429839675298,-9.51519671159043,1.3365936040235074,0.0,97.05926742001755,-8.484553402426556,1.6447632656406004,0.0,141.62471095340382,-35.82720427808811,-0.19501789504945144,0.0,117.1170948039692,-40.81710607044962,2.9928433761954043,0.0,106.92742409802088,-32.34699547622936,1.637070006990026,0.0
147.119236509249,-9.560245886334126,8.476451015507394,0.0,129.54879680698548,-9.517760606116102,1.3347410791491274,0.0,97.27495909011527,-8.252739576116538,1.7798698653492782,0.0,141.6143989634029,-35.81160360209992,-0.17844052428946888,0.0,118.10702726187459,-40.90725211615601,2.9806822527611185,0.0,106.94112334073594,-32.34620067042448,1.6242806992861958,0.0
147.92696997269596,-9.594626547751158,8.613227155594505,0.0,129.55463492818916,-9.513758609997787,1.338178612858142,0.0,97.52923458599903,-7.985812680419861,1.9540831699407626,0.0,141.60672734141414,-35.7915727554514,-0.16413271134680585,0.0,119.10138599158901,-40.94551670391937,2.966191795360956,0.0,106.95212811012671,-32.34972195813801,1.6110481299475623,0.0
148.73885508599727,-9.668498564818162,8.760464912201382,0.0,129.56180783273834,-9.50545010675316,1.3457856692632468,0.0,97.82296419704178,-7.690193423783546,2.1789133101867915,0.0,141.60035005082776,-35.77091083512211,-0.15683936854490987,0.0,120.08809748310418,-40.94154323399191,2.956932623231456,0.0,106.9607273382751,-32.36161796832751,1.599994874037332,0.0
149.54968878588792,-9.780369058153989,8.928685789910405,0.0,129.5718935499321,-9.496859446934565,1.3550883648552716,0.0,98.15350401036002,-7.3861111365897285,2.456115919639064,0.0,141.59352681905912,-35.75326165583137,-0.1598753611560646,0.0,121.05558062033529,-40.90596076940392,2.957900957338394,0.0,106.9684552752444,-32.383783875564525,1.5940022337999,0.0
150.34113764843093,-9.922494337891589,9.11739953589021,0.0,129.58580652899022,-9.49189589111257,1.3630113619106528,0.0,98.51610586327573,-7.1047003328683624,2.7726013161147467,0.0,141.58541474974552,-35.740882480748155,-0.17361194910957956,0.0,121.99236199392728,-40.847744906129705,2.9699960151081157,0.0,106.97760160359981,-32.41506096540722,1.5944506536268346,0.0
151.08365994373435,-10.077921142518157,9.313695533679288,0.0,129.6029358147686,-9.492223608621131,1.3668210764325313,0.0,98.9068828184198,-6.879881372156989,3.1003867222384347,0.0,141.5771240858459,-35.733838480799335,-0.19459168587090936,0.0,122.88758576887761,-40.77162980124705,2.9893627738704023,0.0,106.99022527700619,-32.451307472873474,1.599888273641497,0.0
151.7437511523582,-10.220637832272761,9.49665241009118,0.0,129.6208884259271,-9.496500577816995,1.3650164725588922,0.0,99.3260241641426,-6.73874916413426,3.402699742812171,0.0,141.5717383501254,-35.729992402105054,-0.2160138633769897,0.0,123.73258946232284,-40.676555684780745,3.0085250027663406,0.0,107.0072895123311,-32.48651206695296,1.6066753902183528,0.0
152.29372075508977,-10.321020012346569,9.645362518203386,0.0,129.63612779869084,-9.501396154524183,1.3577963689411554,0.0,99.77921791185612,-6.694574985637146,3.644718167188275,0.0,141.57324959077766,-35.72593601439357,-0.22968827411588144,0.0,124.5230889453033,-40.556297661839174,3.019171196046539,0.0,107.02844208282326,-32.51464837642929,1.6111193596382716,0.0
152.72049769723867,-10.355451405000396,9.746334834055828,0.0,129.64525734693117,-9.503363840672252,1.3468124884132475,0.0,100.27573213693901,-6.744512663710649,3.805284621549104,0.0,141.58503491010154,-35.71853863570327,-0.22862154405352264,0.0,125.26141069063287,-40.40275149319426,3.0154593973825374,0.0,107.05240034792696,-32.53157081212997,1.6111806732201543,0.0
153.0315145548445,-10.315765338566493,9.797599432594517,0.0,129.64636414153907,-9.50011693346188,1.3343665808429712,0.0,100.82340297953411,-6.871659720155311,3.8851398347134083,0.0,141.60843009133436,-35.706433393576056,-0.2091896823085122,0.0,125.95826457084242,-40.21076256830467,2.9967569032608576,0.0,107.07759799793402,-32.53618549898051,1.6068517894179593,0.0
153.25692037769363,-10.21379827028532,9.80947943049577,0.0,129.63989829481181,-9.491422335356608,1.32257951905477,0.0,101.4226958279431,-7.0496232240652095,3.9081674138556632,0.0,141.64180133202575,-35.69074524037524,-0.17251082447070942,0.0,126.6331935725111,-39.98233770882386,2.968925767224592,0.0,107.10282741749954,-32.530577095042304,1.5997562005812433,0.0
153.44701407435562,-10.078932046992092,9.802640187712838,0.0,129.62876869480579,-9.479128265993984,1.3129481009993995,0.0,102.06285814210845,-7.247481829059815,3.914626245927776,0.0,141.68065989281027,-35.67455199139296,-0.12476212721217728,0.0,127.31248048139855,-39.72830789046262,2.9433496832006014,0.0,107.12767609860882,-32.51929008738692,1.5927040933812382,0.0
