LF_x,LF_y,LF_z,LF_w,LM_x,LM_y,LM_z,LM_w,LH_x,LH_y,LH_z,LH_w,RF_x,RF_y,RF_z,RF_w,RM_x,RM_y,RM_z,RM_w,RH_x,RH_y,RH_z,RH_w
-41.95922125130909,-23.277179170633044,1.8424629197040208,0.0,-73.0766611676708,-12.620067237631865,1.839257973706749,0.0,-83.35478550878356,-9.389567167998345,5.98217146742101,0.0,-56.32506064046188,-38.58140272499003,-0.14117095438892946,0.0,-69.67807253728103,-36.87889851374444,1.1036394342512938,0.0,-96.68223050817927,-36.41073272730215,2.1580321705221603,0.0
-41.90005556988407,-23.353451403369018,1.7906490135329776,0.0,-73.0659296901038,-12.593011783260348,1.8374908469668974,0.0,-82.54516513837612,-9.742015908023955,5.675542589484566,0.0,-56.31066526190572,-39.34446973446488,0.03889695795506398,0.0,-69.68308118868914,-36.880910532578525,1.1053205604896021,0.0,-96.67647809698208,-36.44452089884171,2.1628232677143107,0.0
-41.857896842179414,-23.42628092756006,1.7437868484367218,0.0,-73.05964324926789,-12.56943049751663,1.8363965220452947,0.0,-81.74705903730661,-10.08401241852693,5.397767699590085,0.0,-56.293818934220205,-40.110253449563494,0.24459626145936397,0.0,-69.68932097396362,-36.88435544161135,1.1063468487219605,0.0,-96.67150234682188,-36.473127254392615,2.164400134748048,0.0
-41.842190020214076,-23.49201070776855,1.7039139521625035,0.0,-73.05963193747701,-12.552947324643654,1.8362709643734636,0.0,-80.97303851562457,-10.391011524469015,5.141304540431662,0.0,-56.27445716003232,-40.863844094784184,0.4684540989897634,0.0,-69.69845592071106,-36.89013041312093,1.1065743954801182,0.0,-96.66737738090984,-36.49351860648501,2.1614092764895414,0.0
-41.85449826384529,-23.548006698884997,1.6706937221324036,0.0,-73.06523668322181,-12.545922395790853,1.8380491961734187,0.0,-80.23623479908919,-10.64589297638285,4.900675455853731,0.0,-56.24611018899926,-41.59296278902944,0.7046668578951625,0.0,-69.71169855553718,-36.898528833253216,1.1059384201309772,0.0,-96.66401365736688,-36.50555167585281,2.1543285985290623,0.0
-41.88881668234774,-23.5935786920924,1.6415026080276682,0.0,-73.07339135151435,-12.549581647057085,1.8428307271684101,0.0,-79.55211178115307,-10.840667487194,4.672546434324973,0.0,-56.194058114213256,-42.28756337643698,0.9506886266106722,0.0,-69.72932953563564,-36.90901493268185,1.1042777689276235,0.0,-96.66075980878854,-36.51140190912865,2.144941255361923,0.0
-41.93474240903415,-23.630131102262666,1.6122831382148952,0.0,-73.07975323390404,-12.564419145632836,1.851189600707766,0.0,-78.9382747392205,-10.976717077011081,4.454330574387356,0.0,-56.09628896927246,-42.938869121829256,1.2070269638726785,0.0,-69.75038051220885,-36.92025727534265,1.1012984048559886,0.0,-96.65623504591599,-36.51428943661192,2.1353535901763756,0.0
-41.98138212791158,-23.660048601611955,1.5791455060103754,0.0,-73.08060818519762,-12.590146995299857,1.8627300609669,0.0,-78.41151788546334,-11.06365696223865,4.242782768796378,0.0,-55.92702310272996,-43.538945251108814,1.4755027274190127,0.0,-69.77269092178683,-36.93044856741676,1.0965171477922624,0.0,-96.64901491822191,-36.517310576929695,2.1269865255947895,0.0
-42.02015603070536,-23.685109870798023,1.5402814521028692,0.0,-73.07470555332242,-12.625105436708001,1.8762351232208623,0.0,-77.98330785546112,-11.116891275573998,4.033667202849076,0.0,-55.66209338504026,-44.08109673240851,1.757314017187399,0.0,-69.7934283840574,-36.93785467353962,1.0893464587657604,0.0,-96.63882327711407,-36.52262371762047,2.120042046079517,0.0
-42.04611684105628,-23.705790458948705,1.497383261543387,0.0,-73.06387789822055,-12.665972650851348,1.8903712613570285,0.0,-77.65625097433436,-11.153982419248933,3.8228199767745163,0.0,-55.28507282503728,-44.56051514395472,2.052150399250168,0.0,-69.80991684985021,-36.94150058108884,1.0797865920357044,0.0,-96.62698936391709,-36.53089298629972,2.113843980372284,0.0
-42.058289140616466,-23.721605469488946,1.4557209169097138,0.0,-73.05199293564941,-12.708436113277923,1.9044858686487238,0.0,-77.42348151161907,-11.190344065206022,3.607978686297624,0.0,-54.79236812836844,-44.97486563376927,2.358099347993674,0.0,-69.82036729533009,-36.941688750350835,1.069286917101401,0.0,-96.61565482024474,-36.54111361825241,2.107765742248727,0.0
-42.059299078708754,-23.731499757384206,1.4223532939559842,0.0,-73.04306684616338,-12.748322475090792,1.9188820082302147,0.0,-77.27100853000773,-11.235498174094998,3.3901963338860917,0.0,-54.194924527195425,-45.325003149689756,2.671385336327406,0.0,-69.82415607964519,-36.939920325382126,1.0604453333940729,0.0,-96.60674463234857,-36.551091423728614,2.1018388026965376,0.0
-42.05426373229459,-23.733950050172705,1.4029431065029954,0.0,-73.03976092617586,-12.782267237559015,1.9343408135900102,0.0,-77.18166824603878,-11.291594012413837,3.17410351640188,0.0,-53.515211954208,-45.61548767838691,2.985818232539655,0.0,-69.82167533958867,-36.93818601741231,1.0554145535543498,0.0,-96.6016974224364,-36.55849230546426,2.096570185234391,0.0
-42.04902460620282,-23.727352645131667,1.3987894391159568,0.0,-73.04271476064382,-12.807838382250107,1.9514079062045901,0.0,-77.13907515804462,-11.355169397439967,2.96706225131069,0.0,-52.780767757851,-45.85404848306019,3.2924585904817825,0.0,-69.81405169937078,-36.93805875174573,1.0544869561806998,0.0,-96.60167175153337,-36.56206628833771,2.092312830992226,0.0
-42.048063007230276,-23.71087096597574,1.4058008527646688,0.0,-73.05042225223879,-12.823791465315452,1.9702605426118023,0.0,-77.13032561978417,-11.42127815689639,2.7776172838040925,0.0,-52.017477713064,-46.049614763078544,3.5798480331547733,0.0,-69.80292444703979,-36.940047646637915,1.056088603941685,0.0,-96.60740049646334,-36.56271471107175,2.088688452894189,0.0
-42.052778025860064,-23.685115170477815,1.416015585652568,0.0,-73.05943169978732,-12.83062375865204,1.9912487003675103,0.0,-77.14672625062164,-11.487539301881313,2.613724796577957,0.0,-51.24540970302766,-46.20949274862518,3.834723547800417,0.0,-69.79023234094535,-36.94348590525773,1.0581631294551386,0.0,-96.61840744483953,-36.56415612267047,2.0842799645941756,0.0
-42.061035365814725,-23.65214816533143,1.4208174138916618,0.0,-73.06513906951979,-12.830686855031608,2.0153019677413457,0.0,-77.18238217580478,-11.555731466565474,2.4811713421458226,0.0,-50.47787856968813,-46.33686390161339,4.042854225446364,0.0,-69.77789468816137,-36.947017749311115,1.059900613572628,0.0,-96.63209123151493,-36.57292654122962,2.0766168399649914,0.0
-42.06844986900637,-23.61510082315181,1.4141949643060503,0.0,-73.06341812431937,-12.827298385001948,2.043571447079561,0.0,-77.23125413062851,-11.630104721401405,2.3823481627009873,0.0,-49.7224512877641,-46.429500230712414,4.189836507526811,0.0,-69.76740101967093,-36.949483491867376,1.0623159910070683,0.0,-96.64354871318474,-36.59761111290331,2.0624877023996824,0.0
-42.07079700356427,-23.577938484472686,1.3946263589063257,0.0,-73.0525516214097,-12.823212637652126,2.076589682851873,0.0,-77.28435785402255,-11.71349004924691,2.3154770274476952,0.0,-48.98238620112778,-46.47983543840142,4.262081836888475,0.0,-69.75945830422744,-36.95084673028541,1.0669497204966252,0.0,-96.64652035006712,-36.64757432190624,2.0387972314745593,0.0
-42.06628772356672,-23.54553207136737,1.3651761907156974,0.0,-73.03421647381404,-12.81948913830537,2.1136445399718866,0.0,-77.32935312284637,-11.803623760660573,2.274757166878322,0.0,-48.25812860836217,-46.47610724971968,4.248114667253301,0.0,-69.75384495767038,-36.95292704473419,1.0737916676158683,0.0,-96.6347785326231,-36.73162296874049,2.0042276112748993,0.0
-42.05669681224125,-23.523856348706218,1.3323245417878695,0.0,-73.01275506310373,-12.815487786935725,2.152689888552242,0.0,-77.35364531107801,-11.89212477517352,2.251866343993843,0.0,-47.54914833160418,-46.40425320246471,4.139807237817729,0.0,-69.74951022144514,-36.95977733879558,1.0801869866151108,0.0,-96.60299855439698,-36.85685967058919,1.9613686764163862,0.0
-42.046903163845045,-23.519770590530378,1.3041359376290647,0.0,-72.9933511001847,-12.8096385042146,2.1907813611374056,0.0,-77.3496272747678,-11.96690701950221,2.238262261217365,0.0,-46.85583857320976,-46.25022896106691,3.9331655746253293,0.0,-69.74485090443379,-36.97730439594963,1.0810661542470044,0.0,-96.54717332812533,-37.02775650465081,1.9180912725246024,0.0
-42.042976180173866,-23.539513165892004,1.2881195933127092,0.0,-72.98036984499048,-12.800136997257237,2.225042374878143,0.0,-77.31892773805117,-12.01655418807771,2.2270489350580505,0.0,-46.180683080229215,-46.00232191081855,3.6287865022258963,0.0,-69.7380284430356,-37.01165233716637,1.0699698296801579,0.0,-96.46526164999527,-37.24536372661747,1.8869320576658044,0.0
-42.049597991408696,-23.585802629814616,1.289195288056911,0.0,-72.97640678464047,-12.785254612146527,2.254017236768787,0.0,-77.27300454850534,-12.034192389847249,2.21372826000281,0.0,-45.52837259250615,-45.65297284957149,3.232320900594159,0.0,-69.72715885788526,-37.066367560077,1.041016611893987,0.0,-96.35795945143494,-37.50674070351958,1.8823847454833178,0.0
-42.067998749041585,-23.655208373691668,1.3081742667450502,0.0,-72.98164477059942,-12.76351766375068,2.278816246312557,0.0,-77.22957972326172,-12.019206998896841,2.1960737007415556,0.0,-44.90524698760237,-45.199799379129296,2.754954603105995,0.0,-69.71033100162703,-37.13907036933985,0.9918716074667469,0.0,-96.22871695423119,-37.80515530855921,1.9172489323483237,0.0
-42.095389932104375,-23.738222858609156,1.3410917956508257,0.0,-72.99291117679502,-12.73404369493139,2.3031990964770035,0.0,-77.20658940407644,-11.976668043217671,2.1737211296708328,0.0,-44.31861740458698,-44.64594052794081,2.2135812986240992,0.0,-69.68568925779017,-37.218978593095336,0.9264566298396542,0.0,-96.08251170804652,-38.13166881687897,1.9997283203254828,0.0
-42.12618844598275,-23.822635888111286,1.380048383846587,0.0,-73.00228342996449,-12.697179650628108,2.3321132875398725,0.0,-77.21625307550102,-11.915337545539513,2.147890026394487,0.0,-43.77629618996551,-44.00029316275011,1.6303288663671793,0.0,-69.65196052625583,-37.28715040398565,0.855589916968686,0.0,-95.92372686589107,-38.47794346937416,2.132579556710674,0.0
-42.154338456926844,-23.8978489411656,1.4159247109462978,0.0,-72.99590125381272,-12.65531244259621,2.3691151348462434,0.0,-77.26137359990487,-11.8453098784624,2.1211855647520927,0.0,-43.28625806201021,-43.278282183763125,1.0313082768329362,0.0,-69.6094998719367,-37.32102303519503,0.7947540083925126,0.0,-95.75395519174195,-38.83901738145007,2.3144780995485927,0.0
-42.17537616018752,-23.957162242003058,1.4416947129382223,0.0,-72.95436217721375,-12.613148812404962,2.41402341685777,0.0,-77.33472761289892,-11.776045594720642,2.097047280499824,0.0,-42.85592269570248,-42.50315953279512,0.4446686152013939,0.0,-69.56126311461003,-37.30274220964264,0.7596735153523699,0.0,-95.57059432194009,-39.21430363034219,2.542498204885465,0.0
-42.18730318334003,-23.99750447029499,1.4542555270849409,0.0,-72.85587408765286,-12.57656544732908,2.462386499072835,0.0,-77.42129370481402,-11.715179662483198,2.078602408755417,0.0,-42.49051833949675,-41.706883390335804,-0.10193257925672228,0.0,-69.51267941626094,-37.22770784719237,0.7611919007401564,0.0,-95.36681485270086,-39.60566183543083,2.813977513041751,0.0
-42.190449552612,-24.018304115073416,1.454196590449719,0.0,-72.68193237772046,-12.550032303844453,2.5074583650530853,0.0,-77.50252680872501,-11.668077201609496,2.067384145620986,0.0,-42.190713825764284,-40.92923160603202,-0.5843456335628936,0.0,-69.46983047393914,-37.108474151969034,0.8010422715360583,0.0,-95.13293982653786,-40.01287839732438,3.126433121489722,0.0
-42.187082783774585,-24.02101900356516,1.4446198671722037,0.0,-72.42368172375903,-12.533822311583426,2.543838480169149,0.0,-77.56160378142268,-11.637727447420074,2.062769889424061,0.0,-41.950694966637855,-40.21419974925799,-0.9849694751312263,0.0,-69.43657260441505,-36.971409549043436,0.8700926749141367,0.0,-94.85875861752632,-40.42855445008927,3.4753637150162664,0.0
-42.18108596336686,-24.009394981471463,1.4300432972653496,0.0,-72.08643238006712,-12.522436379808674,2.5708891238337843,0.0,-77.5881609068771,-11.62454653791794,2.062542686721482,0.0,-41.75814918330494,-39.60376272339277,-1.29481458147459,0.0,-69.41230568891487,-36.84775754439975,0.9503425329484987,0.0,-94.53601645717048,-40.835272081162735,3.8510968062675737,0.0
-42.17729252757384,-23.989599517413282,1.4154178962828503,0.0,-71.69008013764646,-12.504967314300266,2.5941906887680775,0.0,-77.58088012104044,-11.626131294015348,2.0641384984096387,0.0,-41.59681702136365,-39.130409568969306,-1.5136586930414673,0.0,-69.39199715007568,-36.76348431799329,1.0206137147704073,0.0,-94.16016288639901,-41.20725690275303,4.236669063858734,0.0
-42.18001444605498,-23.96945996800575,1.4049693227732583,0.0,-71.26409597997346,-12.467221987258082,2.6244163663115074,0.0,-77.54699316141324,-11.63744934560973,2.0657692876879388,0.0,-41.450810767956774,-38.81063560547727,-1.6483026433444632,0.0,-69.36873845929694,-36.73190521077265,1.063908963604712,0.0,-93.7304810329617,-41.516572920930216,4.608513490860416,0.0
-42.19114203645827,-23.956755815333423,1.4010679593749078,0.0,-70.83746307724772,-12.39453457866694,2.674467028815723,0.0,-77.4991488586662,-11.651822922862936,2.0669279537725025,0.0,-41.308806644309264,-38.64116558021327,-1.709974864398987,0.0,-69.3374527332111,-36.75103128616983,1.0732138509697116,0.0,-93.2484209189513,-41.74127789280467,4.940369841445836,0.0
-42.20903876603647,-23.957276224420877,1.403724704748928,0.0,-70.4264864230073,-12.2737682080496,2.7565714484154977,0.0,-77.45109843495133,-11.662544824180163,2.0682642558333537,0.0,-41.1663288573822,-38.598679313701695,-1.712170672440939,0.0,-69.29756339254328,-36.80580535501936,1.0530529730757028,0.0,-92.71524031536242,-41.871773765679336,5.209115767359233,0.0
-42.22919814703283,-23.97347521147084,1.4110881569534008,0.0,-70.0256529205572,-12.093794247623128,2.8806278657398376,0.0,-77.41369249511011,-11.664598333945328,2.0710291272222214,0.0,-41.02544613142948,-38.64312573668009,-1.6695203087861703,0.0,-69.25313240209695,-36.87407989372912,1.0163430686424775,0.0,-92.13074022825101,-41.912754888422945,5.400316661164492,0.0
-42.246334936197535,-24.003941396205448,1.4206662294520918,0.0,-69.60665464264063,-11.845448680113817,3.053860689957567,0.0,-77.39217132295676,-11.655903019367242,2.0762784966736554,0.0,-40.89239048535446,-38.72433757579908,-1.5972926621890462,0.0,-69.21069254221857,-36.93401291138838,0.9786121974623416,0.0,-91.494080641931,-41.88064078417759,5.511611679908324,0.0
-42.2565490204803,-24.043478187267016,1.4304209399101033,0.0,-69.12726264579781,-11.52296781806891,3.281048064949621,0.0,-77.38527698602604,-11.637643013656403,2.084062545262414,0.0,-40.77432427828557,-38.79112698090768,-1.5106660119129547,0.0,-69.17632276441525,-36.97014149766627,0.9525184180124562,0.0,-90.8060524742535,-41.79829420150652,5.553029029752821,0.0
-42.25838606221581,-24.083952224004708,1.4390172852788776,0.0,-68.54675175994326,-11.127986448372102,3.564424791661298,0.0,-77.38633009204669,-11.613548865823656,2.09301459396036,0.0,-40.67659006596862,-38.80127946297853,-1.4232922168666562,0.0,-69.15351175586441,-36.97630845750261,0.9445885331292665,0.0,-90.07114266008217,-41.68925944716965,5.544363242658012,0.0
-42.25262962174074,-24.11641992931682,1.4454951514690197,0.0,-67.84164158660477,-10.674587929436619,3.902482020993104,0.0,-77.38586957500482,-11.588457329545312,2.1008113529724213,0.0,-40.60121217977437,-38.73017191505483,-1.3455566537322277,0.0,-69.1424421129122,-36.95525247414232,0.95465927980689,0.0,-89.29797222934451,-41.573129996056544,5.510640501300827,0.0
-42.2414739990201,-24.134400125767733,1.4494046910167295,0.0,-67.01596687978588,-10.191281709905134,4.287491480835433,0.0,-77.37490222799111,-11.566750488765331,2.1054537922274577,0.0,-40.54651527496582,-38.57547419501598,-1.283407663134815,0.0,-69.14048755745195,-36.91591148052834,0.9775428201251639,0.0,-88.49795397980861,-41.462852090895154,5.477168039477201,0.0
-42.22778353226539,-24.13683407246372,1.4516324756312766,0.0,-66.1021601359792,-9.716058229468622,4.703100832558134,0.0,-77.34763650821283,-11.551167449368329,2.1065074021467165,0.0,-40.50736699941192,-38.35599144740499,-1.2381571282234471,0.0,-69.1434160164243,-36.86980704420656,1.00584239898261,0.0,-87.68326614627703,-41.364229590405714,5.465399755985926,0.0
-42.21468026384144,-24.128732219358394,1.45465278501948,0.0,-65.15121068481139,-9.285477408789175,5.124650736717602,0.0,-77.30289304242338,-11.542203888063725,2.1053312396336263,0.0,-40.47607746111612,-38.10455847763998,-1.2069019670193395,0.0,-69.1468482607799,-36.82755770118901,1.0326565496024713,0.0,-86.86534087946826,-41.27737124319137,5.490172978460317,0.0
-42.20529540949122,-24.118749838140175,1.4613553022016053,0.0,-64.21552861939251,-8.924306009116021,5.523760497818482,0.0,-77.24393919589248,-11.538149918200167,2.104181953667606,0.0,-40.444312544298064,-37.85733781238683,-1.1833117382481042,0.0,-69.14757098515736,-36.79624175922345,1.0533801169740205,0.0,-86.05411254012667,-41.19913019441913,5.558441092123848,0.0
-42.20239144664195,-24.11512657337271,1.47349359679008,0.0,-63.33263252066257,-8.641871769406062,5.875517351717376,0.0,-77.17701351169507,-11.535736198112172,2.1049518496829194,0.0,-40.40563035860038,-37.64326521078743,-1.1591361436047745,0.0,-69.14429751198044,-36.778178996324684,1.0664227252274685,0.0,-85.25754352333945,-41.12527121180112,5.669411648955855,0.0
-42.207603298466346,-24.12255189886841,1.4911824157443512,0.0,-62.51696062046682,-8.435234658491918,6.164726580026096,0.0,-77.10918134866648,-11.53120870353987,2.108337911652967,0.0,-40.3575082797614,-37.477242333164774,-1.126649861014922,0.0,-69.13762072239385,-36.77137441199189,1.0728307863060458,0.0,-84.48107951310648,-41.05163412960755,5.815654834560439,0.0
-42.2203502896831,-24.14148350727998,1.5134866752076253,0.0,-61.761139705272456,-8.294887675445551,6.3887102951911325,0.0,-77.04632797139107,-11.52149369573857,2.113714234717598,0.0,-40.302047579778595,-37.359472429566736,-1.0811998692676585,0.0,-69.12922863462722,-36.771271798807646,1.0749818464637375,0.0,-83.72709783914014,-40.9744148342408,5.98457488868338,0.0
-42.23705620479905,-24.16942213885944,1.5391083380389166,0.0,-61.04312880850287,-8.209471551297334,6.5561314491341856,0.0,-76.99198684147115,-11.505101985615044,2.119573058942567,0.0,-40.24513727180118,-37.28109599801793,-1.022222091114477,0.0,-69.12077655215825,-36.7729616975983,1.0750445830820183,0.0,-82.99460005306402,-40.8900805046849,6.1599722342832965,0.0
-42.2515203545266,-24.202701594307662,1.5665235110942515,0.0,-60.335079478923454,-8.168659453378513,6.682685961768604,0.0,-76.94734387818761,-11.482541706952365,2.124271121587821,0.0,-40.19410352857248,-37.23365311585954,-0.9518851895735949,0.0,-69.11299493259857,-36.77291380957692,1.0740956488530884,0.0,-82.27942380310863,-40.79531614202989,6.323859090165552,0.0
-42.25658736959914,-24.237753873692473,1.5937936158179742,0.0,-59.611572205519415,-8.164709567497368,6.785321415239725,0.0,-76.912253417617,-11.456160242506794,2.1267950461092067,0.0,-40.15438914883777,-37.21830132807075,-0.8723175107136356,0.0,-69.10551396788642,-36.76969744630266,1.0722716366050964,0.0,-81.57515350741376,-40.68714843238739,6.4587106702499195,0.0
-42.24632310953325,-24.27146230780665,1.618466745202797,0.0,-58.85618501058742,-8.193032689954315,6.876972448527028,0.0,-76.8866174116665,-11.429472717949277,2.127266417539836,0.0,-40.12649476009793,-37.250751082218635,-0.7832553305931587,0.0,-69.09744034831755,-36.76373731557388,1.0696120876216995,0.0,-80.87463166083006,-40.563222601529475,6.550041029488661,0.0
-42.21769039196899,-24.30076246541159,1.6376719640385229,0.0,-58.065357516937354,-8.251656892202835,6.963400701762044,0.0,-76.87125072529241,-11.406126067764674,2.126981606654459,0.0,-40.10444161224587,-37.35943135939326,-0.6812715431776297,0.0,-69.08819028773334,-36.7565514501487,1.0668974764964219,0.0,-80.17167152002122,-40.42211618847985,6.5889718973749805,0.0
-42.1712622378599,-24.322148406380585,1.6484843516654752,0.0,-57.24837846918522,-8.339633137518586,7.042732973430917,0.0,-76.8675645293648,-11.388703036953054,2.127937145248376,0.0,-40.07633197210665,-37.57716328088706,-0.5604292105017201,0.0,-69.07790624063443,-36.74995897724212,1.0659157230527008,0.0,-79.46254318874995,-40.26359828993885,6.574326038100157,0.0
-42.11107047689967,-24.33184234483129,1.6487476641804495,0.0,-56.42327922223545,-8.455245645582943,7.107252366784965,0.0,-76.87605196629367,-11.377684046310362,2.1319660256564266,0.0,-40.02670499340104,-37.929347663809025,-0.4135509249785816,0.0,-69.06716326171508,-36.74550555323853,1.068967116299099,0.0,-78.74704384932701,-40.08892536097403,6.513509675194047,0.0
-42.04378239000216,-24.326846064074243,1.638139568698925,0.0,-55.61028503605954,-8.595380096645464,7.1463503751782955,0.0,-76.89441121809253,-11.371041280165784,2.1397611271628474,0.0,-39.939795125517875,-38.42268927729613,-0.23383688039475992,0.0,-69.0563268158152,-36.74406650333313,1.0778100213139563,0.0,-78.02908542155872,-39.90135660073955,6.421292922208657,0.0
-41.97725601094981,-24.306299902824332,1.6186655027643315,0.0,-54.825707109689255,-8.756676060327663,7.1493962180289605,0.0,-76.91665926260352,-11.364859669080056,2.150210170453164,0.0,-39.80270582268444,-39.037703657313514,-0.01749660518563978,0.0,-69.04525283497644,-36.74549595785331,1.0925623349083313,0.0,-77.3165338196681,-39.706710665436354,6.316141322222773,0.0
-41.91860114685166,-24.27222851303175,1.594007727895475,0.0,-54.07851433951903,-8.937693179145048,7.107542083560523,0.0,-76.93424229570759,-11.354879000541441,2.1605258415319923,0.0,-39.60769398151263,-39.72723325630548,0.23207425379353275,0.0,-69.03365425573313,-36.748349207307434,1.111184656495709,0.0,-76.61989805912134,-39.51317812759479,6.215002341327979,0.0
-41.87227247869126,-24.229178584503515,1.5682035862663462,0.0,-53.36990526350559,-9.140650714363431,7.014043446423544,0.0,-76.93899887667631,-11.338286512583913,2.167382012997207,0.0,-39.353057833107044,-40.42251669736096,0.4998922379394841,0.0,-69.02174703982163,-36.74991727408803,1.1299416969095333,0.0,-75.9498845692441,-39.329592697452306,6.1284619128569116,0.0
-41.83902605332902,-24.183008451297574,1.5446412741344329,0.0,-52.69473853925309,-9.371854894065756,6.863421540377445,0.0,-76.92665997113457,-11.315019545458856,2.1686120230124413,0.0,-39.042758271466,-41.046478352979655,0.7582029988774952,0.0,-69.01048548917768,-36.7468170672246,1.144709867936621,0.0,-75.3145825398002,-39.1623490038201,6.0579371300257385,0.0
-41.81628317670681,-24.139415503865315,1.5257875033044073,0.0,-52.04361958735767,-9.640902231476971,6.650522915736288,0.0,-76.89917417339055,-11.288253256538429,2.1644704120900666,0.0,-38.68556862600759,-41.53026947139355,0.9713556073049467,0.0,-69.00108847278332,-36.73610892720874,1.1524605143307074,0.0,-74.71734884410776,-39.01228582053131,5.9953036068537475,0.0
-41.79967235301867,-24.10265284424807,1.5133639118346807,0.0,-51.40524808880559,-9.959155129278113,6.370806320226488,0.0,-76.8646676254414,-11.26407041236422,2.157637500415394,0.0,-38.29431911661294,-41.826702019614665,1.1055799355706863,0.0,-68.99418341553363,-36.716563984916654,1.152139982617646,0.0,-74.15606017516664,-38.87301623241587,5.924458670111703,0.0
-41.7848895043692,-24.074804033880216,1.5085464575239893,0.0,-50.76915555821295,-10.337621536751685,6.022610816198789,0.0,-76.83486922419496,-11.250229188095378,2.1519998467361496,0.0,-37.8848868718913,-41.91602937513723,1.138899266072908,0.0,-68.9891635777321,-36.68954580571687,1.1446973563774314,0.0,-73.62384726543472,-38.731421460872305,5.824476976891193,0.0
-41.769000204916125,-24.055928195963855,1.5119168472510243,0.0,-50.128640981070006,-10.783830915178644,5.6108673874925605,0.0,-76.82086799153733,-11.25390338715035,2.1509867606438196,0.0,-37.47435503581217,-41.803952265139294,1.066696353802227,0.0,-68.9841610598556,-36.65907423578546,1.1326769431747046,0.0,-73.11115480102391,-38.57020989651181,5.6743967449539205,0.0
-41.75082957467757,-24.045018804228356,1.5231286709767868,0.0,-49.483074204562584,-11.297446959131488,5.150424841505022,0.0,-76.82881641221039,-11.27882392771864,2.156294236581676,0.0,-37.07857941448128,-41.51497332466071,0.9016369323093958,0.0,-68.97669165192121,-36.630901840315,1.1197795216757953,0.0,-72.60884003014493,-38.372086096881766,5.459295381130923,0.0
-41.7306645295567,-24.04121796943237,1.5404997544870085,0.0,-48.83870353888421,-11.865570301982121,4.666717827501647,0.0,-76.8574340677111,-11.323073270055751,2.167378665069288,0.0,-36.710086098556914,-41.08485302548766,0.669494420549368,0.0,-68.96477330415713,-36.61080504308004,1.110189907155691,0.0,-72.11174204281272,-38.124970263935886,5.176148243426031,0.0
-41.70972055267388,-24.044594847830393,1.560816393845716,0.0,-48.20781659960639,-12.460269693035693,4.192429477689694,0.0,-76.8986114407002,-11.37884639515013,2.1817410050936132,0.0,-36.376931940700565,-40.55483122923093,0.4032444064569294,0.0,-68.94809775026512,-36.602708561251625,1.1073240791849575,0.0,-71.62162965133794,-37.82727575570287,4.836862507521515,0.0
-41.68969756876611,-24.056170392951234,1.5795200302396193,0.0,-47.606835231716204,-13.041195014434301,3.7608577517482713,0.0,-76.9409757122694,-11.434440156085635,2.195953424687117,0.0,-36.08243774081785,-39.968479659517456,0.13712587360093842,0.0,-68.92862074447416,-36.6074497225076,1.112333605296575,0.0,-71.14800350935919,-37.491204639094114,4.46621784276617,0.0
-41.672515575861986,-24.07736212878681,1.5913500504808482,0.0,-47.05406859383321,-13.56395260644254,3.3985807752437953,0.0,-76.97465373905541,-11.477479824596811,2.2072395394124733,0.0,-35.82543970984371,-39.37021565388789,-0.09857584896324312,0.0,-68.91004178274329,-36.62271769488176,1.1232834816800334,0.0,-70.70575008484685,-37.141426528079556,4.095054209654396,0.0
-41.66013079089083,-24.10921801782584,1.5914949235471685,0.0,-46.567456956760374,-13.991389977461122,3.1201567144924907,0.0,-76.99484590477606,-11.498007988286542,2.214978589299381,0.0,-35.600984440189876,-38.80347125452706,-0.2816953915070286,0.0,-68.89625724552609,-36.64412236462158,1.1356266438830165,0.0,-70.31049368348697,-36.80832587206158,3.7522253330118627,0.0
-41.65421056226198,-24.151713828409946,1.5771557158188099,0.0,-46.162178539251876,-14.302998792334556,2.926089675075243,0.0,-77.00266661972874,-11.490601746895123,2.22121864620847,0.0,-35.40171700393456,-38.30697519728636,-0.4008358244421881,0.0,-68.8895717995467,-36.66682513487082,1.1437765587912878,0.0,-69.97413127831759,-36.518752416217716,3.459124943083765,0.0
-41.65549468635679,-24.203206633230216,1.5490065949036218,0.0,-45.847965039699446,-14.498782604880036,2.803966111194441,0.0,-77.00327988100831,-11.45538554060691,2.2297036357882494,0.0,-35.22011785241366,-37.90938321772831,-0.4559379340231171,0.0,-68.88964101382265,-36.686973133296505,1.1429832043983001,0.0,-69.70245414856039,-36.28898412319054,3.2276220377862384,0.0
-41.662965078388275,-24.25998236261341,1.5116316126275446,0.0,-45.62651764280384,-14.596778142245395,2.732352102485911,0.0,-77.00261633496454,-11.398058339420386,2.2438564944587025,0.0,-35.051192893307594,-37.624311759492855,-0.45669655752629446,0.0,-68.89366198635548,-36.70240324447218,1.1307307048852735,0.0,-69.49474079639474,-36.12244080048874,3.0599023845720392,0.0
-41.67326054325612,-24.315853461687162,1.4722089973685666,0.0,-45.490060885733016,-14.625944993392546,2.68670759139971,0.0,-77.00436594252471,-11.32892039871567,2.2648461754424503,0.0,-34.89466191297738,-37.44829270689747,-0.41947078130373505,0.0,-68.89757603785617,-36.71256017602681,1.1073409116565909,0.0,-69.3443425341575,-36.01152945506917,2.9492497020536454,0.0
-41.680793948719426,-24.36210832947269,1.437690694684008,0.0,-45.42210953808687,-14.6174576858825,2.6456511747531444,0.0,-77.00850137895759,-11.260843023505128,2.2907707651146634,0.0,-34.7555743914572,-37.363008527362325,-0.3635619917414914,0.0,-68.8975387658306,-36.71796603303592,1.0758638244159773,0.0,-69.23998094331782,-35.94182476177974,2.882088826869161,0.0
-41.67875628880599,-24.388539656076045,1.411884638212408,0.0,-45.40071428203243,-14.59744015680021,2.5954257986476055,0.0,-77.01166653616954,-11.206450119042394,2.3172756091680125,0.0,-34.64271373185698,-37.34124167728158,-0.3074524312737825,0.0,-68.89101412770697,-36.71966473843708,1.041348777832173,0.0,-69.16798660112921,-35.89704020376676,2.841541440038391,0.0
-41.66086789023569,-24.38605373329447,1.394249736032565,0.0,-45.403238270304726,-14.583060982133349,2.53125430603645,0.0,-77.00892835383196,-11.17523159476858,2.339172968777868,0.0,-34.56503294066304,-37.35435497199888,-0.2653900321014522,0.0,-68.87733634776603,-36.7188892362247,1.0095286071054606,0.0,-69.11519534549261,-35.86344330876356,2.81176145225165,0.0
-41.623490734457725,-24.350268811076784,1.3813243653171945,0.0,-45.41089337418152,-14.582243028178652,2.4557930750209493,0.0,-76.99600260037144,-11.171472910102107,2.35228851839239,0.0,-34.5274045052208,-37.37862472396332,-0.2448908063920232,0.0,-68.85784366593192,-36.716942153631656,0.9852186865929387,0.0,-69.0715092102374,-35.832486575907915,2.7815930790924046,0.0
-41.56752594359937,-24.28457417563555,1.3700012674715047,0.0,-45.41146473525905,-14.595870694322999,2.375910640629783,0.0,-76.97106828697764,-11.193638356456107,2.3548486305972265,0.0,-34.52759644229502,-37.39861102227619,-0.2459830178446758,0.0,-68.83556625482467,-36.71510748856261,0.9710880467816239,0.0,-69.03117171582511,-35.80105983068053,2.746230429547273,0.0
-41.499403213236974,-24.201188319092513,1.3606078001660329,0.0,-45.39973550886016,-14.620830506376223,2.299199850927236,0.0,-76.93553872333285,-11.235300824584243,2.3479967199917517,0.0,-34.55606799677154,-37.407315637218815,-0.26265938836736424,0.0,-68.8144168838129,-36.71443314564573,0.9673487637445479,0.0,-68.99252150357275,-35.769777140820466,2.70647495824465,0.0
-41.4304833366867,-24.119264953276655,1.357858887845234,0.0,-45.376184254281355,-14.652495451076684,2.231310306606378,0.0,-76.89362286678119,-11.287101341203305,2.3353480940948863,0.0,-34.59886175629418,-37.4041092603139,-0.28591378246810883,0.0,-68.79813554638427,-36.71541008776036,0.972343931224156,0.0,-68.9566612786371,-35.740415273660446,2.666225616144816,0.0
-41.374468142775655,-24.059648714943872,1.3690825995201497,0.0,-45.34490582416133,-14.686077148049119,2.1746466698525158,0.0,-76.85100265350515,-11.338946430235628,2.321830146236973,0.0,-34.64220807791058,-37.391830610014786,-0.30689885412214224,0.0,-68.78949129418743,-36.717742491467,0.9835252272562602,0.0,-68.92574043309803,-35.71372449081946,2.6294866762863016,0.0
-41.34322361930084,-24.037314839316725,1.400731055001815,0.0,-45.311581403392665,-14.717124319570738,2.128405338812348,0.0,-76.81316855766039,-11.381897645483495,2.312278606878751,0.0,-34.6765747031416,-37.37424866387753,-0.3190679957276039,0.0,-68.79003540729217,-36.72043331987651,0.9982858080362078,0.0,-68.90149552975129,-35.68849288551875,2.59830310273278,0.0
-41.342636028216745,-24.0548156296289,1.454951044592807,0.0,-45.28206368628521,-14.74174228027224,2.0895434921761336,0.0,-76.78392342147279,-11.409568884129097,2.3102371142686753,0.0,-34.69842327037216,-37.35450604989815,-0.31914120871070395,0.0,-68.80025029312986,-36.72231899071723,1.0144227966112176,0.0,-68.88441677890492,-35.6621007790183,2.5723872688151115,0.0
-41.37059653577682,-24.100813252483647,1.5276597982816629,0.0,-45.26177182490393,-14.756803581007562,2.054160292047518,0.0,-76.76452934713352,-11.418900920317158,2.317229115553122,0.0,-34.709357493111554,-37.334518368060884,-0.3072475584348524,0.0,-68.81974294915973,-36.723028236976894,1.0302740643380188,0.0,-68.8735356702056,-35.63203980166263,2.5500132775966406,0.0
-41.417980245422925,-24.155024928126476,1.6090038709845373,0.0,-45.25562195996408,-14.760157601648155,2.0187845717232804,0.0,-76.75382361194627,-11.410161734938587,2.332621586661592,0.0,-34.71365352150588,-37.314987906191035,-0.28649563916042986,0.0,-68.84722217738735,-36.724181826373034,1.0447015610851755,0.0,-68.86666122596003,-35.59743034388537,2.5291530582484487,0.0
-41.471497828263246,-24.196553047629454,1.6865764826690128,0.0,-45.267894950434304,-14.750954426447919,1.9811896158115747,0.0,-76.74915849882666,-11.386276350517031,2.3540558182702895,0.0,-34.715670473793814,-37.29576239937207,-0.2620790650903331,0.0,-68.88019538352168,-36.730562337227056,1.057126376331004,0.0,-68.86096026694423,-35.5597316853301,2.508279396826289,0.0
-41.51653805782539,-24.210846430802594,1.7506906827792221,0.0,-45.30148224643771,-14.730230261614853,1.9406561580273252,0.0,-76.74754825184947,-11.351887793659813,2.3782258854361906,0.0,-34.71824663283022,-37.2763773442492,-0.24008166857248803,0.0,-68.91457547201975,-36.75097225415808,1.0677550897263801,0.0,-68.85377910005121,-35.52238816806418,2.4868900361450557,0.0
-41.53914197027162,-24.192801015337288,1.7995216481227594,0.0,-45.35636719119361,-14.701498211326026,1.897897074714546,0.0,-76.74643392094968,-11.312487647196143,2.4016943901731675,0.0,-34.72235549434524,-37.25657858332359,-0.22618683412078866,0.0,-68.94451648253413,-36.79848659436346,1.0780125432230632,0.0,-68.84344820804786,-35.489669550664296,2.4658322665724715,0.0
-41.527668346001285,-24.146614623088276,1.8414914467250423,0.0,-45.42782629737264,-14.670623475887119,1.8548740943441064,0.0,-76.74395381718708,-11.273617617725982,2.4215302683841653,0.0,-34.72762800903318,-37.2366028063979,-0.22438954486016982,0.0,-68.96263639037952,-36.88976693607468,1.0910167394254584,0.0,-68.82969779043597,-35.46522239480999,2.447107694526519,0.0
-41.47490694347764,-24.08364772510754,1.893604890408083,0.0,-45.50542226393967,-14.64440343960404,1.8145124258664005,0.0,-76.73900138531339,-11.239989943952633,2.4357039032162398,0.0,-34.73313476745256,-37.21714113225874,-0.2358465123025013,0.0,-68.96049351661293,-37.043185930244135,1.1117209978729843,0.0,-68.81344487903408,-35.45089578048948,2.4328007852001328,0.0
-41.38017853332076,-24.018486963625797,1.9763836716976204,0.0,-45.574067976290884,-14.62820496195969,1.7801727320540408,0.0,-76.73128351272348,-11.214628055390497,2.443298410447351,0.0,-34.73803270091927,-37.1991036769229,-0.258342903383026,0.0,-68.9289580270799,-37.27581796753191,1.1463089461884186,0.0,-68.79610436500498,-35.44629382578719,2.423621127672485,0.0
-41.24969840665587,-23.963603497891633,2.107236220982255,0.0,-45.61777472087705,-14.624018092139753,1.754898249833671,0.0,-76.72126763551256,-11.198436346190658,2.4446404977346745,0.0,-34.74199323893176,-37.18334881873248,-0.2869235415672602,0.0,-68.85812704876258,-37.59971463164317,1.200668751336024,0.0,-68.77888289365072,-35.44918899968888,2.4183521573056783,0.0
-41.093793401662175,-23.92457531030189,2.294394669491501,0.0,-45.625017379559885,-14.630176789002652,1.7407183945000213,0.0,-76.70984021828599,-11.190481435387623,2.441324224014096,0.0,-34.74535241148547,-37.170454439571635,-0.31558671340482647,0.0,-68.73689451895879,-38.01815642142593,1.278122591790039,0.0,-68.76236528364572,-35.456518234749026,2.41473528574325,0.0
-40.92147342310524,-23.897969886316588,2.533559567483737,0.0,-45.59308951658897,-14.642630380372557,1.738219683377734,0.0,-76.69773729289656,-11.18879823397046,2.435924085736014,0.0,-34.748829835983194,-37.16056570601317,-0.33920220524649736,0.0,-68.55288234920752,-38.522841527169085,1.3769725200490726,0.0,-68.74637645798758,-35.4654834031894,2.4107787286974958,0.0
-40.73477145716638,-23.87169108530734,2.808771115648147,0.0,-45.529093461930046,-14.656545222302848,1.7462948447664495,0.0,-76.6849728527619,-11.191219648061544,2.4312455680814278,0.0,-34.752899028658284,-37.15339952979059,-0.35478091878052176,0.0,-68.2934268337888,-39.093183486186796,1.4888421544326702,0.0,-68.73006671015682,-35.47436756942129,2.4053315881997968,0.0
-40.52568696634851,-23.82579579495209,3.0970226393671236,0.0,-45.44728872882912,-14.667318108179188,1.7620252658986182,0.0,-76.67049728819669,-11.1958075827349,2.4292657862625777,0.0,-34.75724115707857,-37.148457487992005,-0.3617964522241781,0.0,-67.94761733772319,-39.69864257071801,1.5989446828400204,0.0,-68.71225125414466,-35.48287160866658,2.397862955754407,0.0
-40.277120697668316,-23.73293329979681,3.3746374882028647,0.0,-45.36450636163739,-14.671071629396081,1.780951484386934,0.0,-76.65225983940933,-11.20082364770123,2.4302506912430317,0.0,-34.76068408196546,-37.14533655030505,-0.3617529239712969,0.0,-67.50857530562345,-40.303983606847495,1.6889289439060047,0.0,-68.69193469268555,-35.491927490414426,2.388060539519371,0.0
-39.96701631374248,-23.559941856610966,3.6242289416731506,0.0,-45.29578177716678,-14.665198732685717,1.7979485345456094,0.0,-76.62766973748614,-11.204531772027652,2.4326163435212482,0.0,-34.761668840840954,-37.14391869280783,-0.35725999904177996,0.0,-66.97490262984671,-40.87593135665119,1.7418103323834035,0.0,-68.66879643428871,-35.50304781486932,2.375646415650765,0.0
-39.573966095683225,-23.273029550733288,3.8417426862291,0.0,-45.25143430994592,-14.649239186520571,1.8085304698178923,0.0,-76.59421378831607,-11.205154050932379,2.4337292621678372,0.0,-34.75896262896624,-37.14430850588871,-0.35082083009863396,0.0,-66.35080293497997,-41.388976446463545,1.7472470149934916,0.0,-68.64340981141117,-35.51739657208603,2.3603658302433885,0.0
-39.083250075598926,-22.847840599369455,4.0414735648244715,0.0,-45.235649188953815,-14.625700553086679,1.8101093815846738,0.0,-76.5499238542072,-11.201031772373023,2.4311944054358907,0.0,-34.75225322226847,-37.14657046300764,-0.34368021950561634,0.0,-65.64521262821897,-41.828688275310284,1.705004060946596,0.0,-68.61711220243319,-35.534934051354945,2.3420088373742285,0.0
-38.49276882200747,-22.28248579687638,4.254675322045195,0.0,-45.24617248231151,-14.599987451971975,1.8027080435073835,0.0,-76.49353125037852,-11.190861536694882,2.423823027940811,0.0,-34.7423705905802,-37.1504128656231,-0.3352302957645765,0.0,-64.87053129800125,-42.192173440668675,1.6252198212206892,0.0,-68.5916143232783,-35.55405510148197,2.3205043908749783,0.0
-37.81673504257983,-21.60649221376516,4.517953418596447,0.0,-45.27508031161612,-14.578856120044383,1.7887775502125418,0.0,-76.42431117412495,-11.173931028345198,2.4117744114705406,0.0,-34.73102586490057,-37.154933775535255,-0.32329674053423396,0.0,-64.0412004490567,-42.486255310984916,1.5255016058509137,0.0,-68.56851663817372,-35.57194050844024,2.296116365251624,0.0
-37.08298388720754,-20.876294411536122,4.854610544303588,0.0,-45.31093803240763,-14.56778429192701,1.7721044071995014,0.0,-76.34171404570947,-11.15029058714014,2.396073767997324,0.0,-34.72012316149655,-37.15850727420889,-0.305218542882713,0.0,-63.17208758562515,-42.72423700635105,1.4261042048243873,0.0,-68.54887805754257,-35.585470355237945,2.2695447443905508,0.0
-36.32246537346345,-20.155894543074602,5.261403345484647,0.0,-45.34223434339931,-14.56868963487464,1.7562822030564949,0.0,-76.2449582968325,-11.120589807607839,2.3782426356142103,0.0,-34.710978421026105,-37.15893043640345,-0.279316946250999,0.0,-62.27673765700852,-42.92205430632752,1.3449701818719877,0.0,-68.53293473117381,-35.59230145701484,2.2417845933718183,0.0
-35.55675938438142,-19.494988852646596,5.711229883796394,0.0,-45.36095342786224,-14.579517808503434,1.7435406338669672,0.0,-76.13281284958938,-11.08515884519889,2.360763369230961,0.0,-34.70397113820002,-37.15395090929683,-0.24619375629601592,0.0,-61.36585347814514,-43.09453798583739,1.2941722635302852,0.0,-68.52003130115703,-35.59172788720067,2.2139544515822323,0.0
-34.79197456154909,-18.918679603804364,6.168018139224355,0.0,-45.36465755638076,-14.59596504260782,1.7345116047419484,0.0,-76.00372450792173,-11.042212120458501,2.3485430711056487,0.0,-34.69889197749165,-37.142087578525974,-0.20921753839645518,0.0,-60.4465124220273,-43.252456856197895,1.2785398193334796,0.0,-68.50878789374914,-35.58508799673358,2.187399737078156,0.0
-34.02135672708684,-18.430728707659185,6.601537243784826,0.0,-45.356203011901115,-14.613986084935277,1.7288573263160671,0.0,-75.85625285290433,-10.9857734495662,2.350752745040918,0.0,-34.695621730841104,-37.123350888929004,-0.17371116575250944,0.0,-59.5224541819756,-43.40089554949625,1.2962961926850625,0.0,-68.49747594329274,-35.575593939187286,2.1639172406965415,0.0
-33.232514836610804,-18.022751042423728,6.99470813713773,0.0,-45.34156625203393,-14.631281946484075,1.7261183036878585,0.0,-75.68956435936565,-10.90456995514915,2.381893739709543,0.0,-34.69441830056434,-37.09940453040829,-0.14498077084771666,0.0,-58.59531817349151,-43.53919383824677,1.3407605780386884,0.0,-68.48452199615977,-35.5675599330021,2.1454652257498488,0.0
-32.41420959708096,-17.682314321805375,7.3439372146913815,0.0,-45.327071324583976,-14.647064119996976,1.7261518485749239,0.0,-75.50354493511477,-10.78316102146567,2.461058075416224,0.0,-34.695481558827375,-37.07304417521582,-0.12610612622442297,0.0,-57.66616325869726,-43.66212137776686,1.4020878891112414,0.0,-68.46900853698033,-35.565174359180155,2.1331006861154354,0.0
-31.56007542529582,-17.3975816625918,7.656175101896077,0.0,-45.31720793461457,-14.660891470746398,1.729035442527648,0.0,-75.29808363124195,-10.605741484226167,2.6089841312442292,0.0,-34.69826603846657,-37.0473326849044,-0.1166596390598098,0.0,-56.736430729819794,-43.76150466069643,1.468735579712229,0.0,-68.45099084968214,-35.57116614401499,2.1260059342811566,0.0
-30.669276741854596,-17.15920992123312,7.945450918825509,0.0,-45.31361905605154,-14.671831573042041,1.73473366019957,0.0,-75.07157298778773,-10.361679623889103,2.843225050467913,0.0,-34.70129048877003,-37.02487997022999,-0.11307813976400993,0.0,-55.808088207259914,-43.82772258270555,1.5289919983100813,0.0,-68.43144702535855,-35.58584998628262,2.121758465545504,0.0
-29.74547813708353,-16.96076478954446,8.229501895758405,0.0,-45.31523502876215,-14.678467065625494,1.7428342103457535,0.0,-74.81943662760557,-10.050621928655143,3.1723323238521797,0.0,-34.70260175080785,-37.00748688400683,-0.11053898840350129,0.0,-54.88347026210109,-43.85123162356901,1.5727286646963599,0.0,-68.41184137609942,-35.60697621405445,2.1177082380652674,0.0
-28.795327828409782,-16.798425980463612,8.526042653341435,0.0,-45.31920048433633,-14.679442140145,1.7524508645865673,0.0,-74.53367946577652,-9.6846829472784,3.5905619713956245,0.0,-34.700401417206045,-36.99603805593111,-0.10526944149171946,0.0,-53.96535684857178,-43.82453053832266,1.5930641969867239,0.0,-68.39354545796361,-35.63049333380352,2.112205607511619,0.0
-27.82689461946469,-16.670439771314495,8.848625977860506,0.0,-45.32213360357425,-14.67407522168953,1.7623074836188923,0.0,-74.20371695121632,-9.286320670667415,4.075182224409943,0.0,-34.69344219132813,-36.99046310419482,-0.09602171576307761,0.0,-53.057222400177054,-43.74429555405758,1.587534295294427,0.0,-68.37743930150988,-35.65193599924814,2.104907714995667,0.0
-26.84828375401063,-16.57655981108167,9.20280799346209,0.0,-45.321239428631436,-14.662731246838268,1.7710140161265144,0.0,-73.8178402222417,-8.88268857514348,4.588278443211639,0.0,-34.68124331970403,-36.98976032492441,-0.08415524125310014,0.0,-52.16322778674266,-43.61268712407983,1.5584893408916756,0.0,-68.36382819078155,-35.66793902002435,2.0964001561406764,0.0
-25.86681877164829,-16.51745823952351,9.583548319760926,0.0,-45.31490882561611,-14.646740473922668,1.7774275782850903,0.0,-73.3645511310276,-8.499172216638241,5.083425186572017,0.0,-34.664234656030814,-36.99220501814609,-0.07257214050623162,0.0,-51.28770395506971,-43.43690738110819,1.5125512183448446,0.0,-68.3525812236529,-35.67734603970552,2.087646179370024,0.0
-24.888967743120066,-16.493990579934426,9.974543265615443,0.0,-45.302727914179926,-14.62778888176949,1.7808997017498953,0.0,-72.83362719525674,-8.154922223714852,5.515452007204168,0.0,-34.64370088645463,-36.99577656566347,-0.0641362667462122,0.0,-50.434265694326875,-43.2269213162947,1.4591774887889528,0.0,-68.34331046248894,-35.681454539376475,2.0795326460768155,0.0
-23.920647489033122,-16.506345193783446,10.3499366854131,0.0,-45.28513985738122,-14.60702255043158,1.781315261100847,0.0,-72.21730488968073,-7.861477753721345,5.8502230641323365,0.0,-34.621326093890964,-36.9986710442262,-0.06027972859473074,0.0,-49.60500198715654,-42.99226012961116,1.408671017240417,0.0,-68.33547189451721,-35.683221208278056,2.0725855261594877,0.0
-22.96734848157532,-16.553407696686957,10.678543007516183,0.0,-45.263115346215656,-14.584444746374018,1.7789949740769622,0.0,-71.51186810970975,-7.623643610397679,6.071458917108345,0.0,-34.5983987027252,-36.99971158490742,-0.060387740622513064,0.0,-48.800262703419506,-42.73936087291555,1.3700836119468445,0.0,-68.32839647456109,-35.68577271714816,2.066870615617848,0.0
-22.033916058263884,-16.632853539874514,10.929985703683542,0.0,-45.23803886589201,-14.559201655573098,1.7745860180509005,0.0,-70.7194070436507,-7.4411052650854455,6.182686900947532,0.0,-34.57511710715411,-36.99853230477763,-0.06221445053890484,0.0,-48.01932985963265,-42.47058561948453,1.349376878491066,0.0,-68.32133559076462,-35.69101070509791,2.0620669398865665,0.0
-21.12427824060008,-16.74219539343109,11.081157208741885,0.0,-45.211739105913836,-14.53081689365021,1.7690038044046474,0.0,-69.84897243305647,-7.309883088890347,6.203905346988758,0.0,-34.55055213374476,-36.9955017633241,-0.06308691469801886,0.0,-47.26181580624218,-42.18510322310301,1.348147863518145,0.0,-68.31356785711165,-35.69906405940956,2.057668261611944,0.0
-20.241442900437008,-16.880284650085304,11.120955032502334,0.0,-45.18641929985947,-14.50066658615707,1.7633835618448241,0.0,-68.91615353788211,-7.2236237437870106,6.164242065626821,0.0,-34.52345686670992,-36.99143748251127,-0.0612683485533001,0.0,-46.52919514912828,-41.880839506126,1.3632486404858621,0.0,-68.30452810452618,-35.708805014126845,2.0532440928513562,0.0
-19.387811141789296,-17.0482084849905,11.051882036164503,0.0,-45.16433131651336,-14.472706399404593,1.7589235445344134,0.0,-67.94062078503045,-7.17499055874012,6.093291054434969,0.0,-34.4934851761077,-36.98723449058133,-0.05680925352694821,0.0,-45.825680777379624,-41.55627396397102,1.3875498074534445,0.0,-68.29390470450113,-35.71900116011704,2.0486607052595627,0.0
-18.565663098123903,-17.24870116039339,10.888379120633166,0.0,-45.14729060108424,-14.452904427714673,1.75653740358978,0.0,-66.9422924965676,-7.157023000161784,6.014118637065177,0.0,-34.46199473947263,-36.98354507511577,-0.051521915341963265,0.0,-45.15784104270885,-41.211196688265616,1.4118253677270776,0.0,-68.28172182831214,-35.729345585546874,2.0441327957197597,0.0
-17.7776758809481,-17.48402448772048,10.652739751776254,0.0,-45.136288769409674,-14.44752285521991,1.756397719865678,0.0,-65.9376720045956,-7.163952082041622,5.93983939147525,0.0,-34.43183243826524,-36.98059989445265,-0.048172884027422924,0.0,-44.53289955963882,-40.84639376411431,1.4273695424809247,0.0,-68.26845413175162,-35.7407529291872,2.040027143513651,0.0
-17.027309902477597,-17.75327738423427,10.36963926828381,0.0,-45.13138418021717,-14.46088865505797,1.7576213689487918,0.0,-64.9377811840041,-7.191126827256546,5.873923155440039,0.0,-34.40620062194443,-36.978197821027436,-0.049323467640943974,0.0,-43.95632592392475,-40.46296783657191,1.4287040268019613,0.0,-68.25511383088036,-35.75480088816966,2.036520448238651,0.0
-16.31878265643473,-18.050728445858564,10.060046936009888,0.0,-45.131841604083206,-14.493546037087741,1.758355952343294,0.0,-63.948165425395075,-7.2343194989823605,5.813117673460562,0.0,-34.387292975974425,-36.975846015228946,-0.056277918584179076,0.0,-43.42977393482691,-40.06215005260104,1.4157094086048723,0.0,-68.24311646229884,-35.7727053342527,2.03338127983103,0.0
-15.656470619313316,-18.366506363063035,9.735337887411198,0.0,-45.13636459631703,-14.541631523572486,1.756326854599438,0.0,-62.970516525694904,-7.289141729772712,5.751469831616756,0.0,-34.37540836964638,-36.972991721769425,-0.068462000979574,0.0,-42.95037381755457,-39.64611091691349,1.394490473544785,0.0,-68.23381722367364,-35.79441988457308,2.0300593032886365,0.0
-15.044063239789248,-18.68971191024812,9.392954293164332,0.0,-45.143319826091,-14.597828488330466,1.7496220246907708,0.0,-62.00505606402487,-7.35118665854091,5.68404540945323,0.0,-34.36886512363973,-36.969238784136394,-0.08349628804591447,0.0,-42.511805534147975,-39.21967579849388,1.376185197260682,0.0,-68.22793093333361,-35.81828326119651,2.025964731559645,0.0
-14.484095636917237,-19.012509175869443,9.015239802884045,0.0,-45.15096878755128,-14.653530394757507,1.7373475177594262,0.0,-61.0527384184513,-7.4169760698813345,5.609263542840752,0.0,-34.364645077286696,-36.96446226926909,-0.09807883080054935,0.0,-42.10679315179885,-38.79212082303329,1.3733908662889949,0.0,-68.22525062194437,-35.84132095054289,2.0206778939083563,0.0
-13.978228959369098,-19.333183890558217,8.57252705794335,0.0,-45.15771261313015,-14.701318522587234,1.719896740508318,0.0,-60.1163632272078,-7.485256841800753,5.529357144932767,0.0,-34.35945377112289,-36.95884951773036,-0.10935119043895902,0.0,-41.73005123696185,-38.3777540710533,1.3952385132462926,0.0,-68.22487183502292,-35.860079519075036,2.0140025888821427,0.0
-13.52821884300825,-19.656824330729272,8.03049477484225,0.0,-45.162265698864665,-14.736809843161566,1.698806780249658,0.0,-59.20008504433734,-7.557867052491525,5.449302907261883,0.0,-34.350819773995305,-36.95293500091919,-0.11605909223395372,0.0,-41.38043724398896,-37.994376222267356,1.4433738146399886,0.0,-68.22571219728233,-35.8717322569875,2.0059735998166115,0.0
-13.137256628032851,-19.993355126987527,7.3607474014013325,0.0,-45.16370852746717,-14.759316735873762,1.676324963818356,0.0,-58.307716789261406,-7.63942521952821,5.375158043108529,0.0,-34.33790254262877,-36.947595949001276,-0.1189290937965648,0.0,-41.06125297194163,-37.659964976647935,1.5109249123843895,0.0,-68.22693019130742,-35.87504451972586,1.9969033940894274,0.0
-12.811033461076303,-20.353288761072896,6.552675690855336,0.0,-45.16152309583002,-14.771325218752969,1.6548458376300683,0.0,-57.441115638981294,-7.735636051254897,5.312648781166768,0.0,-34.32171579537974,-36.94390831877435,-0.12015354935402911,0.0,-40.778448228430854,-37.38902734443945,1.584938424289108,0.0,-68.22804309926563,-35.87074936205652,1.9874260829311936,0.0
-12.557353331480309,-20.74184640975495,5.623808770231113,0.0,-45.15575357694829,-14.777209369897387,1.6363686083118782,0.0,-56.600010075647496,-7.850838748492393,5.266212851686188,0.0,-34.304619658715986,-36.94282943691283,-0.12235548423504383,0.0,-40.53761522244423,-37.189968289892946,1.6509272430144062,0.0,-68.22886145592179,-35.86116509275681,1.9784590370722182,0.0
-12.383048934851097,-21.15286758492909,4.624894273655861,0.0,-45.14724761528633,-14.781720992125836,1.6221054843442495,0.0,-55.78366483835281,-7.986018282637051,5.2381538623740305,0.0,-34.28930586694898,-36.94479889206379,-0.1275962282753227,0.0,-40.34133789104857,-37.063824040117495,1.6973806506960685,0.0,-68.22945595268382,-35.849346342198714,1.971064878752717,0.0
-12.288242743409599,-21.565407535978096,3.635346082991199,0.0,-45.13771400338416,-14.788720119707502,1.6123407442617328,0.0,-54.993465624627184,-8.138451173444661,5.2276358977092805,0.0,-34.277800623467186,-36.94944061667092,-0.13681540894858912,0.0,-40.18813367525389,-37.004012492436914,1.718635093509354,0.0,-68.23020515908337,-35.83827900852845,1.9662588288983898,0.0
-12.260879593907653,-21.94647919505061,2.746618872988825,0.0,-45.129372867530485,-14.800423594218648,1.6065687579988808,0.0,-54.23480128053559,-8.303363099308061,5.229812788038501,0.0,-34.270914954446866,-36.955554576357756,-0.14976684600738466,0.0,-40.073179235193834,-36.996824188009896,1.7156110580747672,0.0,-68.23178930351033,-35.830422918275794,1.9648027146996174,0.0
-12.276723548433623,-22.26071616576127,2.0372606656110657,0.0,-45.124281781404044,-14.817193449876095,1.6038313032106704,0.0,-53.5169736988043,-8.476775831404094,5.235841016313914,0.0,-34.268236855466846,-36.96146523139413,-0.16529627192609375,0.0,-39.99007260165155,-37.02270444119327,1.6947350956096159,0.0,-68.23500901375132,-35.827537752999376,1.9669991141742145,0.0
-12.30714163764848,-22.48272610496792,1.550154771075717,0.0,-45.12367463633831,-14.83771574168951,1.6031032880243714,0.0,-52.85096792328664,-8.657949747327981,5.234336554572868,0.0,-34.26852792825508,-36.96558307725503,-0.1817572326933501,0.0,-39.932623248807175,-37.058565913477175,1.6656930776502357,0.0,-68.24047083940457,-35.83057758492019,1.9725291249470605,0.0
-12.329855577047125,-22.60546406549812,1.2825213783824365,0.0,-45.127607765045234,-14.859448265691881,1.6035961992473151,0.0,-52.246083740786005,-8.850115320907264,5.214051365757614,0.0,-34.27033268386613,-36.96688937533768,-0.1974125111340399,0.0,-39.89597513327541,-37.081368478624995,1.6387040317737895,0.0,-68.24829502728832,-35.8395854850476,1.980440124709924,0.0
-12.335038309962318,-22.64082685050838,1.1919329301662964,0.0,-45.13498192446089,-14.879324065728904,1.6049207638892877,0.0,-51.70705231876871,-9.059206467135144,5.166771289986118,0.0,-34.272598780279395,-36.96510772162566,-0.2107514146752525,0.0,-39.87681940124122,-37.07277288461523,1.6219305605073,0.0,-68.2579626380516,-35.85370767848643,1.9893664902127348,0.0
-12.324049321199748,-22.61367410487983,1.213887480058216,0.0,-45.14385352612236,-14.89467270751988,1.6070949267907313,0.0,-51.2329997946171,-9.29120197530699,5.08924660984821,0.0,-34.27507235371687,-36.96054706455292,-0.22069936561297077,0.0,-39.872803916759324,-37.023684101086005,1.6195347605254433,0.0,-68.26832443546857,-35.871433780547555,1.997926604313582,0.0
-12.304084866375678,-22.553198835853344,1.2829725410732458,0.0,-45.15193987579323,-14.904122437021446,1.6103837226324949,0.0,-50.81858352497917,-9.549045782088172,4.9834155575072945,0.0,-34.278243047969355,-36.95380732420503,-0.22671231152227733,0.0,-39.881518353465886,-36.93666068868639,1.6308009677878417,0.0,-68.2777747911118,-35.890989884433644,2.005096871614903,0.0
-12.283225256862039,-22.485173886338973,1.3498494598915745,0.0,-45.15724845055615,-14.908068241299256,1.6149700887457499,0.0,-50.456440853846246,-9.830197201665094,4.854917761270087,0.0,-34.2827793805869,-36.94556706992336,-0.22880467562468,0.0,-39.89962467756115,-36.82458897855175,1.6506522980616598,0.0,-68.28462240059687,-35.91068435457628,2.0103373667067856,0.0
-12.267763185532703,-22.42698961755275,1.3891225328248948,0.0,-45.158709905200354,-14.908398057243211,1.6205395471579198,0.0,-50.13952582047084,-10.125878606141825,4.710554269836221,0.0,-34.2887150387318,-36.93654669850773,-0.22756677707183215,0.0,-39.92266111572602,-36.70582174078361,1.6716297513631844,0.0,-68.28762653780048,-35.929075374421494,2.0133872193924596,0.0
-12.261204321193707,-22.386154026034,1.3974921969512835,0.0,-45.15659057726347,-14.907597418018268,1.6259959756241233,0.0,-49.862304118051725,-10.422734855130129,4.555733166724341,0.0,-34.29492207697944,-36.927610029556675,-0.2240673224275298,0.0,-39.94567571079092,-36.59787970915063,1.6868452001694951,0.0,-68.28648302295102,-35.94501168963096,2.013920300251886,0.0
-12.263993428261962,-22.362006097905656,1.3854149784813101,0.0,-45.152452517376474,-14.907745251664316,1.6295662869547183,0.0,-49.62075283277148,-10.70653324817092,4.392883023944513,0.0,-34.299351410681574,-36.91987490292853,-0.21948695329312962,0.0,-39.96434230448634,-36.512344797077496,1.6927569996051801,0.0,-68.28195166701308,-35.95769632995848,2.011416080149697,0.0
-12.273882266353056,-22.349369878334375,1.3672067732054867,0.0,-45.14863225694373,-14.909878263517886,1.6293650614030675,0.0,-49.41184546741721,-10.966203045397654,4.221253833191815,0.0,-34.30000793600026,-36.914642303992764,-0.21464402147282158,0.0,-39.97595526702862,-36.45254292101401,1.6904184623190197,0.0,-68.27554245130456,-35.96685179434547,2.0054053823306397,0.0
-12.287115853826231,-22.3422740805416,1.3537597832805837,0.0,-45.1474939967688,-14.913839343069684,1.6241748386723938,0.0,-49.233179850521665,-11.196141824874978,4.037849729780122,0.0,-34.296029916294735,-36.91302099611555,-0.20980268250900735,0.0,-39.97984517556837,-36.414170104068035,1.684547029701676,0.0,-68.26902658945686,-35.972895611669585,1.9958729761938923,0.0
-12.300073908593795,-22.336317986543992,1.3496135987816045,0.0,-45.150798702604924,-14.918474362839307,1.6140418436969544,0.0,-49.08288991219887,-11.39582385367279,3.8390320524739785,0.0,-34.288208272124635,-36.91532398847919,-0.20488184080617167,0.0,-39.97710996788031,-36.388165784568514,1.6809816207016102,0.0,-68.26407168564029,-35.976924791386935,1.9834752681620085,0.0
-12.310611494056332,-22.329373654722545,1.3536635180728318,0.0,-45.1593534405293,-14.922060330181408,1.600432089704947,0.0,-48.95956428171051,-11.56744607004137,3.622539761195558,0.0,-34.27875699557797,-36.92050336660363,-0.1997860374064011,0.0,-39.96985763870241,-36.364756072117316,1.6838782141044852,0.0,-68.26201227401438,-35.980390004091404,1.9694277093844725,0.0
-12.318496095723003,-22.32115772547776,1.3615806585796193,0.0,-45.17288881185224,-14.922927675582343,1.5859640347714947,0.0,-48.86186400795572,-11.713319992314254,3.389706326247806,0.0,-34.27048144971691,-36.9259761122668,-0.1945305446536203,0.0,-39.96030692846603,-36.33727715624374,1.6938923927812741,0.0,-68.26357351292145,-35.984546651353156,1.9551511204854872,0.0
-12.324846193150991,-22.312390376335394,1.3681875652578395,0.0,-45.190070339340565,-14.920174739991365,1.573864226852347,0.0,-48.78779649072111,-11.834456169676066,3.147254999901209,0.0,-34.26550683617739,-36.92814258922473,-0.18912032154038982,0.0,-39.95008848180332,-36.304380646289225,1.7079891866114991,0.0,-68.26849788328882,-35.9899013223287,1.9418544815588117,0.0
-12.331033205245177,-22.304037275949305,1.368932936881933,0.0,-45.208679547461166,-14.914179701906095,1.5672415560826423,0.0,-48.733904524997754,-11.930786535171373,2.9076281452928736,0.0,-34.26377169341744,-36.92368300546247,-0.18350792746691802,0.0,-39.939957285431475,-36.26984280676046,1.7208114371083596,0.0,-68.27533104788237,-35.99588643188555,1.9301810182206456,0.0
-12.337747303603914,-22.29689171417658,1.3604828800933486,0.0,-45.226085978975824,-14.906548864866398,1.5682807804649137,0.0,-48.694804579600415,-12.002534056363817,2.6869911855063915,0.0,-34.26175408582904,-36.911379163426304,-0.17807116970588943,0.0,-39.92994368714516,-36.24017566509192,1.7269036938272926,0.0,-68.28174620322925,-36.00098463144194,1.9199872559546467,0.0
-12.344688185379086,-22.291615175986077,1.3408416309540936,0.0,-45.23996448032909,-14.89943191612601,1.5776437039633038,0.0,-48.66358205274324,-12.0517901442854,2.5011088417967358,0.0,-34.25209469923482,-36.893937394466036,-0.1746072542323791,0.0,-39.919822809557694,-36.22103800891448,1.7228573352229546,0.0,-68.28545497246836,-36.00343604727838,1.9103894124304723,0.0
-12.350903017494261,-22.289156982559735,1.3093615775343501,0.0,-45.2489339962746,-14.894579797762049,1.594443779206216,0.0,-48.6334173062014,-12.083369115659957,2.3606547979362773,0.0,-34.22452591305533,-36.87921359739606,-0.17712675202342432,0.0,-39.90968712885024,-36.213815457498065,1.708747410574322,0.0,-68.28520620899607,-36.002359076181165,1.90024439550829,0.0
-12.355513718122866,-22.291179987311008,1.2668219217838121,0.0,-45.252774029422454,-14.892643739299748,1.61686564781645,0.0,-48.600155601145374,-12.10435792325237,2.268060563683001,0.0,-34.16791409854125,-36.88029471248903,-0.19166236465565234,0.0,-39.90034337201776,-36.21367952718345,1.6885778065243038,0.0,-68.28124577424461,-35.99873909771145,1.8889645315360557,0.0
-12.35850590133165,-22.300023059365287,1.2156128963488477,0.0,-45.252162758750146,-14.892945335184027,1.6430824026476323,0.0,-48.56454133827198,-12.12241026493552,2.217226210904128,0.0,-34.07271299868404,-36.91408758409123,-0.22506009808123117,0.0,-39.89326558496033,-36.21006669860884,1.6695211211861647,0.0,-68.27505390278536,-35.99564778100983,1.877189413410484,0.0
-12.36125132855808,-22.31798270995557,1.1598935171204552,0.0,-45.24815973712935,-14.893664274877674,1.671966935540036,0.0,-48.53250062971357,-12.143512852922704,2.195983315734823,0.0,-33.932928094808055,-36.998511424608004,-0.2833523805248763,0.0,-39.889991621260414,-36.18994013287234,1.6599058642408817,0.0,-68.26865051801917,-35.99739154854919,1.8668361236729467,0.0
-12.366432422823772,-22.346076892236542,1.1053974230594221,0.0,-45.24171584536007,-14.89231533293996,1.703271308467869,0.0,-48.51278587661046,-12.17023125045314,2.1901000574987606,0.0,-33.746798650626936,-37.14894136573971,-0.37027517027166823,0.0,-39.891144972643616,-36.14323681649256,1.6663712849350976,0.0,-68.2638673379177,-36.00786719672855,1.8604410243515481,0.0
-12.377170001898495,-22.382837377006616,1.0585232199469186,0.0,-45.23339911590468,-14.886419729464075,1.7372807062256452,0.0,-48.5127950696319,-12.201126124065656,2.1872648581529592,0.0,-33.515828949499614,-37.37490303616992,-0.4862263453428639,0.0,-39.89558509804199,-36.06851157549858,1.6910478549078665,0.0,-68.26184881738236,-36.0289084245643,1.860076082017855,0.0
-12.395631420876708,-22.423986838633027,1.0246821538354052,0.0,-45.22339327116773,-14.87428472928072,1.7742129392361523,0.0,-48.534341038432764,-12.231459470748575,2.1797572108420677,0.0,-33.242491043347584,-37.678027449787656,-0.6278845420097081,0.0,-39.900308662960306,-35.9758196649095,1.7298264639213095,0.0,-68.26286009000103,-36.05956655746773,1.8662458865109848,0.0
-12.421978306618938,-22.463622703909387,1.0065266523931236,0.0,-45.21168783565346,-14.85575363358506,1.8137008473478673,0.0,-48.571260233837315,-12.254944653112222,2.1651395739759494,0.0,-32.92757330874603,-38.05197694700042,-0.788608730921359,0.0,-39.90140040155403,-35.88469043832262,1.7727662906227426,0.0,-68.26629845199236,-36.09697933766393,1.8771718991931419,0.0
-12.454464942485156,-22.49646276970353,1.0030781333091827,0.0,-45.198263634005706,-14.832694211967942,1.8545884581045673,0.0,-48.61022881232021,-12.266154935321556,2.14507940109171,0.0,-32.568360061798664,-38.48447126990736,-0.959394659565266,0.0,-39.895636623630764,-35.817736409772024,1.807116657496664,0.0,-68.27069936510094,-36.13882821897996,1.888854225489414,0.0
-12.490605513129243,-22.51968365684877,1.0103511124376379,0.0,-45.183067660661244,-14.808921327059608,1.8951158229457743,0.0,-48.634989629955186,-12.262980302031245,2.1231199701261527,0.0,-32.15843441271229,-38.96074011853486,-1.1298776994238828,0.0,-39.88182669577986,-35.79295727818288,1.8220430602236526,0.0,-68.27363762229552,-36.18658768116079,1.896167736641896,0.0
-12.528501630032354,-22.533178517706002,1.0231590931518149,0.0,-45.16570965840133,-14.789286354006878,1.9334641969198536,0.0,-48.63250462741486,-12.248185657019153,2.1025078944350017,0.0,-31.689110439374183,-39.46705103833369,-1.2890115267059574,0.0,-39.86116781815895,-35.81794937232746,1.812886792919704,0.0,-68.27170412627076,-36.248174952825316,1.894917642794523,0.0
-12.567492318869501,-22.53845265271223,1.0372529573872686,0.0,-45.14501293924139,-14.777861083039957,1.9685797408497603,0.0,-48.59826942757204,-12.22913871113375,2.08485342940606,0.0,-31.151786430126702,-39.9928910764193,-1.4254650944163139,0.0,-39.83660288627962,-35.88747954617195,1.782930805405261,0.0,-68.26086436550078,-36.33859765331201,1.8843746749167742,0.0
-12.607901633530677,-22.537307844152934,1.0509727706813567,0.0,-45.11866333369081,-14.77550089326572,2.001104609585896,0.0,-48.53829854122651,-12.21548573789954,2.069783925925387,0.0,-30.540271279000503,-40.53104618319403,-1.5280527546724176,0.0,-39.81171070913988,-35.98451118325396,1.742001809185366,0.0,-68.23725657214221,-36.4779182001353,1.8695105290685987,0.0
-12.650125831773742,-22.531165116152916,1.065779453864458,0.0,-45.083157454243995,-14.77754401977886,2.0340867837806584,0.0,-48.46705787167202,-12.215614064081402,2.0553745777350834,0.0,-29.852401210069218,-41.07585968483874,-1.586497664229542,0.0,-39.789661131357924,-36.08457372974786,1.7026593421708611,0.0,-68.19807804513515,-36.686998620948096,1.8620417298871104,0.0
-12.69357354603034,-22.521061857548023,1.0853184567528213,0.0,-45.03411744991199,-14.772794227895556,2.0730503530480426,0.0,-48.402572363806975,-12.233427430533373,2.039072607224023,0.0,-29.09070361089509,-41.62080587880755,-1.5926388438590298,0.0,-39.772485862921584,-36.16296679729403,1.6756432675514272,0.0,-68.14200720346955,-36.98242157379984,1.879532785155563,0.0
-12.736130949558401,-22.50793800700009,1.1132518942837972,0.0,-44.9669065863361,-14.744877098814303,2.125192562114112,0.0,-48.36084138020652,-12.266857873432722,2.0188112599739956,0.0,-28.26213531911281,-42.156760237922526,-1.5419306764540153,0.0,-39.76072153788783,-36.2027010375397,1.6665006414203187,0.0,-68.06874300808109,-37.37218772396267,1.942283810286506,0.0
-12.77458263683323,-22.492891805992826,1.1507868948134465,0.0,-44.87738812544717,-14.676322561460323,2.1979230583118596,0.0,-48.35139204419024,-12.308743657824973,1.9939549117178146,0.0,-27.376999466655278,-42.671852286576566,-1.4348152412860493,0.0,-39.75344067419332,-36.19963713296677,1.6746344036827079,0.0,-67.9776181738865,-37.8532627105436,2.068446346294861,0.0
-12.80574077870294,-22.477278792084288,1.195119187301179,0.0,-44.76263195279978,-14.554530446888885,2.297306170337258,0.0,-48.374973273357156,-12.349603110544248,1.9657225425573497,0.0,-26.447256555539244,-43.15281140542258,-1.277407498062372,0.0,-39.74864379378891,-36.16217060139065,1.6947357493060355,0.0,-67.86572601813275,-38.41124660869245,2.268476147064412,0.0
-12.827544668159796,-22.462633980071516,1.239635857038845,0.0,-44.62139708078109,-14.377593002055795,2.4268201129807156,0.0,-48.423714129541175,-12.380946102170386,1.9368625568000102,0.0,-25.484693989401045,-43.58685432881379,-1.0810779469064844,0.0,-39.74386191139167,-36.10597035997926,1.7195476091055237,0.0,-67.72642128671835,-39.02184416250579,2.540376409492252,0.0
-12.83958363009421,-22.45040070015965,1.275906313656689,0.0,-44.45421736995415,-14.157145676524125,2.586410310812342,0.0,-48.48362425531914,-12.39759641058479,1.9106298441426652,0.0,-24.49961434586397,-43.96297383212055,-0.8609295499639185,0.0,-39.736723350320304,-36.04706496781127,1.742591012136712,0.0,-67.54914486792899,-39.65359402032028,2.867184593271256,0.0
-12.843032992337271,-22.441446090926185,1.2966877491120261,0.0,-44.26272712769317,-13.915579022006336,2.7718626622085374,0.0,-48.53876226935263,-12.398181310309557,1.889504670994631,0.0,-23.500595945316856,-44.272044372405716,-0.6336119380400476,0.0,-39.725323024865695,-35.99676122250132,1.7597925932785916,0.0,-67.32103883637683,-40.271370400926784,3.217904122848248,0.0
-12.840253241439491,-22.435481189655434,1.2987145929132744,0.0,-44.04766869977249,-13.677095390590889,2.9752199115553744,0.0,-48.57569933358623,-12.38401621925932,1.8743257996157983,0.0,-22.495397071980715,-44.506012628826795,-0.41516017777808045,0.0,-39.70843815997361,-35.95995416126523,1.7696871789986552,0.0,-67.02985397543881,-40.8402893319624,3.552510996454073,0.0
-12.834189876026862,-22.43076993945604,1.2840945320223103,0.0,-43.80559424697812,-13.456057435919453,3.187051442798605,0.0,-48.58666482414951,-12.35736659335315,1.864300008325598,0.0,-21.49239175745825,-44.657002563253386,-0.2194759848565475,0.0,-39.685730082848856,-35.93632657593875,1.77264329931063,0.0,-66.66682932550357,-41.32963224600676,3.8305585067194325,0.0
-12.827593550953589,-22.42462241999596,1.2597192772646544,0.0,-43.525811117499174,-13.24880791331699,3.400002008838401,0.0,-48.57046860763359,-12.320136676718098,1.857802648765384,0.0,-20.50148595353691,-44.7171292011811,-0.057682063111709425,0.0,-39.65796387034493,-35.92292348691398,1.769910187915137,0.0,-66.22832847568243,-41.71626516251872,4.021355834559179,0.0
-12.822187284585416,-22.41480584992653,1.2349590944386986,0.0,-43.19013045376293,-13.033599788809937,3.6117600032845374,0.0,-48.53147737289941,-12.273568602616537,1.8534362886906575,0.0,-19.533709738303724,-44.67931050098746,0.061937274624469296,0.0,-39.62711193490877,-35.91656521427353,1.7630828066030517,0.0,-65.71609637420346,-41.98705921454201,4.112459064599591,0.0
-12.818086788701748,-22.401253793471966,1.218539964256852,0.0,-42.77692934605993,-12.778686165964192,3.8261183980682976,0.0,-48.477627371554426,-12.218947686309214,1.850762011342825,0.0,-18.599544201075357,-44.53877607265695,0.1339562508836014,0.0,-39.59616460740873,-35.915095744141624,1.7540803796501798,0.0,-65.1369679225087,-42.14008784359972,4.113211785018928,0.0
-12.813815825861072,-22.38693419045382,1.215671767634669,0.0,-42.26861537312775,-12.454737763712503,4.0520879966020225,0.0,-48.41830940944789,-12.158894732911117,1.8503968585456647,0.0,-17.70692791200842,-44.29464993243952,0.15607847118127438,0.0,-39.568587300622724,-35.91722624773461,1.7453205829020586,0.0,-64.50259683245062,-42.18453589100396,4.051600810509859,0.0
-12.807099313910602,-22.377051707415585,1.226448718697677,0.0,-41.659641057276126,-12.046445518937503,4.3013023323551955,0.0,-48.3623909735939,-12.098587741142524,1.8535379093499849,0.0,-16.860134005660893,-43.95103488468836,0.1294236470923842,0.0,-39.547535374598716,-35.92147069837951,1.7396954722393083,0.0,-63.82863783567722,-42.139128877254166,3.965292756762304,0.0
-12.796251988738224,-22.376787942629267,1.2462706830873795,0.0,-40.961530316283245,-11.558915638660885,4.583733295988974,0.0,-48.316339908261305,-12.04610304058794,1.861231115633629,0.0,-16.06010343037882,-43.51726453172824,0.05839382499697443,0.0,-39.53504122536872,-35.925133410354384,1.7401576792119275,0.0,-63.13238711851312,-42.0289441078667,3.8903223449976636,0.0
-12.781537901551108,-22.388775133892537,1.268163144504399,0.0,-40.201879030206584,-11.016433005110946,4.902595823219665,0.0,-48.282696949166294,-12.011144599517701,1.8737650567581419,0.0,-15.305915738451901,-43.007303152217126,-0.050019432368028305,0.0,-39.53139621011656,-35.92428191590665,1.748957411581534,0.0,-62.42896501543456,-41.8810767446374,3.8519124319728295,0.0
-12.765710897490063,-22.411709863211538,1.285744939323001,0.0,-39.416349422419444,-10.454208622939959,5.251030893924752,0.0,-48.25960747077524,-12.00205725917992,1.890427233978281,0.0,-14.596591762713915,-42.438692505230804,-0.18724499536067363,0.0,-39.534913568236284,-35.91503337637498,1.7667305297781102,0.0,-61.72759791928354,-41.720264699799124,3.8603736832213134,0.0
-12.75330322847114,-22.44079321407216,1.2952489684432056,0.0,-38.63633600413851,-9.907179108011931,5.613352411970044,0.0,-48.24203219970685,-12.022159612372329,1.9096072869967706,0.0,-13.93241877728778,-41.83163842996646,-0.34401873182948783,0.0,-39.54218575247046,-35.895538173246145,1.7918157765371436,0.0,-61.029815476459746,-41.56551379830697,3.9121623874424927,0.0
-12.748979787583366,-22.4697257077388,1.2958365839523651,0.0,-37.878136036072526,-9.40140772419931,5.970865681343103,0.0,-48.22438416373554,-12.067355772116212,1.9290849842041098,0.0,-13.315196161242161,-41.208444159232734,-0.5107162245511709,0.0,-39.54878554035549,-35.86738369682077,1.8203146265967174,0.0,-60.33029608837383,-41.42824836184423,3.994257013047436,0.0
-12.755859336718927,-22.49345549732937,1.2887135827141645,0.0,-37.139055659538435,-8.951411758526556,6.308691555344753,0.0,-48.20332466613318,-12.126719607127082,1.946431406056064,0.0,-12.74719145639311,-40.592962153803654,-0.6770937420752894,0.0,-39.55015275293479,-35.835346826585,1.8472037731499356,0.0,-59.619809840842855,-41.31217007874558,4.089834891688827,0.0
-12.774576691728676,-22.51062760918694,1.2761245899224622,0.0,-36.401799724157534,-8.562684672395918,6.6192903433075605,0.0,-48.179212918428,-12.186111630843701,1.9595875557686,0.0,-12.22918783822838,-40.009626805212505,-0.8319579125569199,0.0,-39.542365316395724,-35.80543936768154,1.8681911808576572,0.0,-58.88906603033354,-41.214795933519824,4.183758698850676,0.0
-12.803235228659515,-22.524593199005615,1.2608378573445087,0.0,-35.64414003916755,-8.236190052333438,6.901097573878796,0.0,-48.15549132379348,-12.233025756366763,1.9675577846689851,0.0,-11.758517816307588,-39.48184266901213,-0.9633958909023708,0.0,-39.52269316644245,-35.78226310719128,1.8814225489045775,0.0,-58.132244539430125,-41.13022503573272,4.2666421317510785,0.0
-12.837929731269998,-22.54227171750409,1.2459766655679303,0.0,-34.84920301729199,-7.971770522626627,7.154203987828112,0.0,-48.136474431857714,-12.260266751797783,1.9708400132414923,0.0,-11.32806369302752,-39.029793294934635,-1.0598101125536754,0.0,-39.49003301703288,-35.76703581816456,1.8881445685687872,0.0,-57.349238485525625,-41.05222100703554,4.33642055009728,0.0
-12.873464319223874,-22.571147472564615,1.2347601188995263,0.0,-34.01264621173438,-7.769074002623607,7.376608857553237,0.0,-48.124800196984296,-12.267034237769872,1.9711699215126401,0.0,-10.926792630064984,-38.66804583446057,-1.111561051842731,0.0,-39.44528039311057,-35.75716779540423,1.8920264478277602,0.0,-56.54600180946038,-40.97660006941032,4.397032815051874,0.0
-12.904093811249886,-22.61567537206256,1.2299020032028203,0.0,-33.14476695397982,-7.626401969525555,7.56347137694299,0.0,-48.11986713817202,-12.257518473990816,1.9705859215917556,0.0,-10.541720329721754,-38.40349503729744,-1.11278141760598,0.0,-39.39150336709376,-35.74747762908879,1.8975397447383617,0.0,-55.732910479044904,-40.902233869117524,4.4550273930793995,0.0
-12.924365076247557,-22.67475518602406,1.2327823545476502,0.0,-32.26718297137666,-7.539061278533898,7.7091515839470794,0.0,-48.118020122971686,-12.23814533525754,1.9703516199152187,0.0,-10.160621538010211,-38.234081654323106,-1.062883341513471,0.0,-39.333689787119845,-35.73250104468401,1.9081532167070794,0.0,-54.92171640804268,-40.83049179845788,4.515852058036225,0.0
-12.930188794656353,-22.741429788279948,1.242850902477743,0.0,-31.40526542540098,-7.498948255011142,7.809881941331448,0.0,-48.11433727086168,-12.214867632515569,1.9704031159305018,0.0,-9.774561807854244,-38.148484657740006,-0.9673835131885156,0.0,-39.27794704859808,-35.70897643841908,1.9250131988034571,0.0,-54.12225389989148,-40.76350701016716,4.581506002399145,0.0
-12.91998252165574,-22.804846355775382,1.2577702374558601,0.0,-30.57914576050229,-7.496132745336694,7.865112109659091,0.0,-48.105004965573336,-12.191583137611635,1.969624244614332,0.0,-9.37941951423839,-38.12686872880889,-0.8378292708371937,0.0,-39.2302494216441,-35.67749801600356,1.9464437108644965,0.0,-53.34012488896196,-40.70210896054164,4.650216153854268,0.0
-12.89535590369045,-22.853565633433057,1.2743753633529007,0.0,-29.797050704134172,-7.521678334947189,7.877193043332322,0.0,-48.08893536239585,-12.170079723352101,1.9667144258479983,0.0,-8.9759222409856,-38.14278266620118,-0.6907078261328934,0.0,-39.195004422777245,-35.64259347905982,1.9683300809874584,0.0,-52.57602485072781,-40.64437573988309,4.717697940799743,0.0
-12.860812620708122,-22.879048175559277,1.2899577475086197,0.0,-29.053789421645806,-7.569994044453072,7.850238210954556,0.0,-48.06779201668788,-12.151093773806256,1.9610889960865112,0.0,-8.568260671123303,-38.16626463917056,-0.5452674625205614,0.0,-39.17379331428268,-35.61110904540772,1.985346059927739,0.0,-51.82659532249768,-40.585404737378134,4.7790718702379476,0.0
-12.822376413787232,-22.878317186694684,1.3031903685673374,0.0,-28.334611978780952,-7.6394320641345566,7.788990855884488,0.0,-48.04466292662862,-12.13549588718065,1.9533056722269002,0.0,-8.161884543225838,-38.16801748244312,-0.4203371174399049,0.0,-39.16469347602744,-35.589553963648974,1.992795258202909,0.0,-51.08620808415317,-40.51831541427463,4.830608534670819,0.0
-12.785591138148684,-22.85495803862365,1.314264333519695,0.0,-27.622084167446637,-7.731060757755465,7.698025635445326,0.0,-48.022427306132535,-12.124665876807,1.944844349259677,0.0,-7.761359110107246,-38.12423342595122,-0.33060885032548093,0.0,-39.1626101847109,-35.581571478381264,1.9884407767895986,0.0,-50.349032962765044,-40.43604164810684,4.870785175678179,0.0
-12.753730267820492,-22.817945928003585,1.324287757565962,0.0,-26.90266445480431,-7.846458864133812,7.581306189760351,0.0,-48.0027906659257,-12.119809213875758,1.937450065720311,0.0,-7.369050312567037,-38.021306636624,-0.2833081686005112,0.0,-39.16083817002937,-35.58662767599673,1.9734856232469689,0.0,-49.6109220028045,-40.33326304086327,4.900437255185453,0.0
-12.7270505077782,-22.778632212746835,1.3344493756842262,0.0,-26.17058507672668,-7.9856178858664855,7.441998292271365,0.0,-47.986246587548415,-12.120815999414443,1.9324609169871874,0.0,-6.9850672618259395,-37.859269072088644,-0.276407208799073,0.0,-39.15348982153383,-35.60037620161372,1.9522382740644257,0.0,-48.870810816493915,-40.20778289541376,4.922056206098588,0.0
-12.703337436222318,-22.74717664246208,1.3454918828215163,0.0,-25.42846677600713,-8.14582130959629,7.28227449280083,0.0,-47.97259029429617,-12.125617494072758,1.9304760220260455,0.0,-6.608542364769843,-37.652519107686985,-0.29926893720331904,0.0,-39.13774745171752,-35.61636445194818,1.9307085127339754,0.0,-48.13140115773465,-40.0607887078222,4.9385206195567815,0.0
-12.679167980622838,-22.729968412376646,1.3575327764730947,0.0,-24.685525371021644,-8.321901899963919,7.102745101431337,0.0,-47.961464165478496,-12.130613294030143,1.9314478448963452,0.0,-6.23998427041156,-37.42672425268655,-0.33582364044706736,0.0,-39.11472957475318,-35.62823753838985,1.9148292115109555,0.0,-47.398957925715855,-39.8958383906486,4.951701944832118,0.0
-12.651058666775876,-22.728934089138054,1.369801636628491,0.0,-23.954633208790383,-8.507738359998747,6.901379017153158,0.0,-47.95261461989631,-12.132000390583922,1.9350155383142909,0.0,-5.883952746996496,-37.211970382397375,-0.3693915159012313,0.0,-39.088419292206126,-35.63156995807905,1.908946195937034,0.0,-46.682244136897594,-39.71700604221037,4.961368300236186,0.0
-12.616165266903996,-22.74259250852935,1.380128390620989,0.0,-23.24921498586847,-8.698448364089128,6.672272580538565,0.0,-47.94580868516097,-12.127295710624317,1.940800399209495,0.0,-5.550768119294563,-37.033982052229995,-0.38757883054628905,0.0,-39.063221442058385,-35.6248078524141,1.9149008076823595,0.0,-45.990837849548974,-39.52697650510075,4.964612924329565,0.0
-12.572768297992525,-22.767861296994194,1.3847700221053678,0.0,-22.580609880618965,-8.892539317141345,6.405053915707877,0.0,-47.94058668070564,-12.116272512924606,1.948482039944409,0.0,-5.2558827276077675,-36.906587987924425,-0.38558201562457484,0.0,-39.04153027685019,-35.60924918451976,1.9317802125405112,0.0,-45.33317259222224,-39.32569707519196,4.955825203036444,0.0
-12.520861964078826,-22.801433753841092,1.3794413244870398,0.0,-21.956383983204404,-9.093200828129273,6.0858648321581,0.0,-47.93613277538662,-12.100873603296527,1.957663761629707,0.0,-5.016368956176513,-36.82858264228322,-0.3666985838392769,0.0,-39.02264732243522,-35.58829251322557,1.9563294940255194,0.0,-44.714662548251894,-39.1097293579823,4.92718012955463,0.0
-12.46285073840683,-22.8401939334066,1.3616813212090388,0.0,-21.379970839479192,-9.307949965622013,5.7006366143938765,0.0,-47.931412715587,-12.084208345512181,1.9676773202192663,0.0,-4.845437128429526,-36.78651175368427,-0.33978545558134776,0.0,-39.003550293353584,-35.56633324320521,1.9839633235285827,0.0,-44.13635637186566,-38.87222699448445,4.869714253307677,0.0
-12.403967550087769,-22.881013291371573,1.3334130329669822,0.0,-20.851668641032905,-9.546160699504018,5.2406224201512055,0.0,-47.92545025962211,-12.069193915782877,1.977487949230845,0.0,-4.74696976274264,-36.76239195376404,-0.3146772114076253,0.0,-38.980949737752404,-35.54773515289935,2.0101282890711136,0.0,-43.59466582070111,-38.60367559906531,4.775106248002675,0.0
-12.35177454771607,-22.920550944977357,1.30191033559678,0.0,-20.370394258376905,-9.81474939224789,4.708902762007703,0.0,-47.917500148468974,-12.057508873253262,1.9857780221703472,0.0,-4.712003918973958,-36.74317974172198,-0.2975655957941967,0.0,-38.95341220875879,-35.536184028462166,2.031542242282331,0.0,-43.08262464520091,-38.293828862384565,4.6381253660991,0.0
-12.31426558889633,-22.955305692214697,1.2781615422136703,0.0,-19.935067857976883,-10.113261781603391,4.125329469153249,0.0,-47.90703712696369,-12.049243104121327,1.9912000501428793,0.0,-4.718233513098533,-36.72799695859243,-0.2882189924205072,0.0,-38.922399096108066,-35.53441525592025,2.046851598674033,0.0,-42.592700798352574,-37.93518411700402,4.4592421100730455,0.0
-12.296953098566066,-22.981743797876256,1.2732038067587972,0.0,-19.54463469326674,-10.43044385031062,3.5269533924441543,0.0,-47.89366888619081,-12.043179932799612,1.992719955188928,0.0,-4.732726400444934,-36.73008842831913,-0.27962699214090847,0.0,-38.891760766396345,-35.544042965693365,2.0565711232004595,0.0,-42.120443186957075,-37.52761756615025,4.246237711477864,0.0
-12.300471589273366,-22.996354825565625,1.294055436024058,0.0,-19.196732301987026,-10.744590402433388,2.962145609182138,0.0,-47.87709886047159,-12.037365902572422,1.9899193199003147,0.0,-4.717369916623077,-36.772713642221774,-0.25924623590623774,0.0,-38.86608136684272,-35.56528351507273,2.0625192363114433,0.0,-41.667459028739195,-37.08256377660202,4.013425130888551,0.0
-12.320379298542552,-22.995872167928447,1.340952783374874,0.0,-18.886279633402598,-11.028824066403146,2.479389488535901,0.0,-47.85722776908126,-12.02964943685876,1.9831430591553953,0.0,-4.635884927526149,-36.88038979399086,-0.21073588297628199,0.0,-38.84877385209666,-35.59668348780709,2.0670579455121096,0.0,-41.24200332942102,-36.62410842757492,3.778085491641269,0.0
-12.349387440209664,-22.978011926077386,1.407108988134178,0.0,-18.605611220019796,-11.259742623383463,2.114711455457761,0.0,-47.83447314689218,-12.018075873070975,1.9734770381891025,0.0,-4.460776548150723,-37.06801809202737,-0.11609519310514393,0.0,-38.8407592642099,-35.6351524464588,2.072333205330086,0.0,-40.85648466487256,-36.18494339887482,3.5557076900056437,0.0
-12.380433225603223,-22.94261120730803,1.4812630432495393,0.0,-18.346669963778776,-11.425217397397487,1.882699269876599,0.0,-47.810229829155034,-12.00123501848467,1.9626169784135428,0.0,-4.178629077992258,-37.33066107794822,0.040654395382413,0.0,-38.84012726469521,-35.67644728796371,2.0796165084300533,0.0,-40.52311095006409,-35.797943660474836,3.3567465003090007,0.0
-12.408590491099318,-22.892521033712264,1.5519355229619105,0.0,-18.104197649744453,-11.527125901567118,1.774229980843292,0.0,-47.78708812201157,-11.97872164793044,1.9526597517918098,0.0,-3.7924645128487198,-37.63725297850939,0.2672793169284109,0.0,-38.84273674804405,-35.71596379645016,2.0888861059857877,0.0,-40.24999326461413,-35.48719039110943,3.1862831547823713,0.0
-12.431066297433295,-22.833658963775633,1.6113608582496806,0.0,-17.878216796020958,-11.577874370087894,1.761004349727492,0.0,-47.76837983046528,-11.951668741933421,1.945764755829563,0.0,-3.3203234863873172,-37.93220712738317,0.5561549019159546,0.0,-38.84346983080347,-35.74956411374665,2.0988501696524935,0.0,-40.03915570352515,-35.26249468398696,3.0454741969628465,0.0
-12.44611022448898,-22.77408979528106,1.6574340830641763,0.0,-17.67461113039562,-11.593249698336535,1.8046493162558708,0.0,-47.75706388531067,-11.922978808706107,1.943643452446901,0.0,-2.7904906684668216,-38.14729347449041,0.8808972209872437,0.0,-38.83773583003375,-35.774214126947115,2.107514434672577,0.0,-39.88630577783614,-35.11884823075365,2.9328085909187926,0.0
-12.452122758296795,-22.72235018719016,1.693394105449583,0.0,-17.503576666387247,-11.58581349991249,1.867062763332596,0.0,-47.75449442441227,-11.896828259451224,1.946996830581492,0.0,-2.2357621978869364,-38.22099197366043,1.2015111589571568,0.0,-38.82275831210595,-35.78828067687372,2.1131063689128915,0.0,-39.7817388570322,-35.03974920825583,2.844416069841218,0.0
-12.44754223278664,-22.68534927970385,1.7260156616339657,0.0,-17.376474716222837,-11.56202314827824,1.9187775695465383,0.0,-47.75972750268464,-11.87744256299378,1.9551820839214304,0.0,-1.689485081943868,-38.1176567481288,1.4772569259716661,0.0,-38.79823833555216,-35.79144062707192,2.114916953245052,0.0,-39.712240940431315,-35.002677153894794,2.7741316010210824,0.0
-12.431303697149346,-22.666256956022142,1.7630264958191617,0.0,-17.301916787686267,-11.523669129439705,1.9432847362768637,0.0,-47.7696993507172,-11.867668594115155,1.9663541344589444,0.0,-1.18353411644941,-37.83907536839067,1.6803432808032888,0.0,-38.76622333356002,-35.784310259356985,2.1136600635403546,0.0,-39.663939249153344,-34.98513292430296,2.714355765544761,0.0
-12.403513666233758,-22.663012961364636,1.8100252506793435,0.0,-17.281956002121085,-11.47182254897726,1.9369495313716047,0.0,-47.78016504392437,-11.868021501124645,1.978100797452127,0.0,-0.7459107838435761,-37.42502328399137,1.8031161328836571,0.0,-38.73032782422902,-35.76803380767091,2.1112395303564107,0.0,-39.625364641963046,-34.96964607336161,2.6579525656208105,0.0
-12.366139291118822,-22.66841356653635,1.867486787063891,0.0,-17.309511574271255,-11.410456963811086,1.9055991688892746,0.0,-47.78697430012528,-11.876594599326477,1.9883371380848622,0.0,-0.3965825166685937,-36.942943212511786,1.85628360379979,0.0,-38.694691583170595,-35.74410425647753,2.110090510428005,0.0,-39.58948281358912,-34.94636713181207,2.600320689117048,0.0
-12.323370361710705,-22.672461185889276,1.929389571974328,0.0,-17.36852208170652,-11.347491515815804,1.859605629293135,0.0,-47.78719317374111,-11.88977800455527,1.9960730071821189,0.0,-0.14334484583238982,-36.46958718055577,1.8610160747890614,0.0,-38.66309564510904,-35.714616266357936,2.1123624485376924,0.0,-39.55389219219884,-34.91280240336188,2.5404262867553378,0.0
-12.281028934150465,-22.666164080386203,1.9851044211914175,0.0,-17.437778965975724,-11.292848782659945,1.8093425646285635,0.0,-47.77975121139888,-11.903407407682577,2.001686712797193,0.0,0.019178682281356885,-36.07054517867173,1.840015853291213,0.0,-38.63847164853043,-35.68295278859682,2.119179939335795,0.0,-39.51942658107431,-34.87148395211476,2.480306903353762,0.0
-12.244719971243317,-22.644536315753513,2.024428706471726,0.0,-17.497329398253548,-11.255125647502293,1.7623615080361965,0.0,-47.76553273017224,-11.913885291033756,2.0065607974289286,0.0,0.10637400635498295,-35.7850440869507,1.81143007453014,0.0,-38.6227917430501,-35.65462182413369,2.1301425007407264,0.0,-39.488156357281234,-34.82705217233518,2.4235444617179063,0.0
-12.217394876385132,-22.607335117829464,2.0431201742199523,0.0,-17.53428770050662,-11.239067889874123,1.722622748033647,0.0,-47.74695440478364,-11.918962551795108,2.0122748875994834,0.0,0.13816437729873066,-35.62083978635334,1.78657214233343,0.0,-38.617183975219746,-35.637730482180174,2.1431414541297107,0.0,-39.46179513095459,-34.784004958470405,2.3735750927149866,0.0
-12.197701333055537,-22.558323907223613,2.0453638430689782,0.0,-17.545180194801077,-11.244896585780396,1.691130581225103,0.0,-47.72713086205414,-11.918072783291079,2.019786151140421,0.0,0.13387566312951904,-35.55912074567188,1.770274650132908,0.0,-38.622065373656845,-35.64255361574352,2.154508832411027,0.0,-39.440990697910614,-34.74558323822039,2.332431752589395,0.0
-12.180231236554828,-22.504363488787114,2.0415525999100783,0.0,-17.534406631640188,-11.26911189694269,1.6670115704194988,0.0,-47.708872479341444,-11.912223945070041,2.0289912796493024,0.0,0.10896863789038491,-35.56567672735201,1.7623671887341779,0.0,-38.63704860757196,-35.67989479250258,2.1594807083636427,0.0,-39.42539436892613,-34.713551060240015,2.3001535645904614,0.0
-12.157718061730053,-22.454050109714693,2.043205200794487,0.0,-17.510561902342722,-11.305924244597279,1.6484384426114467,0.0,-47.69389683294746,-11.903515691234709,2.0388116255875293,0.0,0.0738164494892457,-35.6035042848379,1.759470420694809,0.0,-38.66046952483126,-35.75846324896099,2.152918540441796,0.0,-39.4140990092249,-34.68838260306221,2.2749504933945435,0.0
-12.124073915592746,-22.415098073793835,2.0586904898984653,0.0,-17.48273343016202,-11.348706637971665,1.6332723409040106,0.0,-47.682557012337014,-11.894459707728139,2.0476754939457855,0.0,0.03400526915395652,-35.64278999508063,1.7568446051360826,0.0,-38.68871071526573,-35.88218561957535,2.130167719391098,0.0,-39.4060464530025,-34.669535931389795,2.2540664001709096,0.0
-12.076750899149166,-22.39124660523355,2.0919711336216533,0.0,-17.45804434751513,-11.391171511047123,1.619503540243734,0.0,-47.67411822994622,-11.887354678083293,2.0541094680069047,0.0,-0.008481712382168105,-35.66599828873187,1.7500565794180645,0.0,-38.71578938069918,-36.048856288996845,2.087909111458318,0.0,-39.40019022414393,-34.65575613475748,2.2349427380390363,0.0
-12.017365626702087,-22.380578501273444,2.143716248756107,0.0,-17.44073008707925,-11.428185233358755,1.605562996182698,0.0,-47.667360914849944,-11.883881361376098,2.0571232594712914,0.0,-0.053704942054940474,-35.66793679185061,1.7361177613551142,0.0,-38.73354295394053,-36.25130356639288,2.0249433751912385,0.0,-39.39542772724113,-34.64544965527467,2.2160664131037553,0.0
-11.950202668838209,-22.376144112060462,2.2130247206863327,0.0,-17.432405547630577,-11.45628670325444,1.5905192326282762,0.0,-47.661185100007145,-11.884908880947796,2.056224005302971,0.0,-0.10220505616540176,-35.65234770567595,1.713888343431881,0.0,-38.732304977796524,-36.4811419398998,1.9429576359829372,0.0,-39.39048352099601,-34.63709616692155,2.1971333775189734,0.0
-11.879036758426036,-22.36785631344175,2.298962394733035,0.0,-17.432915923130064,-11.473995217327248,1.5741528944454526,0.0,-47.654953387757644,-11.890419142851552,2.051184381628323,0.0,-0.153769408376899,-35.627203747870595,1.6838853691538471,0.0,-38.70173233128844,-36.73368630678422,1.8472702519652744,0.0,-39.38394486022808,-34.62958418396372,2.1786437012796522,0.0
-11.803765314533567,-22.3437798779253,2.401774859585302,0.0,-17.441168885765304,-11.481877862785499,1.556916618106614,0.0,-47.64849202073915,-11.899509004360011,2.0418828556794324,0.0,-0.2068512348112872,-35.60056753586908,1.6478559329106517,0.0,-38.631593876107104,-37.01164776079465,1.7472910265641568,0.0,-39.374520945307125,-34.622394571369895,2.1613016846993762,0.0
-11.718652978124709,-22.290042514947515,2.523146479159889,0.0,-17.4555482054193,-11.482263898126948,1.539808569429466,0.0,-47.641836561534525,-11.910520910751577,2.0284300159789357,0.0,-0.25878670904393886,-35.5780635380772,1.608404342763965,0.0,-38.51252513815178,-37.32548085832918,1.656217803175391,0.0,-39.36142122722727,-34.615649224177204,2.145516191764891,0.0
-11.61290265212818,-22.19029088611527,2.6649953166886746,0.0,-17.473852963112286,-11.478523120441634,1.5241931921310918,0.0,-47.63484964944153,-11.921370672339176,2.0114906236919605,0.0,-0.306595220086626,-35.56212518596624,1.5687178791810545,0.0,-38.336709756864664,-37.68963875701466,1.5895847548705273,0.0,-39.34464747432656,-34.61005906925195,2.131111103675316,0.0
-11.472875742493184,-22.026006950123634,2.827580664638866,0.0,-17.493073414768666,-11.473935562308837,1.5115894483683352,0.0,-47.62681917888146,-11.93003776302763,1.992510876810556,0.0,-0.3478739497704959,-35.552522790380436,1.5322594485508443,0.0,-38.098306502158074,-38.11587239814824,1.5626370557645028,0.0,-39.32502256344036,-34.606745565583275,2.1172714677076865,0.0
-11.284853096911139,-21.778192779964897,3.0085670708996144,0.0,-17.509488737594083,-11.470401075855417,1.5034156360073432,0.0,-47.61616471000564,-11.935012745274344,1.9736243069194739,0.0,-0.38132669619163106,-35.547424904475065,1.5023119634258375,0.0,-37.793493083785584,-38.60628105859584,1.5869004270384766,0.0,-39.30390397490282,-34.606891282609716,2.10274299887255,0.0
-11.03763192430636,-21.430345917571806,3.204380619216849,0.0,-17.51938686124143,-11.46753853556575,1.5006503119034864,0.0,-47.60036451098298,-11.935421754410154,1.9572234508545066,0.0,-0.4067368616280618,-35.544384334748365,1.4814177938050204,0.0,-37.42022466282515,-39.14934353579446,1.6666896820378483,0.0,-39.282679400270084,-34.611264693853215,2.0862335703986172,0.0
-10.72469917975996,-20.972850632532033,3.4139946623768473,0.0,-17.52025855502912,-11.462814352104093,1.5034017394130235,0.0,-47.576059373534314,-11.930715650035719,1.9453679447884245,0.0,-0.4245110844495503,-35.54099789555197,1.4709021320351354,0.0,-36.977882445764614,-39.72115417538097,1.7967107605786206,0.0,-39.26225404419429,-34.61979847354369,2.0668474339062683,0.0
-10.345814303938301,-20.40878569136462,3.642941309399742,0.0,-17.511927128751097,-11.452906867862978,1.510525748009714,0.0,-47.539118669903964,-11.92013573618911,1.9392909893006447,0.0,-0.4351171102931932,-35.53529716560091,1.470689687928516,0.0,-36.46678856489909,-40.29169425741606,1.9620708351252123,0.0,-39.24276317033196,-34.63145101081085,2.044364380641017,0.0
-9.90743281195854,-19.758886153799065,3.9029825392876845,0.0,-17.496988909988705,-11.435697385143056,1.5196158147771381,0.0,-47.48454793183039,-11.902335799517683,1.9392632748821512,0.0,-0.4387289449994496,-35.52600045634138,1.4795089062232396,0.0,-35.88745272734293,-40.833284478004764,2.14134268231778,0.0,-39.22364436999796,-34.64447539406058,2.0192808188299907,0.0
-9.420769444853871,-19.06027379458736,4.204811163247216,0.0,-17.48018451728626,-11.41171924784671,1.5276706571295051,0.0,-47.406500400723765,-11.875368556757623,1.9449645081111395,0.0,-0.43521470838327847,-35.512661985769995,1.4953803196197608,0.0,-35.23976974663067,-41.32718666191878,2.3118475415434014,0.0,-39.20402218829826,-34.65702312104617,1.992640676636757,0.0
-8.896990933475596,-18.3557622040298,4.54855716497797,0.0,-17.466795891154668,-11.384166660323794,1.5323450946897843,0.0,-47.29892132356344,-11.836935544130498,1.9563332237240676,0.0,-0.42440795070732973,-35.49568150006805,1.5161343803891523,0.0,-34.522875820686046,-41.76567693061208,2.4551010032136196,0.0,-39.18320332143364,-34.6678554424398,1.9657448630688972,0.0
-8.341676660507979,-17.67947982919105,4.920864404838815,0.0,-17.46066033781678,-11.357555078426715,1.533109556951878,0.0,-47.15709342588365,-11.784657120481553,1.974697612715012,0.0,-0.40650159777178674,-35.47615095633186,1.539740843157622,0.0,-33.73624115909897,-42.14972358696227,2.5604174401893767,0.0,-39.161036834416635,-34.676877522128585,1.9398545595069088,0.0
-7.752107816048528,-17.049131651685038,5.300793086480409,0.0,-17.462612342871193,-11.336055782384339,1.5314509675417938,0.0,-46.97966951679299,-11.716168832132757,2.003869095173311,0.0,-0.38238364953483783,-35.45556551388184,1.5644312641547504,0.0,-32.881692270211325,-42.484530821386684,2.6257413712620474,0.0,-39.137970189490076,-34.68522906005578,1.9159800239609357,0.0
-7.118783013788867,-16.468478607785524,5.6685188121841,0.0,-17.469978127057683,-11.322605411531432,1.5298266898833806,0.0,-46.77018108101235,-11.628962620061941,2.0508059134767365,0.0,-0.35375670284208205,-35.43548536873729,1.5887496512417272,0.0,-31.965148022434764,-42.77556634130618,2.6559520995867523,0.0,-39.11478767878553,-34.6947934468938,1.894774276907377,0.0
-6.429639353170746,-15.93512725740973,6.010719398651272,0.0,-17.47733710259753,-11.31903269845879,1.530040715110644,0.0,-46.5369353507488,-11.520051828330057,2.125477152396879,0.0,-0.3229595784768273,-35.417274054609585,1.6116371255215718,0.0,-30.996758619232487,-43.0266355745584,2.6596819266041924,0.0,-39.092179357272265,-34.7072681649028,1.8765010584548563,0.0
-5.674684669039677,-15.447389253540477,6.32134919395712,0.0,-17.478336786789708,-11.326474392088235,1.5321478774684874,0.0,-46.29080078884442,-11.385727879219614,2.2397389455145778,0.0,-0.29253565127931624,-35.401988640338665,1.632545626756638,0.0,-29.98908363294008,-43.2399999567005,2.64600774309263,0.0,-39.07037204286816,-34.72324458471306,1.8610529038129453,0.0
-4.8494439351724985,-15.007293746755835,6.599611705260838,0.0,-17.46794611027034,-11.345256874182489,1.5345144863266356,0.0,-46.04141355142393,-11.221727929064741,2.4053191492162718,0.0,-0.2646935161734012,-35.390362435750696,1.6515273029494608,0.0,-28.954311053551546,-43.41738226327694,2.6221295095483335,0.0,-39.04901667592597,-34.741812494770016,1.848009626395207,0.0
-3.956382188846395,-14.61989970422656,6.847307750111128,0.0,-17.444269499508774,-11.37419916635962,1.5347989219729534,0.0,-45.79320556409105,-11.023966969934172,2.6312391517552367,0.0,-0.24080782366781683,-35.38274305491807,1.6692448416250194,0.0,-27.902207108367897,-43.560568400339356,2.592422783530547,0.0,-39.02739468218758,-34.760914885651246,1.836720466559239,0.0
-3.004107277795465,-14.290492679141025,7.0669644849103275,0.0,-17.409188882842024,-11.410001322715217,1.5311213978691036,0.0,-45.54274525266591,-10.789748025337632,2.9210830813129256,0.0,-0.2210557763653851,-35.37894568064961,1.686831631961093,0.0,-26.839904320585056,-43.6710355182022,2.5585133487527107,0.0,-39.004850001361575,-34.7782329911683,1.8263881120844143,0.0
-2.0049223802826726,-14.021579437133076,7.261218218614985,0.0,-17.367670993563756,-11.447379291623928,1.522804012992557,0.0,-45.27820836574412,-10.519162065532237,3.2705242703563737,0.0,-0.20429231523929925,-35.3781689893684,1.7055417075495765,0.0,-25.77330733302636,-43.748854532391704,2.51975655385494,0.0,-38.98124143136106,-34.79211847274237,1.8161494999099066,0.0
-0.9719647817993762,-13.811239658722915,7.4331017085463245,0.0,-17.32617155023376,-11.480110711592003,1.5104822291510676,0.0,-44.980984591926266,-10.216207871820878,3.665636823762579,0.0,-0.188310333651875,-35.379171825108145,1.72624880496309,0.0,-24.708882803913824,-43.79154123841256,2.473771534660779,0.0,-38.95718584208103,-34.80215000050057,1.8051794813384898,0.0
0.08279949858656233,-13.653479181138756,7.58645634535446,0.0,-17.29082403566137,-11.502639018398213,1.4957405765183598,0.0,-44.62894350264117,-9.889113310208604,4.082820993832399,0.0,-0.17052485006456353,-35.3807067419941,1.7490229305190343,0.0,-23.65452261403964,-43.79363105976963,2.4171362827992446,0.0,-38.93394607841919,-34.80915126500213,1.7928526498567159,0.0
1.1491466997093274,-13.540078038980955,7.725927398034548,0.0,-17.266022090770072,-11.511602654029584,1.4805595903263402,0.0,-44.20063340757817,-9.549647407738874,4.4912721754708596,0.0,-0.14885275813091714,-35.381932266556696,1.773021503112485,0.0,-22.618910455277234,-43.74762646123325,2.346569432960152,0.0,-38.91299010430208,-34.814768737761234,1.7789373266816373,0.0
2.2180228125339334,-13.4626700723061,7.85666066436144,0.0,-17.253745807010866,-11.506689156168617,1.4668119241836095,0.0,-43.67950412533298,-9.21177972088254,4.858271189534426,0.0,-0.12242031982029578,-35.382490515857704,1.7967344568563366,0.0,-21.6098084246031,-43.646474296438164,2.260683169574559,0.0,-38.895430866460075,-34.820834669337025,1.7636925805663353,0.0
3.280622267360748,-13.413882839807584,7.984254544195624,0.0,-17.253647798458253,-11.490502412522886,1.4559006168424702,0.0,-43.057278001273005,-8.890362212942174,5.156208101857782,0.0,-0.09185212573593549,-35.382197270974224,1.8184425797945334,0.0,-20.63229510054014,-43.48689225468649,2.161791805981558,0.0,-38.881630387080484,-34.82871584316983,1.7477358881892577,0.0
4.327918365270727,-13.387184903915593,8.115372611671125,0.0,-17.26362420418628,-11.46751297284349,1.4485035451221773,0.0,-42.335894766985334,-8.600201303353701,5.368997138893956,0.0,-0.059082304603620184,-35.38058657576185,1.8367162989394092,0.0,-19.687913615687833,-43.27212894656032,2.0567469900535755,0.0,-38.87115092775904,-34.838794024586356,1.7317160673030472,0.0
5.3510231163771795,-13.37600988015024,8.258842254103033,0.0,-17.280491217264732,-11.442504578182803,1.4443810075602794,0.0,-41.5276816521468,-8.355184028731756,5.495333048340665,0.0,-0.02674134753964874,-35.376634581895665,1.8508230161800583,0.0,-18.77507665111332,-43.012653292938886,1.955916539774739,0.0,-38.863031144517414,-34.85025038626133,1.7160029303648283,0.0
6.342097149044221,-13.373113872647618,8.426451276361796,0.0,-17.300499941516733,-11.419162627135345,1.442312544507125,0.0,-40.65334461175137,-8.16673811827743,5.547406915265675,0.0,0.0027313210147061895,-35.36885370430417,1.8609479951050663,0.0,-17.890401852572076,-42.72404208004687,1.8703902037470446,0.0,-38.85620952092046,-34.8613478323436,1.7005955991285333,0.0
7.295085011223545,-13.370830489378498,8.632418100569819,0.0,-17.319636630709738,-11.399442475949416,1.440318989200227,0.0,-39.737531592670585,-8.041391908937111,5.545730300898761,0.0,0.02796331942645569,-35.35575342481073,1.8681473091480427,0.0,-17.030332452318667,-42.42273803357819,1.8086368832767281,0.0,-38.84988988729387,-34.87024468279849,1.6852901254525943,0.0
8.205725187863006,-13.362280311498456,8.890891710845812,0.0,-17.333840119579968,-11.383969669692245,1.4362805694032605,0.0,-38.80272845651393,-7.97825339042768,5.512462699778023,0.0,0.0491360586584485,-35.336518061090295,1.8739858948353714,0.0,-16.192476135507594,-42.1216255097532,1.7741719410076833,0.0,-38.84370204430932,-34.8760238466586,1.6699944040623453,0.0
9.070971013139385,-13.343093596323323,9.211702058945427,0.0,-17.33935431152027,-11.373076714671996,1.4288794979349184,0.0,-37.86365541386806,-7.967845974194683,5.465965854040537,0.0,0.0678184291245909,-35.31164202562299,1.8799473839769174,0.0,-15.37631973604972,-41.82751346085436,1.7650643187977497,0.0,-38.83761024627473,-34.879335730009885,1.6549890303728017,0.0
9.888585202712154,-13.31297162410973,9.595520751769016,0.0,-17.333368267604513,-11.367592454418686,1.418539601737967,0.0,-36.92463731546675,-7.993332639599526,5.418105856628882,0.0,0.08623284192796621,-35.28318384102033,1.8868777338171956,0.0,-14.583172486685202,-41.54139019793616,1.7750768541778275,0.0,-38.83166327618396,-34.88216333239267,1.6409230171865765,0.0
10.657678406480166,-13.276418656715135,10.030223879012816,0.0,-17.31485170940892,-11.368578271860656,1.4078443268795056,0.0,-35.98100012308112,-8.03414970324512,5.374222994391314,0.0,0.10637623413385561,-35.25436725234729,1.8947428938121504,0.0,-13.81540423537282,-41.260719076423946,1.7956786922234738,0.0,-38.82579696578742,-34.88678111297024,1.6284864307837577,0.0
11.380209523727471,-13.242253987537307,10.490260117376838,0.0,-17.28517783576867,-11.375925860975308,1.4009974067924063,0.0,-35.02358647040132,-8.071168172927102,5.334820725484931,0.0,0.12944119908104035,-35.22856650180402,1.902796419422625,0.0,-13.075301798623919,-40.9822323173231,1.8181737806976628,0.0,-38.81986638336496,-34.89458722500462,1.617968743982697,0.0
12.062437908723307,-13.222083601822316,10.939915038865362,0.0,-17.248021395712193,-11.386695519167818,1.4023175341752498,0.0,-34.04441250600451,-8.091957605088675,5.2979555732565,0.0,0.1557068376581184,-35.20810576761749,1.9100585199974027,0.0,-12.364023875884603,-40.703880181140754,1.8354527029205823,0.0,-38.81389186792203,-34.90559348722171,1.6090233459288381,0.0
12.714952535539783,-13.228442950643775,11.33967817680131,0.0,-17.208370659235804,-11.394522839575362,1.4143214203736694,0.0,-33.04151464268493,-8.09448184400915,5.261497222962555,0.0,0.18479330298139565,-35.193457462818046,1.9159009470083657,0.0,-11.681063978569833,-40.42535395567742,1.8431219054432137,0.0,-38.80830417121679,-34.91882452322618,1.600778919978767,0.0
13.350684632763027,-13.273297502479188,11.653455898236377,0.0,-17.171104160641114,-11.39085615834885,1.4363154553747588,0.0,-32.021568280441706,-8.087697517199347,5.224598164534054,0.0,0.21607869562034987,-35.183215958817385,1.9204501031325414,0.0,-11.024351514531459,-40.14740644097249,1.8398625292738107,0.0,-38.80393252009264,-34.9331573900198,1.5921679688237944,0.0
13.981574000668399,-13.367016851716755,11.854149280893456,0.0,-17.139851215283137,-11.367604745304124,1.4643041249508446,0.0,-30.999514551221715,-8.088384223303075,5.188000137472656,0.0,0.2490836094476558,-35.1748391466754,1.924550712040336,0.0,-10.390792506002047,-39.87064114164904,1.8269616804340352,0.0,-38.80165467419819,-34.94787391824427,1.58223342614534,0.0
14.615307115482901,-13.517460416964107,11.926082141133357,0.0,-17.116491540322322,-11.319956130649068,1.4923804524907496,0.0,-29.995285331104373,-8.115163698739238,5.153285373993604,0.0,0.2836396880903479,-35.165814778214305,1.9292868208698657,0.0,-9.776901570643838,-39.5944175298466,1.8072307697262602,0.0,-38.80190303729931,-34.962607516763285,1.5702746537553232,0.0
15.253525904567358,-13.728965180063728,11.864096639337339,0.0,-17.101135594214885,-11.248198782409705,1.514944994028589,0.0,-29.02872221215838,-8.182237335042812,5.121557557165028,0.0,0.31973111460200115,-35.154714691419166,1.9353490047102149,0.0,-9.17931190456241,-39.31628638087948,1.7838142209534311,0.0,-38.80434091572306,-34.97696372201256,1.5558711390697155,0.0
15.892288857329362,-14.001697068812689,11.670180657422339,0.0,-17.092350428727688,-11.158051720417523,1.5286700843635401,0.0,-28.11439327824932,-8.295617884176579,5.092082401145841,0.0,0.3570993102541654,-35.141636683956726,1.9426180631700838,0.0,-8.59522369743293,-39.03218667970948,1.7593924360784783,0.0,-38.80787564686398,-34.99027171033063,1.5388985958075772,0.0
16.524411622347905,-14.332328891164925,11.34903392214962,0.0,-17.087645848870622,-11.059638379773896,1.5333422820275402,0.0,-27.25794407210449,-8.453202884111807,5.061351352678706,0.0,0.3949055288258866,-35.127865806870105,1.9501958582551442,0.0,-8.023018640825082,-38.73745071868894,1.736002022260072,0.0,-38.8109436797343,-35.00165197830781,1.5195805022750228,0.0
17.142062744336478,-14.716602184523659,10.904077275102388,0.0,-17.084288001606186,-10.96553874922438,1.5313391860918095,0.0,-26.455249521284,-8.647933289423676,5.0229839342727125,0.0,0.43174639168963663,-35.11503522515133,1.9568526362802885,0.0,-7.4632100261071965,-38.42837833667371,1.7153543719392736,0.0,-38.81191135810133,-35.010298554076016,1.498512700019651,0.0
17.737674251305272,-15.153016980260354,10.335270258840737,0.0,-17.080215074988505,-10.888420480614,1.5261348460695423,0.0,-25.69502460389418,-8.871823120902677,4.9686428916048495,0.0,0.4660807146766948,-35.10430529661318,1.9616043360538171,0.0,-6.919631358819567,-38.103921991520274,1.699280280919373,0.0,-38.809482836895,-35.01583077635888,1.4765830443652366,0.0
18.30245667447114,-15.645615034608484,9.639845641428373,0.0,-17.0745743724323,-10.838807864621103,1.520619625669255,0.0,-24.964358622510463,-9.118521980932904,4.889726235752564,0.0,0.49682175347844976,-35.09598448623977,1.9640755601869806,0.0,-6.400373356789538,-37.76707060901501,1.6898591837182853,0.0,-38.803054295780875,-35.018633004101225,1.4547916938218908,0.0
18.823838861264605,-16.20356652250502,8.816541229379194,0.0,-17.06756702070521,-10.823562377312903,1.5159975539493384,0.0,-24.255197521087045,-9.383177701353864,4.779280299220284,0.0,0.5237162493638209,-35.0897162235971,1.9645085742454853,0.0,-5.917668278955796,-37.42566783209052,1.6889749324500425,0.0,-38.79294802996106,-35.02007303805334,1.4340609010043046,0.0
19.28443542161514,-16.83628759295454,7.872857292583382,0.0,-17.059767179336163,-10.845392076689844,1.511604344555039,0.0,-23.569053246890366,-9.660074783492815,4.633423966976617,0.0,0.5472944773411664,-35.085034236028946,1.9635361471719115,0.0,-5.486040833936549,-37.092301492237915,1.6974038127751356,0.0,-38.78044626890423,-35.02240653517227,1.4151100274654187,0.0
19.664744517851624,-17.54485124913137,6.833271785530147,0.0,-17.051411125196275,-10.903175157478318,1.5054959339652285,0.0,-22.917745935718283,-9.94000756888672,4.45172110841416,0.0,0.5684903852848721,-35.08190610843943,1.9619262466268559,0.0,-5.118792680415113,-36.78268270952393,1.7139014295391046,0.0,-38.7675531719753,-35.028214991709675,1.3983911111724954,0.0
19.9498477654148,-18.31295505516239,5.744695559514616,0.0,-17.04208060614596,-10.992430029517795,1.495428383920217,0.0,-22.31972121000423,-10.209723635030315,4.23660254556429,0.0,0.5882295994540189,-35.080943864846944,1.9604466735868709,0.0,-4.823942679446463,-36.512264655630766,1.7349420052572473,0.0,-38.75646789296856,-35.039466707991465,1.3840398736974677,0.0
20.137575726825908,-19.102442835166737,4.674997787090309,0.0,-17.030903139379664,-11.105324818199485,1.479889969276563,0.0,-21.793690203556572,-10.454473262815876,3.9926812329614307,0.0,0.6072505389700475,-35.08319768970261,1.9598792475679563,0.0,-4.601361894845661,-36.29195905914634,1.7555825331134223,0.0,-38.74889402190864,-35.056612117145235,1.3718309153345931,0.0
20.243335674565905,-19.85754287537152,3.7026870799064824,0.0,-17.017133698442283,-11.230294098529187,1.4589325445254069,0.0,-21.352601741235965,-10.662386018583044,3.726673956118754,0.0,0.6262168289699884,-35.089673390134564,1.9610533252334186,0.0,-4.442457355196751,-36.12479447051868,1.7712536583860103,0.0,-38.745488910609645,-35.07826646275,1.361175108523371,0.0
20.297534025225,-20.51787044270252,2.900379737728393,0.0,-17.00087033669433,-11.352143647145033,1.4345899592057716,0.0,-21.00031273879804,-10.828001467070074,3.447640026759501,0.0,0.6459273174656383,-35.10080927290905,1.964674025807314,0.0,-4.332555788151451,-36.005144538904695,1.7795039216576605,0.0,-38.74577716187627,-35.101772166255124,1.3512060082296156,0.0
20.335952699474518,-21.03517667267034,2.3180028739883234,0.0,-16.983622069815482,-11.453698605880454,1.410766543157548,0.0,-20.73150593871947,-10.95304339814683,3.166618394188612,0.0,0.6673088922971724,-35.11614124399396,1.9708945615286666,0.0,-4.254920512182777,-35.92085585889457,1.7806210093366275,0.0,-38.74858890225349,-35.12436671962337,1.3409693778057896,0.0
20.387948540823945,-21.38669287952851,1.9710891002020965,0.0,-16.9684414374842,-11.519256839837242,1.3926305845441913,0.0,-20.53399401158819,-11.044493051533761,2.8952689403542813,0.0,0.6910084505744605,-35.13431188975199,1.9789456645483874,0.0,-4.194791638213343,-35.85726938173856,1.7768227544033675,0.0,-38.75270727912816,-35.14426544719135,1.3296820340973063,0.0
20.467997282144218,-21.57989081232253,1.8370029130569936,0.0,-16.959428625773725,-11.538949366586403,1.385587356009907,0.0,-20.392173153720467,-11.111399521773798,2.6441155477138967,0.0,0.7167291986987707,-35.15342776745091,1.9872607618967724,0.0,-4.142093776199607,-35.80145878003999,1.7706631492775529,0.0,-38.75727494360555,-35.161070731986655,1.3169852652442824,0.0
20.573433797200835,-21.64756789017599,1.8602804858913418,0.0,-16.960643449702236,-11.512453810250152,1.3938360944648398,0.0,-20.290544225782202,-11.162010845876926,2.421302966151327,0.0,0.7427910655675933,-35.17159913224025,1.994198742572097,0.0,-4.092193686880031,-35.745119065289046,1.7636919411262557,0.0,-38.76176394712231,-35.17542088550205,1.303095226645544,0.0
20.688080677597302,-21.6361301370583,1.9666186534617367,0.0,-16.97473255359796,-11.450422263821043,1.4186677956735778,0.0,-20.21638234520218,-11.20219338848454,2.2321502057458282,0.0,0.7664560688478623,-35.18743151124938,1.9989234629847683,0.0,-4.044870091894326,-35.68533705148859,1.7560456716536947,0.0,-38.7657257388334,-35.18826944270874,1.2887555136533013,0.0
20.789393711895016,-21.592124116571554,2.0819705094141607,0.0,-17.00176100439421,-11.372249551380857,1.457249535650984,0.0,-20.16088717272089,-11.235306638930624,2.0790561689824933,0.0,0.7850770149386275,-35.20028954475249,2.001710366205611,0.0,-4.002202369199876,-35.62352374626033,1.7468963769907493,0.0,-38.76870842652847,-35.20031565077077,1.2749576102028968,0.0
20.856219769954787,-21.55162817447167,2.1504653042892574,0.0,-17.038715889107714,-11.300047375438076,1.5030662832834167,0.0,-20.11874767945253,-11.263032370635688,1.9613713738433063,0.0,0.7973799854881558,-35.210257732887364,2.0033411920517636,0.0,-3.9663475860739323,-35.56342038851498,1.7352263602332716,0.0,-38.770478588155974,-35.21184686149473,1.2625281118681322,0.0
20.874950778250334,-21.53486246659694,2.14514822294964,0.0,-17.079921919232007,-11.251113343126692,1.548372983471273,0.0,-20.08678940756619,-11.286362076119456,1.8754593999971227,0.0,0.8040528011420094,-35.217887195143604,2.0041759262629117,0.0,-3.9380991776565883,-35.50907715237342,1.7205200470897513,0.0,-38.771297320997206,-35.222871163450534,1.2517917010187691,0.0
20.84282137872832,-21.5460704559164,2.0686540960868944,0.0,-17.118303804685564,-11.23272838977855,1.5872617501752888,0.0,-20.06266251709438,-11.306149529184363,1.815405140152457,0.0,0.807398970996219,-35.22393083013122,2.003880990252558,0.0,-3.916649273337359,-35.46334435336752,1.703220275750441,0.0,-38.77193418610366,-35.23329445070144,1.242486535277699,0.0
20.767794454082374,-21.577522172376717,1.9447899642700568,0.0,-17.147128209129363,-11.241682372066432,1.6173147170251845,0.0,-20.044172502535222,-11.323135123872046,1.7743855415364678,0.0,0.8103113150808676,-35.229167899867434,2.0020596885287194,0.0,-3.9003265173680894,-35.42705724631342,1.684809137501464,0.0,-38.773394643844426,-35.24308799483459,1.2339691744138879,0.0
20.665250703336948,-21.616054131429326,1.8051877419536897,0.0,-17.16163562532844,-11.267802363040222,1.6391391162780558,0.0,-20.029279074120577,-11.337722408573534,1.7461731230708537,0.0,0.815028471026918,-35.2342902026208,1.9991715108873098,0.0,-3.8876494549383125,-35.3989007435013,1.6673618798817778,0.0,-38.77656962179154,-35.25255922918815,1.2256228684205688,0.0
20.552889885326383,-21.649987401784344,1.6766825532400222,0.0,-17.16001147912437,-11.29893511547003,1.6547162664389106,0.0,-20.0164676379036,-11.349805545928024,1.7261470995303387,0.0,0.8222901726721457,-35.23987443742021,1.9970628194256967,0.0,-3.8780418417992184,-35.375875751716805,1.6526761461412338,0.0,-38.78196109302573,-35.26272429816691,1.2173075916545955,0.0
20.446138192747743,-21.67384522794974,1.5739351699954547,0.0,-17.143460737728063,-11.325203180797015,1.6658889062590667,0.0,-20.00515227383365,-11.358770893250616,1.7115305608507327,0.0,0.8313632702930196,-35.246573727367796,1.9988141714267211,0.0,-3.8719212311023203,-35.35420401860246,1.641451030769078,0.0,-38.78949156454045,-35.275514964419855,1.2096367041305651,0.0
20.35579779017894,-21.68910418548217,1.4986265436980482,0.0,-17.115487125113937,-11.341569636398726,1.6736883472402564,0.0,-19.995814589902906,-11.363691374650793,1.700988093945167,0.0,0.840896725875943,-35.255668289374626,2.0078622587882577,0.0,-3.8703188235225445,-35.33033999734286,1.6330499935787675,0.0,-38.79838396081823,-35.29343945398645,1.203870406444917,0.0
20.287962379297273,-21.70128512612704,1.4434633207117482,0.0,-17.080641427474006,-11.34851523082573,1.678475658169999,0.0,-19.98971206645456,-11.363720499297006,1.6939009914722725,0.0,0.8500778923285406,-35.2699676439688,2.0264638197190905,0.0,-3.874410261174427,-35.301632445809304,1.6259542892575745,0.0,-38.80718422196859,-35.3185530845444,1.2013484785377404,0.0
20.244992845297688,-21.71561548292709,1.3979288754347134,0.0,-17.043007654522874,-11.350865768614977,1.6805365619287187,0.0,-19.98824646764203,-11.358621191413846,1.689615969956284,0.0,0.8594393672913443,-35.29480416263972,2.053820792919547,0.0,-3.885222580187996,-35.26630885104166,1.618509491101669,0.0,-38.814029499097444,-35.35110778737892,1.2026342222614463,0.0
20.226441716377295,-21.73384148007412,1.3531536196283085,0.0,-17.004682149371774,-11.35502678130072,1.6808341150446005,0.0,-19.992312142832894,-11.349211005372286,1.686947323874362,0.0,0.8709479559777911,-35.33869208230896,2.084660364847892,0.0,-3.903478938903091,-35.222927424289736,1.6095078010480215,0.0,-38.817147337518605,-35.38868358317325,1.2067796919020601,0.0
20.22951174664179,-21.753503567794798,1.304503736920548,0.0,-16.964613424132022,-11.365321391682565,1.681783020401383,0.0,-20.001925025639018,-11.337439322265526,1.6841769380923939,0.0,0.8874696556220067,-35.413256827090585,2.109316079459342,0.0,-3.9293021111505073,-35.16997724666656,1.5984372070383195,0.0,-38.815419425836474,-35.4265835070166,1.211184955064482,0.0
20.249062490963492,-21.769373857545702,1.2517657997936258,0.0,-16.9183078407558,-11.380599355225716,1.6878603472578924,0.0,-20.016190051607648,-11.32595907369781,1.6795628366933268,0.0,0.9120361338901806,-35.53217682462706,2.1158958683997735,0.0,-3.9615746415546544,-35.10635896068118,1.5854135378947003,0.0,-38.8087998758717,-35.459760363705534,1.2123444699652346,0.0
20.277354003119907,-21.775870355862782,1.197788804399801,0.0,-16.8587512241156,-11.392432439231193,1.7056812870590239,0.0,-20.03345247433667,-11.317325267471626,1.6720302802686575,0.0,0.9473881365504391,-35.70907398998066,2.0941129670629657,0.0,-3.997216659523863,-35.032820427609416,1.5708468581827582,0.0,-38.7984152780899,-35.485848056964436,1.207414782472636,0.0
20.304012024781997,-21.7691117219596,1.1468608042895685,0.0,-16.778387957255703,-11.38578728779449,1.7432421967485707,0.0,-20.05147490067382,-11.313151677344763,1.6615907766279108,0.0,0.9960654535175273,-35.95461806593866,2.03937432381373,0.0,-4.031097920980283,-34.95352903338889,1.5549872559962434,0.0,-38.786223709237944,-35.50832831262517,1.1961368106068324,0.0
20.316967018171074,-21.74756064954579,1.1037598383657432,0.0,-16.67147568623184,-11.342223374624012,1.8085206238660465,0.0,-20.06763353321468,-11.313583093820945,1.6492292634492394,0.0,1.06101126866534,-36.27359757594181,1.9552829177000053,0.0,-4.057170383651249,-34.8765672997614,1.5376105459730933,0.0,-38.77419353794753,-35.53863170946612,1.1823759553880073,0.0
20.304770040942827,-21.711035916051337,1.0735327239473822,0.0,-16.535909180243998,-11.244833931393488,1.9080681566280537,0.0,-20.079260507161276,-11.317306164310397,1.6363303600598798,0.0,1.1464765089964164,-36.66313800154953,1.8532095249274665,0.0,-4.07061876368137,-34.81255706660648,1.5180822754786796,0.0,-38.76309960356078,-35.5960739466591,1.17455351319796,0.0
20.2596956339769,-21.65907246957093,1.061247297919076,0.0,-16.373718146176124,-11.083535144938399,2.0460764469058494,0.0,-20.084234456083674,-11.32209417579192,1.6239470836241576,0.0,1.2590091979200513,-37.11313617137584,1.749018768945442,0.0,-4.069985878672585,-34.771587637019444,1.4958385011203923,0.0,-38.751175832128084,-35.7049786978683,1.1845525337990281,0.0
20.180291051512953,-21.590225840035007,1.070886624718458,0.0,-16.189823452227873,-10.858804271925734,2.2238119912038607,0.0,-20.081720037816623,-11.325670132612359,1.612275225981163,0.0,1.408339193143511,-37.609010011219,1.6585742342444032,0.0,-4.058083767825271,-34.75954561439335,1.47105282698206,0.0,-38.73296493254281,-35.88915300599804,1.2251483308857427,0.0
20.07222487101341,-21.5032558745371,1.103342018705927,0.0,-15.989162243886941,-10.581789659276676,2.4391603331853897,0.0,-20.072706696669158,-11.326579821966066,1.6005959964664047,0.0,1.6078713228666692,-38.13551524212055,1.5941164934276575,0.0,-4.041196693718348,-34.775261200816786,1.4451480374704744,0.0,-38.698792081229726,-36.164914562255085,1.306459172605864,0.0
19.947127488765112,-21.399658982234268,1.15450521092135,0.0,-15.77279083846522,-10.269776075402504,2.686672046595384,0.0,-20.05991836173699,-11.324789080287216,1.587708879672336,0.0,1.874364654718196,-38.67973785063478,1.5626947192552763,0.0,-4.026965252227155,-34.80952544198564,1.4209906062608937,0.0,-38.63536652205035,-36.53470449719605,1.432270597163381,0.0
19.81988860486829,-21.28587810782892,1.2148837593440849,0.0,-15.534147790872705,-9.938745693999248,2.9589682829455617,0.0,-20.04692017982672,-11.321777788877593,1.572612346793381,0.0,2.226424504817786,-39.23196820908754,1.5664704725903391,0.0,-4.021708052320029,-34.84644002567452,1.402873049139881,0.0,-38.527902336143185,-36.98351181790192,1.5973807789307948,0.0
19.705244122899266,-21.173543449940276,1.2715718610257145,0.0,-15.25742289522638,-9.59740726919054,3.2494275783251068,0.0,-20.036741116987418,-11.319993778083022,1.5550928422168244,0.0,2.6817476019816815,-39.78445105997044,1.6039394534464737,0.0,-4.027835848308824,-34.867105311357776,1.396352352513384,0.0,-38.363553545962006,-37.47973090700977,1.7872417493907466,0.0
19.614546887848533,-21.077298804363167,1.3120960843195952,0.0,-14.920077332414996,-9.246554298169375,3.5544834817580506,0.0,-20.03069072054461,-11.321760635302663,1.5360014968885576,0.0,3.253516194981387,-40.32910481841644,1.671133820419362,0.0,-4.041998237568077,-34.8551888834356,1.4076061753056077,0.0,-38.13494773391716,-37.98073881906174,1.9807661181773115,0.0
19.553553755237516,-21.011205453086827,1.3284080397274032,0.0,-14.499849668665723,-8.88381758676859,3.873716752866912,0.0,-20.02794498246953,-11.328111076363431,1.5171661590924916,0.0,3.9467698173107784,-40.855759698496065,1.7623445243364468,0.0,-4.05488946105663,-34.8030669860643,1.4417229312967699,0.0,-37.84199480606388,-38.44172244955175,2.1559435182868345,0.0
19.521827860382952,-20.985250830188797,1.3190554791117535,0.0,-13.983720331667909,-8.510187700451816,4.207571652732094,0.0,-20.026002848694652,-11.338242244418545,1.5009583952836287,0.0,4.755854653172103,-41.35218507354845,1.8704838588309798,0.0,-4.053697137294223,-34.716108117756384,1.4999150550554532,0.0,-37.49086860182349,-38.824947711562665,2.2963343151232625,0.0
19.513824215330956,-21.00300960918176,1.2886488362032544,0.0,-13.374508508421759,-8.13391307357578,4.554196976834047,0.0,-20.02169358059683,-11.349981778375078,1.4895879660722429,0.0,5.663964730443318,-41.80616797293531,1.9875451781117501,0.0,-4.027191742336231,-34.61241303436163,1.5769251719384698,0.0,-37.09078810222752,-39.10665903222652,2.3957426745650485,0.0
19.521088655566764,-21.060803615247217,1.2452913381192285,0.0,-12.691440425088249,-7.769449614172548,4.907353496216532,0.0,-20.012295588145054,-11.360918357599791,1.4843342955535341,0.0,6.645203657230212,-42.20849112913036,2.10539455161436,0.0,-3.971514840110394,-34.51722236960053,1.6606570451120408,0.0,-36.65044077255818,-39.2800426966605,2.4591176043142697,0.0
19.5346669765812,-21.14833959796591,1.197449899500807,0.0,-11.96376878705474,-7.432322167280872,5.256707402249466,0.0,-19.996398374221755,-11.369362556437515,1.4850400550783949,0.0,7.668719302193378,-42.554772186646844,2.216456849885132,0.0,-3.8934529010456735,-34.45441289822335,1.7351014141335934,0.0,-36.17565304017423,-39.35415516122716,2.4994982560834984,0.0
19.546982484089824,-21.25073716887668,1.151518357790236,0.0,-11.21987063366559,-7.1331004246810465,5.590595483658593,0.0,-19.974255756290315,-11.374559554218795,1.4901203063115638,0.0,8.703775118612693,-42.844653387059964,2.3135068454672574,0.0,-3.808963630883734,-34.43906931532292,1.7855446181071333,0.0,-35.66878798155418,-39.34966773527293,2.532516244056481,0.0
19.552881919464006,-21.351785303188667,1.1106850993752104,0.0,-10.47648771868434,-6.873849807875426,5.899950324355784,0.0,-19.947559801718594,-11.376277101157395,1.4970921489216096,0.0,9.72438083420317,-43.07852438850479,2.3883654584548797,0.0,-3.7373679707535468,-34.47371908759049,1.8037135750428472,0.0,-35.12941215362821,-39.2927939828524,2.5707771502120824,0.0
19.549908146707565,-21.437837914341493,1.0752087972115056,0.0,-9.732774361834643,-6.64858224352363,6.181367992604068,0.0,-19.91878742025445,-11.37434157306933,1.503384093317237,0.0,10.712261358918182,-43.25356973255404,2.4303469490444716,0.0,-3.6938932066433274,-34.54849831261791,1.7906053511311661,0.0,-34.55548889058507,-39.209069389579945,2.620156436236506,0.0
19.5380115339587,-21.501078918633596,1.0437768753980219,0.0,-8.97168182432051,-6.446939898288754,6.437879811908272,0.0,-19.890388889079535,-11.368563867957828,1.5071022254338526,0.0,11.657453570663353,-43.361407642455205,2.4257775076550114,0.0,-3.6839418226474017,-34.64445842453639,1.7556813503121163,0.0,-33.94455825552728,-39.11859035988688,2.6790063578662,0.0
19.518947333978772,-21.54074471364129,1.0151935079791041,0.0,-8.168003203308226,-6.258999017829936,6.6773097159149675,0.0,-19.864071213219002,-11.359029377979939,1.5075084932175962,0.0,12.556615716695125,-43.388777049191916,2.359450830344535,0.0,-3.7016079639532378,-34.73912336569326,1.712639197003492,0.0,-33.29471063755409,-39.03372250541746,2.740092024533647,0.0
19.495548279285387,-21.56180208169582,0.989566737680537,0.0,-7.2995577510749605,-6.079037359031252,6.909063329767203,0.0,-19.840398782929924,-11.346390130325126,1.5051079529615858,0.0,13.409906643127586,-43.321222104081464,2.2178987168565563,0.0,-3.732980944337694,-34.81290725286339,1.6738422838381606,0.0,-32.60538648021473,-38.959358520420736,2.7942268757856823,0.0
19.47096271737432,-21.571906651038717,0.9685715287393712,0.0,-6.356851083260416,-5.907002370283571,7.1403896248056435,0.0,-19.818891489540054,-11.331841341762722,1.5013759308338575,0.0,14.21771468204043,-43.14838329523796,1.993374891960766,0.0,-3.762399846377824,-34.85417539899638,1.6463540172668836,0.0,-31.878048380191224,-38.894952526056514,2.83422351511809,0.0
19.447945927421703,-21.57816089535059,0.9548390785734178,0.0,-5.3476640274118,-5.747683122112566,7.373000907266215,0.0,-19.798628260010894,-11.316742384934768,1.4982425618742194,0.0,14.978490819210595,-42.86891974564293,1.686942397865506,0.0,-3.7784183669381592,-34.86098209494212,1.6313338084923963,0.0,-31.11667682199924,-38.83712765250474,2.85788038006436,0.0
19.428352642933216,-21.584948484236975,0.950785145067055,0.0,-4.295613199000917,-5.608590514230071,7.600844061813951,0.0,-19.779099904393245,-11.302065552211538,1.4974856062393247,0.0,15.688472967489332,-42.49324477025931,1.3093515760124355,0.0,-3.7768269523236406,-34.8392404207884,1.6262878312408464,0.0,-30.327979087273235,-38.78181659298149,2.8691637336332256,0.0
19.41293586137841,-21.59340836114472,0.9573486350808196,0.0,-3.2341544365318935,-5.497748415660027,7.809743360194228,0.0,-19.76090704038665,-11.287934611569382,1.5002007270597897,0.0,16.343236732714573,-42.0429191922382,0.8794243432951632,0.0,-3.760085464411076,-34.798870315866445,1.6282322095680843,0.0,-29.52118626287575,-38.72551441433801,2.8773620599456287,0.0
19.401427078577175,-21.60240348161702,0.9731876912584543,0.0,-2.1985564121131294,-5.422032971403841,7.9794144165644365,0.0,-19.745964015220746,-11.27350760049587,1.5065285655576748,0.0,16.940115315765947,-41.546704647077135,0.42083660031114967,0.0,-3.734359948904452,-34.74999519407204,1.6358915735897863,0.0,-28.70731696280108,-38.66585866062669,2.894638632773175,0.0
19.392816879624743,-21.610280875172556,0.9947313594956366,0.0,-1.2181807615683165,-5.386064289272163,8.087891966276693,0.0,-19.737050671522102,-11.25735057204771,1.515757916674703,0.0,17.480179402271126,-41.034739359186965,-0.04123996589508394,0.0,-3.706049332138016,-34.70057255261752,1.6500297601508507,0.0,-27.897881797119428,-38.60199366573554,2.932909135356475,0.0
19.38578642911629,-21.61642062031153,1.0171089686335772,0.0,-0.31091632624108834,-5.391501131995016,8.11761029766159,0.0,-19.7367644960603,-11.238216726787105,1.526759664768612,0.0,17.968934071284366,-40.533227539304995,-0.4825575383577956,0.0,-3.679344232273042,-34.65578592531472,1.6721439422005098,0.0,-27.103230806131837,-38.53496645932939,3.0011078278935983,0.0
19.379237883356588,-21.62175033205923,1.0355782212951592,0.0,0.5188558120745584,-5.436717252074761,8.061366574778415,0.0,-19.746185149367854,-11.215906908041394,1.538514080105891,0.0,18.41575330047074,-40.061643206890146,-0.8811343360310513,0.0,-3.655523564086026,-34.618718807176386,1.7025400062174576,0.0,-26.330957270550833,-38.46799834333224,3.1035980544410506,0.0
19.372809691228102,-21.628071156191027,1.0468776592770261,0.0,1.2783903132894698,-5.516873999777037,7.925871493516554,0.0,-19.763834253973332,-11.191802606701643,1.5504197607503514,0.0,18.832589901664406,-39.63296038182019,-1.218100529370508,0.0,-3.633798282274868,-34.59145334657052,1.7389603511253213,0.0,-25.584793997833284,-38.40622229989106,3.239928379393101,0.0
19.367221816560356,-21.6367966165473,1.0500273195067251,0.0,1.9819593668827726,-5.6244169764948495,7.731214132017314,0.0,-19.78556899192428,-11.168777119561001,1.5622183455449061,0.0,19.232377420332977,-39.25586314010657,-1.4786802699271941,0.0,-3.612862452298516,-34.57577844705695,1.7765147845830338,0.0,-24.8642772447823,-38.35558786592959,3.405649221255006,0.0
19.36428993159213,-21.648025430350216,1.0463950493034915,0.0,2.645685680767686,-5.7501201157506365,7.506217205244646,0.0,-19.80564628598213,-11.15044210691448,1.5736616481891659,0.0,19.62719397137735,-38.93712909260515,-1.6534887984665403,0.0,-3.592133268012886,-34.57308568086731,1.8089986930895439,0.0,-24.165220975918352,-38.3210556022497,3.5936677491858475,0.0
19.3664583480131,-21.660571296773078,1.0391659215306248,0.0,3.283762296713828,-5.884718240101667,7.281436346309468,0.0,-19.818504530491957,-11.13994973076639,1.584228313539116,0.0,20.026238798606318,-38.68262056904701,-1.739852475266881,0.0,-3.5719910269780724,-34.58356278193661,1.831062208081594,0.0,-23.480844650489963,-38.30465609824265,3.7956497376034424,0.0
19.37585367228967,-21.672904555925708,1.0325297549225514,0.0,3.9068048187252336,-6.020771665335353,7.082378435994194,0.0,-19.82044288973775,-11.138720807108314,1.593106594807809,0.0,20.434025755819064,-38.49625633258031,-1.7427272511717113,0.0,-3.552971406362248,-34.60519348394669,1.8402913029041112,0.0,-22.803306200559277,-38.30421279378768,4.003210328956563,0.0
19.393249993268846,-21.68436198019099,1.0308199100954525,0.0,4.521916764516774,-6.154077914985861,6.924933559878052,0.0,-19.810630064793536,-11.14551221918271,1.5994460977325176,0.0,20.84950337904668,-38.37746020014933,-1.6749521886304848,0.0,-3.5344978644129585,-34.63324162532467,1.8382299503204251,0.0,-22.12540323756727,-38.313415655093536,4.208906128815379,0.0
19.41766029343693,-21.69582898018269,1.0376440915366008,0.0,5.133502045780088,-6.284081055121218,6.813659278350079,0.0,-19.79128704240062,-11.156261787123743,1.602746357218514,0.0,21.26668895708866,-38.31840559171446,-1.5567078176663092,0.0,-3.5140782716216963,-34.660818360294066,1.829803978608874,0.0,-21.442200176539444,-38.323469631057094,4.407112951467237,0.0
19.447012874649648,-21.70947472449006,1.055063009669972,0.0,5.743950523186985,-6.4132089408082305,6.742450102216323,0.0,-19.767015982316547,-11.16506649592173,1.603211975775137,0.0,21.676839481533033,-38.30261148783563,-1.4139664506518272,0.0,-3.487723758794282,-34.680666603033174,1.8213812055623961,0.0,-20.752219347150508,-38.325812946364735,4.594659713085328,0.0
19.47950497194036,-21.727719519579765,1.0830532409290488,0.0,6.353806755050621,-6.54553618690569,6.696698388017201,0.0,-19.743340320367338,-11.16620172649708,1.6019145862258846,0.0,22.071480621647584,-38.30603672191588,-1.2756039034680704,0.0,-3.451651476938289,-34.687495761277084,1.8184091369687785,0.0,-20.0577255347803,-38.31473955011007,4.770838814245634,0.0
19.514507601520968,-21.75200168898408,1.1194923210159455,0.0,6.961610663909991,-6.685453656688809,6.656072542744649,0.0,-19.72493048131507,-11.156343217982613,1.6006471262761437,0.0,22.445174462894833,-38.30092580920787,-1.1690601156307885,0.0,-3.4044413134459015,-34.679652707613954,1.8237192343291166,0.0,-19.363814742555512,-38.28866576270706,4.9365209025410515,0.0
19.55218558234857,-21.78188798638924,1.1607050914172348,0.0,7.563956704309351,-6.837072508167963,6.597213194146272,0.0,-19.71437239184455,-11.135765344464673,1.601444564384833,0.0,22.796991460736045,-38.26164564517275,-1.1151331120218053,0.0,-3.3483815993752586,-34.65922578864723,1.8371063241098025,0.0,-18.676550727272147,-38.24945158382674,5.092626445102928,0.0
19.592147349972986,-21.814796705825774,1.202447063064735,0.0,8.156224345430815,-7.004801960094078,6.495955888960217,0.0,-19.71203980283757,-11.107838448711622,1.6058977906405474,0.0,23.130212854914085,-38.170972729493094,-1.1233190932482575,0.0,-3.2891662034656983,-34.630651172806246,1.8561413190987484,0.0,-18.000936730241765,-38.20022940951166,5.238716859204569,0.0
19.632292591718098,-21.846379728464782,1.2410782655605015,0.0,8.733909659713012,-7.194878953432784,6.329204397891644,0.0,-19.71673459306357,-11.077284511975842,1.614523946315316,0.0,23.45045811525477,-38.02487163684996,-1.189433818868748,0.0,-3.2340753289324153,-34.598739806846346,1.877720029232906,0.0,-17.339637398747232,-38.14294493200679,5.372483010460577,0.0
19.66881068139638,-21.871516147398847,1.2745262860254076,0.0,9.29385100937179,-7.41682571606462,6.07714660483679,0.0,-19.72621115868987,-11.048358226403273,1.626426337869237,0.0,23.76285372854604,-37.83382186417043,-1.2966837993410785,0.0,-3.189553831145304,-34.56721432871215,1.899566647968335,0.0,-16.692971762145337,-38.076889329513925,5.490378764316844,0.0
19.697444963801633,-21.885744486106393,1.3026020506191855,0.0,9.834386182677235,-7.68333187684742,5.726656726906566,0.0,-19.737166653247932,-11.0238553070045,1.639337409722902,0.0,24.069043541439854,-37.61949310398904,-1.4201337031126418,0.0,-3.1592417214906887,-34.53834156319607,1.9208817665543627,0.0,-16.06002524534083,-37.99894441316647,5.588970909267825,0.0
19.71545714831435,-21.886745214018816,1.3264599876944452,0.0,10.354003376768542,-8.007316224703292,5.276027109258546,0.0,-19.74519084027751,-11.005051544657059,1.6500800390993842,0.0,24.36498518633345,-37.4072884319896,-1.5332792453061952,0.0,-3.143108731692875,-34.51350374559752,1.9418189434220938,0.0,-15.440143704800485,-37.905355571259285,5.66624312306628,0.0
19.723387052325208,-21.87533199288006,1.3473616368300068,0.0,10.849235644153808,-8.39604817748611,4.739716963155501,0.0,-19.745427235448563,-10.992123672181627,1.6554504895205024,0.0,24.640537536815128,-37.21748807678498,-1.6146856184186724,0.0,-3.1377873361747133,-34.49407445320806,1.9622837281451169,0.0,-14.833898251584266,-37.79400328599189,5.7222483784061815,0.0
19.72563556740341,-21.85549315858964,1.3652104211821872,0.0,11.31354882247204,-8.844028150256516,4.150414981881424,0.0,-19.734048370293362,-10.984596408971107,1.6533393224150146,0.0,24.881513453838995,-37.059060958788876,-1.6525228139207329,0.0,-3.1377890281442165,-34.48193974364178,1.9809924430408543,0.0,-14.242972396650362,-37.665866924473015,5.758876379024825,0.0
19.72928644415855,-21.833382162517932,1.3775113925918312,0.0,11.738671525111183,-9.328180455535893,3.5556862635866855,0.0,-19.709838474863208,-10.981637427912197,1.6436550453471863,0.0,25.074039984261205,-36.92941033019585,-1.6453875606894908,0.0,-3.1371180494263577,-34.47931851884316,1.995449754210508,0.0,-13.669087127358772,-37.52490829888238,5.778787954787816,0.0
19.741487779561755,-21.815593980388684,1.379393456057464,0.0,12.117989680198994,-9.809272312770133,3.008673488387955,0.0,-19.674957316708802,-10.982221018433458,1.6285666121944598,0.0,25.210098285883802,-36.820480243847825,-1.5992076199870215,0.0,-3.1308267669195278,-34.48798251909328,2.0027997119979037,0.0,-13.112566358410508,-37.37655399386062,5.783753508428534,0.0
19.766604916395412,-21.807268340194643,1.3649616869801804,0.0,12.449757615990517,-10.240869873671766,2.555720077256333,0.0,-19.63439215183459,-10.985197006430383,1.6118368848820506,0.0,25.292464676671155,-36.72829100170768,-1.5219142501701626,0.0,-3.116182587596453,-34.508337503166516,2.0009508604059523,0.0,-12.571167406782674,-37.22558302342128,5.772837614463878,0.0
19.804521272432716,-21.81046856618451,1.3295850392354946,0.0,12.737938389693937,-10.582606016177603,2.2256487863402317,0.0,-19.59428129490843,-10.989267004680134,1.5974570025355153,0.0,25.33711383641156,-36.66094630371936,-1.4185834976131755,0.0,-3.0932349105650876,-34.53894481974878,1.9893476155592218,0.0,-12.03950161082003,-37.07417573257533,5.74107411408445,0.0
19.850805584691855,-21.823174267992506,1.2721671207117655,0.0,12.990458226870423,-10.811663963644026,2.0243058203072612,0.0,-19.559847899560605,-10.992915418622681,1.5881789436742295,0.0,25.371670429440194,-36.64069125859789,-1.2887411633584662,0.0,-3.0646767399638186,-34.57688100844913,1.9691450964082087,0.0,-11.509112687457018,-36.920482102148796,5.679338421222962,0.0
19.89853801425169,-21.839299061783702,1.196461555375615,0.0,13.216401066738754,-10.927524685816582,1.9353951791630228,0.0,-19.53389681011309,-10.994429627714537,1.5846480530710547,0.0,25.42999573330271,-36.69867973736373,-1.125485959108433,0.0,-3.035027873746115,-34.61887665539607,1.9429215332316367,0.0,-10.969306900110901,-36.75789451794913,5.575973829638482,0.0
19.940919041205305,-21.850231547500584,1.1111745021424007,0.0,13.423669553230368,-10.948900328212464,1.92666138091223,0.0,-19.516547364758964,-10.992133053347459,1.5855612928581682,0.0,25.544867649087777,-36.86470883687499,-0.9154892717326959,0.0,-3.0092857015403816,-34.662603102766106,1.9141685496410616,0.0,-10.409059940828906,-36.5754376435236,5.420331604615043,0.0
19.97353307754441,-21.848068060247435,1.0292969162836378,0.0,13.617559335500442,-10.90549846565688,1.9593586916706593,0.0,-19.506200230491437,-10.984808189073403,1.5887479955146269,0.0,25.741327127702867,-37.155521370197214,-0.6404519462061007,0.0,-2.99126180480235,-34.707158314273435,1.8866918129157426,0.0,-9.82036640146201,-36.35996504026622,5.2076328952659825,0.0
19.995375264086256,-21.829629993689846,0.9669059708869927,0.0,13.799977022615638,-10.828928200694286,1.9980982073800506,0.0,-19.501068659772905,-10.972135994195245,1.5925705320617514,0.0,26.03214970316856,-37.56433416951439,-0.28208335111876615,0.0,-2.981952988798331,-34.752157226050855,1.8639396970825146,0.0,-9.202797679555893,-36.100648922582074,4.943446483111783,0.0
20.008480399493504,-21.798893828849135,0.940754160989556,0.0,13.969156456678133,-10.746263366447337,2.0179741109825455,0.0,-19.500331944276724,-10.954953864318279,1.5968525161061198,0.0,26.415828294980052,-38.05394522288566,0.16809559448631717,0.0,-2.9785668639230343,-34.795859972607,1.848311264400671,0.0,-8.567716921916766,-35.79514541529199,4.645154295347945,0.0
20.016745796118784,-21.765171358332815,0.9638393630655528,0.0,14.12011192183175,-10.677383835647108,2.007098143502442,0.0,-19.504230682167403,-10.93522269100595,1.6027987421668595,0.0,26.877657838459804,-38.55728863895047,0.6963614839761778,0.0,-2.9749813035426063,-34.833780345232874,1.8406520553091976,0.0,-7.939328997416396,-35.45485138251365,4.338350461011988,0.0
20.024549809138822,-21.737131835231374,1.039766187437408,0.0,14.246072433953675,-10.634924553129173,1.9648788620919166,0.0,-19.51309305658433,-10.915709976580642,1.611948900739021,0.0,27.394268954451547,-38.989085840298294,1.258883040022571,0.0,-2.963955241017192,-34.859206846966686,1.8402461745941512,0.0,-7.350215811936936,-35.10525828471094,4.049104012993748,0.0
20.035152113764926,-21.71720982263681,1.1589919579988432,0.0,14.340732137418746,-10.624868887629436,1.8980702591887955,0.0,-19.526012959505273,-10.899474352851566,1.624772276750818,0.0,27.93952686730091,-39.26655788743455,1.7866203676906647,0.0,-2.940270521955839,-34.86572243098625,1.8454441715701542,0.0,-6.832287132141922,-34.77922230399118,3.7965447086758832,0.0
20.049037401837882,-21.70128964299988,1.3004535874439842,0.0,14.400675672795044,-10.64662892847378,1.8167775025833546,0.0,-19.54023438603309,-10.88924186335473,1.6397696639602408,0.0,28.487807275997405,-39.33020288391195,2.204491556987449,0.0,-2.903095945601853,-34.85019704739271,1.8546082447645542,0.0,-6.407801618499759,-34.50609805654517,3.590068734271208,0.0
20.063439638216607,-21.682907539075128,1.4389755400736242,0.0,14.427068526831206,-10.692907723395066,1.7315438506753509,0.0,-19.551889795372798,-10.886749970346536,1.653751742199118,0.0,29.013133360874342,-39.156184866845,2.4561643405504423,0.0,-2.85627177154283,-34.81442199986981,1.8667283691589382,0.0,-6.084927482811044,-34.302949298263435,3.431013366179821,0.0
20.073979694658647,-21.657099463536813,1.5545822166296013,0.0,14.42579187997891,-10.750602786522057,1.6514717851767386,0.0,-19.557760981347116,-10.892203260792199,1.6633001847038305,0.0,29.487392719169513,-38.75928267207536,2.5225663995244325,0.0,-2.806634900967858,-34.76472166870256,1.8813352065856161,0.0,-5.858341439077034,-34.171542895528674,3.3153528863113557,0.0
20.07742383561538,-21.621406427732367,1.6384279083731936,0.0,14.405796934645213,-10.803745552340729,1.5829848384948253,0.0,-19.556945012379742,-10.904079351223716,1.6666093863810705,0.0,29.88236808390641,-38.18994754429458,2.426898036306971,0.0,-2.7615825157720653,-34.71013939385771,1.897968917510557,0.0,-5.7125155084878685,-34.10030456432707,3.235220021153859,0.0
20.073598762656466,-21.57540150583797,1.692581565339788,0.0,14.376429789133907,-10.838087948505924,1.5292014882409326,0.0,-19.55136663493098,-10.919454901691296,1.664567812893221,0.0,30.17697955929355,-37.526805183105736,2.225190972764185,0.0,-2.727040201126416,-34.66013924504313,1.915766081183179,0.0,-5.625831900952833,-34.06895485571565,3.1797439825813427,0.0
20.065419288189286,-21.520447489085804,1.7249316169193705,0.0,14.345137824581988,-10.845595994701279,1.4900760291439266,0.0,-19.544823671052242,-10.934772346006671,1.6603943868207818,0.0,30.365724976861358,-36.862513127909914,1.9865293050777755,0.0,-2.706319370422798,-34.62247476175317,1.9334843360734126,0.0,-5.575070941531044,-34.05443948524678,3.1364844351986125,0.0
20.057347413739574,-21.459752914823266,1.742953189720101,0.0,14.31663133931308,-10.826965263188548,1.4631338734669619,0.0,-19.541050655787373,-10.946756242922643,1.6580539365870912,0.0,30.461664028868878,-36.282981356179505,1.7713235167483585,0.0,-2.6998051041742945,-34.601595245375464,1.9498669689077897,0.0,-5.5399112937741775,-34.03701482571827,3.093889568768411,0.0
20.053283251303373,-21.39814981658609,1.7499829375962346,0.0,14.293485470474064,-10.79122056804935,1.4443924898589486,0.0,-19.541735753812297,-10.953176345553478,1.660368196310218,0.0,30.490982181867736,-35.84666261829557,1.616851968274263,0.0,-2.7052648026668815,-34.597863587756535,1.9640340125211964,0.0,-5.506321283627783,-34.004767883956994,3.044027076732066,0.0
20.054962756617968,-21.34143965779942,1.7457297533610294,0.0,14.277265617754049,-10.752558517118429,1.4292903307657685,0.0,-19.545457079588573,-10.953270258256907,1.6677996772944663,0.0,30.48293291219387,-35.57337901724095,1.5341665102362594,0.0,-2.718600672354282,-34.60779330150111,1.9756450394707272,0.0,-5.467645930576158,-33.95507096088159,2.9842145057278966,0.0
20.06161694069958,-21.29548386854473,1.7302891119330237,0.0,14.269163601162774,-10.725420864970285,1.4137135451693013,0.0,-19.548146370048038,-10.947739211218426,1.678411102728619,0.0,30.46136662018472,-35.446705153881496,1.5136688656976531,0.0,-2.7348739267189837,-34.62534023729019,1.9847865855907862,0.0,-5.423252299038866,-33.89282346955072,2.9166493341802937,0.0
20.07098776300535,-21.26520017785062,1.7090546855680362,0.0,14.269743702184002,-10.719473532011213,1.3950409346755368,0.0,-19.544999565475543,-10.938315449843241,1.688898894782259,0.0,30.44093868671287,-35.42639887606563,1.534194995018911,0.0,-2.749379286381819,-34.64394752712754,1.991730799155631,0.0,-5.375817598202342,-33.8266981386711,2.8463227271541367,0.0
20.081162858033917,-21.25346902912042,1.6953369308209556,0.0,14.278191276596697,-10.736492740135894,1.372739367863364,0.0,-19.5329494362587,-10.9270511117628,1.6961651771880568,0.0,30.427439820625597,-35.46422337640946,1.5719541667853552,0.0,-2.758520607897689,-34.65862771276113,1.9967683292972538,0.0,-5.328712856633352,-33.76513231443377,2.7783616372934645,0.0
20.092507213433326,-21.25977224288122,1.7085506810175648,0.0,14.291868478362321,-10.770546399550662,1.3480739206849979,0.0,-19.512369442592256,-10.915647785155263,1.6986879098826755,0.0,30.420370050389174,-35.51754225461405,1.6074585052455905,0.0,-2.7603028415438446,-34.66719666636133,2.000224296212611,0.0,-5.284394392327711,-33.71349310007288,2.7159821751724547,0.0
20.109097397254196,-21.278616753910867,1.7683426378885532,0.0,14.306754805126443,-10.81125433717989,1.3231133448243195,0.0,-19.48702676929001,-10.905149373891378,1.6970098199738874,0.0,30.416116036413797,-35.55754708001662,1.6293694957589757,0.0,-2.7544082268107717,-34.67013905509278,2.0026319205329237,0.0,-5.243906702792017,-33.673085861843916,2.6597165549704336,0.0
20.13913250486916,-21.298641919680033,1.887638604713775,0.0,14.318707710377549,-10.848277378676839,1.299765352920474,0.0,-19.46230018295431,-10.896075264563608,1.6930754681494644,0.0,30.410684889252792,-35.57141278681041,1.6348673654036787,0.0,-2.7419776707273695,-34.66932757905882,2.0049710587486143,0.0,-5.207106391917087,-33.64187411617179,2.6079228823105556,0.0
20.194011569078405,-21.30362096996239,2.068253565862511,0.0,14.324929360387253,-10.874761879876683,1.279429183022181,0.0,-19.442623192794045,-10.888725009364443,1.6887895392880203,0.0,30.401442603686974,-35.55956671072316,1.6272322681862068,0.0,-2.7252671638265324,-34.66642145189203,2.0088680024209378,0.0,-5.173162320534803,-33.61623057376349,2.5580732833343216,0.0
20.286414964722827,-21.275270537187303,2.3008722755635898,0.0,14.324929684416656,-10.88848121864916,1.2632186773984504,0.0,-19.429404232288057,-10.88318804073899,1.6846625486442601,0.0,30.387684625372923,-35.530315423952025,1.6122722655331323,0.0,-2.7072610468935054,-34.66187132032497,2.016631529105142,0.0,-5.141055854163275,-33.592846368518906,2.508087926023329,0.0
20.428206289852316,-21.19619454503598,2.5686379871612903,0.0,14.320585505077215,-10.890879148078831,1.2522799898475494,0.0,-19.42025430593778,-10.878711624308355,1.6793867193621175,0.0,30.370239738290053,-35.49420520674274,1.5953249495182114,0.0,-2.6911658769624442,-34.65510849482553,2.0309627944638002,0.0,-5.109958935830618,-33.57003346008036,2.457089171556749,0.0
20.628718261879918,-21.051456363805375,2.8522757299457098,0.0,14.315315655848126,-10.885105032257997,1.247789381199821,0.0,-19.409585422461305,-10.87252650823168,1.670627486987847,0.0,30.350625852972417,-35.45985136399882,1.5797696888354054,0.0,-2.6795969880192785,-34.645960633373825,2.0541944674078536,0.0,-5.079430457038829,-33.54799212635623,2.4053318753361133,0.0
20.893511202945977,-20.828908155254197,3.134938421861932,0.0,14.312707379110481,-10.874237581320982,1.2505269455223722,0.0,-19.390022833096058,-10.858779254771685,1.6565948602066065,0.0,30.330310496169773,-35.43193913645592,1.5669699629854659,0.0,-2.6733049937693196,-34.63683485999367,2.087058249103656,0.0,-5.049401226178404,-33.52810391291997,2.353545103038538,0.0
21.223605247419414,-20.519628366477953,3.4059015317533277,0.0,14.315105434531882,-10.860497971978877,1.260201284411682,0.0,-19.35395389028349,-10.828453344388588,1.6375722666929455,0.0,30.310339955462517,-35.41117394778423,1.5569746298526876,0.0,-2.6695136203275416,-34.634863818544694,2.1272412228067736,0.0,-5.0199809301953895,-33.51176033408853,2.3022330712548946,0.0
21.615343393076678,-20.11964479445726,3.6628609527509983,0.0,14.32272241291674,-10.845578265412513,1.274880840804217,0.0,-19.294878506322235,-10.770823853847185,1.616765590813305,0.0,30.291271472969605,-35.39547420438742,1.5492928486089923,0.0,-2.6602903481474325,-34.653095210707164,2.168281783626602,0.0,-4.991195984199236,-33.49940509265555,2.2514184334548357,0.0
22.061125979583057,-19.632869490887263,3.912350476342329,0.0,14.33368705455278,-10.831493890515215,1.2909532979769924,0.0,-19.20859932020897,-10.676305120629447,1.6003419326342954,0.0,30.27324113815535,-35.38163704143225,1.5433761717458978,0.0,-2.631669500577721,-34.709968702176674,2.199546452707617,0.0,-4.962787661092823,-33.490267085291435,2.2009145642145764,0.0
22.551249229847546,-19.073504259284725,4.167303139040172,0.0,14.345052569552747,-10.821041054976192,1.3038780113201511,0.0,-19.09429461465701,-10.539903087317068,1.5968780117129775,0.0,30.256099359618243,-35.36685923459986,1.5387879719716793,0.0,-2.5643116665405676,-34.82674238872458,2.207942880494235,0.0,-4.934157863201998,-33.48283953101583,2.1508119188206916,0.0
23.076778653472275,-18.46537858578195,4.441774032645531,0.0,14.354252972997827,-10.817309068757078,1.3095756151657838,0.0,-18.95518090663898,-10.3640031602316,1.6164372037316035,0.0,30.2396372300072,-35.34971270173098,1.535230271846137,0.0,-2.436254286159234,-35.023097252148624,2.1814771918715046,0.0,-4.904486310113122,-33.47576535765345,2.101758215509994,0.0
23.63246507728108,-17.837482558646855,4.745274510169001,0.0,14.360169634033936,-10.822474195085338,1.3058433825855484,0.0,-18.798162857437525,-10.159052940925019,1.6693611646396462,0.0,30.223884766488748,-35.33040828757054,1.5326104549978652,0.0,-2.2277831578330494,-35.311775725123674,2.113786122616764,0.0,-4.872975623119342,-33.46861025845404,2.05480396315075,0.0
24.21799630788187,-17.21820155784404,5.079769253488246,0.0,14.363184476294924,-10.836624718243606,1.2930823847204884,0.0,-18.63197514983488,-9.941279533725837,1.7648813166972985,0.0,30.209341372208346,-35.310422833375064,1.5312083330658535,0.0,-1.9275569253539064,-35.69378241670963,2.0078277313773274,0.0,-4.83912558171003,-33.462107909836746,2.0109011165053197,0.0
24.83678178458769,-16.631378014313594,5.439803739035948,0.0,14.364293654747463,-10.857318379230916,1.2740194542865133,0.0,-18.46397991813232,-9.728017906977653,1.9097991513680128,0.0,30.196954570658846,-35.29176879837821,1.5318069727423893,0.0,-1.5379475465537968,-36.15617124143311,1.876743612145944,0.0,-4.802924885968572,-33.45778102739057,1.9704082613422944,0.0
25.493336529379704,-16.094715259486854,5.813985703390122,0.0,14.36401771741749,-10.880138878031417,1.2526933203354282,0.0,-18.29663457438197,-9.532612437406476,2.107444477760465,0.0,30.18780606488204,-35.27623977971875,1.5355572759063651,0.0,-1.0768533645958156,-36.674107775494484,1.7409832749559637,0.0,-4.764880903002311,-33.4571862251311,1.932971903388827,0.0
26.19103811066048,-15.619070140029777,6.186664400082909,0.0,14.36192465745847,-10.900013323753598,1.2332809915856373,0.0,-18.124990218329643,-9.361002585721598,2.356797523263303,0.0,30.182704961863784,-35.26483846793462,1.5435161955141563,0.0,-0.5740173944647156,-37.217209189371886,1.622716531423908,0.0,-4.725874376574456,-33.461183989011474,1.8978677934126154,0.0
26.931090748097688,-15.207827205588586,6.540186263687609,0.0,14.357053799148234,-10.912732999144511,1.2192107060701787,0.0,-17.93614614377843,-9.210999278958326,2.6514798286528407,0.0,30.181965777045498,-35.25745425492678,1.5560930403788333,0.0,-0.06226279877203833,-37.75777874776144,1.5400329006498907,0.0,-4.6869115299899216,-33.469544577848254,1.8645583653836386,0.0
27.712313877664847,-14.856998536487763,6.858123455448856,0.0,14.348886191840045,-10.91611785402082,1.2126710148522672,0.0,-17.710864885219227,-9.07406203496312,2.97876857685495,0.0,30.185473779642564,-35.25284943430968,1.572740474658481,0.0,0.43327918364004603,-38.277262932781454,1.5032028095558747,0.0,-4.648889578375649,-33.48100718486981,1.8331134370816944,0.0
28.53108038059595,-14.556958927240034,7.128642886837898,0.0,14.338212036928773,-10.910478298766392,1.214384295853188,0.0,-17.42703011063079,-8.938903276129018,3.319618788277845,0.0,30.19293814530653,-35.24902779464224,1.5920302853987884,0.0,0.9037289770070105,-38.76830060759776,1.513662795815712,0.0,-4.612449058262734,-33.49374352794118,1.804238034380159,0.0
29.38129765822971,-14.295823011122152,7.346464761867431,0.0,14.327354588658215,-10.898270549796162,1.223505241468711,0.0,-17.064175618785406,-8.796083559805322,3.6508597153184237,0.0,30.204180109200912,-35.24392239419602,1.6119837510992259,0.0,1.359653852327595,-39.232286590777186,1.5650071302912671,0.0,-4.577919550342969,-33.506041239775584,1.7788652911202192,0.0
30.2548588749924,-14.063495173886903,7.512473184801884,0.0,14.319562630049868,-10.883098817736483,1.2376765576264095,0.0,-16.60778760522058,-8.642221764941187,3.949595361964647,0.0,30.21930875126595,-35.236117661035856,1.6304415707037947,0.0,1.8281119708495135,-39.674489561876555,1.6450971096677396,0.0,-4.545347284514898,-33.516921240363146,1.757558219510754,0.0
31.142889666034673,-13.854986861109834,7.631345706423685,0.0,14.317834431525785,-10.868499787012711,1.2534135454899182,0.0,-16.051938222023857,-8.481845358105337,4.198195769989971,0.0,30.238641018529034,-35.22525172581953,1.6453734143644763,0.0,2.3450122640388686,-40.0993479903244,1.7389119487700189,0.0,-4.514587555629915,-33.52641968098199,1.7401274475454027,0.0
32.03756155714838,-13.671703067476388,7.708604325530311,0.0,14.323779840485622,-10.857039304328929,1.2668985780789672,0.0,-15.39947527367887,-8.325468551344889,4.3877239270826465,0.0,30.262343940753535,-35.211919198907914,1.6551828122377934,0.0,2.945592967752753,-40.50776888697375,1.8319741177486186,0.0,-4.485407409933962,-33.535431028792864,1.7256888801899049,0.0
32.9337608558045,-13.520092603600816,7.748749406071054,0.0,14.337106733088158,-10.849975419884892,1.2749976505502811,0.0,-14.660098006827571,-8.18454503747915,4.5186440105733645,0.0,30.29001421942149,-35.197173721290916,1.6590998753375263,0.0,3.656011812780775,-40.89677334952572,1.9137400959083024,0.0,-4.457535936372407,-33.545220658944665,1.7130150387978578,0.0
33.82986237551951,-13.408260354463598,7.75551924336337,0.0,14.355913739049846,-10.847331281767541,1.2761135518905533,0.0,-13.847398731711753,-8.065969993530263,4.599071028267547,0.0,30.320522682841524,-35.1819218041565,1.6576159318545098,0.0,4.488145667796344,-41.260551580726116,1.9797428724269128,0.0,-4.430665477073415,-33.55684823743146,1.7008815769461467,0.0
34.727317185620635,-13.342147012093822,7.734107031639999,0.0,14.37750170590498,-10.848089872666883,1.2705273525139713,0.0,-12.975976605235708,-7.969057050600496,4.6415945827881,0.0,30.352282186124857,-35.1665131312166,1.652716642424064,0.0,5.438201066603283,-41.59164600185103,2.0313281629934217,0.0,-4.404469525835912,-33.570753806789014,1.688260458561592,0.0
35.62937311191237,-13.322857225036099,7.694026624638552,0.0,14.399225711584455,-10.85041434583795,1.2601055780256036,0.0,-12.059298426369718,-7.886352901225598,4.6598438778375275,0.0,30.383786446544274,-35.15069085051714,1.6476319351332673,0.0,6.488482083730867,-41.88161647857194,2.0728749817724417,0.0,-4.378683329908855,-33.5866501546782,1.6743937984064612,0.0
36.53946608176026,-13.345794682445177,7.650863338792556,0.0,14.419053647219146,-10.851992662495011,1.2475141641012684,0.0,-11.10856625825908,-7.807587216872813,4.665810623226067,0.0,30.41407595814025,-35.1338618300105,1.6460385248950242,0.0,7.6112058394607285,-42.121442470554456,2.107822281998752,0.0,-4.353218975212645,-33.603688118916985,1.6588134893924167,0.0
37.459540470907406,-13.401461100689804,7.6255056053204555,0.0,14.435771237370899,-10.850585982255042,1.2352629831474005,0.0,-10.13264124254225,-7.724679661470917,4.668556153352895,0.0,30.44286051630463,-35.11549543856948,1.6509702685885053,0.0,8.773413744709304,-42.30228302823432,2.1355744739301095,0.0,-4.328236216283469,-33.620745159285946,1.6413255813006966,0.0
38.38830860415408,-13.477622373604314,7.6403809080739915,0.0,14.448956281984561,-10.844702540009775,1.224953697992751,0.0,-9.138894268689352,-7.635475030728971,4.674304821784203,0.0,30.47030155333593,-35.09543144932023,1.6638676064963729,0.0,9.942217523446265,-42.41687523304914,2.150872906779803,0.0,-4.304104004884927,-33.63672014313558,1.6219810583623655,0.0
39.31977533095697,-13.562482311267352,7.713411316964779,0.0,14.458872013023738,-10.834185654235835,1.2169995774952955,0.0,-8.134523606477764,-7.544608397455586,4.687334087899988,0.0,30.49670435941553,-35.073965629439094,1.6841425189421173,0.0,11.08955479394736,-42.461291882777495,2.1458698936484417,0.0,-4.281249397121298,-33.65080979701737,1.6010850454125674,0.0
40.24303612450326,-13.648014569798926,7.8515495003887885,0.0,14.466362920218689,-10.820474386843083,1.2108611053043052,0.0,-7.12751566412397,-7.46123158225998,4.710836713456356,0.0,30.522376921699163,-35.05172438772475,1.7094269790626964,0.0,12.195531681633145,-42.43649315343932,2.1138046297454025,0.0,-4.25996350504024,-33.662750231205045,1.5792571068895924,0.0
41.14445428530507,-13.732211282066663,8.046472560992434,0.0,14.472752300127583,-10.806361403169738,1.2056157408816865,0.0,-6.126400411600896,-7.3947861958603545,4.747135885882765,0.0,30.547691611076452,-35.02945453036085,1.7363957660162619,0.0,13.249639533962618,-42.34912228222401,2.052525885166732,0.0,-4.240279932720918,-33.67294893185675,1.5574588533191793,0.0
42.01202659621515,-13.819538963708357,8.27473221657354,0.0,14.479682562215906,-10.795184277569943,1.200575886890345,0.0,-5.1385373225424535,-7.3509520516243505,4.7970986887678855,0.0,30.573181763426543,-35.00787043398281,1.7618052250789464,0.0,14.249710984805919,-42.21113065966908,1.9662817662721608,0.0,-4.222014536338097,-33.68242950152879,1.5368682195897687,0.0
42.83977139467045,-13.920043735754383,8.502844802366605,0.0,14.488848035900467,-10.78952480602101,1.1957003726872202,0.0,-4.167632293647808,-7.329753116236005,4.859081044970635,0.0,30.599507115749734,-34.987620297775024,1.7833251832031962,0.0,15.199203159985936,-42.038049287018005,1.8650032739266162,0.0,-4.204948382401783,-33.69257613640067,1.5185686524255804,0.0
43.629406795870544,-14.047989118936389,8.695155427661273,0.0,14.50167277721763,-10.789698183882072,1.1916524604320777,0.0,-3.211850860571886,-7.326617091007477,4.9281000762294305,0.0,30.627264746198026,-34.96932708627355,1.799927223437967,0.0,16.10391403849163,-41.84611475245956,1.7613965964061489,0.0,-4.189024505036561,-33.704726542001076,1.5031749103510421,0.0
44.38829175752064,-14.220150194013625,8.821038572035253,0.0,14.51908934682823,-10.792565434270326,1.1895012053783436,0.0,-2.2637540098525886,-7.3357172679269445,4.996013366831937,0.0,30.65674430227585,-34.95360465299248,1.8118663368470571,0.0,16.969262116558557,-41.64895526987597,1.6670558251097791,0.0,-4.17441341224444,-33.71971134858391,1.490597448759159,0.0
45.12490711285277,-14.453118573125911,8.859228826576103,0.0,14.54149494104174,-10.791324416746146,1.190236204439385,0.0,-1.312469365884962,-7.353950908468535,5.053119990126358,0.0,30.6877666912555,-34.94098250127688,1.8204035490955839,0.0,17.798784718399578,-41.45490482499563,1.5890849339034894,0.0,-4.161404474918314,-33.737505179467625,1.4800728430274965,0.0
45.84419285501289,-14.759351875923949,8.799255116685043,0.0,14.568730489698844,-10.776748158463507,1.1944115860238504,0.0,-0.3475351459982732,-7.383697517553985,5.090875592795218,0.0,30.719699974998605,-34.93176473583503,1.827327327368799,0.0,18.593863779937575,-41.26590815813956,1.5283282653055554,0.0,-4.15022565753455,-33.75720314336125,1.470432208966697,0.0
46.54473386352517,-15.142885912345449,8.641082053803682,0.0,14.59988237952518,-10.73984819423607,1.2021901547795224,0.0,0.6368184166225124,-7.433023491367565,5.104768876871805,0.0,30.751632544336612,-34.925914468142025,1.8342858968281845,0.0,19.354246674993018,-41.07831794327148,1.4796196775919324,0.0,-4.140953830789369,-33.777442853567784,1.4604934734142248,0.0
47.2188484594712,-15.596542467107465,8.393865265017894,0.0,14.633004292674908,-10.67534419800637,1.2137263806639194,0.0,1.6382926963332292,-7.513168549334443,5.096216198159905,0.0,30.782603490940854,-34.923034749689194,1.84210889791086,0.0,20.07882720587799,-40.885066231579195,1.43384642793586,0.0,-4.133559202170526,-33.79708214951619,1.4494783554416077,0.0
47.85548946270842,-16.102415604825087,8.074070190884555,0.0,14.66513945076857,-10.584841289332292,1.2294280867452176,0.0,2.644996761437517,-7.634521492049837,5.07255858125677,0.0,30.81182838210758,-34.92244664109876,1.8504749301007895,0.0,20.766311606715412,-40.67827377074133,1.381167611906367,0.0,-4.127925146663669,-33.81562595268892,1.4373495333143662,0.0
48.44469332452099,-16.636242920595457,7.702826674206694,0.0,14.692867931793613,-10.47839392789636,1.249608279839542,0.0,3.636249399075317,-7.80300604625212,5.04471990496641,0.0,30.838930205736666,-34.92332296809332,1.858163077252545,0.0,21.415694107106898,-40.45149634968403,1.314403893142826,0.0,-4.1236689051767375,-33.83298653466136,1.4248861073905665,0.0
48.98150801094961,-17.174383213045328,7.302472712751753,0.0,14.713142196204887,-10.37338161945378,1.2735820719556852,0.0,4.585904070525855,-8.018381448853287,5.022897707920629,0.0,30.86415563964075,-34.92484039643168,1.8637422640944479,0.0,22.026722802793874,-40.20117530518076,1.2315457610863856,0.0,-4.119858783636312,-33.84874203583701,1.4133258951190424,0.0
49.46746117463825,-17.70061887476853,6.89256129597897,0.0,14.723955245110373,-10.290564926647802,1.2989752576300493,0.0,5.467980075645895,-8.274856659594324,5.011787366427015,0.0,30.888458962158037,-34.92632746004051,1.866275870992732,0.0,22.600506744623036,-39.9271248821556,1.136649477073174,0.0,-4.114982573811902,-33.86160455571034,1.4036583831595735,0.0
49.90884293105042,-18.20998313330326,6.4859655002690575,0.0,14.724646490123348,-10.24851933685736,1.3220843579128,0.0,6.263467698411079,-8.56331366959709,5.007568705414421,0.0,30.91332436301411,-34.927398210243865,1.8657145045104837,0.0,23.140066542004934,-39.63205316334472,1.0389795156661155,0.0,-4.1074208863464845,-33.86973034317998,1.3959982096563461,0.0
50.31272398686665,-18.708310711716706,6.086064088542655,0.0,14.716025230040469,-10.258456279728495,1.3392667338988904,0.0,6.966185712037044,-8.87371121178028,4.9982985928824455,0.0,30.940335526194538,-34.928058504518845,1.8629360734752058,0.0,23.650310896675684,-39.32035020128553,0.9507531564108422,0.0,-4.096279139846789,-33.87183276581454,1.3895083001988073,0.0
50.68274583801678,-19.208117728240655,5.686133872958353,0.0,14.700540096605033,-10.321222482096644,1.3483370499741554,0.0,7.585370609654502,-9.196248668137416,4.967558730975629,0.0,30.97068255805989,-34.928735275821985,1.8595186795662144,0.0,24.13703082584414,-38.99666052650604,0.8840375843013302,0.0,-4.082105407879612,-33.86838763888246,1.382934371180939,0.0
51.016756426653885,-19.722600395838647,5.27177097195753,0.0,14.682442704535895,-10.427370379748044,1.348870979543996,0.0,8.143575715964685,-9.520883438822075,4.8995240085552165,0.0,31.004849277067606,-34.93015813664998,1.8572740646813788,0.0,24.605045647356906,-38.664852233374596,0.8474394392505502,0.0,-4.067012008081854,-33.86206689919602,1.3753362045442952,0.0
51.30743196610817,-20.259727679220987,4.826438728277429,0.0,14.66759871226682,-10.560091136902544,1.3413019965141206,0.0,8.67003619771927,-9.836249566719058,4.783252579145286,0.0,31.042579782548003,-34.933091039324204,1.8575728589633638,0.0,25.056222987168752,-38.32780424405633,0.8434455026630374,0.0,-4.0540011953863075,-33.85695992476816,1.366501725151526,0.0
51.54571597379207,-20.818000473992615,4.339199150118941,0.0,14.662563648894455,-10.69976058088446,1.3258074488450902,0.0,9.191365531487266,-10.129633350615533,4.614883447721292,0.0,31.083013119606388,-34.9380288062872,1.8606483945796217,0.0,25.488294923391255,-37.98808864101668,0.8673992901662846,0.0,-4.045722611089516,-33.85686066544326,1.356829761240725,0.0
51.72584648999219,-21.384882980631733,3.8123520011762535,0.0,14.672863648470464,-10.828295708130828,1.3021515677882043,0.0,9.722773267809494,-10.388806277818334,4.397601968623736,0.0,31.124814666111657,-34.94502145254686,1.8652148539629483,0.0,25.895023221131936,-37.64926122827425,0.9087162854590183,0.0,-4.043260653855,-33.863510660226666,1.3468590828395914,0.0
51.8501135111439,-21.938341403454736,3.265592863043257,0.0,14.700966142463955,-10.93187932382104,1.2707572619628706,0.0,10.263212413237937,-10.605018504554613,4.139982458705614,0.0,31.166265268649017,-34.95372480299889,1.8687051705451836,0.0,26.267571634712713,-37.317175193315016,0.9540743135972107,0.0,-4.045623473146866,-33.87581710278211,1.3368225656128985,0.0
51.931156254416585,-22.451328996152757,2.733677507849233,0.0,14.744799389554995,-11.001777591776513,1.2341879652350887,0.0,10.796491714432992,-10.77557148540047,3.8536019673948534,0.0,31.205417641724658,-34.96364959165985,1.8681814048382606,0.0,26.596458238308674,-37.0006125950242,0.9914431009685813,0.0,-4.050267290252273,-33.890567796188726,1.3265369236644098,0.0
51.98990034693289,-22.89825650006589,2.2573142161062183,0.0,14.797579336569186,-11.034199154052883,1.1978349067665182,0.0,11.297910219015593,-10.90455980285499,3.5508257138264128,0.0,31.2404326368401,-34.97446751871237,1.8615950175127445,0.0,26.87350934525158,-36.71068064436382,1.0134120870228234,0.0,-4.054413045845529,-33.90430366310951,1.3156924511549395,0.0
52.04897223365253,-23.261495871444744,1.870829359999977,0.0,14.849231918892691,-11.030375744646404,1.1690794071594066,0.0,11.743644486583051,-11.001310916249102,3.2433856436243413,0.0,31.27006958171009,-34.98620059077478,1.848813709081064,0.0,27.093585450722934,-36.45885643794754,1.0185578685869618,0.0,-4.056450972877809,-33.91531318110682,1.3043365580330466,0.0
52.12429930822151,-23.53552546912195,1.5920107306178233,0.0,14.889108095906362,-10.99699288985195,1.1550815793149152,0.0,12.119025424977398,-11.07724455028811,2.941837231746094,0.0,31.294135529492657,-34.99920012338262,1.8319100995148947,0.0,27.255989301492082,-36.25417117634468,1.0104878565179352,0.0,-4.0566562661728405,-33.92459750016721,1.2931925111844293,0.0
52.21930725560476,-23.727246903450013,1.417922576259194,0.0,14.909121257968168,-10.945893400812345,1.1601211106453704,0.0,12.422355544428324,-11.142623827711748,2.6554936674792984,0.0,31.313629006044692,-35.01396032732818,1.8145930954113112,0.0,27.365227853833836,-36.10052903855125,0.9952865223835285,0.0,-4.056814216558378,-33.93520364393082,1.2835248791775218,0.0
52.324797503405904,-23.852777994868873,1.3273579035339615,0.0,14.90611350709024,-10.891953474187124,1.1837699138228324,0.0,12.662838349809807,-11.204462387652907,2.3923316795465333,0.0,31.330419500391606,-35.030892813631226,1.801062796447857,0.0,27.43059899008163,-35.99526176918124,0.9787382469593187,0.0,-4.0590008121415035,-33.95028528433295,1.276553904666871,0.0
52.424215624857126,-23.932300148864027,1.288400013771886,0.0,14.882491273111388,-10.849246308301067,1.220916169652428,0.0,12.853907371690905,-11.265954606779786,2.158637996833594,0.0,31.34653764513607,-35.050144175118774,1.7947354126096595,0.0,27.464401520707426,-35.92961507731337,0.9645094120400994,0.0,-4.064290388767673,-33.97106364588349,1.272754203452159,0.0
52.501204322734445,-23.984821786858983,1.2683826951757569,0.0,14.844955247047277,-10.826975347493825,1.263760159874657,0.0,13.005635743783047,-11.327012764646613,1.9584946936511098,0.0,31.36337734903341,-35.071441142492986,1.7972310643763034,0.0,27.47929577986809,-35.89107626736025,0.9537028153309208,0.0,-4.072165637864461,-33.995909033883876,1.271485101101062,0.0
52.545755919213704,-24.024403145136567,1.2427572729421064,0.0,14.802001559853855,-10.827066860721848,1.304805542188591,0.0,13.120563895168074,-11.385313039018746,1.793356903721067,0.0,31.381187414491137,-35.09393995824927,1.8078963634291743,0.0,27.48582687381694,-35.86665250924379,0.9455175337514135,0.0,-4.080872447078862,-34.0209678653645,1.2711843552737996,0.0
52.55673772444722,-24.05870895541536,1.1997234795835148,0.0,14.761299243798504,-10.84451366654471,1.3393367558269622,0.0,13.195382653769999,-11.437486170411926,1.6620254585336376,0.0,31.399086236503358,-35.116166990177085,1.8240123869054319,0.0,27.490968645853613,-35.84585396055846,0.9384887378983127,0.0,-4.088344752569762,-34.04178464766881,1.269988677017503,0.0
52.54064258716569,-24.08981719725142,1.139557200596811,0.0,14.727951079359551,-10.87019550241829,1.3662729538692728,0.0,13.227197621831683,-11.48029344417971,1.5612268760396812,0.0,31.415555946215044,-35.13622228783428,1.8416669594004738,0.0,27.497957560175728,-35.822406763502855,0.9317611561855799,0.0,-4.093092049253915,-34.054966507722,1.2664184924194863,0.0
52.50791622199124,-24.116412734849785,1.0701595237547235,0.0,14.704137343870187,-10.894772360220745,1.3872741525468095,0.0,13.219959968119282,-11.511634333273696,1.4866241970413157,0.0,31.42915546290748,-35.15232278918079,1.8570100928829625,0.0,27.507114373688218,-35.79437362032267,0.9258891493733916,0.0,-4.094642977938499,-34.059216555666566,1.2598155658298076,0.0
52.46879559196304,-24.13622519462857,1.0016257359212304,0.0,14.689914110398526,-10.91187887160437,1.4048841108436632,0.0,13.186584769128466,-11.53116927142356,1.433718399656657,0.0,31.43914653261249,-35.16351599520302,1.8673839863465513,0.0,27.517088439196808,-35.76299415026339,0.9228196799367279,0.0,-4.093489451949793,-34.05555935507695,1.2504281368381935,0.0
52.43035681926019,-24.147831557517232,0.9420941914701633,0.0,14.684383745633259,-10.919412044627405,1.42084663608735,0.0,13.145497439496916,-11.540362937124662,1.3982898951212626,0.0,31.44580853535088,-35.17020309785367,1.8718609113456672,0.0,27.526024318034466,-35.73091122085356,0.9250452829680604,0.0,-4.0907138073685685,-34.04689550473336,1.2392029660940995,0.0
52.395633432554035,-24.15146575969528,0.8957408733933985,0.0,14.686473136415337,-10.918831520587942,1.4354399582114228,0.0,13.114161218527249,-11.541922168749368,1.376513278468643,0.0,31.450343843350566,-35.17414525140433,1.8710921702858236,0.0,27.532385208045103,-35.7004712746902,0.9342869636903384,0.0,-4.0875252209251025,-34.037128750382,1.227402310406939,0.0
52.364607826757144,-24.148943046120312,0.8626736441962457,0.0,14.69508415366294,-10.913313476714647,1.4479842551800157,0.0,13.103548923467443,-11.538859676011375,1.3649907792843265,0.0,31.454428990775064,-35.177864344030986,1.8667796915774275,0.0,27.535382254365555,-35.672581704913426,0.9503080588509842,0.0,-4.0848531685135505,-34.03013993610357,1.2161691655693563,0.0
52.33608183547859,-24.143018760080157,0.8400381528722516,0.0,14.708934472822792,-10.905837224281179,1.4579887407595837,0.0,13.116073193453792,-11.533583670387435,1.360747543760251,0.0,31.459632373768287,-35.18363125529835,1.8611740143105955,0.0,27.535050196905814,-35.646338922959934,0.9704599174527111,0.0,-4.083071754274726,-34.028876111767715,1.2061609054925455,0.0
52.30925726855437,-24.136521877307754,0.8236220713296039,0.0,14.726566339389972,-10.897988784571238,1.4660887877734838,0.0,13.147037848568173,-11.527367758259762,1.3611967194877774,0.0,31.46698988225654,-35.19243388476117,1.8567633688707197,0.0,27.532018749011804,-35.61941763575116,0.9902843415223828,0.0,-4.081908467843087,-34.03476752827933,1.19735577849349,0.0
52.28432099088191,-24.131587480786525,0.8093417636324585,0.0,14.746724109874393,-10.889827722788759,1.474141839801839,0.0,13.188045401334412,-11.520334638328476,1.3642029798929851,0.0,31.4769137137273,-35.20339682784365,1.8560465748494153,0.0,27.527079889582094,-35.58904822561355,1.005010134360786,0.0,-4.080565474530114,-34.04759607019424,1.1890925431049837,0.0
52.26205744761627,-24.129239175492614,0.7941848721356433,0.0,14.768879031839308,-10.880743772992414,1.4844257147500661,0.0,13.230484870214335,-11.511833192012732,1.3683188365584993,0.0,31.48937945510006,-35.214063767286994,1.8612051861275454,0.0,27.520784088674283,-35.55327251305066,1.011293177493318,0.0,-4.07801068927438,-34.06581831205817,1.1803301735987404,0.0
52.24302393265286,-24.1293803309725,0.7765014778222845,0.0,14.793502014307471,-10.870793280808414,1.498408784722951,0.0,13.267834843529405,-11.500951610470384,1.3730299085516773,0.0,31.50415431891249,-35.22172514567464,1.8735730259160448,0.0,27.513368855064314,-35.512062403366734,1.0083592452701424,0.0,-4.073333099193104,-34.08720237800557,1.170036960767323,0.0
52.22690491765437,-24.131066283308122,0.7558426226867319,0.0,14.821905338413988,-10.861658838469587,1.5157435787403841,0.0,13.296458120821416,-11.486947029779925,1.3787130608660814,0.0,31.520803123335167,-35.22560972122975,1.8929136581579655,0.0,27.50514998877803,-35.4678651132954,0.9979989381774246,0.0,-4.0660560189681805,-34.10953727361809,1.157574339096671,0.0
52.212422581563175,-24.132900651169617,0.7326304178169529,0.0,14.855857448275648,-10.856419284411059,1.5339987024720019,0.0,13.31530565564885,-11.469504888934198,1.3861585155588738,0.0,31.53839221097656,-35.22936366204753,1.9166183266246115,0.0,27.497132711728916,-35.425251308599016,0.983510623668149,0.0,-4.056336494400231,-34.13117118299799,1.1429429822561783,0.0
52.19785080599205,-24.13348545692782,0.7078023191978495,0.0,14.897375673300917,-10.857874448204612,1.5493643490832962,0.0,13.325195962187147,-11.448854325790325,1.3958344012782735,0.0,31.55517490443684,-35.24294800064207,1.9390716610898302,0.0,27.491314784017582,-35.38959765957343,0.9682765811777578,0.0,-4.044999492995533,-34.151212881117964,1.1267945615339343,0.0
52.181905449106765,-24.13191571239198,0.6824012866487852,0.0,14.948990296021757,-10.865947069054357,1.558234179628876,0.0,13.328151493605159,-11.425805931743307,1.4073151754686695,0.0,31.568831015598803,-35.28305559370024,1.951631367461113,0.0,27.490243623967537,-35.36513356778832,0.9547643379062158,0.0,-4.0333699584970715,-34.169359673434364,1.1101850108332005,0.0
52.16458906225924,-24.1282767463022,0.6570732320643913,0.0,15.014431260230149,-10.875239988809206,1.5592391822754168,0.0,13.32692959331959,-11.401737750058446,1.4192259319365856,0.0,31.577691292059335,-35.371520709768525,1.943804252604151,0.0,27.495896477829167,-35.35315249036293,0.9442903837797996,0.0,-4.022918993384979,-34.18548681951521,1.0941605539547705,0.0
52.14749338580574,-24.124014128202923,0.63161134969382,0.0,15.099324316311701,-10.87392075003153,1.55512130722071,0.0,13.324640924486673,-11.378469475790109,1.4297149271956684,0.0,31.582796798548465,-35.53186313942296,1.9059134738460877,0.0,27.508547947232064,-35.35138699694237,0.9372734815931736,0.0,-4.014832566349884,-34.19928231605498,1.0793738079016553,0.0
52.13323030230094,-24.1219874967635,0.6048934875278178,0.0,15.211408159597868,-10.844733782437695,1.5538552773962557,0.0,13.324321663976644,-11.357924222332105,1.437157966782861,0.0,31.59006859897278,-35.78464985845297,1.8326258276178393,0.0,27.526415369742107,-35.355024598056175,0.9335054541188583,0.0,-4.009677349111425,-34.21020241113602,1.065924849099618,0.0
52.12409901149241,-24.12602962884113,0.5755150854045255,0.0,15.360150871894454,-10.768229471818291,1.5685431592360297,0.0,13.328465532989915,-11.341557710567855,1.440735085217792,0.0,31.611684478124833,-36.14250439380345,1.7256341977755518,0.0,27.54632201368667,-35.35876242770872,0.9322862544567307,0.0,-4.007315847941209,-34.217800843753125,1.0534811784299922,0.0
52.12059104686635,-24.139921121725045,0.5429793979466719,0.0,15.556132394122828,-10.627462523680009,1.615722527152264,0.0,13.338662024016708,-11.329713539573534,1.4406378602800345,0.0,31.665921958203906,-36.60570719013417,1.593555781798809,0.0,27.564909432810236,-35.35861551018167,0.9326116930243948,0.0,-4.007107773469851,-34.2221981300144,1.0415559530252025,0.0
52.12056353837456,-24.165913898700385,0.5087509778351826,0.0,15.81063677136228,-10.412716607135142,1.7119734374789992,0.0,13.355491408217734,-11.321225727809948,1.4378429414633533,0.0,31.775056131605027,-37.15984795900988,1.448313268206185,0.0,27.579719235274776,-35.352603325240025,0.9335357024905466,0.0,-4.008275982142236,-34.22433622943967,1.029755008978551,0.0
52.11966966753143,-24.203290779797122,0.4763705545010488,0.0,16.135444027748882,-10.124567538223431,1.8692943219115241,0.0,13.378693385216012,-11.313594392677842,1.4336026568453484,0.0,31.96150509220873,-37.777331276579325,1.299544019431007,0.0,27.589752899475968,-35.34046286844211,0.9345368623233661,0.0,-4.010205618741706,-34.22578700442024,1.0178681910246183,0.0
52.112977449644234,-24.247717880661593,0.45039615259057086,0.0,16.542263189331663,-9.774079661548289,2.090587810767408,0.0,13.407441821398827,-11.303842272921898,1.4289703101237912,0.0,32.243313125496634,-38.423359101980886,1.1504253317772157,0.0,27.595455863491658,-35.3231116410423,0.9356353272604654,0.0,-4.012488524060573,-34.22815379533475,1.0057974110422663,0.0
52.097003074278966,-24.29198330697903,0.4347388882832206,0.0,17.041134115114883,-9.380134409337218,2.3672125333343113,0.0,13.440429869049414,-11.28982110366889,1.4246195398670487,0.0,32.630632876104684,-39.064345175689986,0.9977694382515718,0.0,27.59824628549228,-35.30232964677286,0.9372074258987997,0.0,-4.014729719001165,-34.23237336542688,0.993410368562305,0.0
52.07113799383883,-24.32803221701708,0.43133361813058,0.0,17.637589952463873,-8.965231668054667,2.680194963652432,0.0,13.475550116561175,-11.27147606880743,1.4209499643697647,0.0,33.124414652895624,-39.67489429424109,0.8361681469008317,0.0,27.59982410809377,-35.28058748361905,0.9396598010803228,0.0,-4.016347652621217,-34.238334538243656,0.9804657657344933,0.0
52.037857110435525,-24.349463522005255,0.43978172752451705,0.0,18.329137172437925,-8.551550467408504,3.0052619236308056,0.0,13.50932595889265,-11.25150774218295,1.4182727755438282,0.0,33.71734362710673,-40.24045572636127,0.663016155056491,0.0,27.60159509400829,-35.26074702831445,0.9431631879713507,0.0,-4.0166268682563,-34.24507764487485,0.9667444983265376,0.0
52.0018075775376,-24.35345143342205,0.4579400616125131,0.0,19.102332267832693,-8.158134590361989,3.3201593353583476,0.0,13.536652851188006,-11.234996627833958,1.4169368467791248,0.0,34.39619682939529,-40.755493848060965,0.48107640188884027,0.0,27.604487368027392,-35.24554156733323,0.9475709230251521,0.0,-4.01506726046756,-34.2514938424188,0.9523924796572896,0.0
51.96833720896393,-24.341458883961323,0.4829110553192386,0.0,19.932185873915827,-7.79878811891545,3.6116534397435505,0.0,13.551391188199386,-11.227881727669661,1.4174351305045185,0.0,35.144647241270626,-41.219095041897134,0.2974948156357442,0.0,27.609156773610636,-35.23695319351941,0.9525666593648481,0.0,-4.011795493427309,-34.25713235024764,0.938258924671727,0.0
51.942012511277866,-24.318669558267715,0.5118415496247692,0.0,20.785471259289867,-7.48015736524399,3.879483123830073,0.0,13.54787982776198,-11.234696032122566,1.4205188361807046,0.0,35.945775304815854,-41.63037803184639,0.12044293397691241,0.0,27.6162737920864,-35.23565711299979,0.9579824365188596,0.0,-4.007719315236486,-34.26265389868675,0.925861063650057,0.0
51.92543535447221,-24.292419340747823,0.5423124831060857,0.0,21.628280049118004,-7.20060559663127,4.135485380178493,0.0,13.522939314041954,-11.256465705472188,1.4271335625941486,0.0,36.78385285163793,-41.98545901119157,-0.0446279902841642,0.0,27.626543662422364,-35.240674943922734,0.9640729282615528,0.0,-4.004266653396385,-34.26967856170315,0.9167126354693345,0.0
51.91851336629907,-24.27005945479984,0.5724934332456204,0.0,22.435858810122205,-6.951269844271911,4.398142591813709,0.0,13.477647723471609,-11.289827091280198,1.4379526390260633,0.0,37.64531630876023,-42.27676559289528,-0.19751748229804278,0.0,27.640371929627218,-35.249375539262516,0.9714640156392296,0.0,-4.002757468840418,-34.280128361277676,0.911139957881268,0.0
51.918338955851254,-24.25679545958766,0.6012783549105922,0.0,23.20058582343303,-6.719848696812642,4.684962160474904,0.0,13.418060396708931,-11.327959221191572,1.4526593773925587,0.0,38.519127172360825,-42.494539652155765,-0.3437202031450788,0.0,27.657416157087102,-35.257969118446695,0.9807095641538002,0.0,-4.003562519483911,-34.29545700963081,0.9071736802708905,0.0
51.91983769693915,-24.25414835171077,0.6283942564456524,0.0,23.93385190397568,-6.495796118245548,5.005938217765191,0.0,13.35429647900354,-11.362997880947551,1.469542709665701,0.0,39.39672733821273,-42.629651454790164,-0.4927157037030323,0.0,27.67639969626185,-35.26253205586326,0.9917621542044639,0.0,-4.00531136213907,-34.31626042004538,0.9003591688661299,0.0
51.917195188263904,-24.259611112630925,0.6543439905384822,0.0,24.66034135449771,-6.27444762104292,5.36045835186982,0.0,13.298169339501785,-11.38876009533588,1.4858402262081274,0.0,40.27162441754158,-42.676598285811096,-0.6548838432568882,0.0,27.695404879763544,-35.26029863865428,1.003760394610845,0.0,-4.004577492916368,-34.34264504189671,0.885177351270455,0.0
51.90571685647474,-24.267703920122543,0.6801320156986712,0.0,25.40713554625859,-6.058191286600102,5.738242404566585,0.0,13.260271314632895,-11.402497979714042,1.4986742087724032,0.0,41.13860069279413,-42.63575042234587,-0.8383301315271687,0.0,27.712521666483802,-35.25066025760017,1.0152332455608395,0.0,-3.9964545093741553,-34.37541549516011,0.8581929698864386,0.0
51.88339844035227,-24.27208380638963,0.7068522791640923,0.0,26.19253546367594,-5.8545424428541155,6.1232087811596045,0.0,13.247503891123845,-11.405079012848319,1.5060340956869709,0.0,41.99270736015912,-42.51423529981024,-1.0466744871877314,0.0,27.726466322479066,-35.23533527890598,1.0245206861163272,0.0,-3.9760567283403905,-34.417704779008055,0.8222151002846427,0.0
51.8514599321547,-24.26790604182193,0.7352810131394012,0.0,27.01916925088827,-5.672546253063859,6.4982033914381265,0.0,13.26159020168053,-11.399863314310519,1.5073628396070422,0.0,42.82835703799492,-42.32518328723429,-1.2781610833719075,0.0,27.73681795906707,-35.217557696638046,1.0302286723508391,0.0,-3.940442116959316,-34.47627387622284,0.7899934711314831,0.0
51.813611246167504,-24.25351911285509,0.7656185301055292,0.0,27.873473204777397,-5.519416032818603,6.848622949547082,0.0,13.29868894037861,-11.391028344419576,1.5036071890530511,0.0,43.63881394956331,-42.08553040820925,-1.5259150539115112,0.0,27.743826546285803,-35.20063651295644,1.031682930180093,0.0,-3.8901316279005353,-34.56154714422366,0.7856849151473515,0.0
51.77452340802171,-24.230908558803343,0.7974183465987181,0.0,28.730728776285385,-5.39870112849068,7.16393078452447,0.0,13.350121486848495,-11.382080573702847,1.4967929758718004,0.0,44.41627372872586,-41.81313189564995,-1.7790588193857584,0.0,27.748069151895198,-35.18657087339531,1.0293101634173016,0.0,-3.8294416669501263,-34.68569706056672,0.842780726203868,0.0
51.73828714320325,-24.204870280159827,0.8295951450838341,0.0,29.563037342355866,-5.310163661412663,7.4372760785425855,0.0,13.404251990212167,-11.375012384322963,1.4892973923822428,0.0,45.15257927170229,-41.524203930736874,-2.024473743223643,0.0,27.750288473046204,-35.17537752190839,1.024727864920706,0.0,-3.7652086665376228,-34.85882392422215,0.9983072072369676,0.0
51.70739928268664,-24.181321137502586,0.8604393358565616,0.0,30.347364523518806,-5.250729237515252,7.664213311640975,0.0,13.449398025475098,-11.370215760212393,1.483083899590472,0.0,45.84041055789831,-41.23184483256957,-2.2489656126082327,0.0,27.75149584217966,-35.16540604764368,1.0203608316071655,0.0,-3.7040808654871036,-35.08428828065183,1.2844155329495859,0.0
51.682406184159994,-24.165350903470586,0.8877812017503892,0.0,31.071412174359352,-5.215832332165068,7.841488146789424,0.0,13.477172662492155,-11.366971448364115,1.4791784669557018,0.0,46.47459291908696,-40.945828371295384,-2.441476409893024,0.0,27.753107507175972,-35.154416605273944,1.018669570914188,0.0,-3.6492338573495147,-35.355016903901,1.7193700489271446,0.0
51.6621194056855,-24.159693455531258,0.9095094645822162,0.0,31.73588993929402,-5.200894356871753,7.966208020787884,0.0,13.485124375093074,-11.364171744817876,1.4775297394638383,0.0,47.0531560968217,-40.67340526558956,-2.594946927386826,0.0,27.756797788181238,-35.14086003498625,1.0213125244744123,0.0,-3.5978305947112244,-35.65261484145892,2.3001949521604743,0.0
51.64429976196865,-24.164171076751572,0.9243763692157376,0.0,32.35281198910898,-5.20285652979719,8.035184882736557,0.0,13.477439626953611,-11.360943287770727,1.4772055432989823,0.0,47.57795096221196,-40.420581573663604,-2.7074598703407933,0.0,27.763966300159556,-35.12477006000289,1.0285646798770944,0.0,-3.540437748512147,-35.95026876701463,2.9990995468957244,0.0
51.62667626041571,-24.17623475397954,0.9326681703262736,0.0,32.9408229945702,-5.221437999799033,8.04433981451806,0.0,13.46313486301506,-11.356982931742278,1.4768006291720805,0.0,48.054783209959744,-40.19313615281717,-2.7822944743425078,0.0,27.77504857138615,-35.10791041267886,1.0391513288775407,0.0,-3.4627642259865254,-36.21896789864006,3.7654470399779854,0.0
51.608021012682904,-24.192209160869755,0.936259975446383,0.0,33.51963744350717,-5.259563685217989,7.988511011371684,0.0,13.452375226736933,-11.352596524569629,1.4749652583492328,0.0,48.49299888906795,-39.996635392953856,-2.8266430478403244,0.0,27.789091804616614,-35.093178299177225,1.0505125622543012,0.0,-3.3488058107575824,-36.43499003850942,4.53398656520028,0.0
51.588847538108624,-24.208617122301114,0.9379082821661182,0.0,34.105664396997426,-5.322652801995339,7.862173337723384,0.0,13.452563912158565,-11.34851830582646,1.470951804068866,0.0,48.90437579170772,-39.83523793208778,-2.8491669266694633,0.0,27.80395344166169,-35.083580697584694,1.0594396487953581,0.0,-3.183673821098088,-36.58574616120251,5.237866272489147,0.0
51.571344541531644,-24.22308542817067,0.9401320445600749,0.0,34.70977201586101,-5.4170258990699125,7.661239379651188,0.0,13.465965996355983,-11.345580205640951,1.4649788178554513,0.0,49.30128923145794,-39.709960060007134,-2.857173816279669,0.0,27.817232057756737,-35.081203702994436,1.0629517815567038,0.0,-2.954946117921269,-36.67174819444102,5.822533995284837,0.0
51.55848468015407,-24.23463017949496,0.9443187825356851,0.0,35.33678406575799,-5.5480260985270995,7.3855675357597645,0.0,13.48983087607743,-11.344294031156055,1.4581946444565084,0.0,49.69447081927711,-39.61751215906379,-2.8545659030814283,0.0,27.827717479485862,-35.08640346567287,1.0592208834330794,0.0,-2.65292778211594,-36.70437953030535,6.255950320219682,0.0
51.55269594843869,-24.243404396519512,0.9505390264311817,0.0,35.98565428963679,-5.718307001746533,7.041425076981065,0.0,13.518741760591823,-11.344466307198626,1.4521963061481724,0.0,50.091013666122414,-39.55041097717204,-2.84147850267693,0.0,27.83681927925178,-35.097130547860374,1.048367789869447,0.0,-2.271150751129312,-36.7009264102341,6.5321863232458055,0.0
51.55474390755775,-24.25018654091894,0.9580906514810117,0.0,36.6496137416087,-5.926439604378752,6.643042524384821,0.0,13.547841624262713,-11.345036900948667,1.448308960469891,0.0,50.49333030210757,-39.498255739357866,-2.8157107999350375,0.0,27.849212078874434,-35.10830799581607,1.032966467983691,0.0,-1.8078008266017598,-36.678951316182015,6.668097749968198,0.0
51.56335302157312,-24.255931145381396,0.9663960250007406,0.0,37.31642658386704,-6.165965848405233,6.21248503589042,0.0,13.575205332329318,-11.34431859358654,1.4469694026150925,0.0,50.899477272479594,-39.449456752255294,-2.7751188375894476,0.0,27.871980542820836,-35.11178426643253,1.017970420571089,0.0,-1.2673184653058094,-36.65173027962636,6.694951398735376,0.0
51.57569585163093,-24.261541166870032,0.975768795931641,0.0,37.96946089276377,-6.425285301691181,5.777410764477847,0.0,13.602208859718921,-11.34064787396922,1.4475178116451328,0.0,51.304738062871316,-39.39258616534136,-2.7197388382653793,0.0,27.91197575950655,-35.098004549268545,1.0096777112458248,0.0,-0.6607160312100149,-36.62582812074092,6.648236511772623,0.0
51.58846907535245,-24.267751768459497,0.9876717881407266,0.0,38.59016062272688,-6.688903299306109,5.366989608348445,0.0,13.63193436693292,-11.333188037237196,1.4485219911578398,0.0,51.703827704112484,-39.31688317160175,-2.6527678713585896,0.0,27.97196619210653,-35.05999977096967,1.0136514251259179,0.0,-0.0038334368930801332,-36.601296466172414,6.559211919552728,0.0
51.59903749918275,-24.274892400466783,1.0042680483363142,0.0,39.161804322413055,-6.940205033130356,5.007108614282983,0.0,13.666632431158414,-11.32244977468216,1.4485046171838896,0.0,52.09281396204082,-39.21212882081971,-2.580256857402575,0.0,28.047288031365,-34.99825899848962,1.0322104917217807,0.0,0.6859198727281655,-36.5743179102661,6.450634109367288,0.0
51.606116772907924,-24.282484668104452,1.0273401487052407,0.0,39.67361442271206,-7.165109906765987,4.716415302238591,0.0,13.70549001693099,-11.310191000074713,1.4467351216597066,0.0,52.47000697992155,-39.068708521157724,-2.50990254210475,0.0,28.12528360551581,-34.923205398407354,1.0627252554352449,0.0,1.3929860622166714,-36.5412827511861,6.336928281652108,0.0
51.609704639386614,-24.28895672053521,1.057024803199143,0.0,40.12382585856093,-7.355287461497117,4.5043360849402685,0.0,13.74362780802078,-11.298684097429428,1.4437102606824403,0.0,52.83559242097331,-38.87875509960819,-2.4494380421103408,0.0,28.18886252549933,-34.852676887742234,1.0980118031955914,0.0,2.106053461765992,-36.50262374478365,6.227090079867706,0.0
51.610405084985615,-24.29181997757154,1.0910732675659727,0.0,40.52049312096922,-7.509689606675033,4.371231563640958,0.0,13.7729006058029,-11.289668742720421,1.4410861319182295,0.0,53.19040235399168,-38.63866165398128,-2.404988702794496,0.0,28.223106571416366,-34.805098900583204,1.1292173777779784,0.0,2.818961816631284,-36.46474426718094,6.127919517381212,0.0
51.60868377867402,-24.288343215564307,1.1251899894588302,0.0,40.879558084005694,-7.633981914167556,4.310029037777882,0.0,13.784720020144158,-11.283448674876364,1.4410328538772976,0.0,53.534596945744866,-38.3522530136515,-2.3796650583966947,0.0,28.22166001794006,-34.792107010438414,1.1498097018248519,0.0,3.530360062894305,-36.43912220649932,6.045823566456782,0.0
51.60463157517213,-24.2764189963057,1.1544054074280385,0.0,41.22071504223718,-7.738428548769573,4.308407974794733,0.0,13.774295296672689,-11.278507397053694,1.4451783528462148,0.0,53.866957485468106,-38.033089131783235,-2.372712727193208,0.0,28.189521395365905,-34.81456332108226,1.1581068255030988,0.0,4.2426511908502285,-36.43881180842835,5.986702648652056,0.0
51.598415586428615,-24.255296492562685,1.1748510512231274,0.0,41.562450057035406,-7.835267142315454,4.3507568249892685,0.0,13.744434399580848,-11.271804935210978,1.4534854485916249,0.0,54.185001785602836,-37.70424291628068,-2.379591687401671,0.0,28.14085788729092,-34.86351013213656,1.156825466765735,0.0,4.96057583559947,-36.47367863071529,5.954597303175797,0.0
51.59105791989738,-24.226052793519017,1.1851811169368442,0.0,41.917901951649064,-7.9364678376884275,4.419414926274162,0.0,13.706430641801827,-11.259702230480169,1.4635788919022499,0.0,54.48551121400149,-37.39455609220423,-2.39320939920404,0.0,28.093140944254763,-34.92481060560384,1.1505636647256594,0.0,5.689483276049175,-36.54633828384114,5.950276433524715,0.0
51.584904091398705,-24.19178253670318,1.187194733688571,0.0,42.29279120163189,-8.052338816214382,4.495116369682385,0.0,13.676682253452178,-11.239316408921397,1.4710975694420743,0.0,54.76475650006778,-37.13168712540754,-2.4061338059479995,0.0,28.060667642982448,-34.984680317096135,1.1434198848907684,0.0,6.433387840159663,-36.65053072869059,5.970698522094084,0.0
51.583320740510025,-24.157414519848455,1.1855682214113337,0.0,42.68582486266456,-8.191073187802015,4.557031811738726,0.0,13.670178466815404,-11.210009141498027,1.4713100541728874,0.0,55.01807362485214,-36.933944419157584,-2.413143568747035,0.0,28.05046488245075,-35.03354445880015,1.138071447493239,0.0,7.193307832708003,-36.77259301279717,6.009642124825012,0.0
51.58968418447423,-24.128963371314196,1.186744149686664,0.0,43.09105790044419,-8.359075731209323,4.5831409764199345,0.0,13.69402481259321,-11.1745468665206,1.4614123072045224,0.0,55.23927574732169,-36.80421675016314,-2.4131739509359322,0.0,28.061860331880247,-35.06721363701617,1.1360354908606958,0.0,7.966609076499318,-36.895379603799064,6.059242495119822,0.0
51.60621638770995,-24.11211848853377,1.1970952671097805,0.0,43.50100491921498,-8.56164253958195,4.551621667883282,0.0,13.744302737673713,-11.139254163762404,1.4421956244961756,0.0,55.42091734852469,-36.72923046631069,-2.409676543393198,0.0,28.088924035432928,-35.085968133361995,1.1381795816954785,0.0,8.747733889509906,-37.003075088851645,6.111877304259272,0.0
51.63330547153919,-24.11047959121037,1.2207884562734161,0.0,43.9091692642409,-8.803340112425943,4.443523722845484,0.0,13.807872739100363,-11.112516667806645,1.417950111506757,0.0,55.556038088491974,-36.68547307576584,-2.4087233037858873,0.0,28.123897761926578,-35.092731028276354,1.1449441449431035,0.0,9.530003140691083,-37.08514539436972,6.161797478122189,0.0
51.66957719472197,-24.124224642756957,1.2581981363693302,0.0,44.31117626968255,-9.087454082952858,4.246480921573004,0.0,13.868287656515252,-11.10168265613364,1.394581832174504,0.0,55.64100097593783,-36.65020270964924,-2.4151120398979833,0.0,28.159988839298524,-35.09122607882799,1.1563254891937884,0.0,10.30767776513524,-37.13815187639403,6.206065412589666,0.0
51.712512289638866,-24.1500053514417,1.3057245717019192,0.0,44.70448541242891,-9.414220381022552,3.958799005364262,0.0,13.91284055708092,-11.109636452010125,1.3770418758378966,0.0,55.6782953985938,-36.61344509027845,-2.428127154732083,0.0,28.19283107731052,-35.08459690318096,1.1718700113230955,0.0,11.077459292633351,-37.16508003727929,6.244665013888122,0.0
51.759183190958005,-24.182206103343916,1.357225066246741,0.0,45.087188452805904,-9.778101730601701,3.5928353220832197,0.0,13.937044321157574,-11.133069250023244,1.3674520020069831,0.0,55.678130999998125,-36.585955582068536,-2.4393499785343753,0.0,28.22069003483962,-35.074732738775964,1.1907876768203476,0.0,11.838962740239142,-37.17279625942338,6.27991324122644,0.0
51.80676495961995,-24.21488884767387,1.406395227258324,0.0,45.45657356139858,-10.165083343341859,3.176085911739169,0.0,13.94439286047746,-11.163709148055641,1.364788645778214,0.0,55.65801624058865,-36.59930542092705,-2.433792657074271,0.0,28.2438316436934,-35.06235084313382,1.212108210384164,0.0,12.594101330238813,-37.168815887434874,6.315412121126613,0.0
51.85270659351579,-24.24346207207036,1.4489709198641876,0.0,45.80817434329901,-10.55170632274902,2.7483079280951666,0.0,13.942336443901556,-11.191851087630358,1.3661293562327295,0.0,55.64014838247573,-36.697352984252525,-2.393178783969696,0.0,28.26352121668833,-35.047626119269225,1.2347672359760704,0.0,13.345632822004532,-37.158564519687474,6.354766177130138,0.0
51.894681723944885,-24.26547324409566,1.4838458453664067,0.0,46.1358946274923,-10.90767043203271,2.354093662589097,0.0,13.937604997633365,-11.21013660871334,1.3686518438002988,0.0,55.647433884909454,-36.92210861224681,-2.2988139307271087,0.0,28.28106204964179,-35.03095163431356,1.2576129190151573,0.0,14.095367638179168,-37.14384858013751,6.400238861965363,0.0
51.93058189423625,-24.280510568921187,1.5129269404084251,0.0,46.433264176973026,-11.202469703922562,2.032525030392378,0.0,13.933680891558057,-11.215748052600947,1.371189548328541,0.0,55.69967980919148,-37.29904175996498,-2.1328047285330385,0.0,28.297199999145644,-35.013398739223994,1.2794625508610373,0.0,14.842705582382317,-37.12264341028514,6.451505960824562,0.0
51.95881469178473,-24.28958176040627,1.5401827245651738,0.0,46.695176113296476,-11.413992709087486,1.8074748798126583,0.0,13.931138076555023,-11.210406360263388,1.3744762900682232,0.0,55.811112173232985,-37.82600656356875,-1.8790219267622827,0.0,28.31207939020829,-34.99663481299271,1.299344677567527,0.0,15.584094617467075,-37.089928779936855,6.50473435016089,0.0
51.978977440144135,-24.294385317723,1.5703120200298883,0.0,46.91923011191578,-11.535264227716294,1.6821987721365579,0.0,13.929625103644405,-11.198670821612138,1.380067353265531,0.0,55.98944236136663,-38.468041221802025,-1.5264002647649892,0.0,28.325669763130602,-34.98235749361056,1.31682410833446,0.0,16.313638387374763,-37.039243156616415,6.552340914637034,0.0
51.99260165275175,-24.296717973794948,1.6070550399189028,0.0,47.106186695156346,-11.576221376363073,1.6400138516780363,0.0,13.929584156554203,-11.185579905173011,1.3887583569553286,0.0,56.23629624279949,-39.15983026638028,-1.075541021010375,0.0,28.338279964266324,-34.971602448692266,1.3320713891030422,0.0,17.024605720807646,-36.964620271132596,6.583821096281056,0.0
52.00334325401834,-24.298059552520836,1.6513594402228513,0.0,47.25949773888866,-11.560047688278683,1.6504635227532338,0.0,13.932431387794463,-11.17471095383181,1.3996115206118098,0.0,56.54860136002785,-39.817561165491234,-0.5457835658579313,0.0,28.35070241050505,-34.964431062651165,1.3454965492803233,0.0,17.711264897903575,-36.86242016982782,6.587745218751429,0.0
52.01615229877465,-24.299262940053737,1.7004129398274284,0.0,47.384076201033054,-11.51605196877712,1.6786421250772579,0.0,13.939310289776419,-11.16736854367584,1.4102202717366197,0.0,56.919874129073925,-40.358584039802906,0.023078776329585438,0.0,28.363817517318232,-34.96032828920165,1.3571908507511434,0.0,18.370401159147686,-36.732469888274345,6.554334734927869,0.0
52.03564468479674,-24.300254748787943,1.7485756864725222,0.0,47.484613728901934,-11.471963449098704,1.694647584534109,0.0,13.94965243791156,-11.16297291015623,1.4179359232442543,0.0,57.34026011562022,-40.721428822266084,0.5783574130825642,0.0,28.377916803200193,-34.959154614633206,1.3665947321391343,0.0,19.002064993568982,-36.57812998283473,6.477419678996192,0.0
52.064517969436395,-24.299736444373636,1.7899266990502731,0.0,47.56406452025142,-11.447917566969924,1.6803875113176678,0.0,13.960792551837436,-11.160137923580326,1.4211841734239137,0.0,57.79557613219237,-40.877276980379555,1.0687201258946377,0.0,28.39223621961943,-34.96203683772208,1.3726070048468255,0.0,19.60942663354566,-36.40528900028315,6.354758890191356,0.0
52.10280132446318,-24.295094776752137,1.8208689016857829,0.0,47.623130327487814,-11.45322921917354,1.6320682914786762,0.0,13.968939829120846,-11.15773919603931,1.4201228003080164,0.0,58.26714244052786,-40.82978490559187,1.4578735289423292,0.0,28.405088285146796,-34.97151030990009,1.3740688788986546,0.0,20.197908764005387,-36.22059694173964,6.186724834625103,0.0
52.14815040665153,-24.282898931806642,1.8413566293589465,0.0,47.66124043001103,-11.48602215901046,1.5582964118509892,0.0,13.970828162390571,-11.155498821770628,1.4164251068547369,0.0,58.73402687856215,-40.60681189747281,1.7317958589318412,0.0,28.414628733694055,-34.99059976553439,1.3703966954365754,0.0,20.773899410851268,-36.029413635439084,5.974412763605281,0.0
52.19689485508614,-24.26016981314136,1.854489932331532,0.0,47.67860175285927,-11.535153736582757,1.4751351144617253,0.0,13.965050201354893,-11.153982536058209,1.4124204650520138,0.0,59.17757826454077,-40.249293382398754,1.8981892865236105,0.0,28.419897598555107,-35.02113112616083,1.362089479508338,0.0,21.34327813629644,-35.834041392833974,5.718565439697331,0.0
52.24535406698861,-24.22602067671162,1.8652219010025899,0.0,47.67804954854791,-11.583730767647019,1.4000732291005038,0.0,13.952437299264112,-11.154173721726272,1.410052688329344,0.0,59.58627970595319,-39.800685058701,1.980203215136088,0.0,28.42156698574501,-35.062088393635364,1.3508774702509108,0.0,21.909810226839124,-35.63288082285183,5.420239667666259,0.0
52.290912597297016,-24.182691291064447,1.8790091891473448,0.0,47.66544927723174,-11.613724417793577,1.3466887467834256,0.0,13.935475194963818,-11.15689834058256,1.4101692027052994,0.0,59.95827282098174,-39.29882186615473,2.0076366679939905,0.0,28.42194618010849,-35.10897078934853,1.33941376939506,0.0,22.47337553526964,-35.421152849570596,5.083191874270149,0.0
52.33248549646467,-24.135027557542443,1.900725971958492,0.0,47.648390068709624,-11.611196230494667,1.321251807353331,0.0,13.917212835174798,-11.162366777541123,1.4124588581062962,0.0,60.2998869553909,-38.77153523247958,2.008640838320094,0.0,28.424190402985307,-35.1546822050491,1.3306062248829509,0.0,23.028235694307263,-35.19356342858933,4.716818560758892,0.0
52.37032185820641,-24.088372637458868,1.933819332704683,0.0,47.634055292122206,-11.571157892033298,1.3217644927094572,0.0,13.90021747226433,-11.170023866603769,1.4159586037174456,0.0,60.62060533988548,-38.23674463893201,2.004088492670931,0.0,28.431100725201976,-35.19163762799904,1.3268368972542088,0.0,23.562130797536266,-34.94844607185191,4.33765583722521,0.0
52.40534489681772,-24.046092457287326,1.9796698719242976,0.0,47.627486813354764,-11.500574215656133,1.339111472943264,0.0,13.885940069653568,-11.178779295264203,1.4197412326706722,0.0,60.926794905780525,-37.70635097655541,2.0054995657409496,0.0,28.44410443299368,-35.214072335597734,1.329344821408192,0.0,24.05742263162502,-34.69157324767378,3.9677679969746933,0.0
52.43829353433902,-24.008362796832973,2.0370856494993497,0.0,47.630854248976554,-11.417926093612133,1.359677051445784,0.0,13.874612704970007,-11.187515599158852,1.423375494723894,0.0,61.21714234810598,-37.19169317470216,2.0160720914515355,0.0,28.462846974114996,-35.21953512158947,1.3379789862690927,0.0,24.494884915029765,-34.43702197389934,3.6301605115545534,0.0
52.469013055028,-23.972812427161376,2.101860946826662,0.0,47.643549411032545,-11.348277244808747,1.369144488600357,0.0,13.865621423498462,-11.195592244166425,1.426942705249738,0.0,61.481902645404105,-36.70756250882646,2.0334925133477366,0.0,28.48546217508494,-35.20912569111211,1.3514096728293925,0.0,24.858990589144604,-34.20367665404591,3.343364836910533,0.0
52.49631602797808,-23.936146392670608,2.166725844826968,0.0,47.66268391819065,-11.31443861019624,1.3571965686406973,0.0,13.858155068595025,-11.20304764343112,1.4306684964492575,0.0,61.70628383619717,-36.27243301214189,2.053067863697418,0.0,28.509285908109035,-35.1866405864105,1.3677142408435508,0.0,25.14224431122701,-34.00886663002253,3.117595001984835,0.0
52.51858509299673,-23.89540709328753,2.222448727157894,0.0,47.683888156837135,-11.327510640793205,1.3215843081700687,0.0,13.851818249092416,-11.210416105750749,1.4344704245592865,0.0,61.87635861881309,-35.90458116651449,2.0701550873788346,0.0,28.531677865116702,-35.157136138483715,1.3850714316363248,0.0,25.346831117300546,-33.86255601574549,2.95335231352316,0.0
52.534755762858936,-23.84823483844108,2.2604621136068586,0.0,47.702509151143964,-11.381805958454814,1.2689201522081426,0.0,13.846897795778574,-11.218324578176857,1.4377722409760025,0.0,61.98474530262616,-35.616161606576135,2.0814715557943213,0.0,28.550675568543873,-35.12553719055764,1.4022389603853789,0.0,25.48369401010673,-33.76465047609189,2.8420792687820278,0.0
52.545006444843935,-23.792502775124895,2.2762479992042826,0.0,47.71490711914122,-11.457452190454012,1.2110972477764879,0.0,13.844153919873666,-11.227082090208803,1.439724910234844,0.0,62.03359699878075,-35.40856956070377,2.085397462921044,0.0,28.5653265462069,-35.09579203971848,1.4186219391554324,0.0,25.57000304789011,-33.70587164854556,2.768394416611759,0.0
52.55075312170064,-23.72625416850376,2.272093857003518,0.0,47.71918301729572,-11.529275534800139,1.1596791010345573,0.0,13.844285601743938,-11.23636587601173,1.4396646885406934,0.0,62.033945942371545,-35.27163873990275,2.0817092787493774,0.0,28.575668008750508,-35.07069363810226,1.4339796045398678,0.0,25.62562440092515,-33.67131946661791,2.7136840097805894,0.0
52.554186935950014,-23.648570998968907,2.2583483573271357,0.0,47.715105320242614,-11.576806564708791,1.1218952412747925,0.0,13.847382188752746,-11.245057456961629,1.437483841836256,0.0,62.0021764746741,-35.186984578044886,2.0712028255967176,0.0,28.582429807933117,-35.052096426999746,1.448015891367545,0.0,25.669030232214865,-33.6453484949888,2.6605899789118705,0.0
52.55803454091146,-23.56097841923348,2.2530718069805316,0.0,47.70369891187541,-11.590668185375074,1.0997035996899545,0.0,13.852621582095454,-11.251347670339054,1.4336954755424607,0.0,61.95542578098409,-35.13370625199456,2.055399473572205,0.0,28.586619312244874,-35.04113746965845,1.4601558658176756,0.0,25.713625453225504,-33.61611602313403,2.5972591953189266,0.0
52.56606017109952,-23.4679871599506,2.279945474092033,0.0,47.68697986285293,-11.57383184233535,1.0908793408980308,0.0,13.85834105207037,-11.253233683608139,1.4292232310796091,0.0,61.90772159924145,-35.09391037002855,2.0362537007925905,0.0,28.589174610497846,-35.038238676588314,1.4697038003300982,0.0,25.765787099958615,-33.57826316067666,2.5197817809993364,0.0
52.58412546496764,-23.375218882580253,2.363724434968109,0.0,47.66781869623794,-11.538753268622978,1.0906776082826877,0.0,13.862515981704838,-11.249328536073222,1.4251183644329242,0.0,61.86791795241538,-35.05613654045863,2.015753421211448,0.0,28.590791044212715,-35.04291752542067,1.4763476694516626,0.0,25.82527141368034,-33.53295649170558,2.4318100518197934,0.0
52.62082765722598,-23.28478416173332,2.522681179805984,0.0,47.649608624529215,-11.502120922285325,1.09347468385449,0.0,13.863576851922183,-11.239634078706892,1.422374245006818,0.0,61.839543115415495,-35.016002440833475,1.9954846863798021,0.0,28.59186355358574,-35.0535852763903,1.4807289425714174,0.0,25.88749641388071,-33.48566097634696,2.3417180285076284,0.0
52.686595871877955,-23.190182699204737,2.759419176441182,0.0,47.635580048243725,-11.4789695236725,1.0943382731089173,0.0,13.861301666559479,-11.225857224746715,1.4218388893985452,0.0,61.82201312434553,-34.97453201152766,1.9763671511003587,0.0,28.592410155734104,-35.067553431548745,1.4846942308565136,0.0,25.946486448219737,-33.44287832770981,2.2587438676389233,0.0
52.791394050449675,-23.074922835555405,3.05445970546696,0.0,47.62797914650875,-11.477901006737701,1.0903503515046715,0.0,13.857347475204275,-11.21103730408161,1.4240855175531983,0.0,61.81242604115799,-34.93532220708989,1.9586951678241409,0.0,28.59196687166474,-35.0814714513357,1.4909616577309794,0.0,25.9973401602307,-33.409229084242455,2.189664964026834,0.0
52.943178887211054,-22.916532123078188,3.3679039724061965,0.0,47.627508367018784,-11.498812409635207,1.0812699167492799,0.0,13.855040085147944,-11.19856727265245,1.4291197108948044,0.0,61.80723317982588,-34.90182004305751,1.942425667025617,0.0,28.589642218297758,-35.09236896638001,1.50218123977632,0.0,26.03762884239501,-33.38580759651527,2.136958414254451,0.0
53.14914295366966,-22.69166667978774,3.650460799692956,0.0,47.633254317260885,-11.533671658979003,1.0692687868917297,0.0,13.858384339884422,-11.190998704514694,1.4360108388072153,0.0,61.803377373425405,-34.875591103125394,1.9275283357901145,0.0,28.58455712509674,-35.09928622635466,1.5195866669207145,0.0,26.067679352478173,-33.37012054716203,2.0986706080645146,0.0
53.418539143811415,-22.377022068254817,3.8595333566872068,0.0,47.64301650532249,-11.569878706625765,1.0579005787207052,0.0,13.870681065618095,-11.189156993917587,1.4427767965525504,0.0,61.79885947135582,-34.855843561531614,1.914225397098006,0.0,28.57674091212909,-35.105119902404596,1.541562921277153,0.0,26.09002664331568,-33.35738445187776,2.069659085278168,0.0
53.76337200891811,-21.948039928879318,3.9748514490698525,0.0,47.65380827289201,-11.594969487498725,1.0507758066406137,0.0,13.893347989733675,-11.191911658768419,1.4468260074745452,0.0,61.79291470135258,-34.839974419903804,1.9030290746175638,0.0,28.568391876298,-35.117876954822606,1.5625634659919534,0.0,26.10842762627015,-33.34255933681226,2.043553919924534,0.0
54.19433547154076,-21.38407071569501,4.009751326843004,0.0,47.66242150528574,-11.6009703298934,1.0504353555012376,0.0,13.925430168534609,-11.196568819498404,1.445882806901345,0.0,61.785943255260314,-34.82469259904215,1.8945652506005608,0.0,28.56531952158059,-35.15030253548374,1.5729270614491675,0.0,26.126783668446002,-33.32229673144562,2.014722716261936,0.0
54.712715686171876,-20.684956803650458,4.012226323064002,0.0,47.6661322999606,-11.586791626588974,1.0577299894067522,0.0,13.963971542213512,-11.199602095376818,1.438906361499912,0.0,61.77920597541194,-34.80726302225433,1.8892498190778788,0.0,28.57815448766751,-35.2173051561819,1.5600877444730443,0.0,26.148220345370344,-33.29607252559468,1.979676252016473,0.0
55.30349850467872,-19.88916556330233,4.047311271284951,0.0,47.6635768351087,-11.557887356879421,1.0717668610530744,0.0,14.005090066723154,-11.197444637417304,1.4264449287055498,0.0,61.774286143873084,-34.78645990714585,1.886973876766632,0.0,28.622467214992675,-35.3318252550956,1.511247028062808,0.0,26.17448688036805,-33.266151994636665,1.9376311723916615,0.0
55.93782987992523,-19.071246265638422,4.1635776193492475,0.0,47.65549611194339,-11.523657407076904,1.0902759147283234,0.0,14.045373523179197,-11.187185526028092,1.4102116059942649,0.0,61.77245585966556,-34.76291061536547,1.8869977536244384,0.0,28.716804236441803,-35.50097007793894,1.4169291164627627,0.0,26.20576986856995,-33.236533604747976,1.8902298709220613,0.0
56.586513682365904,-18.310465598715208,4.368016907233326,0.0,47.644795022025896,-11.493925397805114,1.1101608795445959,0.0,14.08314940045783,-11.167074182619427,1.3921545579242842,0.0,61.77420150456699,-34.738738835441694,1.8881587631879295,0.0,28.87848804769303,-35.72436446862534,1.274408515695976,0.0,26.240931510712027,-33.21141244284678,1.840630519047993,0.0
57.23363610085107,-17.65500846908922,4.630426893841859,0.0,47.63558861115891,-11.475884861277539,1.1280625431636082,0.0,14.119290390986377,-11.136697175821748,1.3735664644678973,0.0,61.7790946036121,-34.71672942152241,1.8892797813005995,0.0,29.11858942843341,-35.995544569240224,1.0899818987854406,0.0,26.278062464629556,-33.19382663193114,1.7923269290717858,0.0
57.87899705093119,-17.110156002377572,4.907464367488279,0.0,47.63153756385563,-11.472427713466583,1.1408825594034706,0.0,14.157405307403696,-11.09667947777701,1.3546883700652348,0.0,61.7859786516888,-34.69941148455305,1.8895115633664012,0.0,29.438490390966724,-36.30553933985283,0.8792378929217026,0.0,26.31513660224112,-33.18496903612098,1.7481169479654568,0.0
58.53039008717596,-16.650852655763533,5.163104290444959,0.0,47.634275809649246,-11.482116530931378,1.14625308288778,0.0,14.203369504663199,-11.047930853239773,1.3350011727310616,0.0,61.793291297138545,-34.68835658620748,1.8884318593929041,0.0,29.829858590145164,-36.64665549575971,0.6648266321660721,0.0,26.350552448722155,-33.18428131482207,1.7095279215445593,0.0
59.19404222922968,-16.241759956878283,5.376339178989451,0.0,47.64270098515014,-11.500464813170467,1.1428832784238931,0.0,14.26414710062595,-10.990742029165006,1.3142211738431602,0.0,61.79938605483189,-34.68377562219251,1.8859657481327705,0.0,30.27807737419669,-37.014642571527666,0.4720226762270947,0.0,26.383440644016233,-33.19010363888954,1.6767556626376408,0.0
59.86919872222414,-15.852404252855877,5.540281357663728,0.0,47.65342210557203,-11.521857965220377,1.130690793366183,0.0,14.34597171801179,-10.924167853004448,1.2938898390025084,0.0,61.80285506631443,-34.684404809389285,1.882309119820217,0.0,30.767606832421052,-37.408527931015094,0.32340055003212775,0.0,26.413722603444178,-33.20048273006868,1.6489573609462518,0.0
60.54821655843074,-15.464003975526039,5.658691097583684,0.0,47.66210518182486,-11.541446046572139,1.1107044396573915,0.0,14.452321268943592,-10.8459570146147,1.2791599685021513,0.0,61.802904649077824,-34.68769776816156,1.877942478530148,0.0,31.28721256704835,-37.82853772559965,0.2343844710546179,0.0,26.4419674207269,-33.213764568949564,1.6246817377608966,0.0
61.22051275057908,-15.069245667104646,5.743126354810322,0.0,47.66510623874305,-11.556488651091556,1.0848264110064036,0.0,14.582479886738756,-10.752940239866055,1.2800097269350434,0.0,61.79974739190507,-34.69032972576744,1.8736665092956617,0.0,31.833354511966547,-38.27314113931907,0.21088248755934735,0.0,26.469118735092344,-33.228769597227334,1.60228526519092,0.0
61.8774230969719,-14.667871519372252,5.811313235708653,0.0,47.6607320600982,-11.566793218462166,1.0555567463489623,0.0,14.731436063568529,-10.641591073534789,1.311078818370241,0.0,61.79484300225157,-34.68891851182745,1.8705257410581257,0.0,32.410841133385176,-38.736401332563695,0.249186103256692,0.0,26.49616877301966,-33.24460180830883,1.5802747724157786,0.0
62.51532201510038,-14.261206720153108,5.885848840921081,0.0,47.649692909819855,-11.574142492306134,1.0257082327124927,0.0,14.89136644182619,-10.508613381960643,1.389824757681735,0.0,61.79078668859665,-34.68076986726404,1.8695538160840535,0.0,33.03078320340738,-39.20661325022636,0.33761294297415567,0.0,26.523851717117875,-33.260356482437615,1.5575653995495529,0.0
63.135836597905715,-13.848133748191943,5.992044545364605,0.0,47.63466512937483,-11.581007588647102,0.998070725445837,0.0,15.054281709088116,-10.351717386165783,1.5334184096950398,0.0,61.79077690753276,-34.66444422098256,1.8714230393461886,0.0,33.706661738692304,-39.6667427440289,0.45927465381789645,0.0,26.552422166852722,-33.27502440387198,1.5336375852686857,0.0
63.74363132934279,-13.423818160624151,6.154416205463674,0.0,47.6191957058648,-11.589185574840553,0.9749990637356731,0.0,15.21492142579217,-10.17081612401285,1.7552381556419245,0.0,61.797809749355125,-34.6400032172541,1.876180216964638,0.0,34.4497732372584,-40.09659346009942,0.5955109438799262,0.0,26.58157777131253,-33.28771810915111,1.5085675414428632,0.0
64.34319479559518,-12.981207364322216,6.392315692637004,0.0,47.60638836271642,-11.59900761064326,0.9579952185151548,0.0,15.372920175439534,-9.969468583879703,2.061794344146895,0.0,61.81387811972419,-34.608879204810066,1.8832013409673714,0.0,35.265374842399446,-40.47611301472777,0.729494645800477,0.0,26.610559860643022,-33.29809445438974,1.4829372195769661,0.0
64.93619404727455,-12.514380907103035,6.7157218714629625,0.0,47.597893077877416,-11.609398253116249,0.9474439910797638,0.0,15.533617165026623,-9.75577560689974,2.4506281420937697,0.0,61.83943699838051,-34.57340148866203,1.891361699917054,0.0,36.15055535841829,-40.78897837209775,0.8492778662692384,0.0,26.63841037497561,-33.306692450788795,1.457672616868095,0.0
65.52056760737389,-12.022369752712146,7.122095203887707,0.0,47.5936033016828,-11.618585017602413,0.9426379140843721,0.0,15.707407936033302,-9.541755549962256,2.909488518787567,0.0,61.87330669543496,-34.536117303089924,1.899318863083952,0.0,37.09429042307479,-41.025599582700444,0.9494769455918703,0.0,26.664301886583736,-33.31493908139279,1.433855756251333,0.0
66.09189470092224,-11.511940422574668,7.59490619459733,0.0,47.59213106462934,-11.624989617858514,0.9420877154975642,0.0,15.90801164035653,-9.340908121928486,3.4169597634088333,0.0,61.91306755511864,-34.49915156093534,1.9057862803111636,0.0,38.07946626891496,-41.18481686564099,1.0311039212622308,0.0,26.687828021096625,-33.32475113312474,1.4125111309480065,0.0
66.64675671339435,-10.997959988333516,8.104511227824872,0.0,47.59175967067527,-11.627890648070379,0.9439756553772582,0.0,16.150340591795285,-9.164805292892195,3.94451875755675,0.0,61.95582033010686,-34.46387049460569,1.909718329533293,0.0,39.086111386338864,-41.273740361591564,1.0996289434344515,0.0,26.709157038947392,-33.337854900817774,1.3943506899326508,0.0
67.18668449391244,-10.500665739862018,8.61224062649924,0.0,47.59139713915328,-11.6276667519203,0.9465770753344795,0.0,16.448704377583965,-9.020165184542682,4.4597128529912435,0.0,61.99899948454884,-34.43095948460469,1.9103998518626906,0.0,40.09484276743548,-41.30550277761786,1.1619704271489848,0.0,26.729002474367647,-33.35507219182286,1.3795208259311398,0.0
67.72027884821941,-10.040726233050053,9.07775366484751,0.0,47.59112257993643,-11.62561725429659,0.9485470188148923,0.0,16.815758637000837,-8.907497184488827,4.929999534411667,0.0,62.04089671663479,-34.40076952041014,1.90749032906972,0.0,41.089642000945624,-41.29531982578787,1.2235075399483968,0.0,26.74843486323397,-33.37585628643104,1.3674797055825803,0.0
68.2614536480941,-9.634434176069497,9.46757424247022,0.0,47.5921259579271,-11.623483379353543,0.9490691840820169,0.0,17.26201849896971,-8.821562257199089,5.326896568969431,0.0,62.08074688366883,-34.37364017475448,1.901078073693819,0.0,42.05944744718746,-41.256028610251285,1.2861267992508782,0.0,26.768612866695726,-33.39830210999041,1.3571220263384607,0.0
68.82398921815906,-9.291171145916564,9.761174305860052,0.0,47.596091596993915,-11.622885105849296,0.9479250599243585,0.0,17.79526829904357,-8.753305236550952,5.630168073431685,0.0,62.11849386348433,-34.349973210337055,1.8917394040383222,0.0,42.998538147676115,-41.19468216139078,1.3477524689453482,0.0,26.79050858832898,-33.419708777305914,1.3471248004858083,0.0
69.41510157270633,-9.013532206982184,9.951995231143556,0.0,47.60431259437946,-11.6249083543801,0.9455280934843486,0.0,18.41923684828088,-8.692699127114636,5.831428573468919,0.0,62.15447319912314,-34.330014363315634,1.8805095558991827,0.0,43.90604876315851,-41.11141987990836,1.4031908200782137,0.0,26.81465553933389,-33.43756337244778,1.336342401817868,0.0
70.03150928684326,-8.798915638100887,10.043582202915218,0.0,47.61695903479063,-11.629983896459947,0.9429014509145475,0.0,19.131584208085286,-8.631800538343455,5.93590199088171,0.0,62.18916922549576,-34.3134618900798,1.868652161822677,0.0,44.78497758582637,-41.00086461992178,1.4458345843713882,0.0,26.840941087215548,-33.450581773372704,1.3240740243000726,0.0
70.66015385423165,-8.641137927621674,10.043338258811048,0.0,47.632856601504365,-11.638036133323979,0.9415332933030633,0.0,19.922158881903684,-8.567189706626714,5.9609311709875215,0.0,62.22306005990398,-34.29910669004844,1.8572345933999763,0.0,45.6408025765512,-40.85528753926808,1.4697596058653062,0.0,26.868528251977537,-33.45929876705493,1.3101405049684232,0.0
71.28324739272975,-8.531490257805475,9.9572240217795,0.0,47.649878738366326,-11.648749478489242,0.9430775350477667,0.0,20.772936457294396,-8.50103018814068,5.930927881383662,0.0,62.256508949619636,-34.28472816284346,1.8467128565689475,0.0,46.47965545760688,-40.66825968032808,1.4717151044617562,0.0,26.8960193619458,-33.46583991513702,1.2948081261565854,0.0
71.88498683145734,-8.459612211147196,9.78798388370744,0.0,47.66577321057515,-11.661781220251232,0.9489436612916933,0.0,21.66056563736692,-8.440282385563389,5.870370610564514,0.0,62.289710460339506,-34.26741938571647,1.8368059714543055,0.0,47.30620445194096,-40.43759373100498,1.4524224496786697,0.0,26.921862478831752,-33.47296758921554,1.2786165589096825,0.0
72.45646922368138,-8.41473151771789,9.537439376586484,0.0,47.679078314114456,-11.676828351841444,0.9598608987862995,0.0,22.561161147246022,-8.394113749604738,5.797738195195457,0.0,62.32274009279369,-34.24436326912316,1.8267711818755732,0.0,48.12184321751373,-40.166780958137664,1.416682738654222,0.0,26.944822810154726,-33.482947339126845,1.262149533524406,0.0
72.99670032477461,-8.387163078899622,9.211158589308855,0.0,47.689750843112705,-11.693552546195043,0.9755198343187317,0.0,23.455636786512684,-8.37024469311794,5.7228164064425275,0.0,62.35571044612516,-34.21383244438642,1.8159279999225184,0.0,48.9240078503846,-39.864578412878025,1.3722043977858434,0.0,26.96427245354247,-33.49683021743785,1.2457968727629805,0.0
73.51003526994316,-8.369274288768201,8.82286933475207,0.0,47.699202376521136,-11.711436114452296,0.9944440742326712,0.0,24.333380152268674,-8.371551219256023,5.6479483526483865,0.0,62.38896059018569,-34.17597698065782,1.804180620795547,0.0,49.707085407038626,-39.542925100865716,1.327619993105941,0.0,26.980167539976843,-33.514384234030715,1.2296053515043273,0.0
74.00207282626054,-8.355182521152614,8.39655799584589,0.0,47.70964798483242,-11.729679950971153,1.0142627023957278,0.0,25.19282344890745,-8.394234954714042,5.571844324789071,0.0,62.42316785296659,-34.13299320262368,1.7923576862480601,0.0,50.46460940190783,-39.213956796158996,1.2904559347390787,0.0,26.99279500604056,-33.53448407177662,1.2133237993068349,0.0
74.47617854235413,-8.339282920255823,7.965293474464033,0.0,47.722982766895385,-11.747236799331072,1.032398055968672,0.0,26.038936276022817,-8.428244420466804,5.493670829057775,0.0,62.45928021321462,-34.08854280773447,1.7822250477749044,0.0,51.19181889737044,-38.887224663388594,1.26562523594019,0.0,27.002512574053444,-33.55558921301183,1.196620671599776,0.0
74.93193982921441,-8.314673075349113,7.566788636719323,0.0,47.73964229377931,-11.76298546218326,1.046891133559356,0.0,26.878930516924978,-8.459848989826831,5.41549771760255,0.0,62.49823294810349,-34.04661588270029,1.7760095861816847,0.0,51.887549396533394,-38.56801033332293,1.2545848957539896,0.0,27.009645638099197,-33.576068783748816,1.1792781126834573,0.0
75.36570817535589,-8.272876446900096,7.236638838725256,0.0,47.757922609826075,-11.775973594429809,1.0569535089803512,0.0,27.718022862141215,-8.475663646173428,5.342282995999085,0.0,62.54053573355755,-34.01025816908695,1.7754309191598008,0.0,52.55472581770651,-38.257033438297775,1.2551025957333675,0.0,27.014512771183806,-33.59441406465387,1.1611987172563936,0.0
75.77251628391309,-8.205549070101718,7.001067268993367,0.0,47.77409080470552,-11.785660852588963,1.0630604248126438,0.0,28.55690977063531,-8.467003439836308,5.279838171893587,0.0,62.585935598518276,-33.9806691483483,1.7806711623095524,0.0,53.19918254080688,-37.95131302914371,1.2617195479786307,0.0,27.01747089979073,-33.60951448970615,1.142321471345646,0.0
76.14837927597112,-8.107421375390727,6.871454101430024,0.0,47.783427796116655,-11.79209315928928,1.066724979996975,0.0,29.39176225618109,-8.433199988886784,5.232137716470421,0.0,62.63338891560998,-33.95704954154026,1.7900082548047305,0.0,53.82702857109832,-37.64572923076811,1.2670911650836896,0.0,27.018977543340956,-33.62097814059779,1.1226742170895019,0.0
76.49219063700319,-7.9787238378727015,6.842466816816628,0.0,47.78207679172012,-11.795842960687352,1.0700850459936682,0.0,30.216371882216105,-8.382597404941318,5.199467036485457,0.0,62.68142748764787,-33.93722161508382,1.8004419497679525,0.0,54.44127443023009,-37.334917350545595,1.2640697669570962,0.0,27.019722503056393,-33.62921472509297,1.1025623782541647,0.0
76.80672599128636,-7.825773608733673,6.894209892596257,0.0,47.76915955291069,-11.797528187449474,1.0751945161367509,0.0,31.02519375348458,-8.330541092043298,5.178251442064017,0.0,62.72871707603174,-33.91865843161151,1.8088199518840202,0.0,55.03885039091837,-37.01539338196359,1.2478491283356412,0.0,27.0207379079664,-33.63509601765793,1.082612527751575,0.0
77.09855960569477,-7.659814225736954,6.99708093687364,0.0,47.74821948081202,-11.79701641746364,1.0830042825841986,0.0,31.815854667986606,-8.294730229130534,5.16253427135865,0.0,62.77445243351984,-33.899412575368686,1.8127020554819282,0.0,55.609294295171935,-36.68795209329262,1.2173299250324536,0.0,27.023287157356016,-33.639407067710586,1.063488052511806,0.0
77.37711543006145,-7.4951064481269185,7.117017494930069,0.0,47.726998969917815,-11.792885262540858,1.0925247923253636,0.0,32.59011549862638,-8.289442039802221,5.146429462902205,0.0,62.818403782836796,-33.87861482211608,1.810721261877637,0.0,56.136034313467405,-36.35996470143336,1.1752978456730627,0.0,27.02848997262467,-33.64249358712313,1.0454809615831078,0.0
77.65339197553257,-7.347106240903492,7.219295918387834,0.0,47.71515377352622,-11.782828254395689,1.100937398999072,0.0,33.35296070846428,-8.320796143937406,5.126481777405132,0.0,62.86071757415255,-33.85652609398679,1.8026926307957165,0.0,56.60025127475391,-36.04632923516831,1.1275053798453207,0.0,27.036902889850396,-33.64426740240814,1.0283529592149652,0.0
77.93874257546483,-7.2311496063643235,7.270501394278882,0.0,47.720641969370995,-11.765168763146958,1.1049646221120764,0.0,34.11019481476753,-8.385027488217899,5.102779142147099,0.0,62.901671348571924,-33.83431820939929,1.7896496638216774,0.0,56.9861147712984,-35.767490756570005,1.080963678695987,0.0,27.048349177318315,-33.64438161030765,1.0115544029216892,0.0
78.24363354948224,-7.161910325543904,7.239410449782218,0.0,47.74645251182342,-11.740807958893114,1.102855239773838,0.0,34.865474297238606,-8.470694625602391,5.078104408236836,0.0,62.94147083869114,-33.813753352458136,1.7736857757903177,0.0,57.28542630839784,-35.54411977409893,1.0419388434769346,0.0,27.062113872434036,-33.64233050776113,0.9946135438002877,0.0
78.57600584259835,-7.153627771271946,7.097742443335986,0.0,47.7892552284685,-11.714452381436542,1.0956845215279483,0.0,35.617916586556824,-8.564206473037984,5.055325369174655,0.0,62.9800719234486,-33.796821352164365,1.7574233399244008,0.0,57.49990147017359,-35.39019551988164,1.0143474107756916,0.0,27.077326411886457,-33.63747847714249,0.9773989328369908,0.0
78.93892524429533,-7.220540623421963,6.821566333718811,0.0,47.84059256937473,-11.694192804795305,1.0870014143199231,0.0,36.36123656844624,-8.656565667990591,5.034119141837477,0.0,63.01706071719029,-33.78531363628524,1.743201429107737,0.0,57.64039356607547,-35.30755718294078,0.9990966288685748,0.0,27.09318551197503,-33.629258278347734,0.9601295427958512,0.0
79.32763874091604,-7.376522639725095,6.394116313115935,0.0,47.89017650219268,-11.68927203063403,1.080979157100673,0.0,37.084848829247605,-8.748500559889537,5.008524804151577,0.0,63.05171664974189,-33.780345479617125,1.7323687002578492,0.0,57.72366205748395,-35.28437371704921,0.9944115839201046,0.0,27.10883799276423,-33.61770244383265,0.9432246983019112,0.0
79.7269555777203,-7.632874787506838,5.810666499990869,0.0,47.930035591805236,-11.70682480282997,1.080180114992805,0.0,37.77666483352593,-8.851670910570514,4.966623680115427,0.0,63.08330925297708,-33.78195688394433,1.7250604649981245,0.0,57.76814392441634,-35.29814934355291,0.9968006283098827,0.0,27.123088571730044,-33.60408577300719,0.9271415016208984,0.0
80.11086464561616,-7.993572421179762,5.085237977911843,0.0,47.95772777678523,-11.749083229062213,1.0841490654335875,0.0,38.4265251689015,-8.985199140370424,4.893047147277667,0.0,63.11147963935003,-33.78899996112899,1.7205325510887857,0.0,57.790273676039256,-35.32209007110997,1.002290756389412,0.0,27.13432728951405,-33.5911131427167,0.9122553736624575,0.0
80.44679382101614,-8.448431700424358,4.256722437769061,0.0,47.97708326786814,-11.812449380214028,1.0894530885176241,0.0,39.02867109217018,-9.168573533132996,4.773992587278331,0.0,63.13646186085368,-33.799437719158824,1.7177950023297743,0.0,57.80233386098775,-35.332526092635256,1.0076402465247138,0.0,27.140917663521904,-33.58221468394766,0.8987753766448883,0.0
80.70544304148487,-8.967286659925554,3.389289729232841,0.0,47.99623696714941,-11.888726805994132,1.0910153323983103,0.0,39.58196704039421,-9.413189781260705,4.602937417039129,0.0,63.159008010681355,-33.81096644071515,1.7161713757511432,0.0,57.81200267998788,-35.314807250800534,1.0111508467865686,0.0,27.141917643424385,-33.58015164578281,0.8867120587728703,0.0
80.87279723299606,-9.500819321826562,2.5620922997978655,0.0,48.024123493959586,-11.967526397185047,1.084049089343777,0.0,40.08787541898882,-9.715371158027532,4.3840343307824945,0.0,63.18008784118903,-33.82170454121266,1.7155420988989505,0.0,57.82310308592815,-35.2657568769091,1.0127002159848644,0.0,27.137689328285898,-33.5857573634658,0.8759304156588481,0.0
80.95696308139863,-9.991540927330199,1.8495378718941922,0.0,48.066933087890995,-12.038613648789095,1.0658076650878776,0.0,40.547602790557804,-10.053944289647138,4.1307409138656155,0.0,63.20056117123103,-33.83069246609166,1.7162646146577298,0.0,57.83679471721626,-35.19216901146477,1.0129891072354216,0.0,27.12993876323167,-33.597618114231466,0.8662579719036412,0.0
80.98484317034494,-10.390579668249842,1.301397242146198,0.0,48.12543663546611,-12.093656597140741,1.0366568860336134,0.0,40.96024953626447,-10.394677947718197,3.8601712404666113,0.0,63.22097941811858,-33.83807801389216,1.7189228283371225,0.0,57.852627706057795,-35.10640383323996,1.0125220210706463,0.0,27.121063952872326,-33.612833981093296,0.8575493836165737,0.0
80.9911400446482,-10.670710347441457,0.9323658570655615,0.0,48.193675459562144,-12.12734148154173,1.000279323834862,0.0,41.322935390834346,-10.700819027382678,3.58691033843321,0.0,63.2415347851759,-33.84499294234802,1.7240889415850749,0.0,57.8692878910048,-35.021194691663666,1.0110050879102754,0.0,27.11315434245686,-33.62830505543788,0.8496368203126039,0.0
81.00615614631877,-10.829891753251198,0.7237328593325731,0.0,48.259557084262056,-12.137797894677862,0.9629507117109455,0.0,41.63256903320479,-10.944868430858946,3.3201379500594506,0.0,63.262079054637354,-33.85319070529679,1.732215370867202,0.0,57.88515690776536,-34.945790164090184,1.0074770952917955,0.0,27.10723386540792,-33.64180181392039,0.8422049505795535,0.0
81.04714417117529,-10.886797143992009,0.6340987529464552,0.0,48.30775749736293,-12.126328731853189,0.9320074346169616,0.0,41.888177331092706,-11.115768166801022,3.064519326123417,0.0,63.28213906926738,-33.86452535182391,1.743664678628626,0.0,57.898812096002956,-34.884532087043375,1.0009471052359427,0.0,27.10317898218438,-33.652398353675785,0.8346965408711409,0.0
81.11535255686695,-10.872771127974518,0.6142631162861854,0.0,48.32456051369066,-12.096748961596546,0.913925868205343,0.0,42.092654179776225,-11.21909213618169,2.822394030788196,0.0,63.30093042632014,-33.88035337239592,1.7587941574151067,0.0,57.90943737159013,-34.837622796834886,0.9910452889227894,0.0,27.10028598322636,-33.660305847595055,0.8263209503091673,0.0
81.19902771316312,-10.823053641913567,0.621267195609855,0.0,48.30309774057914,-12.054704719889296,0.9125850951333465,0.0,42.253047746211195,-11.271897854080828,2.5951617199472263,0.0,63.31744755845459,-33.90097656119406,1.7779803905497538,0.0,57.917022124787806,-34.80298062663801,0.9782955151766934,0.0,27.098050072443204,-33.66640052947299,0.8161802417579107,0.0
81.2804822594621,-10.76837328852284,0.6275919071832279,0.0,48.2466165083363,-12.006999369277718,0.9281695504843714,0.0,42.379071158817425,-11.295450902998347,2.3837934497306,0.0,63.33072609062823,-33.92532925118806,1.801490823025583,0.0,57.92225520945836,-34.77800011571831,0.9639112792109952,0.0,27.09663223695863,-33.67172984461569,0.8035000925080222,0.0
81.3439217616656,-10.728485361183552,0.6233992287613619,0.0,48.16779197926116,-11.96067285652902,0.9570413645181457,0.0,42.48046572821361,-11.308625636379329,2.1893185566118056,0.0,63.34030399202756,-33.95119368390245,1.829183472757121,0.0,57.92613128759854,-34.76047211393569,0.9493223777960917,0.0,27.096739117418927,-33.677172536329934,0.7879178642125044,0.0
81.38112884944287,-10.709812864550777,0.6119523019214217,0.0,48.0840281323708,-11.921787019090498,0.9928436003718186,0.0,42.56460064774368,-11.323816913102451,2.0135089871631067,0.0,63.346776314966334,-33.97618343710621,1.860165592342911,0.0,57.92942146930206,-34.74852463241933,0.9357983621574384,0.0,27.09904206982388,-33.68334900554457,0.7697318905649606,0.0
81.39337238622298,-10.707947492158159,0.6011454765714923,0.0,48.01107136698475,-11.894311592591794,1.0286978032433254,0.0,42.635512017428496,-11.346008741927413,1.8591685044822146,0.0,63.35219553994412,-33.999467388159786,1.8926700397821712,0.0,57.93225421909305,-34.73999429268664,0.9243928205431846,0.0,27.103564348194794,-33.69077177148071,0.7500021611366119,0.0
81.38941793094482,-10.713240232004445,0.5959727154409098,0.0,47.958154520049426,-11.879579066770146,1.0596069930177645,0.0,42.69453838211031,-11.374382763461455,1.7294703087014387,0.0,63.360006317256534,-34.02376309484371,1.924302843071752,0.0,57.93403732278053,-34.73195143416651,0.9160649064369419,0.0,27.109455035877925,-33.700052488847355,0.7304248935012989,0.0
81.38111326599373,-10.716505362019209,0.5954933189492273,0.0,47.92659286378312,-11.87638887425188,1.0838784037862066,0.0,42.74172794428353,-11.405035985306135,1.6265148071295652,0.0,63.37440462606042,-34.05676546185784,1.9525526543775928,0.0,57.93379596438417,-34.72098215344555,0.911635692530286,0.0,27.115253523052736,-33.711881230009475,0.7129619592028753,0.0
81.37873253505049,-10.712872166420293,0.5943329013121534,0.0,47.91162487456782,-11.881505842440966,1.1030412369735973,0.0,42.77706522897305,-11.433408571171496,1.549937177659272,0.0,63.39948026301866,-34.11119768247915,1.9754021579468777,0.0,57.93076023288902,-34.704263817879514,0.9114561384910029,0.0,27.119412215906653,-33.7266304506711,0.6992947782693424,0.0
81.38773462205654,-10.703274846365346,0.5862852942767711,0.0,47.90596032090043,-11.890324071913561,1.120702180936341,0.0,42.801148289361926,-11.4557142526285,1.496417295168179,0.0,63.43876574204523,-34.2031270553859,1.9920374807128685,0.0,57.92486886357278,-34.680811964989694,0.9150132390922519,0.0,27.120758745695206,-33.74376281066843,0.6902754337212436,0.0
81.40769439014298,-10.693594105591284,0.5675422341356153,0.0,47.903313641225516,-11.89764400140554,1.1411832229861751,0.0,42.815465910080064,-11.469433283942381,1.4603669764807208,0.0,63.49553353832549,-34.34883691539484,2.003621794660699,0.0,57.91691340180642,-34.65204328110847,0.9208100399803438,0.0,27.118733634604393,-33.7614858522629,0.6855882768807398,0.0
81.43349050661907,-10.691736876997826,0.5382541359462518,0.0,47.90070268315719,-11.898569223466115,1.1685231287867506,0.0,42.822431489230596,-11.473320291610454,1.435409457548495,0.0,63.573699667579525,-34.56108283659986,2.0137973970426515,0.0,57.90828830076972,-34.62120761438274,0.9267494469858111,0.0,27.113436115410472,-33.77708104052383,0.6837677446683852,0.0
81.45820442984434,-10.703698140946061,0.5021599917749722,0.0,47.899037752193586,-11.889425905902137,1.2059406798279113,0.0,42.825120605366365,-11.46736473970822,1.415962287499493,0.0,63.67890698175119,-34.845807274298586,2.0283370159741096,0.0,57.90054199073462,-34.59198317122235,0.9310513344746969,0.0,27.105597731172935,-33.788053550646694,0.682600044430588,0.0
81.47649070349786,-10.730417397147534,0.46466007506481155,0.0,47.902198476013545,-11.86845982317945,1.25555260500977,0.0,42.826670616104835,-11.452925815439801,1.3983163611083853,0.0,63.81927302421303,-35.20035151963598,2.053558063653707,0.0,57.89499235460522,-34.5670234739046,0.9333983999670323,0.0,27.096574869036097,-33.793883298553396,0.6798438273371517,0.0
81.48680232585265,-10.767111727396578,0.4302860099628383,0.0,47.915194068289985,-11.836062793324917,1.3181542858951705,0.0,42.82948841660487,-11.43301239842301,1.3809048858529884,0.0,64.00534288102021,-35.613904493508656,2.093861227922666,0.0,57.89256745503595,-34.547158780583544,0.9356376765565244,0.0,27.08838534353583,-33.7978605642182,0.674143829723759,0.0
81.49131181859617,-10.805373155467379,0.40099136608836083,0.0,47.942110702900436,-11.794484145103565,1.393102920190886,0.0,42.834512516708244,-11.41245916927958,1.3638321981749613,0.0,64.24904735575312,-36.070196485110884,2.14964134255756,0.0,57.893834061525816,-34.531487887367945,0.9413461853098593,0.0,27.083759709990773,-33.80831925815633,0.6659553046711082,0.0
81.4936678924613,-10.836535417798526,0.3763088600785629,0.0,47.984480566673504,-11.747196741124297,1.478531003561658,0.0,42.84078868293916,-11.397614721579437,1.3480314975373062,0.0,64.56186701545123,-36.55134782956549,2.2169714075919167,0.0,57.89901613833419,-34.51816603892974,0.9541785338036934,0.0,27.086126256861682,-33.83858128505923,0.6582568094035999,0.0
81.49601881268407,-10.854267857429567,0.3550863473668233,0.0,48.04054410072937,-11.69807378032705,1.5720590934732677,0.0,42.84564790446581,-11.395207187326253,1.3344831059164868,0.0,64.95271362330347,-37.04110852907567,2.2894131686610777,0.0,57.90785190691412,-34.505453395360256,0.9758140308243437,0.0,27.099406303548097,-33.905173204331646,0.6568425962110176,0.0
81.49700625674039,-10.855410127578011,0.3374410390894269,0.0,48.105633184847406,-11.650327598159729,1.671905439531077,0.0,42.845713743817726,-11.410371053606596,1.3237150388028311,0.0,65.42612372278107,-37.52627187526075,2.360814032230339,0.0,57.919395704059085,-34.49250189359565,1.004692153680228,0.0,27.12752144267924,-34.0244090790988,0.670064674523875,0.0
81.49163699769086,-10.83940489020155,0.3257155519430057,0.0,48.173609095309686,-11.605046366900886,1.778020922594358,0.0,42.83864216658736,-11.444337931368263,1.3155185937045495,0.0,65.9813097888026,-37.996421014298605,2.4273594791315,0.0,57.932041814976266,-34.479511370260944,1.0361809996037756,0.0,27.17364972985682,-34.20815471216838,0.7080147718468197,0.0
81.47290574089531,-10.807261358122325,0.3241196883333668,0.0,48.239026963036146,-11.5593742473914,1.8927948020583578,0.0,42.824960710593075,-11.492777505460591,1.308763166076627,0.0,66.61252663863598,-38.44308089482138,2.4879494106442674,0.0,57.94387989080439,-34.46729041650299,1.0639480747392192,0.0,27.23948794235449,-34.46022052899362,0.781273815741601,0.0
81.4344475320676,-10.760879331355591,0.33743170817893287,0.0,48.29952101193132,-11.504867126440491,2.0210250401071512,0.0,42.80895488853371,-11.545900656174833,1.3014646203566738,0.0,67.31089869563758,-38.85910712261536,2.5433061549869116,0.0,57.95318535449756,-34.45661548102869,1.0819197707068184,0.0,27.324963836887868,-34.77493701486294,0.8994906322665468,0.0
81.37333603552648,-10.703111625424825,0.3692257343881309,0.0,48.35778786096468,-11.426935877901611,2.169160829317109,0.0,42.79770530121914,-11.590902390191648,1.2914150471218342,0.0,68.0671471751192,-39.23836786896267,2.5948116713752682,0.0,57.95879274749129,-34.447796441911706,1.086327518635624,0.0,27.42877916736304,-35.13870815613774,1.0701263078329717,0.0
81.2921118584816,-10.63824619640943,0.4199443034766954,0.0,48.42250717811011,-11.306141262405108,2.344136666977242,0.0,42.79831126197611,-11.616153917854632,1.2772616381882784,0.0,68.87400278032072,-39.57546591217938,2.643575725404208,0.0,57.960329672096854,-34.440573478853274,1.077304774324313,0.0,27.54974377007487,-35.53391323708459,1.2976101170536616,0.0
81.19917288984524,-10.57200529615043,0.4853184806113706,0.0,48.50774843499285,-11.12148811717559,2.5522156909829796,0.0,42.814566763021496,-11.615409648560192,1.2592965947370605,0.0,69.72717916274483,-39.865484123371914,2.689597799599696,0.0,57.95846057495607,-34.43420842737529,1.0592722620759236,0.0,27.688352991860178,-35.94327445275899,1.5828473279296045,0.0
81.1070065958953,-10.510390842105478,0.5561287309803955,0.0,48.630959761191306,-10.855262231402211,2.79809076681671,0.0,42.84491070400701,-11.590058416790866,1.2392713830054252,0.0,70.62452694781017,-40.10387102803696,2.7309014122193567,0.0,57.955127869078304,-34.427662869811066,1.0396124441693892,0.0,27.847892271883495,-36.352646497512765,1.9227108921559921,0.0
81.02853915335982,-10.45783533612823,0.6202498120570663,0.0,48.810181445181975,-10.498532693375903,3.084163625052451,0.0,42.88282085570069,-11.548366078000464,1.2194029778158715,0.0,71.56374942116003,-40.28640023315174,2.762827635975224,0.0,57.953457821534485,-34.419949154189894,1.0260381573880455,0.0,28.034619521672255,-36.75128421292828,2.309242422854325,0.0
80.97290818290158,-10.415951279972663,0.6666481987228821,0.0,49.06116381103353,-10.055824240210223,3.4095935439004155,0.0,42.91944630524565,-11.50213826440637,1.201486786927667,0.0,72.53959568141119,-40.409014733137404,2.777645657858029,0.0,57.95701199826646,-34.41072474406565,1.0239003101182043,0.0,28.256999829145737,-37.13018650197894,2.7288681268350707,0.0
80.9425639338876,-10.383594262320528,0.689312189144033,0.0,49.39475333333916,-9.546592184152873,3.7688160010427634,0.0,42.94714704224504,-11.462402805799956,1.1867996710754287,0.0,73.54179292145261,-40.46752745219584,2.7643876152255054,0.0,57.96856622207447,-34.400925157323805,1.0347265257458282,0.0,28.52425847012878,-37.480043170416664,3.1625124366924044,0.0
80.93304204725001,-10.357780540100748,0.6888085446851715,0.0,49.81505385816113,-9.001243471657927,4.150218749816818,0.0,42.96230355190948,-11.435984285720965,1.1765025646638811,0.0,74.55489569702786,-40.45740144043598,2.7088685280425437,0.0,57.98906799501356,-34.39303979690092,1.0564055708404148,0.0,28.84463329785592,-37.79023380324866,3.5874649970220958,0.0
80.93521464143066,-10.334832984128736,0.6707956017693508,0.0,50.3194633119599,-8.452040448687717,4.5366666167208844,0.0,42.96622687894735,-11.424189489043826,1.1716922159682497,0.0,75.56042053757423,-40.373914315379885,2.5943278710819797,0.0,58.01731112515796,-34.39072388788013,1.0843641729025233,0.0,29.223776638551904,-38.0495616515293,3.9810778275809326,0.0
80.93859205978272,-10.311692714723616,0.6428609188414978,0.0,50.90138083470059,-7.923089301243914,4.908779713909393,0.0,42.96393596584703,-11.423705587807161,1.1727766506298813,0.0,76.54036186058742,-40.21285875483952,2.403517876261816,0.0,58.05035955696505,-34.3976815094687,1.1128775110348403,0.0,29.66379033171382,-38.24843157252567,4.325238567257905,0.0
80.93426134905283,-10.287227892114574,0.6117448780928836,0.0,51.554652864598424,-7.424773573116562,5.249560593201047,0.0,42.9616051493948,-11.428853433931225,1.1787817504904634,0.0,77.48032823380959,-39.97176384596916,2.1226968943638074,0.0,58.08442671635861,-34.41605705332239,1.1363403717391698,0.0,30.163190606792075,-38.38141616370771,4.609811485820783,0.0
80.91685971805512,-10.262830972036253,0.5820056205057007,0.0,52.27734929454659,-6.954886801487546,5.5478817969510485,0.0,42.96406913211056,-11.43398914482945,1.187397481169711,0.0,78.37086980952904,-39.6516969270585,1.7468297862272664,0.0,58.1159146851162,-34.444915021240746,1.1507739153497898,0.0,30.71770851227973,-38.4489909824853,4.833509919508529,0.0
80.88560156393801,-10.241874981875158,0.5556654414980802,0.0,53.072743890251616,-6.504659377224844,5.799617538696772,0.0,42.97347413374876,-11.435170788743498,1.1958839666903458,0.0,79.20688972251472,-39.259763121622186,1.2841824021317478,0.0,58.142385296366975,-34.47956360354565,1.155364830397282,0.0,31.321563977336755,-38.45773644921506,5.001952006364009,0.0
80.84446486820096,-10.228506455124963,0.5319130219346189,0.0,53.94681552823816,-6.066202207069906,6.006905821809516,0.0,42.989273019237864,-11.430820311922254,1.2022297133580402,0.0,79.98622504162645,-38.811929662784976,0.7582556480757567,0.0,58.16322791571617,-34.51227171623758,1.153103736821416,0.0,31.968815094580975,-38.41908078599803,5.124111579189671,0.0
80.80144087494567,-10.22660985736626,0.5068042599152758,0.0,54.903011220204554,-5.638379935129505,6.176471546368781,0.0,43.0090618200908,-11.42153759074943,1.2058633191001658,0.0,80.70863077029972,-38.334827368547934,0.2057776810755385,0.0,58.17977302388976,-34.53444578295188,1.149730472655829,0.0,32.654376689956976,-38.34719352374558,5.209004514314492,0.0
80.76661695297247,-10.239333554526947,0.47396573086525073,0.0,55.936211922208386,-5.229107058820938,6.317483209307903,0.0,43.029651550581036,-11.40934247644928,1.2076423927480562,0.0,81.37562929579359,-37.864507220084484,-0.3290839247774926,0.0,58.19471284296508,-34.539763569400804,1.1513067894756368,0.0,33.37430843984329,-38.256762196087315,5.263954012879271,0.0
80.74917656579446,-10.26893069739666,0.42721710489684916,0.0,57.02884074092877,-4.853137830305613,6.439130066911831,0.0,43.0480347010074,-11.39662272283639,1.2092710730186358,0.0,81.99082683201416,-37.44073908009708,-0.8026760861924451,0.0,58.210983504487636,-34.52714965041051,1.1617062475719617,0.0,34.12519656089589,-38.16120457256859,5.294674458027282,0.0
80.75419139534132,-10.316204033992843,0.3644358445576046,0.0,58.15192327115474,-4.526303083608573,6.5483776814801,0.0,43.06215029148649,-11.385098327295454,1.2124663680659182,0.0,82.55999720151414,-37.0976557199568,-1.179728904418262,0.0,58.23057950338276,-34.502084325720595,1.181244845949255,0.0,34.9029331940926,-38.071567635970226,5.306435046176244,0.0
80.78061308258789,-10.378878578680148,0.290160545371414,0.0,59.2715280287724,-4.259385411248345,6.6486242831559075,0.0,43.07141366042778,-11.375137340171134,1.2181854636477745,0.0,83.0904709913601,-36.85417538239901,-1.4393300417636503,0.0,58.253852564024754,-34.47515472121045,1.2068858124392126,0.0,35.7016904049515,-37.99609422140065,5.30516335264303,0.0
80.82143038221388,-10.449428778275951,0.21454976528433,0.0,60.35754757995987,-4.055139039616248,6.739577682366741,0.0,43.07691680930492,-11.365672660731075,1.2261689274951166,0.0,83.58978087200335,-36.70863925588293,-1.5780444610615074,0.0,58.27959708069934,-34.458130535286315,1.2336816576344063,0.0,36.51401795206162,-37.94025172331264,5.297617307934834,0.0
80.86583329840774,-10.51468749225343,0.14897662033149572,0.0,61.39052468196595,-3.909434024148304,6.817951712249913,0.0,43.08115731911924,-11.354753748896274,1.2349640703504488,0.0,84.06395348090523,-36.640547729488475,-1.6096798146964204,0.0,58.305800791563925,-34.45932510883529,1.2566823930107205,0.0,37.33249417130596,-37.90689644480128,5.290494660373737,0.0
80.90233274469772,-10.559436495877463,0.10135056566110734,0.0,62.36427233502204,-3.81464663141582,6.878405341414053,0.0,43.08723380275963,-11.34050210525529,1.2424388868551421,0.0,84.5162229239144,-36.61905536709945,-1.5613607991206884,0.0,58.330636666103146,-34.48043736514433,1.2724910231133535,0.0,38.15233732161025,-37.89625326987409,5.289127367906191,0.0
80.92178732093367,-10.573013963062568,0.07412592606486079,0.0,63.284692758226974,-3.762843971885199,6.914513568294129,0.0,43.097687297829076,-11.322046893522774,1.2465945205138773,0.0,84.94694788389636,-36.61476600121132,-1.466220858973145,0.0,58.3532614896115,-34.51619899916769,1.2799672643701943,0.0,38.97346599544303,-37.90563523875707,5.296713285680676,0.0
80.9198944447721,-10.55489925069907,0.06501685342611374,0.0,64.16609305944198,-3.7476137933436666,6.919794171352867,0.0,43.11346225524137,-11.300014637973488,1.2463275183950149,0.0,85.35498785169352,-36.61000896138989,-1.3543959790855702,0.0,58.37416535090902,-34.55670598968615,1.2800525463752823,0.0,39.800465104922026,-37.929223080898105,5.314646772402291,0.0
80.89888560184647,-10.515642655170039,0.06841773837934717,0.0,65.02603753269209,-3.7646860954094183,6.888690177779667,0.0,43.133556167025326,-11.27636874316077,1.2417992130700402,0.0,85.74010139880525,-36.60384793816626,-1.2451693712291014,0.0,58.394995828532004,-34.59117545556292,1.275027508317617,0.0,40.63999010506888,-37.958443684426996,5.343717387743693,0.0
80.86768963796798,-10.472583987714591,0.076590319856777,0.0,65.87988706355203,-3.8118856718093195,6.817243846767628,0.0,43.15561709251305,-11.253714397132786,1.2342695929591923,0.0,86.10551287979222,-36.61070362857261,-1.1428688946402978,0.0,58.417921680245364,-34.61149935536972,1.2676180600683953,0.0,41.49668926330175,-37.98327024527393,5.3853084717643025,0.0
80.8397142418966,-10.44282245785409,0.08144098590298299,0.0,66.7366559021793,-3.888749855062909,6.70328431600453,0.0,43.17715192188241,-11.234411204317912,1.2255417544161897,0.0,86.45970774678366,-36.653966082477254,-1.037447355845618,0.0,58.444753048856924,-34.61435595295224,1.2602911071427485,0.0,42.369732128086426,-37.99420170107767,5.441637929289099,0.0
80.82842436899013,-10.437086978928175,0.07723883418064226,0.0,67.59756822451838,-3.995905021847415,6.546268561931103,0.0,43.196586324764496,-11.219880304926733,1.2173459658376977,0.0,86.8166438349895,-36.757300693259936,-0.9087714051668669,0.0,58.47616314343221,-34.60142260828076,1.2548851898467959,0.0,43.25183407551722,-37.98416368026042,5.514606329456306,0.0
80.84238654187989,-10.457001099681477,0.06273358083185876,0.0,68.45740922366593,-4.134243558899451,6.347177921018966,0.0,43.21357824657064,-11.21036453676882,1.2109349161065452,0.0,87.1939296499081,-36.93653609995883,-0.7326672736568991,0.0,58.511350141889814,-34.57796469236417,1.2525080287640886,0.0,44.13134414093838,-37.94951667798133,5.6037046341758,0.0
80.8820580135804,-10.49607494493981,0.040872375123802485,0.0,69.30746109774608,-4.30400660384081,6.108788263265798,0.0,43.22860743028307,-11.205147239951142,1.2069381638701024,0.0,87.60915428648099,-37.19439796925978,-0.4869947890556645,0.0,58.54829478105454,-34.550537285655835,1.253561226187447,0.0,44.99632737784561,-37.889813609174446,5.704165768604891,0.0
80.93986178046235,-10.543354926022097,0.01634019959055344,0.0,70.13848989964202,-4.5039542110020125,5.836231808454193,0.0,43.24234521187635,-11.202985307172371,1.2053614232205714,0.0,88.0752932388046,-37.51914023150872,-0.15691717942806527,0.0,58.58449256797999,-34.52472863292035,1.2578379587235613,0.0,45.838638168056235,-37.80656170692642,5.806591720195126,0.0
81.0035079627316,-10.588032271447563,-0.007026427184326778,0.0,70.94280848536981,-4.730863742067023,5.537360094220993,0.0,43.25526258077195,-11.202454430720675,1.2056476239165512,0.0,88.596666846376,-37.886685662916186,0.26068352426568886,0.0,58.61782919357977,-34.503773178720195,1.264708638278396,0.0,46.656198767478415,-37.70164065291517,5.898577029314373,0.0
81.06093402132834,-10.62301570896203,-0.02726777127566926,0.0,71.71523032444539,-4.9796317893874535,5.222280012229772,0.0,43.267595382552294,-11.202094660697439,1.2068364595437178,0.0,89.16702248445094,-38.26484892534338,0.7535579736099223,0.0,58.647251791495115,-34.48840276348403,1.273360584960077,0.0,47.45270991777366,-37.57612265007751,5.967852984148612,0.0
81.10453510141004,-10.646063924640035,-0.043801718379295806,0.0,72.45326585333929,-5.244193939550985,4.901719183916627,0.0,43.27956781971759,-11.200467766532865,1.2078693165245777,0.0,89.77075876522984,-38.61806041598937,1.2916888996230877,0.0,58.67304404663373,-34.47765601474066,1.2829867008732165,0.0,48.23516201526467,-37.430043288398814,6.005742003186912,0.0
81.1329786042786,-10.658541768284275,-0.056471983141081594,0.0,73.15696273543772,-5.519171447860648,4.5845501320300315,0.0,43.291729528565284,-11.196231564915681,1.2079463104833668,0.0,90.38709736181818,-38.91158908876524,1.8274753037037943,0.0,58.696681036563604,-34.469959642173656,1.2928343173199561,0.0,49.010333309226155,-37.263169754840604,6.009489149546411,0.0
81.1503244827598,-10.663032058739814,-0.06501641245922762,0.0,73.82846371034275,-5.801613779711445,4.275500828105252,0.0,43.305205859675574,-11.188174732850017,1.2067218382017266,0.0,90.99551195000328,-39.1149065518755,2.3001389766373936,0.0,58.72031794873553,-34.46390316399051,1.3021278112672476,0.0,49.78175224836836,-37.076210564702045,5.982385114665755,0.0
81.16339620794905,-10.661225097030636,-0.06920031939467464,0.0,74.47107509956176,-6.091792051517029,3.974273129424316,0.0,43.32158962327116,-11.175174161170746,1.204203300653953,0.0,91.57983244694576,-39.20413282194851,2.6449893147839703,0.0,58.746021998937465,-34.458556938831784,1.3100040476132442,0.0,50.54828975831431,-36.8716326294766,5.931462428494223,0.0
81.17877517027716,-10.653015172696744,-0.0693749745568315,0.0,75.08769882189172,-6.392145984144964,3.676751604373684,0.0,43.34230102855371,-11.15627974855796,1.2004596559857497,0.0,92.12908634427023,-39.16376142399736,2.8061982115753246,0.0,58.77498302923339,-34.4535080812217,1.3156441218294805,0.0,51.30475072872573,-36.65350198662414,5.863593114780169,0.0
81.20052162892335,-10.636908573050844,-0.06688556580892957,0.0,75.67885317372826,-6.704303210414164,3.3779710263148726,0.0,43.36757850936301,-11.13120676904784,1.1954261159459385,0.0,92.63523872696467,-38.98835651632235,2.750109459369215,0.0,58.80705703210583,-34.44881167103327,1.3186545054761574,0.0,52.04393534824729,-36.42632025469839,5.781495814121225,0.0
81.22917644401336,-10.611049389386181,-0.0637626292300002,0.0,76.24099509992057,-7.0252813674765,3.075547569030425,0.0,43.395632128394205,-11.101187075509845,1.18902029135322,0.0,93.09014208313538,-38.68506428227318,2.4756017461507938,0.0,58.840909095905545,-34.4449259184417,1.3195120816883374,0.0,52.75908471262837,-36.193337034710474,5.681199794450134,0.0
81.26209596364825,-10.574003450100218,-0.06173571197173011,0.0,76.76609333224019,-7.344918668939317,2.771930112474787,0.0,43.422584878092515,-11.069709454585205,1.1814965097160037,0.0,93.48458547376786,-38.276734008976476,2.0181529519949652,0.0,58.87469325338664,-34.44262358030791,1.3197602019936596,0.0,53.445593605084326,-35.95511920138007,5.552055391834475,0.0
81.29480666734347,-10.52501536777094,-0.061323528392597026,0.0,77.24300540241218,-7.6464465790253575,2.474444924535952,0.0,43.443489127363605,-11.042587192877123,1.1737062679801493,0.0,93.81072019392825,-37.80340298722817,1.4448669802061342,0.0,58.90687884913049,-34.442860274477646,1.3217546477404039,0.0,54.101273147855046,-35.709200503346494,5.379633368014632,0.0
81.32280199057158,-10.464061532880985,-0.06174022615200414,0.0,77.66029314668083,-7.9105734593196635,2.1933743279740323,0.0,43.45407192668543,-11.027046555993161,1.1669611506561832,0.0,94.06620813654624,-37.31864626496528,0.84001900045231,0.0,58.93677190631458,-34.446572334134814,1.328013394253274,0.0,54.725101566647844,-35.4513102524287,5.150910736419979,0.0
81.34308898450337,-10.392118345440407,-0.06160076950732574,0.0,78.0093552802953,-8.121336750980003,1.9392502755750929,0.0,43.452349564824125,-11.029912072679943,1.162515259983632,0.0,94.25655823206071,-36.879099122642785,0.2850188399546685,0.0,58.964490112067224,-34.454422279944,1.3404353619449907,0.0,55.31509061762042,-35.177996134036725,4.860150811748953,0.0
81.35495226244045,-10.311743945463482,-0.05976068551223257,0.0,78.28671422470954,-8.270894201944127,1.7205053708227505,0.0,43.439289262583806,-11.055350691260948,1.1610084485055356,0.0,94.39348094634978,-36.530203422632596,-0.15984408474304068,0.0,58.99043329437623,-34.466651706734964,1.3597043747313347,0.0,55.86634976660354,-34.88968412799025,4.513229154651929,0.0
81.3598106518412,-10.227617043348438,-0.05567737855228749,0.0,78.49483906937365,-8.361156506638697,1.5420002176643557,0.0,43.41830235378596,-11.10295056974788,1.1622272814240482,0.0,94.49059027358892,-36.29484499823133,-0.46553008804252727,0.0,59.01453297154284,-34.48324168263654,1.38508742243625,0.0,56.37043598475003,-34.59272804902528,4.12837534790353,0.0
81.3604496416598,-10.146413179477198,-0.04920221165536631,0.0,78.64152134342403,-8.402015281125763,1.4044734282240796,0.0,43.39404663228774,-11.166983817657814,1.1652374728544057,0.0,94.55958546409421,-36.17018423632179,-0.6345033381099281,0.0,59.03575866130034,-34.50426747940117,1.4146443967139177,0.0,56.8165529343245,-34.29915277081651,3.7326762708349754,0.0
81.3600733544483,-10.075612340236452,-0.04014909139890577,0.0,78.73823212969398,-8.407561827465733,1.3048090898398712,0.0,43.37126516613724,-11.237384813234932,1.1686487551381735,0.0,94.60870991748911,-36.133073390808434,-0.6933029221858025,0.0,59.05235516408621,-34.529909767066435,1.445680400590243,0.0,57.19427093908957,-34.023797620425285,3.3556510015228724,0.0
81.3615100739291,-10.021451750165106,-0.028051406381656818,0.0,78.79802497798592,-8.392195000580088,1.236961545431912,0.0,43.35409097269729,-11.302312263871686,1.170811375705922,0.0,94.64311639325923,-36.1504203485278,-0.6810366770489491,0.0,59.06287404288265,-34.55971319640567,1.4752000566574068,0.0,57.49667109968539,-33.780030719687005,3.0224540859497164,0.0
81.3666858324925,-9.986857788336637,-0.012306374697271139,0.0,78.83347089171032,-8.367848143399577,1.1933102188438234,0.0,43.345737732333276,-11.351459494318563,1.170026392480251,0.0,94.66591612526013,-36.18983921773171,-0.6374099407445168,0.0,59.06741280245661,-34.591485236579445,1.500229664952295,0.0,57.722695540237524,-33.57610298627382,2.74895932272031,0.0
81.3763106835657,-9.970349627784447,0.007396597093949353,0.0,78.85498326193617,-8.342604197809202,1.1661352004138301,0.0,43.348201936406106,-11.378945127956076,1.164980763237038,0.0,94.67909942144048,-36.22719217434221,-0.5934096187639852,0.0,59.06815383253424,-34.62087558956414,1.518075966149766,0.0,57.87800193531048,-33.41378764253606,2.5396955662104617,0.0
81.38967906401405,-9.96639153781183,0.030711062500007102,0.0,78.8698368843693,-8.32055915215407,1.1488240965240752,0.0,43.36171262643801,-11.38482334537421,1.1554123749746363,0.0,94.68416220735348,-36.249672492131914,-0.5666389245425716,0.0,59.06868294452737,-34.6423772076055,1.5267105319029053,0.0,57.97422516403597,-33.28955161040695,2.3885592425661564,0.0
81.40458193029276,-9.966892260475335,0.056670445125115876,0.0,78.8820675136432,-8.3027362372646,1.1364866143677368,0.0,43.38406760031939,-11.374778458930901,1.1427046920605797,0.0,94.68254455766781,-36.25485564030099,-0.5615745655048983,0.0,59.07240732819076,-34.651431504610365,1.5253666624949638,0.0,58.026886769158736,-33.19716059728018,2.2818237611003873,0.0
81.41750074360138,-9.963278405098675,0.08414790823077567,0.0,78.89311740779678,-8.288581207010996,1.1259489737050572,0.0,43.410388129275944,-11.358104435909057,1.1299919884463012,0.0,94.67593616787781,-36.247225121637065,-0.5733764841500779,0.0,59.081016551154434,-34.64640320571688,1.515142658998215,0.0,58.052465917619486,-33.13009405344889,2.2027112958074557,0.0
81.42434764425182,-9.948835258686552,0.11241954103894436,0.0,78.90280512252907,-8.277295660562855,1.1153995957617315,0.0,43.433879826836865,-11.344533021348118,1.121490707569297,0.0,94.66640015431153,-36.23398493527281,-0.5930533411912648,0.0,59.09386901034063,-34.62918398095152,1.499186330139496,0.0,58.06548199579388,-33.082619480539684,2.1363011278630317,0.0
81.42190479243435,-9.921052618877443,0.14150502209106186,0.0,78.91023414866882,-8.268475802466781,1.104007721412417,0.0,43.44773512731745,-11.340893174485274,1.1210953113690518,0.0,94.65624386158373,-36.22160265277241,-0.6119664439364154,0.0,59.1085352445238,-34.60413339370905,1.482160785447583,0.0,58.07648609900274,-33.049495640050395,2.073144950739186,0.0
81.40982491335582,-9.88327545774505,0.17228644004544513,0.0,78.9144959559213,-8.26205857436102,1.091675114056443,0.0,43.44754917287517,-11.34880296379374,1.1306672472581543,0.0,94.64762967322308,-36.21380708038117,-0.6245012285728375,0.0,59.12201037202415,-34.576240961877296,1.4690845980365115,0.0,58.0913993659596,-33.02524491067181,2.010312944309737,0.0
81.392693678633,-9.844638507991373,0.20666974957523543,0.0,78.91517098362584,-8.257948457881831,1.0788916763406,0.0,43.4331123884319,-11.364322991801629,1.1487130196867898,0.0,94.64203502723885,-36.211109593669114,-0.6287405742883987,0.0,59.13182229709086,-34.54989727210678,1.463952035596975,0.0,58.11202676858527,-33.004064567070465,1.949809065147985,0.0
81.38133255005653,-9.817635277654233,0.24797628087511825,0.0,78.91262710806865,-8.25571978451871,1.0665716931785028,0.0,43.408654644257865,-11.37972651164638,1.17013187369073,0.0,94.63978274564087,-36.21153122180874,-0.625720270912657,0.0,59.13651619541055,-34.52919224879722,1.4685792023869837,0.0,58.137255306751776,-32.980758240843414,1.895546646824915,0.0
81.39239262290148,-9.81364320590998,0.30146765866365044,0.0,78.90808517974322,-8.254593696005392,1.0557807199417564,0.0,43.38139248415577,-11.386681434986937,1.1873956378243236,0.0,94.63990573775553,-36.2120217609783,-0.6181133120110669,0.0,59.135515592680235,-34.519620930144775,1.4819994595864543,0.0,58.16445939672116,-32.952194083755664,1.8504523888800897,0.0
81.44559080882841,-9.837750725385204,0.3746445024217646,0.0,78.90343341527623,-8.253687411604883,1.0473709932899347,0.0,43.35899236750133,-11.379643990211628,1.1929788740785234,0.0,94.64050773559467,-36.20996307792302,-0.6090171889574254,0.0,59.12880045469885,-34.530109574070046,1.5005999124277825,0.0,58.190769461473906,-32.91838158745969,1.814764919301604,0.0
81.55890625854614,-9.884843646235069,0.4768054300535649,0.0,78.90081339574553,-8.252421950271327,1.0416388957655514,0.0,43.346935233956835,-11.358233615322312,1.182221080517932,0.0,94.63951097922929,-36.2042069282253,-0.6011504439146016,0.0,59.11698292321297,-34.57386057457072,1.5190527671740668,0.0,58.213970904045624,-32.88249940753486,1.7858739446586966,0.0
81.74351311629393,-9.938789695999661,0.6174777425529658,0.0,78.90205900223422,-8.250898349467809,1.0381561936307921,0.0,43.34675976039401,-11.327640092398305,1.1553570054232267,0.0,94.63542674591683,-36.19534207742905,-0.5964584658067942,0.0,59.102120113054866,-34.66688509607107,1.5318899538091983,0.0,58.2329166228218,-32.84978968930731,1.7594878254850066,0.0
82.00109598909944,-9.975403972876396,0.8040064448181461,0.0,78.90814115059761,-8.249983751814781,1.0358929858949146,0.0,43.35587247343139,-11.296647861396751,1.1176007051988517,0.0,94.62781577037791,-36.185209536307134,-0.5959999770124984,0.0,59.08904710458891,-34.82415345821194,1.5352814235948706,0.0,58.24750923942642,-32.82570692885096,1.7314822709293,0.0
82.32521580100368,-9.967956549838547,1.0395337827950062,0.0,78.91881868526785,-8.250901385968511,1.0336363069862493,0.0,43.369063755976185,-11.273764395616821,1.0770765125358963,0.0,94.61736900933602,-36.17595985199921,-0.6000045571071109,0.0,59.0864120791109,-35.054582481205394,1.5283018320674149,0.0,58.25847442259718,-32.813901287041745,1.6995238598142421,0.0
82.70594371825828,-9.892758938167445,1.3228124269328383,0.0,78.93265382293184,-8.254398235313854,1.0305470629543514,0.0,43.381133011128746,-11.263068335481448,1.0415894643850372,0.0,94.60568853754368,-36.169116781137895,-0.6080644642745199,0.0,59.10641337718014,-35.356973197109035,1.5130198398511885,0.0,58.2671499979828,-32.81465628648318,1.6637334771111174,0.0
83.13513775441311,-9.73318192578218,1.6502659676063427,0.0,78.94741530982326,-8.259940060232168,1.0265795142435206,0.0,43.38942776058589,-11.261946801490495,1.015860490385851,0.0,94.59479301273967,-36.165097011165386,-0.6194492515089252,0.0,59.16282517630371,-35.71900684140964,1.4933996900658784,0.0,58.275317945713226,-32.82438549031342,1.626259035434952,0.0
83.60985310296479,-9.48237635710911,2.0191126994365565,0.0,78.96076361452864,-8.265523716698922,1.022510209451454,0.0,43.39514308717689,-11.26203929507717,1.0004737685846656,0.0,94.58637745511236,-36.163361165817676,-0.6334649282771512,0.0,59.268007520343076,-36.120258877478136,1.4738885966497062,0.0,58.284920195989564,-32.83659831934786,1.5901890519010724,0.0
84.13280296614354,-9.1456520832661,2.4292352829435906,0.0,78.97103558488524,-8.2684026961778,1.0195136544084331,0.0,43.403020855156925,-11.252808442063552,0.9927403748729038,0.0,94.58103664531068,-36.162978563020424,-0.6496880161517158,0.0,59.43038787563653,-36.5382411066167,1.458741641838989,0.0,58.29755831160416,-32.84421229799486,1.5583679635348506,0.0
84.71028606977669,-8.74218622377397,2.881700291349077,0.0,78.97784725481027,-8.266440639769359,1.0184830260048798,0.0,43.41996182257286,-11.225613921885117,0.9886890746283452,0.0,94.57779491945274,-36.163175360311214,-0.6678977209826709,0.0,59.653703632600624,-36.95488434260613,1.4522670650179608,0.0,58.31392735443174,-32.8423435988709,1.5325169440801307,0.0
85.34905028124794,-8.303957734063328,3.373890285247562,0.0,78.98215176548442,-8.259337540381738,1.0194553000300886,0.0,43.45328225152749,-11.175987825594344,0.9850423201734078,0.0,94.57419197779936,-36.16353515836023,-0.6876632084728929,0.0,59.938317402355466,-37.36076365397225,1.459126233212677,0.0,58.3335076729584,-32.830242202021225,1.51288161963447,0.0
86.05399761671852,-7.869797808212002,3.894308354500234,0.0,78.98553701008159,-8.248999850754988,1.02144588820118,0.0,43.50904984555109,-11.103042820266975,0.9804698868203428,0.0,94.56694184460976,-36.1638045710099,-0.7077914101690617,0.0,60.283935929366926,-37.75567553265237,1.4837014905162746,0.0,58.35475179231332,-32.81134391859172,1.498436737883715,0.0
86.82793580774235,-7.475536472229615,4.421686585044469,0.0,78.98897469994493,-8.238868766212743,1.0227589767064185,0.0,43.59073811003549,-11.006901049872734,0.9761370819927375,0.0,94.55297436021814,-36.163531083696846,-0.7260585189146855,0.0,60.692529294862354,-38.14586357118273,1.5284439724208179,0.0,58.37572036025122,-32.791428820045375,1.487472200962321,0.0
87.67265046527022,-7.145213534219269,4.9305412617022135,0.0,78.99164537524565,-8.232646593460029,1.0215768944370396,0.0,43.69846013291037,-10.886259459007455,0.9758777171546349,0.0,94.53051548223566,-36.16189646108544,-0.7396030623878556,0.0,61.17013292324735,-38.539390078952536,1.5921466055335127,0.0,58.39486971454242,-32.77591771339616,1.4782696651022942,0.0
88.5890860496795,-6.888365294006223,5.400199337195415,0.0,78.99052984961381,-8.233102534251014,1.0165259891356442,0.0,43.82901626895767,-10.73748001690304,0.9861706243206285,0.0,94.49977104728505,-36.15800085587328,-0.7459536742371569,0.0,61.72650126149191,-38.94153595901635,1.6693829965242832,0.0,58.41163636037614,-32.76769215814705,1.469614493285473,0.0
89.57527846477049,-6.703769943579422,5.821650017660078,0.0,78.98115015714619,-8.241419916340352,1.0070291318219784,0.0,43.976832261816966,-10.55485514436922,1.015965661355441,0.0,94.46288537711926,-36.15149467424335,-0.7441566678448996,0.0,62.37230738722433,-39.35167565985735,1.7517407016233948,0.0,58.42658098861239,-32.76636672268164,1.4610079744213795,0.0
90.62309384346042,-6.585794530227991,6.198587122892603,0.0,78.95937639059791,-8.257126165506717,0.9934586688791605,0.0,44.13562624516514,-10.331152008767566,1.0763937692813297,0.0,94.42320050789228,-36.14311738009431,-0.7353165277551508,0.0,63.11454255158977,-39.76216565782599,1.8304099670016338,0.0,58.44104833451664,-32.76910559559424,1.452564615548603,0.0
91.71631180364132,-6.529294013030253,6.542850401941381,0.0,78.92376933070446,-8.278332521253276,0.9771822629109987,0.0,44.30040327114547,-10.058450870129992,1.1802065042223315,0.0,94.38420492176944,-36.134725830130066,-0.7222311743049694,0.0,63.95159825717681,-40.15903593570841,1.8988309290931067,0.0,58.456500916235754,-32.77235624630208,1.444686241723641,0.0
92.83199114330175,-6.5314987162330835,6.867025857314608,0.0,78.87756984433413,-8.301991931865382,0.9604750271212179,0.0,44.469250919732,-9.730001786072044,1.3404823762672837,0.0,94.34866495107131,-36.12874088859497,-0.7083541286338537,0.0,64.86999001839307,-40.524073221446294,1.9540012954959884,0.0,58.4738320978247,-32.773558549753574,1.4376862134574289,0.0
93.94506189111469,-6.59162954919045,7.177633459562503,0.0,78.82927834936271,-8.324155132666723,0.9461431430750658,0.0,44.64441808378315,-9.343409429347979,1.5681636776754928,0.0,94.31825532228915,-36.12727030463304,-0.6966219423016451,0.0,65.84462742774174,-40.837951938910805,1.995863351596804,0.0,58.49297256406184,-32.7720655509209,1.4315401248090733,0.0
95.03410283654924,-6.709787018270216,7.471581366515444,0.0,78.79105034789755,-8.340506042524275,0.936813269987562,0.0,44.83226640489869,-8.904371909303352,1.8685253729232825,0.0,94.29369676772617,-36.13128735927159,-0.6886452724443011,0.0,66.84354893057116,-41.08384954038134,2.0254749105406047,0.0,58.51294931546912,-32.7690344065984,1.4258585482913997,0.0
96.08561765377026,-6.886173879063827,7.736842247115231,0.0,78.77506821751747,-8.347394044405128,0.9341433571520881,0.0,45.04199646924243,-8.429163277863944,2.237440078579545,0.0,94.27514695873042,-36.14019792990135,-0.6845197844834772,0.0,67.83597607633305,-41.25051775095111,2.0434723331509916,0.0,58.532329984235155,-32.766570882381615,1.4200654693331334,0.0
97.0952548093632,-7.120814775810971,7.956437932098348,0.0,78.78925888772811,-8.343067710222295,0.9383470218689887,0.0,45.28366950483501,-7.943703381916865,2.658914182432974,0.0,94.26251601305142,-36.15197588101707,-0.6832243064037211,0.0,68.80041614818872,-41.33376837673671,2.0499224381628025,0.0,58.549816815404725,-32.76666910351646,1.4136679514884225,0.0
98.06626813178356,-7.413450696150094,8.113800012411435,0.0,78.834260229103,-8.328368682060411,0.9482012112322664,0.0,45.56665204732032,-7.478118297955298,3.1054789325043144,0.0,94.25551619079457,-36.163815091580965,-0.6833429515316372,0.0,69.72910403225826,-41.3361032671167,2.0453797403068865,0.0,58.56471722149611,-32.77044592120614,1.4064646600499149,0.0
99.00651163187332,-7.7633478976836585,8.197631594143042,0.0,78.90287863250204,-8.306351052319176,0.9614056296919262,0.0,45.8994698690387,-7.058242742328204,3.542248688572653,0.0,94.25349333102156,-36.17300723168644,-0.6837476249839565,0.0,70.6269196482124,-41.265134528943776,2.031995590649011,0.0,58.57711122321512,-32.77792609462581,1.3986002506539954,0.0
99.92506317838222,-8.16891871945052,8.20501851945515,0.0,78.98203068677978,-8.281020872735851,0.9751150091327556,0.0,46.29082921586494,-6.69797861697522,3.9338479092068264,0.0,94.2552500344046,-36.17765061395627,-0.6839320284193438,0.0,71.50572187835158,-41.131674578661034,2.0135885996458818,0.0,58.58769869526001,-32.78832926351401,1.3904851577745294,0.0
100.82911375910783,-8.627062949652775,8.142278749426195,0.0,79.05627695971111,-8.255948849112261,0.9865893191201582,0.0,46.75020076907769,-6.396486149395546,4.251885157465778,0.0,94.25905996644107,-36.17693363195442,-0.68387590432922,0.0,72.3770019394099,-40.94789732848883,1.994400080679796,0.0,58.59745139280863,-32.80059262576763,1.3826661237146105,0.0
101.72169623717997,-9.132271439676233,8.023711829250015,0.0,79.11182691786593,-8.233452744080981,0.9939242318671937,0.0,47.28643006357463,-6.141495633785721,4.480316208770001,0.0,94.2629404130997,-36.17102566284797,-0.6835828478160018,0.0,73.24606222825169,-40.72547517559511,1.9771917886057384,0.0,58.607250936707025,-32.813821142706026,1.375711232483333,0.0
102.6007910341629,-9.675937333092875,7.868874557877008,0.0,79.14001065618068,-8.21454530969105,0.9966700332873675,0.0,47.90452232817749,-5.916730672387976,4.616989716572371,0.0,94.26511131582579,-36.160793956029224,-0.6826464205519756,0.0,74.10976733063775,-40.473677931551684,1.9618950471600627,0.0,58.61765478093034,-32.82746849208785,1.370115393518116,0.0
103.45983986360562,-10.246556087484613,7.6991767350826406,0.0,79.13936699491053,-8.199384646639096,0.9959982611532734,0.0,48.60245938346082,-5.709638142988497,4.671211995065918,0.0,94.26448489621211,-36.14750272584763,-0.6801842296494733,0.0,74.95803922020296,-40.19797275694451,1.945807544700342,0.0,58.62883821033562,-32.84123331643488,1.3662036389391812,0.0
104.28903434825976,-10.831041750075588,7.534502016622665,0.0,79.11569801235915,-8.187857062990965,0.9941540657844214,0.0,49.37014134314329,-5.515864481919425,4.658704438557049,0.0,94.26100625932101,-36.132481944908626,-0.6752186600042247,0.0,75.77770143078067,-39.89999386275238,1.9253599697535826,0.0,58.640671622817194,-32.85480940419629,1.3640279285639014,0.0
105.07665803302996,-11.416483039688497,7.390310850492742,0.0,79.07992664792776,-8.180075154717724,0.9933111070815794,0.0,50.19129466780139,-5.338814234899452,4.5963443668443915,0.0,94.25569035841754,-36.11672949884573,-0.6672880037036446,0.0,76.55677436688738,-39.5792883764285,1.898402670939392,0.0,58.65285566876055,-32.867678516439256,1.3632969279860987,0.0
105.810365321818,-11.991300227471884,7.275393459395426,0.0,79.04442706215697,-8.176696004747665,0.9943996238629182,0.0,51.0475004638019,-5.1852597948214365,4.498945249947674,0.0,94.25027065062571,-36.100575917230415,-0.656953913674041,0.0,77.28780561971905,-39.23614356295325,1.865593382040828,0.0,58.665059999153435,-32.879073570467824,1.3634022155192405,0.0
106.47887755667759,-12.545558644355022,7.190305276542427,0.0,79.0192267962424,-8.178935317377743,0.9965940913358935,0.0,51.92243570892229,-5.059868183725697,4.37890239781283,0.0,94.2465176127559,-36.083665542041246,-0.6459315312105947,0.0,77.96959220097834,-38.87383407330535,1.830011437842236,0.0,58.677048543768,-32.88812996187255,1.3635596382666684,0.0
107.07445365756891,-13.071404054207967,7.126689526904063,0.0,79.009501052857,-8.18812711905397,0.9977577028947007,0.0,52.80450024985987,-4.961599241451404,4.247688980370642,0.0,94.24548064812538,-36.06537329857628,-0.636700942629238,0.0,78.60716067811182,-38.498652368806574,1.7952138972730989,0.0,58.68876981513093,-32.894149563298434,1.3629942764780782,0.0
107.59563849833185,-13.564753261287354,7.067963047525407,0.0,79.01505407773725,-8.204847364888476,0.9955599257573127,0.0,53.68705812400285,-4.8835278194466305,4.117256680452893,0.0,94.24700340037123,-36.04547099391738,-0.6316349321399066,0.0,79.21007596690632,-38.11743682326691,1.7629707354274728,0.0,58.70036088649492,-32.89685994652962,1.3610736613665022,0.0
108.04886060041133,-14.028115687075134,6.991668978444714,0.0,79.03157954516328,-8.227945557392303,0.9886517375271282,0.0,54.5668132583569,-4.815859224918878,3.9999478914511286,0.0,94.24973810212873,-36.02467584068945,-0.6319210666665729,0.0,79.7893299791343,-37.73424283337018,1.7321841198843977,0.0,58.71203061913679,-32.89657351146361,1.3573795488138582,0.0
108.44729659810686,-14.473003767526574,6.873017441914859,0.0,79.05292632532888,-8.254055514819271,0.9773387919692276,0.0,55.44156968175449,-4.750495017321556,3.9069115962987055,0.0,94.25162898716249,-36.00479642312833,-0.6367899382564701,0.0,80.35341605851008,-37.348726149231574,1.6997065426407687,0.0,58.72386513959546,-32.8942146688549,1.3517851463235484,0.0
108.8065127373661,-14.92011133946269,6.688520562926827,0.0,79.07344062779485,-8.278051039499731,0.9634976292308242,0.0,56.308542614286495,-4.684815153941703,3.846071632140358,0.0,94.25064708045667,-35.98840286627965,-0.6435826587565145,0.0,80.90463494433148,-36.95780721956751,1.6624826465599316,0.0,58.735661249642575,-32.891229930409104,1.344565312113298,0.0
109.13832790551686,-15.396234808935805,6.4191083320084505,0.0,79.08957160550065,-8.294471422558633,0.9498449986501019,0.0,57.16381321387753,-4.622705196609675,3.8208128640830044,0.0,94.24552865086328,-35.97811720980172,-0.6488367304348603,0.0,81.43693980234688,-36.560045493233545,1.619626742540195,0.0,58.746876427486654,-32.88939906947219,1.3364670250394148,0.0
109.44586906744493,-15.92803855797182,6.053198046801252,0.0,79.10026447982234,-8.299427319266666,0.9389288335669814,0.0,58.002897117400124,-4.5722904345796405,3.8299542592056905,0.0,94.2363031706261,-35.97574093331185,-0.6499545712954582,0.0,81.93644450372094,-36.16039324255475,1.5731927942800983,0.0,58.756706859681486,-32.89056133520127,1.32862579431794,0.0
109.72264331183041,-16.533721101350366,5.5902701335757135,0.0,79.10619979530024,-8.292251961946127,0.9322591294443541,0.0,58.82197854542875,-4.541611738479733,3.868812371034343,0.0,94.2243976446086,-35.981544410566,-0.646556231634623,0.0,82.38491181461089,-35.772502371849356,1.5272779740304703,0.0,58.76424086284013,-32.89628919185269,1.3222778814620586,0.0
109.95646287813585,-17.214502663681213,5.044147928430077,0.0,79.10847528110769,-8.27629293484964,0.929872869075151,0.0,59.61925341303497,-4.534500825046343,3.9306575914361197,0.0,94.21219556476753,-35.994037925751286,-0.6407111505940772,0.0,82.76523900371704,-35.41673121404686,1.4861559790629926,0.0,58.76863802182619,-32.90756190590107,1.3183529316273273,0.0
110.13639764342915,-17.949008320056944,4.443933527495801,0.0,79.10756256354401,-8.258528112339237,0.9304443810715881,0.0,60.3959764094047,-4.5486549463282255,4.007890783809646,0.0,94.20222288697552,-36.01032834281498,-0.6359072099406031,0.0,83.0668429987497,-35.11422071052099,1.4526713063104246,0.0,58.7693369437182,-32.92448939520855,1.3171436412082347,0.0
110.259228694293,-18.694050310110953,3.8310642126657717,0.0,79.10314207671081,-8.247914075448012,0.9318764653025688,0.0,61.15695852399239,-4.5767320081873475,4.092757273812708,0.0,94.19637149064285,-36.02686765725667,-0.6353658217730018,0.0,83.2887862360409,-34.87976475710006,1.4276895884180139,0.0,58.76631357720177,-32.94613363333614,1.318228206253126,0.0
110.33224815251589,-19.393262009209568,3.2528280240314613,0.0,79.09483863220439,-8.252609131125404,0.9321513800388264,0.0,61.91022484716039,-4.609908642233548,4.177888017741315,0.0,94.19546863060442,-36.04026767229251,-0.6405977947266219,0.0,83.43964179401992,-34.71696176629351,1.4104047192008409,0.0,58.760333163812675,-32.97049908097357,1.3206648087100081,0.0
110.37143563568247,-19.991313127381538,2.7539335374172857,0.0,79.08328137743099,-8.276670388172477,0.9301185578049314,0.0,62.66549640382468,-4.6423369188993355,4.2569583773862565,0.0,94.19922631712251,-36.04795427508769,-0.6508510159326271,0.0,83.53462735055096,-34.617689594132486,1.3988081617763761,0.0,58.75301574434279,-32.99479526815268,1.3233360163129415,0.0
110.39632316602587,-20.448776138988027,2.3676950585634016,0.0,79.07068260096558,-8.317445555469922,0.9259004249025349,0.0,63.43141518644325,-4.674615639273406,4.325365102870197,0.0,94.20644974846802,-36.048597315634915,-0.6636167691018322,0.0,83.59145920522292,-34.56553153263519,1.3900171179827563,0.0,58.746524803335085,-33.016041016263706,1.3253115384066003,0.0
110.42391342937965,-20.752357981551796,2.108434730723035,0.0,79.0604525104151,-8.365137602704825,0.920748498346466,0.0,64.2120278273744,-4.714794667218683,4.380504095431231,0.0,94.21537285015046,-36.042318149526665,-0.6758711836956,0.0,83.62642459182536,-34.54107694199728,1.3806858098535084,0.0,58.742892796704474,-33.031909774515064,1.3261454041442438,0.0
110.46402232663725,-20.916883490330857,1.9674716538867658,0.0,79.0560207570058,-8.405328633963762,0.916466532667819,0.0,65.00372470446482,-4.7763740233556335,4.421300836203173,0.0,94.22403894753222,-36.03065739273609,-0.6854162250178781,0.0,83.65167611772861,-34.52675099435568,1.3676806082266122,0.0,58.743302038144265,-33.04146082856299,1.3260114293312526,0.0
110.51767747102244,-20.97860523379717,1.9151199672914387,0.0,79.05951334326356,-8.423767892162743,0.9147640646511448,0.0,65.79420029392853,-4.873973665841865,4.447071735786311,0.0,94.2306961976238,-36.01628216307933,-0.6917033656112359,0.0,83.67413056352018,-34.5096952930842,1.348815818142727,0.0,58.7477541957123,-33.04531342524875,1.3255672450068214,0.0
110.5787123721543,-20.982838296057498,1.9091126745198146,0.0,79.07090018034037,-8.411490535333437,0.9168560786275979,0.0,66.56459836919859,-5.018386173141406,4.4563003550647675,0.0,94.23414697245977,-36.0024613941149,-0.6958428154845944,0.0,83.69585097334134,-34.48245591412027,1.3233050059264002,0.0,58.755311368099065,-33.0451263582677,1.3255605975907905,0.0
110.63720247548902,-20.970838306792395,1.906764330582904,0.0,79.0878576243617,-8.368209852836458,0.9233063770353507,0.0,67.29464747363807,-5.212976497665127,4.446093688198497,0.0,94.2339048897949,-35.99238768035984,-0.6999089660394517,0.0,83.71548195775614,-34.44214951242015,1.291790689182326,0.0,58.764675215269534,-33.0427538701981,1.3264009984938152,0.0
110.68300411209269,-20.97044820512808,1.8762977000405527,0.0,79.10629764650635,-8.30275328847054,0.9338959608023671,0.0,67.9689357613282,-5.452621423503418,4.412681154135628,0.0,94.23007385082828,-35.98844327202569,-0.7059217934632862,0.0,83.73017450392074,-34.38907253248585,1.2560696235705446,0.0,58.77467758498734,-33.03965508776599,1.3279752802598068,0.0
110.70838652760676,-20.99284292865676,1.8033335714185785,0.0,79.1214235330225,-8.230408233001864,0.9474411018418092,0.0,68.58177705111267,-5.7251286020175165,4.3525952950800715,0.0,94.22311289103163,-35.99151874830738,-0.714949869367187,0.0,83.73743271211475,-34.3254718286407,1.218701013939322,0.0,58.78441481106487,-33.03685156888414,1.3297818309681233,0.0
110.70954693004762,-21.035047931531988,1.6909696434728474,0.0,79.12907015288158,-8.168084792249198,0.961788983441819,0.0,69.13888854374443,-6.014224869082806,4.263783793213777,0.0,94.21378313059839,-36.000507066147236,-0.7267010538258543,0.0,83.73640895305678,-34.25471364045433,1.1826019817661475,0.0,58.79306496016477,-33.035280731658155,1.331206372293126,0.0
110.68705209974799,-21.086034602077792,1.5546221330712218,0.0,79.12687903195629,-8.129058390293824,0.9742606931287607,0.0,69.65547373150724,-6.303105503995378,4.14615555885816,0.0,94.20332739178188,-36.01212629094501,-0.7397506302417458,0.0,83.72836977440791,-34.18073546151563,1.1506479736628439,0.0,58.799662511725415,-33.03612381497493,1.3317166420610302,0.0
110.64528058445147,-21.133532239967728,1.4144903542476337,0.0,79.11479863385068,-8.119273688421725,0.9824829177392544,0.0,70.15123123862385,-6.577768693091267,4.001588715948106,0.0,94.19352713975287,-36.021286637063184,-0.7522100389289719,0.0,83.71634446507645,-34.10762688896314,1.1252765521523305,0.0,58.80315108711786,-33.04070457167984,1.330896048351775,0.0
110.591089303292,-21.169089664409604,1.2886118248100722,0.0,79.09472610539159,-8.13644784037442,0.9852156412984456,0.0,70.64325616760235,-6.8293858605905395,3.833669153178386,0.0,94.18625913098002,-36.02222986211055,-0.762337453371364,0.0,83.70423990641814,-34.039303228695495,1.1081162029187457,0.0,58.80282486016826,-33.04988017245171,1.3283825315250297,0.0
110.5320951064166,-21.190068108825088,1.1884670276690876,0.0,79.06959612070379,-8.17195301177277,0.9827970117706872,0.0,71.13849876916605,-7.054911564177996,3.64720418422022,0.0,94.18269955958894,-36.01049723213204,-0.7686448313828329,0.0,83.69579994210591,-33.97922560882382,1.0997136644201007,0.0,58.79890736481037,-33.06331126856389,1.3238257929010402,0.0
110.47500929834084,-21.198723786267387,1.1177439099747275,0.0,79.0424304486728,-8.214447501033824,0.9770979259091099,0.0,71.62871935226381,-7.255713406696902,3.4472840534861273,0.0,94.18280422700053,-35.98543977329131,-0.7695244791389282,0.0,83.69369503068867,-33.930006680358034,1.0994942913330856,0.0,58.79281692159715,-33.0791936959396,1.3169323163097388,0.0
110.42441462488623,-21.199708074406743,1.073693429201473,0.0,79.01569731977803,-8.253771818541537,0.9710896339117934,0.0,72.09148414749684,-7.435191902504731,3.2380282983529707,0.0,94.18555671381921,-35.95263416945191,-0.7628459627344899,0.0,83.69890874899153,-33.89281071083642,1.1060515941585933,0.0,58.78684960754524,-33.09473362327133,1.3075811447249084,0.0
110.38225563530598,-21.197616666627123,1.0498034639667484,0.0,78.99106150805486,-8.283701870635712,0.9681539077002554,0.0,72.49846631753992,-7.596836448163249,3.021962107935508,0.0,94.18996043206278,-35.92534382047268,-0.74591717444304,0.0,83.71054202833145,-33.866751945008176,1.1176613784011593,0.0,58.78342271890582,-33.10712024487775,1.2959231002224314,0.0
110.34810262400877,-21.195640639190504,1.0384714057996831,0.0,78.96944262185404,-8.302735658425274,0.9712461707484508,0.0,72.82743242686506,-7.74321760367075,2.8008127394292863,0.0,94.19635874656852,-35.92417915622946,-0.7157875071886757,0.0,83.72611346391496,-33.84870344631641,1.1327255677483965,0.0,58.78428314685785,-33.114483072362724,1.2823818136620755,0.0
110.31999318362584,-21.195464708400504,1.0328619098419498,0.0,78.95124468606207,-8.313000365372554,0.9820899554764466,0.0,73.07120152656532,-7.875505195854237,2.577040215015069,0.0,94.20750482675808,-35.97448942179525,-0.6695342615976685,0.0,83.74231750212206,-33.83382994303631,1.149916909247505,0.0,58.79000002130058,-33.11649480266772,1.2675728234784334,0.0
110.29549645183842,-21.19794030947549,1.0277854915790456,0.0,78.93661903635544,-8.318138844779464,1.0006506023622102,0.0,73.23899172170938,-7.9934119144380364,2.3546322579848553,0.0,94.22884503707168,-36.10170804173433,-0.6042221164842125,0.0,83.75604203964323,-33.81683048197154,1.1680898505304196,0.0,58.79982324380634,-33.11457886526221,1.252251086584538,0.0
110.27265158588504,-21.203910902469072,1.019835162079481,0.0,78.92564991584027,-8.321266095757922,1.02506492379438,0.0,73.35075180627385,-8.09583918701145,2.1387857057343886,0.0,94.26782291857016,-36.32558539797546,-0.5166498417029697,0.0,83.76531565787425,-33.79351315555354,1.1862247513203954,0.0,58.811883583633424,-33.11172860364553,1.2373404199398177,0.0
110.25053166869552,-21.21468356632827,1.0071256305681615,0.0,78.91840512732308,-8.3237733841163,1.052042935704998,0.0,73.42873814274905,-8.18194804377446,1.935304942675499,0.0,94.33260280723161,-36.65475859811598,-0.40344185328200943,0.0,83.7698304762348,-33.76211759482588,1.2035425574218763,0.0,58.823726784561345,-33.11183061031307,1.2239198443201271,0.0
110.22930716649452,-21.231878019430344,0.9889706172760633,0.0,78.91487630840159,-8.325229086067637,1.0776524015018243,0.0,73.4907470024749,-8.25186887920611,1.7502477210805498,0.0,94.43107353135618,-37.083442610581066,-0.26201528102320637,0.0,83.77083689674245,-33.72387927674929,1.2196344561897927,0.0,58.833110408075434,-33.11847616175245,1.2129869145459011,0.0
110.20984494435022,-21.256701283831852,0.9657544510364335,0.0,78.91492707786794,-8.324199822070428,1.098342029800012,0.0,73.54716886688009,-8.306668173670419,1.5894295068501876,0.0,94.5708687116173,-37.59197477520811,-0.09223381352030735,0.0,83.7704879796306,-33.68262848514945,1.2343914200911978,0.0,58.838802905964236,-33.13361532499396,1.205020650224414,0.0
110.19307521631357,-21.288984744573085,0.9390292596562801,0.0,78.91839725228101,-8.31956371897169,1.111964707933918,0.0,73.60152383719597,-8.347875378189451,1.457344159796163,0.0,94.76034891110467,-38.15182331290432,0.10243491275964622,0.0,83.77095813648725,-33.6435599224782,1.2477624587231109,0.0,58.84099487781477,-33.15671203527732,1.1996291465739493,0.0
110.17944737857687,-21.326479537506586,0.9115970378775984,0.0,78.92540301751337,-8.31172659573189,1.1184828074742246,0.0,73.65283133651626,-8.377050646839242,1.3558160577213787,0.0,95.00955109627617,-38.73337430839335,0.31564700267705703,0.0,83.77373414892868,-33.611609827026626,1.2595689483560921,0.0,58.84105898384756,-33.184927464358985,1.195599026926697,0.0
110.1686531753287,-21.36487057505186,0.8872514834233165,0.0,78.93669049564568,-8.30307454948302,1.120125713189461,0.0,73.69828101219721,-8.395640100060575,1.2832110220489987,0.0,95.32986120851204,-39.312908104981894,0.5409372455341384,0.0,83.77935134251163,-33.59005567356544,1.2695261604834833,0.0,58.840759151062464,-33.2143087453114,1.1914135540490758,0.0
110.15957455441986,-21.39867967555456,0.8700062250882592,0.0,78.95382205850358,-8.297151355766058,1.1210285508402702,0.0,73.7353802093363,-8.405112580676072,1.2347495066610108,0.0,95.73194545654732,-39.875574365713014,0.7749238767771249,0.0,83.78759464626663,-33.579832943361495,1.2774379169543835,0.0,58.841363761308486,-33.241393196106685,1.1859839620209183,0.0
110.15038786532124,-21.422806124905478,0.8628829672232623,0.0,78.97906289848316,-8.296599236037402,1.126626306016691,0.0,73.76319991212273,-8.407196337029387,1.2037663295686603,0.0,96.22264544971308,-40.41368809715344,1.0188836349014725,0.0,83.79794853547604,-33.57963779398121,1.2834524049053009,0.0,58.84319210189622,-33.264462100707625,1.1791960024033976,0.0
110.13889427716731,-21.434146994672346,0.8666104262394274,0.0,79.01498478695207,-8.300726942605849,1.1431117985182908,0.0,73.78254645066457,-8.403949996886077,1.1833096890448118,0.0,96.80222132845495,-40.92226465266287,1.2776602230806446,0.0,83.81000626640775,-33.58648588523286,1.2882776360965238,0.0,58.84583722511356,-33.283961443034315,1.1719925471880188,0.0
110.12311756727671,-21.432629825177724,0.8788664378413706,0.0,79.06395556861148,-8.30410751232592,1.1770446469956912,0.0,73.79526163646123,-8.397512172758969,1.1675108450513179,0.0,97.46326390703783,-41.39482976671977,1.5564282523455297,0.0,83.82365741351887,-33.596364307818334,1.2932470279396657,0.0,58.84884006990607,-33.30208832324134,1.16597756761184,0.0
110.10193246545424,-21.42109353644745,0.8947354567813264,0.0,79.12781843792915,-8.297263744196986,1.2349141883346313,0.0,73.80329195337578,-8.389646369459896,1.1524373537043076,0.0,98.19198279686532,-41.82197485431276,1.8569904655045626,0.0,83.83904931506903,-33.60490351362815,1.3001105204868466,0.0,58.85230189211454,-33.32187679432563,1.1627536228084399,0.0
110.07536304182314,-21.403915861325626,0.908525952178822,0.0,79.20803821181332,-8.269350627368464,1.3224089318601173,0.0,73.80821467897498,-8.381417452735432,1.1363594519012672,0.0,98.9715679997242,-42.19333911594702,2.175617345991016,0.0,83.85643966022364,-33.60823387897235,1.3105006038463003,0.0,58.857060162500275,-33.346155617682115,1.1632741797895498,0.0
110.04449033994159,-21.385046672285252,0.9161539263194509,0.0,79.30632343278639,-8.211580442203777,1.4434049687634491,0.0,73.81145178092258,-8.37329663522961,1.1194652959907785,0.0,99.78620765812343,-42.50156337472162,2.5036462665775154,0.0,83.87607718933344,-33.604076914151285,1.3252079002970376,0.0,58.864447067670056,-33.376644360425956,1.1674070023041043,0.0
110.01122219361956,-21.366607182874535,0.916740444350518,0.0,79.42544256713322,-8.119725350375349,1.5990199985910998,0.0,73.81481094236061,-8.365645538635194,1.103160313767786,0.0,100.62384893910945,-42.74561517381052,2.830362701041434,0.0,83.89817116593466,-33.59276116180553,1.343576511458382,0.0,58.87591385200358,-33.413412066998916,1.1737710972689772,0.0
109.97803260567252,-21.348884594411096,0.9125474335138701,0.0,79.5698925445823,-7.994536131654948,1.7872146667606135,0.0,73.82073519405958,-8.359126812241861,1.0891832008202336,0.0,101.47649895836736,-42.93153136337178,3.146266809021512,0.0,83.92288445786983,-33.57763427936044,1.3633419704854148,0.0,58.89280376246467,-33.45491707646993,1.1798251085839873,0.0
109.94749278601047,-21.33154095479732,0.9075409174324864,0.0,79.74621738311887,-7.83994806949242,2.0032824340251576,0.0,73.83187576987493,-8.354584913447209,1.0787861292924905,0.0,102.33833552723381,-43.070303462202936,3.4447831226900583,0.0,83.9502197114755,-33.56449842167561,1.3810633966029915,0.0,58.916423585178606,-33.49872566656548,1.1821700170477403,0.0
109.92159131175715,-21.315001063245408,0.9056452370257322,0.0,79.96292233715972,-7.660017546048717,2.241214068467958,0.0,73.85011967158196,-8.35244740271545,1.0721705163970565,0.0,103.20299604365431,-43.17393968297174,3.721578459671006,0.0,83.97976137750777,-33.56009529045047,1.3930608315347506,0.0,58.948385913078695,-33.542770171162545,1.177077123083638,0.0
109.90125554587337,-21.30098263092996,0.9095652453298158,0.0,80.22999950307644,-7.4562797893812505,2.4954399485631047,0.0,73.8756546640692,-8.352197801445154,1.0683281134378646,0.0,104.06153842522055,-43.25120781312328,3.971922639284072,0.0,84.01042731680484,-33.5700395889974,1.396572232093268,0.0,58.990982349214704,-33.586783747507624,1.161350381213616,0.0
109.88643439104976,-21.29185896099439,0.9203962541155892,0.0,80.55809249464956,-7.227196557179811,2.7620645091513936,0.0,73.9067223362425,-8.352424477907917,1.065388652103291,0.0,104.90201834156174,-43.30454748259202,4.1874310467491895,0.0,84.04047477666428,-33.5968323680955,1.3907297267440715,0.0,59.04718423977416,-33.63342671959372,1.1336866309220603,0.0
109.87657926351969,-21.28930892199989,0.9378133484391196,0.0,80.95727479585604,-6.970269927971262,3.038812293571132,0.0,73.94027859386117,-8.351461594920977,1.0613937749774554,0.0,105.71086518376515,-43.32925899100178,4.354024362124395,0.0,84.06788602329313,-33.63868351164957,1.376944156946596,0.0,59.119874159205196,-33.6886343583101,1.0965527463190892,0.0
109.8710263017719,-21.29302735540162,0.9605549095604893,0.0,81.43533931711741,-6.685770970082449,3.323655152004201,0.0,73.97315081303921,-8.348223198835951,1.055135491639195,0.0,106.47544225750323,-43.315188699244906,4.452778028630265,0.0,84.0910236250691,-33.68974679638866,1.3584571373325645,0.0,59.21017704779718,-33.76090860870937,1.0582201733719785,0.0
109.86900699773479,-21.300168374147415,0.9869696401490309,0.0,81.99560387505132,-6.379978601576374,3.6130200594416673,0.0,74.00299774685458,-8.342768646617571,1.0465964956775835,0.0,107.18659956129584,-43.250080321353344,4.464151577722664,0.0,84.10926874303422,-33.74188994965069,1.3391989211517625,0.0,59.3153107474014,-33.85962315694361,1.0341710370435688,0.0
109.86949829621523,-21.305903276074964,1.0154536926239413,0.0,82.63472168945802,-6.0659354329080415,3.9008863747957525,0.0,74.02865509261775,-8.336345482250904,1.036789305440422,0.0,107.84012423516467,-43.12330343666878,4.374255433623457,0.0,84.12334349512473,-33.78735862709693,1.322493445366689,0.0,59.42702063361852,-33.9927653723495,1.0469141057691527,0.0
109.87131869613546,-21.305066328817997,1.0446691779769548,0.0,83.3416344423009,-5.760860811374023,4.179657262307145,0.0,74.04995109319817,-8.330946242951317,1.0271926852417224,0.0,108.43675746164175,-42.92902156908267,4.180505311109146,0.0,84.13517451339037,-33.82106026177466,1.3102715327160528,0.0,59.531929078302504,-34.164746572102324,1.1235560336325765,0.0
109.87359040465857,-21.294288848704774,1.0735131889306189,0.0,84.0989300217182,-5.481075769184704,4.442662623520114,0.0,74.06734566788457,-8.32861019193283,1.0191608956279854,0.0,108.98119354073145,-42.6683754693975,3.894134818909004,0.0,84.1473832455212,-33.84127984164866,1.3031551565832782,0.0,59.61460773668919,-34.374924613158385,1.291218591639014,0.0
109.8762598142109,-21.27352387073807,1.1008682013738973,0.0,84.88692622137704,-5.2368048788012045,4.687091064819481,0.0,74.08164464373152,-8.33070567177747,1.013558470690974,0.0,109.48067150657262,-42.35032304034566,3.5384761648473795,0.0,84.1626352890797,-33.84862873633366,1.3012370079018662,0.0,59.662973014110186,-34.61729703198823,1.5711539343976604,0.0
109.88025987134814,-21.24602390668217,1.1252563056899607,0.0,85.6891888553486,-5.029494825457408,4.915716512349975,0.0,74.09378062315774,-8.337344654353684,1.0106622083124073,0.0,109.94354773358668,-41.99069609737514,3.1438332520101344,0.0,84.18306131283012,-33.84424175238231,1.3049471802966544,0.0,59.6743131390811,-34.88148147785038,1.9727520539944567,0.0
109.88717382922341,-21.216823718287394,1.1446945638216253,0.0,86.4970656736363,-4.852960947485576,5.136362377758467,0.0,74.10454753469898,-8.347074805586114,1.0102474147251286,0.0,110.3779884404483,-41.60949687312345,2.741120056091974,0.0,84.20984412936934,-33.828657609876814,1.3153617758443357,0.0,59.65951839850579,-35.154781090628646,2.4886536538491075,0.0
109.89858814637309,-21.190823934086048,1.1571305524930402,0.0,87.31105186799954,-4.697593120244776,5.359281004704391,0.0,74.11432493389822,-8.3570407527889,1.0117518260724356,0.0,110.79087667084515,-41.227311430909545,2.356535734188151,0.0,84.24298647533392,-33.80211959727914,1.333717410004386,0.0,59.64331823797273,-35.424960712750206,3.0923647642736345,0.0
109.91543811289054,-21.171716351952547,1.161578404900661,0.0,88.13835962609494,-4.555388585893912,5.5935948186727655,0.0,74.12300981824427,-8.363740956030393,1.014445182930638,0.0,111.18714263839786,-40.86210492004329,2.0085743548792205,0.0,84.28128136515528,-33.765844370163784,1.3604723574011661,0.0,59.659770713177366,-35.68314048204021,3.7400553535580787,0.0
109.93759602375074,-21.162160928225788,1.1595176719486595,0.0,88.98805597988267,-4.423508422060973,5.8440929194751785,0.0,74.13031991115648,-8.364278759153617,1.0175774512144837,0.0,111.5697185213782,-40.5272839893645,1.7074620963599045,0.0,84.32253162529409,-33.723059981749664,1.3945615377696043,0.0,59.744575609825446,-35.925798189922276,4.377572177951711,0.0
109.96386132807928,-21.16456105769678,1.155622240343389,0.0,89.86625289595399,-4.305146376907855,6.109265624500011,0.0,74.13635403805183,-8.357708393073027,1.020494082282072,0.0,111.9400928358158,-40.23121901205731,1.456356703477251,0.0,84.36402803366006,-33.67882131433456,1.433322080085217,0.0,59.92750132891521,-36.154749769423105,4.951445186392565,0.0
109.9923963633658,-21.181275235539356,1.1569143806505249,0.0,90.77330704191829,-4.207933510436095,6.380944255655685,0.0,74.14204138302102,-8.34584451427013,1.0227110584449193,0.0,112.2992221876348,-39.97783638045655,1.2534245298107898,0.0,84.40319571480839,-33.638556825030975,1.4731098947065338,0.0,60.22769217111329,-36.37475195190921,5.420193527882178,0.0
110.02142838237714,-21.213554963112323,1.1701955996843996,0.0,91.70340936419205,-4.141098047382442,6.645424446602028,0.0,74.14908491957785,-8.332928101386742,1.0239753319900267,0.0,112.64847532801062,-39.767581380725716,1.0940205185586755,0.0,84.4382144273247,-33.6062384431468,1.5102338049025636,0.0,60.65230020805783,-36.589669202293884,5.761809520482002,0.0
110.04974424768443,-21.259790610793026,1.1987687178799398,0.0,92.64577944905047,-4.112763021451178,6.885543212512496,0.0,74.15924237769434,-8.32399804858181,1.0243499906058418,0.0,112.99024590346947,-39.59812613134642,0.9724556847429273,0.0,84.46837778247254,-33.583298711112,1.5417253800423527,0.0,61.19712919633788,-36.798958737769546,5.975268167842081,0.0
110.07651807527655,-21.31475339298926,1.2402894674116816,0.0,93.58675332019216,-4.128246165572263,7.083045567560018,0.0,74.17321475252483,-8.322587385034959,1.024290297665864,0.0,113.32789547109812,-39.464612739650065,0.8831132141716118,0.0,84.4940357079589,-33.56883738256644,1.5656684823144413,0.0,61.84819959600611,-36.996111872984244,6.0765634556806365,0.0
110.10067896119934,-21.37099687412303,1.2873092045162942,0.0,94.51270386530877,-4.189611273699336,7.220754083208159,0.0,74.18982058812206,-8.32892925394503,1.0245878978236966,0.0,113.6649201216075,-39.359667807339754,0.8208554758723796,0.0,84.51617390098076,-33.56078337039118,1.5811779195720614,0.0,62.58434614529337,-37.16985847822678,6.091571490711196,0.0
110.1207519249431,-21.421625939227486,1.330500228286624,0.0,95.41361068267763,-4.29639641111767,7.28429356338305,0.0,74.20617206318124,-8.33970791630694,1.0260908926374555,0.0,114.00362370437196,-39.27358704436685,0.7807413598205617,0.0,84.53591773157059,-33.557165903359504,1.5883494372240285,0.0,63.38132011035844,-37.30773347967377,6.048614079140233,0.0
110.13578642750075,-21.46247639677017,1.362690838898578,0.0,96.28597931183667,-4.447170630051722,7.263275569578981,0.0,74.21901149378878,-8.34953484703846,1.0292614768368473,0.0,114.34388216160988,-39.19494560087607,0.7571634946072638,0.0,84.55429657166076,-33.55678123384922,1.5883862059372102,0.0,64.21685532875061,-37.400505795794786,5.973067553458549,0.0
110.14674938257127,-21.49257630368687,1.3813630340745036,0.0,97.13317415240714,-4.641105603166862,7.152029607587034,0.0,74.22650872060274,-8.353331651653386,1.0337861135597333,0.0,114.68261210635873,-39.11163118677763,0.7427136930743465,0.0,84.57235875771512,-33.55911315287596,1.5837491987973884,0.0,65.0749056264873,-37.44556937998488,5.884952894917504,0.0
110.15702138720978,-21.51324739073566,1.3885976878204342,0.0,97.96234345725806,-4.878512183789861,6.950160821574237,0.0,74.22936035213057,-8.348344998871589,1.0384929937893936,0.0,115.0142593527118,-39.01207122919469,0.7273241491241578,0.0,84.59138013024639,-33.5638997837506,1.5779623647623033,0.0,65.94721943369828,-37.44791180649089,5.798825976184274,0.0
110.17125624963569,-21.526827928279403,1.389175895905911,0.0,98.77926932006443,-5.159773472147005,6.663152626051176,0.0,74.23041706518106,-8.334910796026998,1.0417213768697753,0.0,115.33210331863147,-38.886299649426505,0.6983203965888656,0.0,84.61281202356156,-33.57082398294438,1.574882494981697,0.0,66.83180552288013,-37.41838596828141,5.724484163375626,0.0
110.19319282097429,-21.535727381282953,1.3882755895358496,0.0,99.5838934097656,-5.483102068124055,6.302829378256834,0.0,74.23305578976475,-8.315957351310836,1.0420458606178418,0.0,115.62976866407173,-38.72660372239404,0.6418309591069313,0.0,84.6378756005557,-33.57945990336534,1.5776438103863768,0.0,67.72953331747382,-37.37014397179525,5.667431706588875,0.0
110.2237779681074,-21.541969536532466,1.3898236177958623,0.0,100.36895748852271,-5.842416303710562,5.887074206300868,0.0,74.23938405814962,-8.295838265280358,1.0389937801214835,0.0,115.90238304995023,-38.52787224284523,0.5455650187643588,0.0,84.66705426702876,-33.58928538262596,1.5877256891552811,0.0,68.64084641909271,-37.3147267474895,5.629036491043097,0.0
110.26064405107385,-21.546962431005024,1.3957615149048426,0.0,101.12244371153265,-6.226807113855629,5.43822722733576,0.0,74.24944056816224,-8.279048534551197,1.0333315702791932,0.0,116.14725356471355,-38.28814765394126,0.40240928130335973,0.0,84.69984062365647,-33.599600699358504,1.6045309296045183,0.0,69.56400137279475,-37.259209973755354,5.606929974983267,0.0
110.29909358294748,-21.551196659386783,1.4059645612781217,0.0,101.83242577010482,-6.622316714656202,4.980194011905848,0.0,74.26176146271365,-8.269036450298778,1.0267608687115235,0.0,116.3643166198869,-38.00978884044235,0.2137579782177319,0.0,84.73492585027554,-33.60941318177129,1.6256461666981874,0.0,70.49499114050899,-37.20518645579039,5.59612017009268,0.0
110.33400880454104,-21.55391804606852,1.4185464708671365,0.0,102.491828365072,-7.015419806786682,4.535035078092754,0.0,74.27469817717687,-8.267205633190558,1.0212445819700005,0.0,116.55658768507682,-37.700994227230616,-0.008779661498262925,0.0,84.77076715359159,-33.61743271121952,1.647709362545564,0.0,71.42836111947513,-37.14960408749115,5.590752448064864,0.0
110.36180731038735,-21.55315593567879,1.4304848524224099,0.0,103.10097098346102,-7.396562133272134,4.120093869340647,0.0,74.2875102586334,-8.272402759342647,1.0183399097458334,0.0,116.73043590462753,-37.37669337448707,-0.24440357635965526,0.0,84.8062893397132,-33.6222250336275,1.667563199653678,0.0,72.35804323468966,-37.08683711343919,5.58590388106448,0.0
110.38163823635264,-21.546389120451582,1.4385457795415562,0.0,103.6670624326614,-7.7620395658406265,3.746437291807914,0.0,74.30060018732202,-8.281307812268057,1.0187962746070713,0.0,116.89511311905918,-37.057584550672786,-0.46716371476610874,0.0,84.84140976516923,-33.62244819682382,1.6832197193454945,0.0,73.27786286027303,-37.01102219803785,5.57859252209448,0.0
110.39536026015733,-21.531663474303464,1.4403555336550422,0.0,104.20107209010713,-8.113286764356776,3.4188834778191337,0.0,74.31481488011308,-8.28978934057131,1.0224873011431583,0.0,117.06101871149724,-36.7666832963813,-0.6521236189344908,0.0,84.87711712868582,-33.61709449213945,1.6942397067813797,0.0,74.18186566332442,-36.91779315871912,5.56743115787692,0.0
110.40639823215024,-21.508602283115664,1.4353696636744164,0.0,104.7131962166529,-8.453734464291248,3.137448890893153,0.0,74.33023571495032,-8.294611635751922,1.0286124807383867,0.0,117.2368427166897,-36.5240256961026,-0.7817387224186927,0.0,84.91498277472489,-33.60578083077033,1.7014388061814323,0.0,75.06474706849546,-36.80500978972271,5.550942208660459,0.0
110.41814308720117,-21.478761063417185,1.4254659182737317,0.0,105.20853523451245,-8.784418564685014,2.8996162393001743,0.0,74.34527401281807,-8.294521690113113,1.036019597480168,0.0,117.42663615690616,-36.34147438675512,-0.8502844724081875,0.0,84.95621727831062,-33.58920867826751,1.7061663809934,0.0,75.92255251653229,-36.672523442439754,5.525234208475247,0.0
110.43276873391203,-21.445090783868743,1.414864897610748,0.0,105.68463632121782,-9.100328012967857,2.702383042662678,0.0,74.35689743433097,-8.29012218194527,1.043502725656781,0.0,117.62828452623562,-36.219928342647535,-0.8648514756514789,0.0,85.00063206872203,-33.56976393287071,1.7095421223663205,0.0,76.75359656590032,-36.521185835934354,5.4821704325530956,0.0
110.45098608330476,-21.410735112079863,1.4091904610743402,0.0,106.13196873946241,-9.389630545740722,2.542963722427121,0.0,74.3621525270519,-8.282747366664884,1.0500246148158752,0.0,117.83434981875283,-36.150191180379906,-0.842629642318208,0.0,85.04600648815236,-33.55190742814252,1.7119552761469148,0.0,77.55923723203789,-36.35133418427369,5.409073916184079,0.0
110.47263545065918,-21.37788800874686,1.413830135019623,0.0,106.53708624087315,-9.636739754414808,2.4177633103774445,0.0,74.36015883566111,-8.273118065125828,1.0548524739328453,0.0,118.0350823928924,-36.11697686439816,-0.8053345192282446,0.0,85.08827661198924,-33.54184563733957,1.7129761378158648,0.0,78.34381859466193,-36.161219097540396,5.290485889325751,0.0
110.49761752993415,-21.347589055568694,1.4320203455433358,0.0,106.88691524874108,-9.82792111162696,2.320548192786452,0.0,74.35325766978366,-8.260538372103616,1.057560695984245,0.0,118.22236192685776,-36.10422727208514,-0.772378666907473,0.0,85.12263481275107,-33.54622122359198,1.7117122757108056,0.0,79.1130578654903,-35.946288339351156,5.111840325946119,0.0
110.52656608262738,-21.32062550568852,1.4630239912049614,0.0,107.17234591598243,-9.95651282480038,2.241491651204366,0.0,74.3464774079868,-8.243026305027243,1.057933721831537,0.0,118.39302383949149,-36.09971294279236,-0.7547116762401647,0.0,85.14521003816863,-33.57008349913483,1.707529551865088,0.0,79.87069704878509,-35.70039378785306,4.864302553360586,0.0
110.56073256223212,-21.29857687408709,1.5008125470612352,0.0,107.39015261124027,-10.025294187761851,2.1682732333429193,0.0,74.3455406999501,-8.218348714997601,1.0559591482449608,0.0,118.55048420712686,-36.0975399262504,-0.7510937674766929,0.0,85.15470448082976,-33.61479809797553,1.7008449995271118,0.0,80.61429709305202,-35.419329959961345,4.549312276106983,0.0
110.600967207888,-21.28389141683823,1.5340727114954014,0.0,107.54329139503018,-10.045414233913856,2.0891370551764394,0.0,74.35444695748718,-8.18555486593492,1.0520181833708335,0.0,118.70426610843668,-36.09813075080517,-0.7478781459522619,0.0,85.15329916018798,-33.676657360567205,1.6934496296838972,0.0,81.33214218240336,-35.105666711978245,4.180689248673964,0.0
110.64648909901658,-21.279021463884696,1.548404414534506,0.0,107.64013476549195,-10.03294102991035,1.9966270780473456,0.0,74.37373722073951,-8.146328700500066,1.0470800378396454,0.0,118.86752255865477,-36.10605995069621,-0.7223336505234261,0.0,85.14632819012857,-33.746909081456344,1.6879113989449888,0.0,82.00355366251472,-34.77227393372344,3.7825146152819524,0.0
110.69456564858251,-21.285449277828437,1.5306988231803516,0.0,107.69315808870302,-10.004709322628749,1.8901613100725987,0.0,74.40008616336439,-8.10545277749113,1.0426111623175842,0.0,119.05309359602799,-36.126567836784815,-0.6485769982408414,0.0,85.14067926408703,-33.81370700959123,1.6862653909708794,0.0,82.60360030305796,-34.44155396248903,3.3832695733332443,0.0
110.74161026841766,-21.302969376774385,1.4746855976825124,0.0,107.71718442774065,-9.97490215351704,1.7759947949666044,0.0,74.42731269984588,-8.069978296703017,1.0401554185003832,0.0,119.2691729089228,-36.161690324643395,-0.5046694448757059,0.0,85.14251057415873,-33.86571400097288,1.6888995585376172,0.0,83.11039750008854,-34.13950872580019,3.009358907715857,0.0
110.78504679359831,-21.329132947484194,1.3862542960452462,0.0,107.72702363531168,-9.953159759879803,1.6644369102530652,0.0,74.4484513855804,-8.047236284378785,1.0408147989077285,0.0,119.51596867911286,-36.20700412984344,-0.279351116609897,0.0,85.15531596677292,-33.89587545911762,1.6944772423893877,0.0,83.51127186244598,-33.88744419132484,2.681070882766571,0.0
110.82455815479548,-21.359335845511943,1.2866160501365407,0.0,107.73475079595816,-9.944321575571657,1.5657236987656757,0.0,74.45814868050789,-8.042395276890414,1.044918154868295,0.0,119.78455151683943,-36.25013157398575,0.02308421884165135,0.0,85.17918112205098,-33.90337929045131,1.7008740508295688,0.0,83.80528456929348,-33.69580365749674,2.411203159254189,0.0
110.86172681271604,-21.388178714946008,1.2100808394742621,0.0,107.74762533185734,-9.949324465452765,1.4865887188403022,0.0,74.45442068838602,-8.056583254565755,1.0520398507621458,0.0,120.0584042156875,-36.27211092243038,0.38130974843596377,0.0,85.2113148598092,-33.892885361333114,1.70634992237337,0.0,84.00242514238153,-33.56267205270574,2.20467804191461,0.0
110.89855029113906,-21.410863665626298,1.1931634864311746,0.0,107.76769429364617,-9.966482744242075,1.4288606800123205,0.0,74.43901354078085,-8.086403080501594,1.0613165166221918,0.0,120.31715030473595,-36.25204101012627,0.7601424455537327,0.0,85.24727296508651,-33.871882504921814,1.7102372276429865,0.0,84.12090053221101,-33.47651494476843,2.0583478557081083,0.0
110.9362797774134,-21.422619357233675,1.2564639124556845,0.0,107.79316961073414,-9.992569224620214,1.390081322449154,0.0,74.4163251949245,-8.12502905786884,1.0718189664562328,0.0,120.5410352091451,-36.17396103364651,1.1183658370287546,0.0,85.28220617056131,-33.84790166971451,1.713000035582482,0.0,84.18323755536757,-33.42126478793104,1.9617968340505314,0.0
110.97490547957959,-21.418396887459973,1.389553547644109,0.0,107.82064337091394,-10.023589677611287,1.365273272266803,0.0,74.39162549877004,-8.164361721509197,1.082728607538936,0.0,120.7147179662654,-36.033444001732626,1.419015727330864,0.0,85.31179195128736,-33.826810058916074,1.7159077360923334,0.0,84.2116954964171,-33.381644368470305,1.900024935679136,0.0
111.01253227986518,-21.3968147339676,1.5521350938448357,0.0,107.84696699320453,-10.055407977155546,1.3489126114364822,0.0,74.36954596493143,-8.197341250165454,1.0932668066806137,0.0,120.8297527582308,-35.84090460789636,1.638314445888014,0.0,85.33282697591012,-33.8123580511868,1.7205689933709234,0.0,84.22422862837368,-33.34687374307753,1.8575490013732097,0.0
111.04533935555324,-21.364128257703594,1.6936253693484673,0.0,107.87013971104581,-10.084326003465007,1.3364599631943843,0.0,74.35339216713459,-8.219600597706222,1.1025375950019836,0.0,120.88573909752478,-35.61965376716486,1.7698678313367733,0.0,85.34356169343063,-33.80646777446518,1.7284529213048838,0.0,84.23240005953066,-33.31181238621928,1.8222262336420005,0.0
111.06955420470513,-21.330794695353454,1.7782192719437102,0.0,107.88926558747808,-10.107609498681793,1.3251009581167317,0.0,74.34517875523288,-8.230046045898813,1.1094869378860253,0.0,120.88996647034311,-35.39901616067824,1.823118396936243,0.0,85.34383231707403,-33.809664583738424,1.7404818254032755,0.0,84.24162786384045,-33.275884814438754,1.7871857813731022,0.0
111.08449543313898,-21.303756176527884,1.8003913199254882,0.0,107.90404730462836,-10.12390580505773,1.3136288413674677,0.0,74.34588147182254,-8.230444666250659,1.1130699253049787,0.0,120.855286384822,-35.20535432445034,1.8176880965392677,0.0,85.33503051828998,-33.821272154292814,1.7567732446598008,0.0,84.25298225289038,-33.2409478460295,1.7504595294447416,0.0
111.09399544428423,-21.283317027020193,1.7852645666127795,0.0,107.91427544788188,-10.13346434814484,1.3017304210637342,0.0,74.35545905430558,-8.224427261951822,1.1125816040740446,0.0,120.79664075045407,-35.05499072443888,1.7764509662626242,0.0,85.31994671449789,-33.839277709894496,1.7765674748934916,0.0,84.26536898457682,-33.209243238197125,1.7131242659700803,0.0
111.10486081166762,-21.265591895376524,1.7763925194393337,0.0,107.91955727201079,-10.138051642422521,1.2891936948598843,0.0,74.37260537830959,-8.216357241373919,1.108021871110605,0.0,120.72753475818224,-34.951785639574666,1.7196817549075227,0.0,85.30246253686116,-33.86008722854023,1.798334919793584,0.0,84.2772475858031,-33.18211055311935,1.6772069743468236,0.0
111.12365266518457,-21.244123374678644,1.8167062516751447,0.0,107.91934478582955,-10.140506273635456,1.2755511384154428,0.0,74.3945927877778,-8.210346099879121,1.1003189134145597,0.0,120.65776324338053,-34.889416471894286,1.6614718775473296,0.0,85.28700758882403,-33.87864175603061,1.8200581225943875,0.0,84.28755824372911,-33.159621038205316,1.6442750628088376,0.0
111.15455097253123,-21.208101211621525,1.9307091000529724,0.0,107.91322540671075,-10.14397319781881,1.260366318176926,0.0,74.41762623358625,-8.209483168781116,1.091247008199991,0.0,120.59290228937847,-34.85620334748842,1.608731829467196,0.0,85.27774186985441,-33.889367995032536,1.8396785321365527,0.0,84.29595655374223,-33.14090709167784,1.6149662512371084,0.0
111.20003441316223,-21.142000317953542,2.1161755559189643,0.0,107.90136369603829,-10.150924149698554,1.2439337002404987,0.0,74.43779613181627,-8.21523228878286,1.0829922438947843,0.0,120.53520453691345,-34.839828115143,1.5625325616832964,0.0,85.2775603601478,-33.88812900937865,1.855622994016061,0.0,84.30267179850566,-33.12476802791032,1.5891388942223692,0.0
111.26377444356481,-21.02915799293404,2.3484830548357305,0.0,107.8849025803772,-10.162144083848196,1.2278516007475542,0.0,74.4522612664698,-8.227020335245463,1.0774957633736282,0.0,120.48506443449803,-34.830301264506346,1.520933606768521,0.0,85.28717350152588,-33.87484687448095,1.867225658592412,0.0,84.30829521062537,-33.11015683339353,1.566142546383718,0.0
111.35380442177882,-20.854226567748313,2.5931367668293746,0.0,107.8661080407069,-10.176007247877893,1.2149336343442076,0.0,74.46006919914602,-8.242245793307209,1.0758180720384285,0.0,120.44220233892935,-34.82102191886938,1.4819279942452859,0.0,85.30470062392449,-33.85596565619742,1.8748772524037856,0.0,84.31364062343873,-33.096346060396044,1.5449719360167293,0.0
111.48409086451144,-20.600781948739463,2.8187808041206726,0.0,107.84812399564908,-10.188484717352472,1.2082757956757568,0.0,74.46218647613392,-8.256994747506447,1.0777794685946773,0.0,120.40610366960304,-34.808679530687066,1.4452331273205736,0.0,85.32632637603346,-33.84562541863269,1.8799242459872554,0.0,84.31966099679919,-33.08281619643656,1.5244375879247194,0.0
111.67347446475436,-20.248366176046698,3.006746536232912,0.0,107.83434965742585,-10.19418315189533,1.209821190010544,0.0,74.46071540313753,-8.267421394459385,1.0820685584155303,0.0,120.37586678655695,-34.79270426697304,1.4124616701348742,0.0,85.34830416641837,-33.864590345092665,1.8845536429151855,0.0,84.32736705452123,-33.06907866460415,1.5035121612496933,0.0
111.94174945000186,-19.776168661350695,3.15788075205659,0.0,107.82756752586691,-10.188245020007757,1.2191139954926449,0.0,74.45766741463646,-8.271203940482218,1.0868537405223382,0.0,120.35003939315155,-34.774487211858784,1.3861024005859388,0.0,85.36984077486062,-33.93669770062486,1.8918816349190104,0.0,84.33772606530657,-33.05466240914519,1.481706619977377,0.0
112.30306456436467,-19.176113444499993,3.295758747851,0.0,107.82902420541957,-10.168412440051332,1.232866190073164,0.0,74.45390963176048,-8.268257155468563,1.090676068482681,0.0,120.32692213194916,-34.75631910085509,1.3681584723718228,0.0,85.39565672572238,-34.08355007149934,1.906138727558055,0.0,84.35151644143318,-33.039363434118236,1.4591618586186232,0.0
112.758419557183,-18.46910988589158,3.4600078034782573,0.0,107.83778221148377,-10.136320224459773,1.245604357144165,0.0,74.44891033555409,-8.26028230530537,1.0931982238977742,0.0,120.30532461239648,-34.740122745057455,1.3591879222509178,0.0,85.43692718742042,-34.318909784118205,1.932466421230587,0.0,84.36910968786171,-33.02364756240607,1.436357558810574,0.0
113.29256753539418,-17.709254946390896,3.686567517088955,0.0,107.85077095007557,-10.097306128323748,1.2512838880979942,0.0,74.44155343863437,-8.24947658915909,1.0954334052884427,0.0,120.28532258177198,-34.72634093532715,1.3580887467723421,0.0,85.50993527107994,-34.64458618267706,1.97584922504337,0.0,84.39023194494433,-33.00891337319643,1.4136730746335342,0.0
113.88055825644682,-16.965370717739916,3.9868364614680285,0.0,107.8637836704666,-10.058692616408464,1.245395350172604,0.0,74.43165984986942,-8.23722983236813,1.099354496178325,0.0,120.26850764533037,-34.713469588019784,1.3625172408508277,0.0,85.63270350174571,-35.049470299990105,2.0393238273362497,0.0,84.41387047974021,-32.99730300730928,1.3911354209883058,0.0
114.50069527146542,-16.29119017464048,4.344141593799048,0.0,107.87310536821451,-10.027306755309281,1.2267409449125584,0.0,74.42139696505818,-8.223591361754295,1.1070474384917404,0.0,120.25750527579872,-34.698544728359686,1.3695868781228402,0.0,85.82073999317225,-35.51250454732253,2.1224636725429127,0.0,84.43849089954553,-32.99098048206622,1.3685203622164437,0.0
115.14345919684447,-15.70770001245293,4.728807272655237,0.0,107.87695933909067,-10.007395804971082,1.1980032415223896,0.0,74.41585227491379,-8.207816728590643,1.1196880128590738,0.0,120.25491496720838,-34.67848167633209,1.37656746545575,0.0,86.08352003816402,-36.008706177572584,2.2213624618317214,0.0,84.46257334845691,-32.991169285496476,1.345713791968942,0.0
115.81065819598466,-15.206517673268703,5.115797501640467,0.0,107.87601434739928,-9.999772110393847,1.164753820777042,0.0,74.42254041004547,-8.189709329397619,1.136688898735656,0.0,120.26210110798236,-34.651727977951204,1.3814838573510695,0.0,86.42302901285805,-36.515763457638954,2.3304426804447695,0.0,84.48526121291431,-32.99746981037707,1.323057520648426,0.0
116.5082673099825,-14.764930543515352,5.492805581319276,0.0,107.87274562273674,-10.0022948584921,1.1334228525486676,0.0,74.45008261925375,-8.170981636722427,1.1554645696933061,0.0,120.27835669310325,-34.61942917270332,1.3835474898614883,0.0,86.83466455868462,-37.01854721721693,2.4450867510353023,0.0,84.50679260068675,-33.00786558046353,1.3013946456319694,0.0
117.2393902843556,-14.360573101183403,5.858822584464448,0.0,107.87007074662382,-10.011193335846983,1.1092900957383254,0.0,74.5065499475475,-8.15566392274916,1.1722542197453425,0.0,120.30088578394297,-34.585386936708,1.3832906682141122,0.0,87.30981566284454,-37.51033525303474,2.563535692755858,0.0,84.52845362613134,-33.01945970647406,1.2817297559816794,0.0
118.00118355293883,-13.979662483497844,6.2184339742892,0.0,107.87003165407955,-10.02253132078301,1.0953471613198928,0.0,74.59799680434324,-8.148921608272637,1.1841216254087357,0.0,120.32576236864236,-34.55464705267458,1.3823280078941558,0.0,87.83917195083767,-37.991316229927165,2.6870413684681136,0.0,84.5520385686523,-33.029618354829694,1.2647125666467591,0.0
118.78609907382507,-13.617930532813595,6.576237100319096,0.0,107.87319248767044,-10.033259705601862,1.0921946129167228,0.0,74.72750305167303,-8.154496977942642,1.1916447908232222,0.0,120.34945202393527,-34.53143068071024,1.3828200660407877,0.0,88.4160346894295,-38.465739876865996,2.818244216632716,0.0,84.57907433818353,-33.03702467129462,1.250285121926094,0.0
119.58559158978461,-13.276620865936787,6.933708222611131,0.0,107.87891954379002,-10.041624890122208,1.0985763439034937,0.0,74.89471335875369,-8.171873993504866,1.2012669436021461,0.0,120.37005370142778,-34.517586733779275,1.3867735979188396,0.0,89.03898106633959,-38.938824646046065,2.9585369948563294,0.0,84.6101793482769,-33.0421998986563,1.2376859972771612,0.0
120.39379870441884,-12.95754483994136,7.289003902804156,0.0,107.88614716110033,-10.047038914018714,1.112051570544839,0.0,75.09576889636863,-8.19459994866731,1.2261866789673412,0.0,120.38771881296299,-34.512260165423264,1.3953484168318901,0.0,89.7130647659968,-39.41392364213173,3.105549091673887,0.0,84.64482200691606,-33.04727501461003,1.2257578132583262,0.0
121.20936503428642,-12.660490687018006,7.638631784981051,0.0,107.89402859270886,-10.049724260473326,1.1295567956890586,0.0,75.32377651582748,-8.210829939608125,1.2850947038638356,0.0,120.40433692640867,-34.51259834500218,1.4084389712971124,0.0,90.4487547455934,-39.890118103796105,3.2518323791248562,0.0,84.68152727044685,-33.05510005438882,1.2133722242893281,0.0
122.03495343691493,-12.383792733812367,7.97930844289937,0.0,107.9021266870488,-10.050411262987765,1.1478893429599744,0.0,75.57016620914138,-8.206286750677354,1.3987807610788643,0.0,120.42277868772246,-34.51489033401742,1.4247622669201405,0.0,91.258398860063,-40.360506815136965,3.385381686354937,0.0,84.71839485440285,-33.06805299314063,1.199787885628126,0.0
122.87518869260342,-12.126685037354216,8.308825065921983,0.0,107.91023726699073,-10.050154415204805,1.1642054575206249,0.0,75.82707114417363,-8.168754967089964,1.5852934975567106,0.0,120.44590321717534,-34.515621903484174,1.4424550286059112,0.0,92.15102134715526,-40.81168844954376,3.4919120102555894,0.0,84.75369795158814,-33.08706731725271,1.1848067445828292,0.0
123.7342376915004,-11.891420576726823,8.62563523015945,0.0,107.91818769192524,-10.050148639467928,1.176490286393836,0.0,76.09030600534115,-8.09237303209925,1.854722496628579,0.0,120.47561739216152,-34.512181860717995,1.459907327384462,0.0,93.12714979208371,-41.22491530997998,3.558140508092368,0.0,84.78631386570147,-33.1113475265618,1.1686728989634254,0.0
124.61404326988844,-11.683702081325023,8.927603945098213,0.0,107.92585590465106,-10.05142211178258,1.1838337385073494,0.0,76.36199175159577,-7.979793515251895,2.204860824447442,0.0,120.51232137605213,-34.50319660912882,1.4763811701629734,0.0,94.17558492140566,-41.579050812700956,3.5750226036688293,0.0,84.81581205193969,-33.13892730572225,1.1517968624967807,0.0
125.51370399367727,-11.51108182416864,9.2108352780585,0.0,107.9333648038122,-10.054435572281285,1.1863821109564014,0.0,76.65172254492134,-7.840955117011927,2.619171622959115,0.0,120.55480931179095,-34.48862517916506,1.4920614781195898,0.0,95.27349632730575,-41.85493156066602,3.5400410195447014,0.0,84.84221364027366,-33.167762888504676,1.1345172436805804,0.0
126.42986003483968,-11.380229643998748,9.469530554876592,0.0,107.94122102752078,-10.058765246434099,1.1849891195905133,0.0,76.97558152156462,-7.688656778207767,3.068421269033024,0.0,120.60043496374978,-34.46969869645656,1.5075510743840006,0.0,96.39022425490805,-42.04014272332005,3.458003550970668,0.0,84.86564471958508,-33.19674202644852,1.1170735633175237,0.0
127.35750918803168,-11.294721770080212,9.69718436675159,0.0,107.95023089440753,-10.063071882382268,1.1807292340259448,0.0,77.35318726924514,-7.532887574489312,3.516447944512846,0.0,120.64545019552894,-34.448609042079006,1.5231700585661656,0.0,97.49397963491768,-42.13273650780657,3.3401596789441736,0.0,84.88615300633876,-33.22605005129732,1.0997488292640085,0.0
128.29068748057742,-11.254554877885898,9.88853239750891,0.0,107.96122058503809,-10.065473315459727,1.174472623346908,0.0,77.80376680062724,-7.37690777944228,3.9286505368532083,0.0,120.68565318291785,-34.42785000203181,1.5385455034591757,0.0,98.5595094511399,-42.14241088156902,3.2018175855891897,0.0,84.90378367439533,-33.256719574117604,1.082966581998818,0.0
129.2227950258488,-11.25717235557136,10.041351245677589,0.0,107.9747067735263,-10.064276986215509,1.1666629348393478,0.0,78.34239858444889,-7.217316433796949,4.279999016553653,0.0,120.71741177854308,-34.40940112036134,1.5527952236790856,0.0,99.57414308993047,-42.088410480918114,3.05906990492786,0.0,84.91875973125795,-33.28965969531498,1.0671864089429572,0.0
130.14669868667968,-11.298751744084575,10.15756938373621,0.0,107.99063834338521,-10.058833217365434,1.1573628549427273,0.0,78.97712577898969,-7.047999284236566,4.559244130140888,0.0,120.73875645366957,-34.3941746261522,1.5651462112114967,0.0,100.53996856380661,-41.99469899272115,2.9255754774489127,0.0,84.93150835485507,-33.32475101849546,1.0526742514508616,0.0
131.05487349476908,-11.374805379456307,10.24348115944668,0.0,108.00825990817879,-10.050139371583066,1.14657552970138,0.0,79.70733688647051,-6.865602055212372,4.767842757949946,0.0,120.75001479730254,-34.38197359017197,1.5754864067568501,0.0,101.47129648215557,-41.88404099964842,2.8103693960631215,0.0,84.94243417422503,-33.36052430392288,1.039372777738027,0.0
131.9397322536643,-11.480167152085809,10.308775961911241,0.0,108.02614766287799,-10.040860262797153,1.1347527072375172,0.0,80.52394055828029,-6.6735175902655985,4.914699181069508,0.0,120.7536911704155,-34.371828044597606,1.5845248567193906,0.0,102.38840328585552,-41.77288466347072,2.717278514778682,0.0,84.95164779223339,-33.394533536323344,1.0269657219382147,0.0
132.79414110265586,-11.608964595468898,10.364078760095722,0.0,108.04251482689959,-10.034647641670604,1.1232331695088913,0.0,81.41175679745493,-6.48245002223115,5.009704112413379,0.0,120.75375872430757,-34.36241101277557,1.5936228044853529,0.0,103.30987775034711,-41.668405894019955,2.645834095661643,0.0,84.95900171085624,-33.42408655033174,1.014960639880318,0.0
133.6121097022444,-11.7550311459757,10.417297496702703,0.0,108.05583602677709,-10.034948444459138,1.1142571113657773,0.0,82.35360589905659,-6.307529999056026,5.059375343522042,0.0,120.75479601229303,-34.35235427479606,1.6044641426674549,0.0,104.24622161865048,-41.568293223366986,2.5929568151035056,0.0,84.96454774896698,-33.44689285154135,1.002606418383733,0.0
134.3896351738851,-11.912923400858833,10.469979180062278,0.0,108.06561389766708,-10.043746289826979,1.1103642025325904,0.0,83.33438052852745,-6.163555932457215,5.066495905364183,0.0,120.76128399234028,-34.34046823950149,1.6186366851349074,0.0,105.19670943931962,-41.46316241808084,2.554532273561275,0.0,84.96909112559402,-33.46148287145844,0.9887898007656233,0.0
135.12550834949303,-12.079359906318935,10.515276796244143,0.0,108.07285166643344,-10.060783135419795,1.113374461788979,0.0,84.3431824752087,-6.060493443663049,5.033217660121755,0.0,120.77705388965404,-34.325954526163,1.6371741857590738,0.0,106.15020508506659,-41.34082009684026,2.526368489175182,0.0,84.9743277425567,-33.46755464601535,0.9722371248161288,0.0
135.8217362389715,-12.254406391176499,10.53864364145452,0.0,108.07979595562209,-10.0836841240349,1.1234756643632426,0.0,85.37277859646991,-6.000930549520823,4.965092250404327,0.0,120.80469819879022,-34.308634121605834,1.6601652247452687,0.0,107.08915736054219,-41.19092305672612,2.5045583573377357,0.0,84.98232757384278,-33.466336372827236,0.9520630476852219,0.0
136.4833251988564,-12.441511184241836,10.52124859833837,0.0,108.08889190236077,-10.109014164143275,1.1389223081558253,0.0,86.41725355147115,-5.980261321652725,4.873154948207723,0.0,120.84490389675423,-34.289073793665615,1.6865552146667842,0.0,107.9949814672406,-41.00829236102065,2.4855166651957266,0.0,84.99461472681215,-33.46073197889991,0.928323887092068,0.0
137.1174381530044,-12.646025171731795,10.444904542976461,0.0,108.10140446682908,-10.133793075910056,1.1565040911615423,0.0,87.46961244562145,-5.989317453216272,4.772649115150855,0.0,120.8959520174715,-34.268454115730435,1.71422982460793,0.0,108.85291672490311,-40.79366464627473,2.465864231015564,0.0,85.01136912218271,-33.454910141703266,0.9022108019392494,0.0
137.73211961338433,-12.872862378126381,10.296629151544813,0.0,108.11641856339673,-10.156767802411137,1.172546166171971,0.0,88.52080961281958,-6.01820693997108,4.679144306463604,0.0,120.95376955596,-34.24816688754651,1.7404027461597256,0.0,109.65513530948193,-40.551854461533495,2.442177499380735,0.0,85.03115470762083,-33.45332559197989,0.8758001780559841,0.0
138.33469740744317,-13.124578387320682,10.071184577524757,0.0,108.13076730624923,-10.178974708343128,1.1840262109977502,0.0,89.56070272259711,-6.059632937350956,4.604202725429255,0.0,121.01281855182407,-34.22933113408628,1.7622503447360245,0.0,110.40180108324107,-40.2884542176065,2.410633002749936,0.0,85.05124523279508,-33.45958307357246,0.8515193068827465,0.0
138.9297849670599,-13.40077926453257,9.77096771067465,0.0,108.13999771855077,-10.203555647481615,1.1894487415816375,0.0,90.58042555235538,-6.110332680570226,4.552697465025597,0.0,121.0677562282775,-34.21249624381433,1.7776507289735939,0.0,111.10038636769251,-40.006634143920145,2.3667057068274477,0.0,85.06837940733925,-33.47558573815257,0.8315073376986142,0.0
139.51701469039966,-13.698737267179428,9.403889613750138,0.0,108.14004932985695,-10.23499077823163,1.1892420410327453,0.0,91.5750468716704,-6.170396371767188,4.522785014393646,0.0,121.11527452694335,-34.1976884304461,1.785816595028626,0.0,111.76368427355071,-39.70521546847167,2.3051757488015294,0.0,85.07973177780896,-33.501091387924085,0.8169690355075296,0.0
140.0894174886084,-14.014265902656717,8.980681832458519,0.0,108.12908323103207,-10.277728180121889,1.1855439571928201,0.0,92.54527281348402,-6.241419005263432,4.508222502180168,0.0,121.15519171247068,-34.184713346135716,1.7875542744748305,0.0,112.40683308710327,-39.37845048014287,2.220678596034247,0.0,85.08385813820962,-33.53364200479619,0.8076320599418167,0.0
140.63391660486784,-14.341971144907966,8.512991701292489,0.0,108.10882993132778,-10.333972405957518,1.181365625174939,0.0,93.4973080929052,-6.324944146585288,4.501793548706269,0.0,121.19014777176301,-34.17345840993578,1.7849193070266818,0.0,113.04361385466585,-39.017398104798936,2.1088983376832715,0.0,85.08125727161257,-33.56900532826629,0.8015416288179615,0.0
141.13467864181973,-14.67490391181533,8.012773746573348,0.0,108.08482889206122,-10.40079098158053,1.179332788927331,0.0,94.44062088620443,-6.422250841607081,4.498286977845671,0.0,121.22409594181413,-34.16401666768621,1.780372109789484,0.0,113.68242570977068,-38.61262913973623,1.9682950500755396,0.0,85.0742083851174,-33.60229086106422,0.7954556907598871,0.0
141.57840949774808,-15.00467479359218,7.492345264647062,0.0,108.06513980048294,-10.467834898096463,1.1804746508963149,0.0,95.38404478513475,-6.5355519196240035,4.495756182826208,0.0,121.26055913816391,-34.156645412861096,1.7759614439547935,0.0,114.3226588461875,-38.158092964366716,1.8019774250458909,0.0,85.06589715193493,-33.62946102643708,0.7858517092377788,0.0
141.95953592422072,-15.32321698079641,6.96380833974741,0.0,108.0577487068013,-10.517800689012908,1.183716830196687,0.0,96.3313072068642,-6.669636991951394,4.4945234058726395,0.0,121.30161028726332,-34.15164190156706,1.77299152585395,0.0,114.95259173952421,-37.65586635669807,1.6189383245925377,0.0,85.05927175549223,-33.64852440143146,0.7701442184316871,0.0
142.28320961761042,-15.626128643960763,6.436946047181059,0.0,108.06774101397626,-10.53093931381518,1.1865908979331312,0.0,97.27759562715318,-6.832502589136752,4.494356907179089,0.0,121.34777200387293,-34.14919764843125,1.7721347093525726,0.0,115.55015506270908,-37.12061274444394,1.4335740556779442,0.0,85.05615482946472,-33.65984702223287,0.7475284216957157,0.0
142.56465614526252,-15.915893428377244,5.91614547231749,0.0,108.09558941486449,-10.492571008304015,1.1869742430493666,0.0,98.2087740945337,-7.034048473709328,4.4912097132429025,0.0,121.39837355482385,-34.14929637834959,1.7736695723373046,0.0,116.08737072151781,-36.581199137215926,1.262810548979754,0.0,85.05686408049397,-33.66559624956489,0.7191010444456118,0.0
142.82425694318178,-16.20281465790639,5.398631072053052,0.0,108.1372032743239,-10.400486696139264,1.184694554718945,0.0,99.10390268970878,-7.283187502179318,4.475454960640338,0.0,121.45191982124928,-34.15170755404081,1.777589164291049,0.0,116.53770616751916,-36.07675880506584,1.1215486316826464,0.0,85.06029720134738,-33.66876777541863,0.6873325427172983,0.0
143.07950506376588,-16.502533062340646,4.876801593776851,0.0,108.18537371905646,-10.268722609084913,1.181562718844292,0.0,99.94011500984352,-7.58460061325755,4.433075811149454,0.0,121.50639791323646,-34.15607100326248,1.783496806136359,0.0,116.88376584660404,-35.647047520850386,1.0185583059332117,0.0,85.06435068486927,-33.67226990354859,0.6552354629718842,0.0
143.33736416123904,-16.83051731390585,4.345182358820825,0.0,108.23184562091163,-10.125315383249875,1.1795788116271453,0.0,100.69785558262241,-7.93616169638276,4.349682356774302,0.0,121.55960238518023,-34.162032189379154,1.7904179081532163,0.0,117.12221582632878,-35.320879279105874,0.9548367824144837,0.0,85.06659198164316,-33.67830582504981,0.6255758252408672,0.0
143.59131029268804,-17.194938023966728,3.808415369269544,0.0,108.26946111587051,-10.00381620197464,1.178895152507728,0.0,101.36471417568808,-8.327380751951049,4.215499694135856,0.0,121.60943813186825,-34.16938833999201,1.796836143768708,0.0,117.2641942226108,-35.10809538159215,0.924761529562037,0.0,85.06507594670497,-33.688082361600316,0.6003290366229042,0.0
143.82505166634633,-17.590247632619942,3.2850002840096293,0.0,108.29398607481835,-9.931436947421682,1.1775867091170849,0.0,101.93704202948165,-8.739146537321876,4.028855282544475,0.0,121.65410183451344,-34.178204398322116,1.8011813027583639,0.0,117.33155222400457,-34.99830393860433,0.9188697075478096,0.0,85.05905692624997,-33.701803355738974,0.5804536815449914,0.0
144.02116559869594,-17.994898985748307,2.8042440904565913,0.0,108.3050747652597,-9.919276591296859,1.173455347308046,0.0,102.41929042285541,-9.145546265690063,3.796623813311781,0.0,121.69217532238072,-34.18885116666925,1.8026080633459465,0.0,117.3507188023265,-34.96587743458226,0.9268665743192024,0.0,85.04928782583197,-33.71888879068743,0.5659667375425492,0.0
144.16992431565598,-18.375894242844453,2.3978772521358627,0.0,108.30580228011047,-9.959558633322104,1.1659893998041362,0.0,102.82150247528057,-9.518368831991783,3.531903708948338,0.0,121.72277428941703,-34.2019292447025,1.8015433608993927,0.0,117.3464337213781,-34.97836345658006,0.9399509202364609,0.0,85.0377430984408,-33.73830235713408,0.5561977202237873,0.0
144.27317440608482,-18.699238500993165,2.089742341323709,0.0,108.3007782553309,-10.030863978255011,1.156795880543518,0.0,103.15590028218661,-9.833434079221188,3.2505648019024758,0.0,121.74580521810678,-34.218074763813604,1.7995142797996557,0.0,117.33724707847644,-35.005128566835005,0.952059407799668,0.0,85.0268638936538,-33.75883435434398,0.5500330916396337,0.0
144.34142881047055,-18.941674163797206,1.887391568191907,0.0,108.29374581702699,-10.107926325464152,1.1486868953889555,0.0,103.4337993840393,-10.076341356860901,2.968258972095626,0.0,121.7621557356068,-34.23768407721994,1.7982528188823128,0.0,117.33376594024658,-35.02377899838016,0.9600537163425464,0.0,85.01864480643862,-33.77925926293815,0.5460479147764872,0.0
144.38718002056322,-19.09817565435163,1.7790278864729343,0.0,108.28594144907682,-10.170804044313801,1.1445435519999112,0.0,103.6638019688176,-10.245215703203462,2.6984701968369933,0.0,121.77352965418217,-34.26063186862726,1.7986826798252107,0.0,117.33949670604446,-35.022990428967674,0.9631498894283155,0.0,85.01395271045413,-33.7984054890458,0.5426110233445502,0.0
144.4192647970135,-19.18202278919963,1.7371671879527621,0.0,108.27601486099637,-10.209736680143955,1.1465279023179438,0.0,103.85159791365733,-10.349520306784196,2.4514426767289947,0.0,121.78185888024518,-34.28607899098433,1.800565408899022,0.0,117.35325998666787,-35.00164473390193,0.9619808013071083,0.0,85.01233277610629,-33.81523034799887,0.5381362756081156,0.0
144.44081483944439,-19.218102396088113,1.7274521516610433,0.0,108.26142751441898,-10.224984255968653,1.1555818087168106,0.0,104.0011046001757,-10.405724813170895,2.2338212441325958,0.0,121.78863141358349,-34.31246308489778,1.803083545308823,0.0,117.3718808388556,-34.96535323063048,0.957688652757513,0.0,85.01229862281934,-33.82897604018092,0.53152518717725,0.0
144.4502710281867,-19.23301487729016,1.718949748120072,0.0,108.24052032492897,-10.22329127488302,1.1711599439591645,0.0,104.11619819489444,-10.431703609682346,2.048983872004113,0.0,121.79459512726464,-34.33772827711355,1.8059258016148014,0.0,117.39218638033606,-34.922095344145774,0.9513763288182115,0.0,85.01190915219892,-33.83942142303393,0.5226246980575322,0.0
144.44386002902542,-19.2464034213027,1.6918360535033168,0.0,108.21414037238972,-10.213356580620086,1.1913092221770132,0.0,104.2021179815359,-10.441987812026396,1.8978259292968502,0.0,121.79995787880844,-34.3597954797028,1.8100856392110423,0.0,117.4119617199705,-34.87859057053982,0.9440214788584758,0.0,85.0093836132293,-33.84714741296914,0.5124111749788742,0.0
144.41837283798193,-19.26671390425827,1.6397955199379304,0.0,108.18597529111072,-10.202177939328864,1.2131379400272309,0.0,104.26591640331834,-10.445368511780645,1.7794446184399426,0.0,121.80481369033434,-34.37725965745814,1.8177063445673856,0.0,117.43003308328815,-34.838357278023196,0.9366544902045781,0.0,85.0035607492211,-33.85364741941812,0.5027126633066938,0.0
144.37346926027863,-19.292177224681414,1.5671510130919337,0.0,108.16147346869249,-10.193199585958629,1.2335553092396818,0.0,104.31579071246436,-10.445117475251395,1.6913395158139028,0.0,121.80945511889153,-34.39032933942222,1.8307752704674058,0.0,117.44587184701574,-34.80160822837835,0.9304530238354136,0.0,84.99412329709733,-33.86112925458656,0.49553567953604905,0.0
144.3127434111501,-19.315516326877855,1.4831505029458576,0.0,108.14596402670446,-10.1863453919924,1.250087034963025,0.0,104.35949693467443,-10.44096512435451,1.6293509842658747,0.0,121.81439135960977,-34.40198786601478,1.849170604091313,0.0,117.45909143167093,-34.76650246961414,0.9265403832200612,0.0,84.98162668098948,-33.87199177015231,0.49228880270743325,0.0
144.24310558928968,-19.329731532310966,1.3965866937868157,0.0,108.14285067284344,-10.17940313173546,1.261570190631037,0.0,104.40244063429492,-10.431530955203248,1.5879134790435376,0.0,121.82009565732987,-34.41917184033841,1.8691833193926826,0.0,117.46908107982124,-34.73095125395675,0.9255792205350009,0.0,84.96741719180712,-33.888118224096104,0.4932347201858711,0.0
144.17284404237097,-19.332488612267227,1.3129133535770254,0.0,108.1525148120746,-10.169887007112514,1.2685344697907013,0.0,104.44641459289254,-10.41614392225169,1.5608663068512278,0.0,121.82670918088829,-34.45351321189186,1.883627802124014,0.0,117.47491075609807,-34.69417465438164,0.9274610391153164,0.0,84.95346551766208,-33.910202508580774,0.49735094485897946,0.0
144.1094010176683,-19.32765462370031,1.2342243666174308,0.0,108.17218312968441,-10.156518510670802,1.2730946131191825,0.0,104.4898487496068,-10.395575397164537,1.5424483302920091,0.0,121.83403098354043,-34.521060994799264,1.8838255183337544,0.0,117.47557869779536,-34.6574484226248,0.9313162894199678,0.0,84.94202909847439,-33.93732507268512,0.5025766899862774,0.0
144.05784092672607,-19.323788674958557,1.1609934168185347,0.0,108.19677188092666,-10.139820932712592,1.2782897832207762,0.0,104.5296358924481,-10.371813128009066,1.527942485053007,0.0,121.84198777204477,-34.64054007465411,1.8627229619815573,0.0,117.47055266322965,-34.62384241952862,0.9358072546197036,0.0,84.93507247218531,-33.967016102591614,0.5063312165985785,0.0
144.02028931699206,-19.330512181725652,1.0939200824097153,0.0,108.22055558687728,-10.121854860164422,1.2870409196351265,0.0,104.56356030300459,-10.347416282883998,1.5138896721541677,0.0,121.85147696150268,-34.830199365149696,1.8180376051418747,0.0,117.46031953081228,-34.5971294730289,0.9395375324039872,0.0,84.93365008775862,-33.996079546170435,0.5062387741483203,0.0
143.99595919352018,-19.354375639055014,1.034637407115481,0.0,108.23920901812156,-10.105502238555031,1.3011500677370762,0.0,104.59186799383559,-10.325036356124183,1.498206834711791,0.0,121.86526655854149,-35.10395340846538,1.754481604915167,0.0,117.44652559006938,-34.580353947148936,0.9414928870537658,0.0,84.93770165004649,-34.02235840318845,0.5010475142430035,0.0
143.9813471143668,-19.395805088118568,0.9850987394543846,0.0,108.25140879942353,-10.093659057042355,1.3208690469239848,0.0,104.61700245402405,-10.307330605502822,1.4802784186556988,0.0,121.88863926418837,-35.46784183487853,1.6839902759847334,0.0,117.43152236352935,-34.574670955830975,0.9414002677290068,0.0,84.94645795786727,-34.04728152778653,0.4916714122186612,0.0
143.97062972158213,-19.448098600021222,0.9464867714699761,0.0,108.25918938523266,-10.088357324351962,1.3453869156442249,0.0,104.64168303874243,-10.297008475173433,1.460586732945245,0.0,121.92960583547317,-35.91772573240753,1.6229426939537248,0.0,117.41755049945903,-34.57890867564914,0.9397489695303314,0.0,84.9591049012015,-34.07842908518272,0.4821356723899406,0.0
143.95653992068992,-19.49877917748449,0.9187620397078664,0.0,108.26687214785446,-10.089681456360982,1.3741469318897828,0.0,104.66655486502776,-10.296570275221509,1.4396873629875184,0.0,121.99866051432768,-36.438952823003135,1.5867729552820258,0.0,117.40596893346037,-34.589957793720586,0.9373834887115287,0.0,84.97522723267822,-34.13074017082497,0.48000392392926194,0.0
143.93175437233003,-19.5329725255456,0.9013857577593711,0.0,108.27924108487188,-10.09461016508601,1.408456310609358,0.0,104.68894801635221,-10.307584733744475,1.417184540095219,0.0,122.10812989144598,-37.00840233894049,1.5843619674364167,0.0,117.3968161083165,-34.60376469931491,0.9349746262864809,0.0,84.99499087240437,-34.225007976032046,0.4957683658358114,0.0
143.89050471513232,-19.537760917583274,0.8947228052306091,0.0,108.30004417158075,-10.09630258254386,1.4526601471049094,0.0,104.70366390985706,-10.329832724577196,1.391643775595437,0.0,122.27119437659609,-37.598612293453755,1.6151200056196604,0.0,117.38885170675412,-34.61652333957723,0.9327848010162398,0.0,85.01942418496027,-34.38335917514412,0.5409714536986385,0.0
143.83008112796097,-19.506019732279505,0.9008240954018323,0.0,108.33155226582416,-10.08442538245862,1.51428512854514,0.0,104.705492114958,-10.360886262148547,1.3616018458442465,0.0,122.50067188285415,-38.182898684250084,1.6700751531565192,0.0,117.3801498807836,-34.62563781227568,0.9308712154180672,0.0,85.05104601335145,-34.6229879329543,0.625446665162162,0.0
143.7519062866984,-19.438412045725883,0.9224541516919977,0.0,108.37511793197704,-10.04681763712083,1.6029654882626723,0.0,104.6921067287979,-10.396500594094181,1.326829652780697,0.0,122.80767365543464,-38.740106326829945,1.7358956446309186,0.0,117.36913202661886,-34.63017247839784,0.9294858426815633,0.0,85.09459561352776,-34.95051938500178,0.7545702520330888,0.0
143.66173716629163,-19.342976427908788,0.9604984616353551,0.0,108.43206520962846,-9.972355926017697,1.7284754208282624,0.0,104.66577833454389,-10.431723936444785,1.2888181482940055,0.0,123.20040117572125,-39.257920831162686,1.7995578928881582,0.0,117.35561094761341,-34.630775207785476,0.9292348402694905,0.0,85.15728966140122,-35.35930806141695,0.9274910703011869,0.0
143.56858649143405,-19.23286072173927,1.0113188358987006,0.0,108.50423429717654,-9.8544482571261,1.898497758461696,0.0,104.6330233717581,-10.462213418977038,1.2502215051815853,0.0,123.68351972892656,-39.73391791864612,1.852068127135757,0.0,117.34123837902938,-34.62927242899406,0.9308123157450243,0.0,85.2482410636837,-35.83068628072361,1.1369801879566772,0.0
143.48241685587482,-19.123439796994816,1.066005252122773,0.0,108.59400651601793,-9.69407312449799,2.1166619757306684,0.0,104.60237969028601,-10.485203183645918,1.2138775090510894,0.0,124.25809101418142,-40.173750210364084,1.8907164588660752,0.0,117.32899697208555,-34.62815440183195,0.9345985256649314,0.0,85.37718120654375,-36.33835814544125,1.3709576246156843,0.0
143.41137123945688,-19.029556099474554,1.1124370253374494,0.0,108.7041873151823,-9.500823773099343,2.381112501939562,0.0,104.58133503911019,-10.499909918356185,1.1821265928060942,0.0,124.92132709828357,-40.586963712765645,1.9192822325342735,0.0,117.32196907525469,-34.63007605506051,0.9404782312490703,0.0,85.55290939520934,-36.853867764685276,1.6150896795892962,0.0
143.3597183093443,-18.962881432515886,1.1393055425745207,0.0,108.8383167818941,-9.29065004765843,2.6838460263525024,0.0,104.57371554986082,-10.507493917689189,1.1565504029808622,0.0,125.66596734479377,-40.982394576027026,1.945675790920319,0.0,117.32206908091331,-34.63742795842655,0.9478744671792931,0.0,85.7818609608087,-37.35102033998563,1.855386923861289,0.0
143.3273219059597,-18.929653498585026,1.14001962904881,0.0,109.00163118474106,-9.080507527677437,3.011236920445479,0.0,104.5785659403515,-10.510700486021857,1.137843160592105,0.0,126.48029600202162,-41.365094377446304,1.977812683453088,0.0,117.32937633272022,-34.651968256703405,0.9558485362693716,0.0,86.06712232808452,-37.808098174417154,2.0797343640880843,0.0
143.31051937936658,-18.929504451189324,1.1146043983290568,0.0,109.20216121336722,-8.882323492716786,3.3459273823875613,0.0,104.59091078817944,-10.513160260505193,1.1257242982388362,0.0,127.34966737942456,-41.7353441585681,2.019591277606434,0.0,117.34228219075162,-34.674408101807025,0.9633407966300354,0.0,86.40821988702287,-38.207964654419804,2.27784081174128,0.0
143.30362119658906,-18.955817328182196,1.0690203435984351,0.0,109.45090570053718,-8.699619119373587,3.6694311249510214,0.0,104.60404216760088,-10.51836025192012,1.119103764772456,0.0,128.2591695223979,-42.0891198517141,2.0686273509169144,0.0,117.35826535154625,-34.70386166276226,0.9696936053428882,0.0,86.80189022503103,-38.53704234706172,2.4400346447294634,0.0
143.3003284601718,-18.99749464247697,1.0126986996514251,0.0,109.76031607086519,-8.52852508497592,3.964333745173189,0.0,104.61239167680526,-10.528503993814901,1.1165917710115387,0.0,129.19620318448466,-42.41897483751744,2.1164262195638965,0.0,117.37494891707937,-34.737359691143936,0.9752607339651078,0.0,87.2436949129453,-38.784417879008046,2.55618744191181,0.0
143.29490795531416,-19.041733698792395,0.9556576037339326,0.0,110.14138897229418,-8.361998435406303,4.215645552976346,0.0,104.613793251674,-10.543629457619357,1.1170534701935093,0.0,130.15183085921353,-42.714557607114216,2.150538995731539,0.0,117.3910868166281,-34.76993156468147,0.9815791784437184,0.0,87.72991000352137,-38.941996875926,2.61619511155315,0.0
143.28323380602802,-19.07722520314472,0.9062337631045327,0.0,110.60062470301789,-8.194224432222274,4.411993769587047,0.0,104.6101593041773,-10.561333861617333,1.1197915151037012,0.0,131.12051555329086,-42.96261814881986,2.157517271200579,0.0,117.40712618915047,-34.79561775494899,0.9907363506285165,0.0,88.25885163147068,-39.00591096677765,2.6125788811636514,0.0
143.26357764158394,-19.09695589427123,0.8697878322715571,0.0,111.13821475442145,-8.022669792969122,4.547619416751077,0.0,104.60630875790508,-10.577280963419845,1.124280158086309,0.0,132.0985927935609,-43.146976009887396,2.1255733418465876,0.0,117.4250383499029,-34.80916922540887,1.004163440633473,0.0,88.83089359493235,-38.97861226005176,2.544304735730689,0.0
143.23680813372897,-19.099698037460165,0.8483281621291354,0.0,111.74809214651172,-7.847237513090555,4.625164239928479,0.0,104.6075935497547,-10.586403743423041,1.1297950557653387,0.0,133.08210325023614,-43.24924224698964,2.046443935139898,0.0,117.44737403289736,-34.8076600802531,1.0216067056272973,0.0,89.4469389492933,-38.87059206061445,2.4198099402373323,0.0
143.20584725747563,-19.08959093697757,0.8409331890554288,0.0,112.4195249071075,-7.6677504654422055,4.657851879717636,0.0,104.61748893194836,-10.584490595151502,1.1353403401619016,0.0,134.06474323377464,-43.250976730063186,1.9164502578925138,0.0,117.47593780316923,-34.79125361434221,1.0409737259647205,0.0,90.10587201859893,-38.700554254630006,2.257251536380407,0.0
143.17458560424694,-19.073985368298207,0.844759254450441,0.0,113.13939417871798,-7.481580611085422,4.66916878805755,0.0,104.63613917436102,-10.569744175195831,1.1399533017257557,0.0,135.03680001263507,-43.137361299578515,1.7369622790969252,0.0,117.51074167984808,-34.762867284801054,1.0591391213345105,0.0,90.80218439753058,-38.493242775491,2.0812512999299493,0.0
143.14659133639614,-19.060511582543974,0.8561637020644088,0.0,113.89438164200497,-7.282862754790672,4.689105717725061,0.0,104.66025625638547,-10.54387862991096,1.1431328573788981,0.0,135.98569339298075,-42.901564655964805,1.5145126134353486,0.0,117.54972191772984,-34.7270411903358,1.0731879098846537,0.0,91.5250908762229,-38.27502958629079,1.9172449484763021,0.0
143.12393965620683,-19.054555567829798,0.8714831991005862,0.0,114.67271717734509,-7.063910678480347,4.747816575182363,0.0,104.68421828678936,-10.512318746621284,1.145093029740428,0.0,136.89800118425504,-42.54828222730082,1.2606753968640287,0.0,117.58924553699903,-34.688547857290416,1.0814681682513907,0.0,92.25981316830834,-38.068517391742844,1.785825974430539,0.0
143.10658665933082,-19.05788689148971,0.8874744745285081,0.0,115.46543725433729,-6.8184481513656205,4.868913809842619,0.0,104.70190780070222,-10.483169719534255,1.1467364867493224,0.0,137.7620694545315,-42.09501469107506,0.9915095420920643,0.0,117.6250765203806,-34.65119158258979,1.0841118401301877,0.0,92.99064282967531,-37.888090998312634,1.6993564925499651,0.0
143.0927149835162,-19.068564943349774,0.9017358922646164,0.0,116.26702142173752,-6.545368805298837,5.064625442548032,0.0,104.7087239450031,-10.464960926241268,1.1494140788101976,0.0,138.5701046103296,-41.570512152393114,0.726184751246544,0.0,117.65340970161718,-34.61709307855607,1.0829498353985265,0.0,93.70454989913245,-37.738055304079666,1.6617772073675994,0.0
143.08005366082415,-19.081926885057374,0.9131467641690598,0.0,117.07505900098859,-6.2513393301317075,5.3338683479756055,0.0,104.7032259224598,-10.463697990401087,1.1545447910462432,0.0,139.31904897248577,-41.010823097876575,0.4847159552358331,0.0,117.67170663609359,-34.58666077535986,1.080861452493055,0.0,94.39386955589335,-37.613944700961866,1.6709949860567708,0.0
143.06750602105998,-19.09242839973079,0.9219919674773003,0.0,117.88875908184956,-5.950856131816804,5.663061106899214,0.0,104.68796336636035,-10.480269393056028,1.1631177844747977,0.0,140.01013593440217,-40.454039798418556,0.2852698432529017,0.0,117.67918141180712,-34.559295603635164,1.0807132485584834,0.0,95.05696882297526,-37.50642636336019,1.7223233609443884,0.0
143.05609343986112,-19.09601186042977,0.9295538549614761,0.0,118.70676931765173,-5.66331105179894,6.029086423887637,0.0,104.66916771084288,-10.509448560471936,1.1751537198133928,0.0,140.6474943794901,-39.935056851474,0.14174377346793499,0.0,117.67684822143038,-34.534584688503976,1.0842235704568512,0.0,95.69663594498836,-37.40639124846711,1.811377313410926,0.0
143.0486134803362,-19.092291475081407,0.9373659315420468,0.0,119.5254464503838,-5.407975429143964,6.403887723600323,0.0,104.65516318333506,-10.541320652166906,1.1893842838652375,0.0,141.23644008042643,-39.481454112633465,0.06217064838035924,0.0,117.66715622630034,-34.51344231981446,1.0912070743314413,0.0,96.3170246793907,-37.30942527258585,1.935343905944011,0.0
143.04827311416778,-19.08551552546225,0.9465321964788771,0.0,120.3387285595637,-5.198972692638128,6.75984906876006,0.0,104.65374625431373,-10.564878252641696,1.2035001270966212,0.0,141.7821352411742,-39.11103175287235,0.04824815526298565,0.0,117.65338735190115,-34.49854742114585,1.0995810435265962,0.0,96.920819024805,-37.21795875522663,2.0924071858111457,0.0
143.05716601003707,-19.083575152689626,0.9573985671571634,0.0,121.13973704886432,-5.04241205743355,7.074414392766418,0.0,104.66932967062061,-10.572266682421105,1.2150538951675358,0.0,142.28908273574132,-38.83089803815656,0.09604091740178511,0.0,117.63904126898214,-34.493635930630916,1.1062526066813252,0.0,97.50820557903897,-37.14019114085009,2.280009189414171,0.0
143.07538130858785,-19.095214076883323,0.9696249370303285,0.0,121.9228168695788,-4.936625467550404,7.332391918161263,0.0,104.70098326231567,-10.561658789296295,1.2225811711189944,0.0,142.76147822260825,-38.63772628815679,0.19761058376705165,0.0,117.62733947450289,-34.50176082763563,1.1086261793441015,0.0,98.07808995207193,-37.08625369816287,2.493139859719216,0.0
143.10104047076877,-19.126419152778407,0.9825005601201298,0.0,122.68424564219336,-4.874802329626736,7.525487620342597,0.0,104.74229488313452,-10.537496130125405,1.226233362192655,0.0,143.20396281583578,-38.518905033719015,0.34304438855889074,0.0,117.62083966959439,-34.52330489719724,1.1060783416610391,0.0,98.6305288397648,-37.0633099598018,2.723643654952138,0.0
143.1310868284859,-19.177430808331945,0.99524428570151,0.0,123.42091145894697,-4.848401449711232,7.650029447250726,0.0,104.78327497952064,-10.50825076974259,1.2275347283142306,0.0,143.6221079177391,-38.45452516709033,0.5221904289312995,0.0,117.62106773630221,-34.55484751411169,1.1005684264710052,0.0,99.16865133285185,-37.07167689854869,2.9608060083760837,0.0
143.16231854111638,-19.241881367949738,1.0071259039806524,0.0,124.12804489373781,-4.84978517053671,7.704645566832336,0.0,104.81367476625401,-10.482900823011194,1.2284831273822192,0.0,144.02220118172232,-38.420149277604835,0.7254869682824019,0.0,117.62814045552491,-34.58963284661673,1.0958905086401831,0.0,99.6987812830645,-37.10349164697345,3.1928456901554974,0.0
143.1920529663492,-19.308874964015295,1.0175093366940633,0.0,124.79811324026309,-4.873222372785785,7.689435320996266,0.0,104.8264605284388,-10.467566160899986,1.2305768668395753,0.0,144.41039913927347,-38.3899894703101,0.9436976249884523,0.0,117.64057347743889,-34.619550947891064,1.0958928836974895,0.0,100.22854747184998,-37.14442711830452,3.4087934354258014,0.0
143.21814470062742,-19.36718809586344,1.0260694005452677,0.0,125.42227761825336,-4.91437967704275,7.606972966627708,0.0,104.8200930595642,-10.463473849521462,1.2342616122306502,0.0,144.79167332128665,-38.339774345571975,1.166970984075098,0.0,117.65561431336907,-34.63776112561889,1.1026806880016942,0.0,100.76382515842747,-37.17793277492131,3.600394112624599,0.0
143.23872092027304,-19.409249211922084,1.0332018526955604,0.0,125.99381268335188,-4.969181505359179,7.463980051158448,0.0,104.79879667247242,-10.466873835522817,1.238938933590724,0.0,145.16900835067352,-38.24868409763232,1.3840026351795611,0.0,117.6702100655718,-34.64081835797871,1.1157601521288996,0.0,101.30603070448443,-37.190577040175775,3.7636799745235834,0.0
143.25229981298696,-19.432680514813164,1.0402689974530563,0.0,126.5113258813439,-5.033050172228616,7.271830412456309,0.0,104.77089877948153,-10.470815643418344,1.2433825858899628,0.0,145.54310724995864,-38.100350537864095,1.5819705269930129,0.0,117.68220908273686,-34.62948859244502,1.1323947748705088,0.0,101.85133141240188,-37.17643037098347,3.899679598901951,0.0
143.25848910380375,-19.43900293332398,1.0493214360328604,0.0,126.97984020047194,-5.101121759245675,7.044822342265863,0.0,104.74604837490303,-10.468046186268332,1.2463255593068983,0.0,145.91258787226747,-37.88353607044794,1.7475493478744468,0.0,117.69111733319411,-34.608080727173096,1.148777995505581,0.0,102.39249592690086,-37.13852934203865,4.013817047130425,0.0
143.25868214254743,-19.43098168038389,1.0623412450357783,0.0,127.4093745452902,-5.169409307895762,6.79676376159228,0.0,104.73231331350705,-10.45394545179154,1.2470126554475591,0.0,146.27442153106932,-37.593170818307456,1.8689739980120148,0.0,117.69799967662532,-34.5827296931025,1.1614026382948541,0.0,102.92262598508539,-37.08668186597484,4.114165237037058,0.0
143.25594783833762,-19.410565708193506,1.0804200329667673,0.0,127.81210285786418,-5.236265815594215,6.537651833377379,0.0,104.73394395818376,-10.428444038272913,1.2455342145950752,0.0,146.62428069998393,-37.23194709992301,1.9388208499906447,0.0,117.70466974410209,-34.55940312409555,1.1681394801576275,0.0,103.43881761581112,-37.032708825810104,4.209320590444101,0.0
143.2539160052873,-19.378502891968683,1.1033338637465704,0.0,128.19960576098305,-5.3031784566146465,6.272293197126722,0.0,104.75035529831624,-10.396217239580833,1.2428098560155494,0.0,146.95664367437817,-36.81206739895169,1.9567275825366934,0.0,117.71268263865731,-34.542356117547556,1.1687741797369302,0.0,103.94382485862636,-36.98543282603611,4.3066270740759816,0.0
143.25527398720297,-19.335497020910633,1.1297231313666245,0.0,128.5812295192631,-5.374232450117437,6.001649905213736,0.0,104.77669740374957,-10.36505885968471,1.240244110421962,0.0,147.26486937989478,-36.356277657233754,1.9307952034122788,0.0,117.7226568680194,-34.5333773039774,1.1649461868549462,0.0,104.44498818216643,-36.947542563656995,4.410954405320696,0.0
143.26073392329258,-19.283922244735376,1.1576871876309216,0.0,128.9636996661243,-5.45438841218377,5.7261762033009465,0.0,104.80597714608487,-10.343032486121237,1.2392231907369933,0.0,147.5416785187656,-35.89693323711863,1.8765275642346761,0.0,117.73422196675669,-34.53174786891571,1.1595524730437958,0.0,104.95113838726657,-36.91524153559551,4.523862812146357,0.0
143.26895012045833,-19.22883914402427,1.1853674979737239,0.0,129.35149091122008,-5.547450219839736,5.449267185669852,0.0,104.83198929782385,-10.335498747841806,1.240633252299176,0.0,147.78030168550603,-35.47178225398045,1.8132263328491582,0.0,117.74657252153526,-34.534682606742805,1.1557937348049467,0.0,105.46907083917169,-36.88023768481334,4.643064230773728,0.0
143.27738063989864,-19.177460729090072,1.2112299111648053,0.0,129.74735202081985,-5.6548195077714185,5.178779530110738,0.0,104.85175419606466,-10.343187736593695,1.2445174085454322,0.0,147.97604612866886,-35.11626785943621,1.7590886034806505,0.0,117.75929709430538,-34.53812403472213,1.1561892485970287,0.0,106.00119697712894,-36.83280493751649,4.762461616658751,0.0
143.28371899513553,-19.13711320295346,1.2340519930509544,0.0,130.15270481091156,-5.775779583126018,4.925538873474147,0.0,104.86627001771089,-10.362055493495125,1.2499755771290975,0.0,148.12758438474228,-34.854531047996105,1.7268291683684822,0.0,117.7729372451597,-34.5378410051921,1.1619127813666417,0.0,106.54521058692188,-36.76457745707927,4.8732860078617914,0.0
143.2872182901892,-19.11260802710473,1.2528072741433522,0.0,130.56795055209042,-5.909292908522645,4.699344800483559,0.0,104.87923839510037,-10.384893318247848,1.2554065973475161,0.0,148.23733546946653,-34.693081797243075,1.7212352851353998,0.0,117.78880845527152,-34.53070792046472,1.1726044525381916,0.0,107.09551232086645,-36.670315217405985,4.9664611492656,0.0
143.28919647306327,-19.104321448563894,1.2666930255462319,0.0,130.99271339085726,-6.056439993716913,4.504328954608437,0.0,104.89454737843568,-10.403930747758684,1.2590750929938004,0.0,148.31085273115158,-34.6202904578037,1.7391633832423015,0.0,117.80807609544577,-34.51592383366843,1.1865795374293917,0.0,107.64539641428088,-36.54866144330434,5.035411792756902,0.0
143.2923885028328,-19.1079985086342,1.2754456499656328,0.0,131.42586214045753,-6.222119023989723,4.335906640905448,0.0,104.91398958706564,-10.4133601938103,1.2597942796749635,0.0,148.3556045494605,-34.61181221002651,1.7716690394848698,0.0,117.83061768936005,-34.49585582585218,1.201262732927301,0.0,108.18898023172522,-36.40228694084353,5.078007699196855,0.0
143.299343635934,-19.116501677515462,1.2798584432345308,0.0,131.86514281711172,-6.414818557481308,4.180929622392609,0.0,104.93648391551264,-10.410884127886696,1.2574165601794185,0.0,148.3795937026696,-34.63916847069934,1.807423211451649,0.0,117.854358391333,-34.47614755145504,1.2137069737529327,0.0,108.72233337795483,-36.23758525600248,5.096765211829267,0.0
143.31054889365515,-19.122696896679876,1.2821932708911632,0.0,132.30650797638384,-6.644086479540976,4.021390689246894,0.0,104.95909360653553,-10.39785379118506,1.2528933527862502,0.0,148.39009090322705,-34.67777954434692,1.8363212128416997,0.0,117.87548792077413,-34.4648026031704,1.2211816059243628,0.0,109.24383199581774,-36.0636928154821,5.097267156998321,0.0
143.3233279979722,-19.121899724925782,1.2860571379751704,0.0,132.7435157672244,-6.916292394026144,3.840585316142655,0.0,104.97901138948984,-10.378138161430389,1.2478566491285736,0.0,148.39265457592106,-34.71175503163371,1.852297153581537,0.0,117.88955669281106,-34.47021114262747,1.221918556316929,0.0,109.75414476457914,-35.89057475326567,5.085311523768706,0.0
143.33245945583744,-19.11251654146028,1.2954713756756497,0.0,133.1673132678586,-7.230062541446166,3.6294526982722966,0.0,104.99509454711429,-10.356367626771283,1.2439121549786414,0.0,148.39065815949226,-34.734628246093465,1.8547387332300413,0.0,117.89312256374546,-34.49841867890349,1.2159385780983243,0.0,110.25625000547147,-35.72631699422323,5.063596165479389,0.0
143.33252366621699,-19.09488096320228,1.313374731845185,0.0,133.56760557479134,-7.573228180180479,3.390457628825553,0.0,105.00791732702572,-10.336404552770693,1.2420286364917725,0.0,148.3855547432421,-34.74690083430836,1.8482817730680559,0.0,117.88541769282696,-34.550238801842056,1.2055232688552877,0.0,110.75546253468023,-35.57429422467732,5.029087403209354,0.0
143.32072064910986,-19.069687771098103,1.3402858256042247,0.0,133.93452389378785,-7.923013744291109,3.1372625149384286,0.0,105.01850824069504,-10.320632103485217,1.2423808959445406,0.0,148.37780903065874,-34.75215355705965,1.8410553550259063,0.0,117.86940847013925,-34.6192032117611,1.194823176042128,0.0,111.25896084112269,-35.431166242425306,4.972428616909776,0.0
143.29843012060599,-19.037460784137885,1.3738411715465446,0.0,134.2606557254908,-8.250159378097322,2.8903051940825852,0.0,105.02701769813585,-10.310070348422846,1.244637795525989,0.0,148.3679889450118,-34.753532342591626,1.8418022971833885,0.0,117.85162854009721,-34.69173092420866,1.1885278636626442,0.0,111.7742204214963,-35.28657130296152,4.880316548616523,0.0
143.27061027335202,-18.99921783923375,1.4094638852682717,0.0,134.5422806368222,-8.525952771527521,2.6701450108502227,0.0,105.03252427535642,-10.30485899155844,1.2482822803070643,0.0,148.35741454119423,-34.751891558217054,1.8567271859603238,0.0,117.8404326679284,-34.75059848100174,1.1901837110894053,0.0,112.30618366190328,-35.12510922656193,4.740566993439407,0.0
143.24355510705854,-18.9573315225377,1.4418857444362594,0.0,134.77932394817844,-8.729681166236599,2.4910932263634757,0.0,105.0340825648191,-10.304617131251433,1.2525990834373495,0.0,148.34810963993814,-34.745974363379936,1.8871935796834958,0.0,117.84303751210906,-34.7811895985625,1.201077262073392,0.0,112.85371223922081,-34.93083359618707,4.548090446084,0.0
143.22245748069295,-18.915546393120174,1.4669432332518042,0.0,134.97429118514785,-8.85369943002371,2.3572416248082515,0.0,105.03201905720974,-10.308525360820257,1.2564464904858195,0.0,148.34223888937396,-34.73397603216767,1.9292144551158295,0.0,117.86258459810973,-34.77779284046602,1.2201882774524364,0.0,113.40670192184811,-34.693699414306494,4.308964978174153,0.0
143.2101221697358,-18.87795484235045,1.4830287831879971,0.0,135.13095217925215,-8.904348601169076,2.2620889466285643,0.0,105.02836902108896,-10.315324258343395,1.2582686667991645,0.0,148.3414011868004,-34.71520988574718,1.9749404076206414,0.0,117.8967235032348,-34.74635680910628,1.2449057637948506,0.0,113.94586364982398,-34.415872083964864,4.040072234638725,0.0
143.20729728883057,-18.847580489307422,1.4916837272094448,0.0,135.2535578802191,-8.898805325796797,2.1917756312351644,0.0,105.02616915603693,-10.323499713956732,1.2565989917024574,0.0,148.34604946636986,-34.69083726795793,2.0153953789659678,0.0,117.93852095306507,-34.70183334442718,1.2719189828928812,0.0,114.44661239468027,-34.11423846462733,3.7640061190364804,0.0
143.21409094463007,-18.825453144461886,1.4970974219952318,0.0,135.34688819747905,-8.859537609739949,2.1306003796222797,0.0,105.02819117519086,-10.331714486415283,1.250785829540142,0.0,148.35513306351672,-34.663481618748264,2.0431967039628702,0.0,117.97930314215385,-34.66146265976815,1.2980664569755653,0.0,114.88604530555925,-33.816270786180766,3.5021952448351374,0.0
143.23133070863148,-18.81067432483178,1.5047425507283947,0.0,135.41670144589074,-8.808525384050313,2.0665238034758335,0.0,105.035888628652,-10.339272176348137,1.2414041312398503,0.0,148.3660216925621,-34.63625664781609,2.0542353488771212,0.0,118.01206641099944,-34.63761615549328,1.3211100813630345,0.0,115.24937721242433,-33.55065752554793,3.2702231892714053,0.0
143.26076244638105,-18.801360862552745,1.5197140603970425,0.0,135.46971342204668,-8.762870669980742,1.9944241970795868,0.0,105.04893180170237,-10.346308733691755,1.2300458309831228,0.0,148.37483145428232,-34.61184705394082,2.04800638273991,0.0,118.03387695885571,-34.633579228606216,1.3401541324118469,0.0,115.5326404480376,-33.33802707059977,3.0766484281112874,0.0
143.30374779725366,-18.795941778362184,1.5452804225926897,0.0,135.5125473562371,-8.732619649070287,1.9160564945809622,0.0,105.06529820365124,-10.353552566539141,1.2186521380036055,0.0,148.37725571426088,-34.59195809094797,2.0269875989992983,0.0,118.04632098948375,-34.64359256565758,1.3554360296662828,0.0,115.74164267308339,-33.18618172399859,2.9235762775768688,0.0
143.35925308317522,-18.79430735749133,1.5820201767265694,0.0,135.55004497847105,-8.720962872622291,1.8372970515683136,0.0,105.08179047944887,-10.361751814037538,1.2088674480453374,0.0,148.36983852306278,-34.57710992446879,1.995738575681635,0.0,118.05413058183845,-34.65638103504269,1.3677299854338383,0.0,115.8891655003848,-33.090361331450616,2.8073298579943007,0.0
143.42258864913475,-18.79857885457797,1.6281366095078251,0.0,135.58409531437522,-8.726338949150492,1.7643952854603224,0.0,105.09493535596582,-10.371069279022864,1.2018187290424738,0.0,148.35132555325293,-34.56667862033334,1.9600154200824917,0.0,118.06291469939794,-34.66031183125504,1.377956958319368,0.0,115.99170644650583,-33.03684056223045,2.719452183900728,0.0
143.48590479326754,-18.813196104288117,1.6815095176300812,0.0,135.61392896007234,-8.745264577715059,1.7010966567100496,0.0,105.10215480857738,-10.380763206209092,1.19826520938269,0.0,148.32340269749974,-34.55924471607125,1.9256191659912414,0.0,118.0770363836255,-34.64813266052948,1.3872408461025252,0.0,116.06604301500633,-33.00813915029122,2.6488893793916226,0.0
143.54013333083506,-18.84360787955398,1.7427767205994122,0.0,135.63776670593577,-8.77435580886701,1.6477671969610341,0.0,105.10279361865102,-10.389293725561105,1.1986389679098775,0.0,148.29021013664106,-34.55325193533886,1.8969227179194021,0.0,118.09826339630814,-34.61962836086659,1.3970413770203507,0.0,116.12607513542714,-32.9882629351555,2.5851338345585937,0.0
143.57721770784542,-18.893141964587237,1.8173185742236342,0.0,135.65476651703315,-8.810569181959442,1.6024797218560884,0.0,105.0983927237819,-10.394774858007578,1.2026688648013018,0.0,148.25679349769032,-34.54753365718467,1.875896065046117,0.0,118.12542554086065,-34.581395435233354,1.4089426383497994,0.0,116.18086036901572,-32.96637153467247,2.521002075029525,0.0
143.59201757921343,-18.95897099998279,1.9144542282086068,0.0,135.66614192443197,-8.850036124811906,1.5630193910907657,0.0,105.09192070676367,-10.395584144627167,1.2089314389065144,0.0,148.22745188258324,-34.54125461260255,1.862319356045484,0.0,118.15511426027524,-34.544101027691255,1.4241431670504348,0.0,116.23444043835478,-32.937876840877514,2.4537930892307696,0.0
143.5839898916996,-19.02927475299902,2.0440190018288202,0.0,135.67499288981642,-8.886960986081537,1.5285096922141275,0.0,105.08635807823258,-10.390938283010478,1.2149946844408284,0.0,148.20481432735303,-34.53354014261527,1.8547327142071346,0.0,118.18318987402608,-34.51858797047297,1.4429830672411406,0.0,116.2871781769411,-32.903161414641346,2.384587386876138,0.0
143.55835690737317,-19.08357284787699,2.21198498720768,0.0,135.68514617875655,-8.914044574807136,1.4998987844821734,0.0,105.08346619229336,-10.381264259051198,1.2183868836813154,0.0,148.1897330690205,-34.5234294262324,1.851254790445637,0.0,118.20652509576885,-34.51244738786865,1.4646836062367576,0.0,116.3376767381565,-32.865109778574386,2.316438584574543,0.0
143.52588715558846,-19.096618938126863,2.417136351017229,0.0,135.69966678247744,-8.924816641116077,1.4793058253492113,0.0,105.08339431725344,-10.368213052770404,1.2178847046338301,0.0,148.1816381855649,-34.51031624667036,1.8499468204409713,0.0,118.2243383492112,-34.52818281725088,1.4872137115582813,0.0,116.38438035686724,-32.82689700202431,2.252498057114881,0.0
143.5009348829094,-19.04417479224071,2.6502324635621175,0.0,135.71963039150017,-8.91679295254337,1.4686764481938397,0.0,105.08519453039108,-10.354205728929424,1.2142632179158568,0.0,148.1790222857465,-34.49446531768199,1.848943621825203,0.0,118.23870469598228,-34.56342406216403,1.5072241146468066,0.0,116.4264436322377,-32.790930997298666,2.194758052794313,0.0
143.49857961148865,-18.908026250929645,2.896160791203716,0.0,135.7435106545282,-8.893469888854382,1.4683549305804888,0.0,105.08781393404799,-10.341535217287607,1.2099489258195693,0.0,148.17992892184597,-34.47709058003307,1.8467026736898884,0.0,118.25413608368181,-34.613191325501234,1.5202656290703036,0.0,116.4639114518707,-32.75892785647896,2.1435920979006706,0.0
143.5321874191456,-18.678580284358922,3.1386153828555425,0.0,135.76739320939723,-8.86360766782989,1.4762656797008393,0.0,105.09100292714919,-10.33131025116314,1.2077216738914842,0.0,148.18248082573388,-34.45981075236795,1.842498447972286,0.0,118.2764263757449,-34.67368999353106,1.521643217940282,0.0,116.49745735616823,-32.732435606403676,2.0979588100003106,0.0
143.61203682336517,-18.35542393479686,3.3658208854563956,0.0,135.78613041609634,-8.837916857706048,1.4882602878704176,0.0,105.0957349429064,-10.322783374226068,1.209213974224797,0.0,148.18545583478578,-34.44376633221726,1.836867264454284,0.0,118.31134709472656,-34.74624182063141,1.5079498924513928,0.0,116.52797536386436,-32.71308275144833,2.056034387749495,0.0
143.7447220339971,-17.947401980554282,3.57498382465257,0.0,135.79523973965308,-8.82493518456193,1.499554668834035,0.0,105.1039808066373,-10.31355509702248,1.214056380377702,0.0,148.18871181051773,-34.428980322800996,1.8314872813563081,0.0,118.36406295707079,-34.83920135775966,1.4787213686729856,0.0,116.55627725252585,-32.70226550530094,2.0160398829626907,0.0
143.93286523400175,-17.47279388780258,3.7731408941777627,0.0,135.7928283184798,-8.828233162583217,1.5064035330255372,0.0,105.11797325209534,-10.300668759946598,1.2200974365679667,0.0,148.1931492779582,-34.41443868722452,1.8283342250196863,0.0,118.43975218240713,-34.966218205234654,1.4373294651100696,0.0,116.58301632808114,-32.700440441229,1.9770223093363146,0.0
144.17524427835716,-16.957986691497222,3.9735499439787656,0.0,135.78055157138184,-8.84604658056615,1.5070273874313216,0.0,105.1394083319699,-10.281994434850183,1.2244969630043965,0.0,148.2001157283835,-34.3988805823852,1.8285888729227384,0.0,118.54473540847636,-35.14142647823374,1.3906174318382085,0.0,116.60881365586503,-32.70640064516807,1.9392995680663372,0.0
144.46791486619634,-16.432466934924182,4.1895329683951825,0.0,135.76301773429338,-8.873057136737046,1.501484151480879,0.0,105.16914416565342,-10.257014273348188,1.2250438129099823,0.0,148.21052850807118,-34.381781349433226,1.8319954823243414,0.0,118.68658389877253,-35.374414832196535,1.3475270108989683,0.0,116.63445735190423,-32.71697408606456,1.9043225001959954,0.0
144.8064813085882,-15.92064881661535,4.429726991525378,0.0,135.7459490374153,-8.903144515253704,1.490959142837136,0.0,105.20767860672241,-10.226416831472498,1.2210303492350398,0.0,148.2241768236254,-34.36388593515494,1.8370314083670234,0.0,118.87254660699936,-35.66775611654687,1.3173361131521233,0.0,116.6609763079716,-32.727526099133605,1.8739662011426308,0.0
145.18856371874116,-15.434646641737338,4.69761150071373,0.0,135.73409537732468,-8.931698291833582,1.4771334186099967,0.0,105.256166982364,-10.190648914622413,1.213383578450479,0.0,148.2395449212151,-34.34698123868838,1.8417681793053866,0.0,119.1075090256013,-36.01754437877982,1.307958282270457,0.0,116.68943775625057,-32.733297286331734,1.84960213292144,0.0
145.6148867651782,-14.972446721007778,4.994682940239395,0.0,135.7298597948438,-8.956511977219602,1.4618944823927187,0.0,105.31734136344903,-10.148310095116932,1.2042131378541914,0.0,148.25420397389942,-34.333100164574844,1.844985598902408,0.0,119.3932985578597,-36.415445866230385,1.3245250972279194,0.0,116.7205397717178,-32.73103315268016,1.8314406875794447,0.0
146.0880277926675,-14.522602697048043,5.324221455167356,0.0,135.73300930518252,-8.977164239861942,1.447210324617135,0.0,105.39565255344094,-10.09547432134679,1.1962144732359352,0.0,148.26558084572,-34.32363885850743,1.8469748780772033,0.0,119.7298210219732,-36.850854455693785,1.368519922265909,0.0,116.75426895429942,-32.720080028347226,1.8184411422515563,0.0
146.60920339053004,-14.072891982015546,5.692825348296305,0.0,135.74127601160944,-8.993614282087895,1.4348775473545992,0.0,105.49630216886273,-10.026458399221827,1.192410645912405,0.0,148.27187551623345,-34.31878728896388,1.849579000500512,0.0,120.11698150775086,-37.31278638018662,1.437830935441438,0.0,116.78983241424551,-32.70246544585868,1.8087279112803287,0.0
147.17461938454647,-13.61865485167215,6.108473396654798,0.0,135.75144382372517,-9.005066535031325,1.4260320055472828,0.0,105.62340782524853,-9.935631868295419,1.196568350708267,0.0,148.2729115190935,-34.31743761122831,1.8553896244547659,0.0,120.55611483438256,-37.79154617859341,1.5278499834599995,0.0,116.82585411465385,-32.68208563939447,1.8002190166129282,0.0
147.773393073716,-13.166761814364783,6.575750777732823,0.0,135.7605464765968,-9.009850629501367,1.4205768179555598,0.0,105.77803872006972,-9.819329450679511,1.2142554659591216,0.0,148.27056572152256,-34.31758813121048,1.8664925403472346,0.0,121.0503967004614,-38.27985034410926,1.633219458735006,0.0,116.86071664493885,-32.663448974059804,1.7911743164303875,0.0
148.38858276098384,-12.733102925415832,7.090926243001183,0.0,135.76682769581845,-9.006310261473576,1.416880137717314,0.0,105.95698329810814,-9.67708950486593,1.2539853451258427,0.0,148.26836813590023,-34.317154065044264,1.8834808460873003,0.0,121.60435037325072,-38.77288293289497,1.749473861906262,0.0,116.89294855670903,-32.65041651892542,1.7804977604587862,0.0
149.0012725471695,-12.335050548091381,7.640570334163135,0.0,135.77014913529334,-8.99403223283059,1.4120764182411722,0.0,106.1528365250284,-9.5119185415514,1.3275364173366047,0.0,148.27028603562337,-34.314899632188606,1.9053455650070301,0.0,122.22270769271317,-39.26710007514607,1.8739055536777638,0.0,116.92156904241907,-32.645272037833024,1.7677631362801325,0.0
149.5958501233173,-11.983539051429538,8.205505056436051,0.0,135.77172826827766,-8.974634640557248,1.4030172032837704,0.0,106.35555370675583,-9.329632860006125,1.4486952107226614,0.0,148.2793468415796,-34.311034833139416,1.9302005706270737,0.0,122.90884030066957,-39.7581976353641,2.0053726988300635,0.0,116.94630461124154,-32.64832775561041,1.753046499416362,0.0
150.16413904645708,-11.679272861801818,8.768089094834545,0.0,135.77340232207112,-8.95170935550847,1.3875294373911977,0.0,106.55521808609416,-9.137498980817492,1.63038646456652,0.0,148.29683228750247,-34.30712823574801,1.9561700094001448,0.0,123.66305250911289,-40.23910244760058,2.143218287923901,0.0,116.96764510462624,-32.65810822939176,1.7367060768660192,0.0
150.70709834862691,-11.414263204632348,9.318768011553475,0.0,135.77682637423604,-8.92998694978176,1.365421028371049,0.0,106.74541632774425,-8.942511020020298,1.881046834420335,0.0,148.3222061304274,-34.30537262447621,1.9818402669292627,0.0,124.48119992930644,-40.698963266133056,2.2858339111948354,0.0,116.98676750253232,-32.67200217665327,1.719196559726857,0.0
151.23405577223267,-11.176739612979933,9.858921857617217,0.0,135.78296468498726,-8.914092705523935,1.338764514251361,0.0,106.92631657103092,-8.749728982297764,2.2015674320793917,0.0,148.3534498023514,-34.307588657876764,2.0061925624930534,0.0,125.35418475304628,-41.12384062755495,2.429565283351941,0.0,117.00535083205328,-32.687182292717495,1.7009078808821592,0.0
151.76004921187928,-10.956612148149492,10.399482409420097,0.0,135.79195299772388,-8.907346409608392,1.3113208394522946,0.0,107.10646977013982,-8.561090913548933,2.5838367957311696,0.0,148.3875032961159,-34.314417511237096,2.0282385474404325,0.0,126.26870323059714,-41.499130437821414,2.568535808826354,0.0,117.02525764267946,-32.701533690027574,1.682044679178297,0.0
152.30206542158314,-10.749433216585313,10.956573471528566,0.0,135.8031281170502,-8.910977030892628,1.2873540820078233,0.0,107.30262970034798,-8.375018853993083,3.0111571883371244,0.0,148.42081340915428,-34.324980984874806,2.04664140332018,0.0,127.20912141428178,-41.81292116244201,2.6955872547885846,0.0,117.04807972857793,-32.71428542416949,1.6626731778808583,0.0
152.87513525048985,-10.557919273777205,11.546044979323302,0.0,135.81501734523806,-8.92394793831266,1.2703544607499584,0.0,107.5374187037102,-8.187056989801718,3.460217921632008,0.0,148.4501473040192,-34.337068079081284,2.0596772567177855,0.0,128.15976796792614,-42.05894582857913,2.804024141289174,0.0,117.07467897446618,-32.72608291603596,1.6429811127868135,0.0
153.4893200524339,-10.391012132405855,12.178531329046155,0.0,135.8253709451022,-8.94341223670922,1.2621887703270396,0.0,107.83530633115664,-7.991659468215713,3.9041794107616674,0.0,148.47359879729595,-34.34774755134733,2.0658349174386395,0.0,129.1067702912904,-42.23794937088453,2.8894146681840116,0.0,117.10495893875367,-32.73844206079868,1.6234813731709181,0.0
154.1483967609883,-10.26120702269343,12.856015170471046,0.0,135.8315689760711,-8.965692178640797,1.262911173640191,0.0,108.21796660025517,-7.784870478697364,4.316470138088395,0.0,148.49134033178635,-34.354159598914976,2.06487672909428,0.0,130.03906117779238,-42.3570620341529,2.9506421907436575,0.0,117.13800416767549,-32.75282438165433,1.6047938155035517,0.0
154.85041230022762,-10.181370962065,13.570169575438811,0.0,135.83157391584683,-8.987521979717584,1.2711012555744894,0.0,108.70034320024465,-7.567004681084674,4.674763910331386,0.0,148.50563833512234,-34.3541679198454,2.0586643891667933,0.0,130.94884827160712,-42.42760880291154,2.9898225596784442,0.0,117.17246487237139,-32.769779604030546,1.5871124324867,0.0
155.5894904810173,-10.162081060916039,14.30221622530935,0.0,135.82508345274883,-9.00706297789283,1.2844342905404407,0.0,109.28844229602183,-7.344007815307858,4.964362604932514,0.0,148.52002410398677,-34.346734056756674,2.051106034421995,0.0,131.8319729223579,-42.462230285453494,3.011277466035402,0.0,117.20691789440848,-32.78856619471743,1.5699674505071162,0.0
156.35796280974162,-10.209640346958327,15.023992082704652,0.0,135.81416598582777,-9.024130961189025,1.3002731303279393,0.0,109.97917679196394,-7.1265292566083005,5.180169716985382,0.0,148.53798407673645,-34.33213878058725,2.0471070103927804,0.0,132.68820566996123,-42.47219100801587,3.0200533821466014,0.0,117.24005491426921,-32.80741773025382,1.5525880191684394,0.0
157.14826274449766,-10.324481440134551,15.700373467312005,0.0,135.80285592679198,-9.039457935548906,1.3162103318302254,0.0,110.76192736244897,-6.926886916824485,5.326680279753825,0.0,148.56179792561895,-34.31214929534066,2.0509725155717557,0.0,133.52120168313627,-42.465474592860005,3.020447046452805,0.0,117.27073775009876,-32.82433589283637,1.534434174905753,0.0
157.95448225527602,-10.500282378657896,16.293388082309043,0.0,135.79580618428687,-9.053471919655149,1.3305373112663617,0.0,111.62110437309823,-6.75534638974856,5.415846498572753,0.0,148.59201901826083,-34.28995678623679,2.0650090592538426,0.0,134.33782726057763,-42.44587816092622,3.014842561957792,0.0,117.29801084668522,-32.83807378969321,1.5153810229627513,0.0
158.77359072578548,-10.724760884326603,16.767661243810245,0.0,135.79662360731257,-9.065431453405864,1.342576720004729,0.0,112.53895994583728,-6.617602281441109,5.463257574623308,0.0,148.62767623258907,-34.26959770451557,2.0889346773419195,0.0,135.14668010588647,-42.41297410969055,3.002969308047616,0.0,117.32113917394315,-32.84887229792971,1.4955642925249997,0.0
159.6062369069612,-10.98266863740514,17.095841797312357,0.0,135.80660047260696,-9.073467552771824,1.352754129832105,0.0,113.49815880221658,-6.514712730985571,5.483676513926975,0.0,148.66691624425266,-34.25486071294371,2.120257601854627,0.0,135.9557808688911,-42.36260980315101,2.9814899733002846,0.0,117.33972660259592,-32.85857985568798,1.4751994225127802,0.0
160.45701416554368,-11.26026767581244,17.26228443820665,0.0,135.8242682661566,-9.075496257054539,1.36229505370944,0.0,114.48387223418162,-6.445378182933608,5.487346706937851,0.0,148.7076835279565,-34.24812415003774,2.155325745998269,0.0,136.76976197269786,-42.28759471049646,2.943791770568774,0.0,117.35390744397422,-32.87005650299036,1.4545472769115353,0.0
161.3340524223978,-11.549655470198294,17.263875247217335,0.0,135.84583726752973,-9.070588562154438,1.3725577203863732,0.0,115.48515307387679,-6.409106044651156,5.478330842606697,0.0,148.74815570819527,-34.24969286942385,2.1904995609131372,0.0,137.58737640565542,-42.17838695309378,2.8801090490742887,0.0,117.36449081426443,-32.88614139292868,1.43397910562547,0.0
162.24773560890202,-11.851423716970896,17.108092789965195,0.0,135.866346730977,-9.060216228867116,1.3841985536561268,0.0,116.49528955848838,-6.4082206110297015,5.455370541816022,0.0,148.7869195347844,-34.257866569862415,2.2229315302302357,0.0,138.40038475767543,-42.023854353815224,2.7784693205000046,0.0,117.37288382178892,-32.908705061737,1.4140220521426468,0.0
163.2082261856191,-12.175038263148755,16.809388076808244,0.0,135.8812068565187,-9.04863777999617,1.3965301768418268,0.0,117.51108191047183,-6.4473316223229284,5.414679929476769,0.0,148.82307374339257,-34.26952642867016,2.250715845994886,0.0,139.19451611012178,-41.81230099587762,2.6270012682749098,0.0,117.38069569339352,-32.93821469416808,1.395308387834712,0.0
164.22151570875303,-12.537193233567814,16.38511187564036,0.0,135.88769143641332,-9.04189180183851,1.407469364430991,0.0,118.53142778244765,-6.530485004588326,5.353325162816068,0.0,148.85641299567524,-34.2808744850757,2.2725767459911843,0.0,139.95244446831492,-41.53279603414139,2.4176343726781724,0.0,117.38911241248175,-32.97386945097223,1.3784197386310648,0.0
165.28423686077636,-12.95861898187981,15.851608859013995,0.0,135.88589292179958,-9.045664194269678,1.41425490537425,0.0,119.55579459190238,-6.657747329735623,5.271774618267942,0.0,148.88765675844675,-34.28814506956698,2.287599229811006,0.0,140.6581453083208,-41.17677864689136,2.150424511744296,0.0,117.39835222208546,-33.01399122669834,1.3636700910930273,0.0
166.37852205673616,-13.459501724955015,15.220392035760865,0.0,135.87874676242492,-9.06306907841931,1.4146548815742666,0.0,120.58293719962484,-6.823398856978475,5.174748834381191,0.0,148.9185366096138,-34.28835028316207,2.2954951002079422,0.0,141.3018195363567,-40.74035852438123,1.8371119459137955,0.0,117.40759295665134,-33.05628907633619,1.3509057525785924,0.0
167.46930741529087,-14.053722669698928,14.494266566335373,0.0,135.87097204557293,-9.0933699452763,1.4080334514992519,0.0,121.6098910252274,-7.016984434093845,5.070314063101986,0.0,148.9515781473251,-34.28011022805194,2.297379380710815,0.0,141.8843493756368,-40.228181029977826,1.502144477762199,0.0,117.41552661468816,-33.09792441284005,1.3394291810964258,0.0
168.5064336755612,-14.743606540164151,13.664389667895492,0.0,135.86717310758198,-9.131985635154917,1.3957931046686447,0.0,122.63120690409399,-7.226790717500286,4.967849491447398,0.0,148.98958483363728,-34.26434235277328,2.29636088507122,0.0,142.41944250152486,-39.65868896931429,1.179301483329013,0.0,117.42124687742174,-33.13564771352468,1.3281345502642274,0.0
169.4313294120373,-15.518886774905745,12.711164221017317,0.0,135.86983689612669,-9.171515603215141,1.3811751193094572,0.0,123.63861578536626,-7.443879384115197,4.875787373776365,0.0,149.03494319510312,-34.24438008219466,2.2971148304264464,0.0,142.93072459549455,-39.06737627614755,0.9031277733202501,0.0,117.42490545007452,-33.16624601285045,1.3158261051261686,0.0
170.18451650918016,-16.36266561913029,11.613019470892096,0.0,135.87824632425128,-9.20340148297246,1.3686488895289521,0.0,124.62145538559567,-7.664494905345748,4.799839809803439,0.0,149.08886235150698,-34.22524943598642,2.3042605156042644,0.0,143.44225291763686,-38.5021504940911,0.6977547047199781,0.0,117.42773976620492,-33.18722439954485,1.3015696470916875,0.0
170.7116408814678,-17.26178985891466,10.365681189448845,0.0,135.88903138119076,-9.220093317684956,1.3629835527486502,0.0,125.56793990101771,-7.889772635158839,4.741954967014218,0.0,149.15074893615403,-34.21226040665107,2.3203225456926084,0.0,143.96595485413667,-38.00893735552658,0.5692335156079125,0.0,117.43148801205282,-33.19747519768022,1.2849308594083872,0.0
170.97456884296642,-18.21396232499658,9.007624238984555,0.0,135.8981853647154,-9.217728676535,1.3679234124934787,0.0,126.46691467443132,-8.123502613959904,4.699824149546542,0.0,149.21806679546836,-34.20943521718241,2.3445098594722396,0.0,144.49453014235823,-37.61510366746507,0.5058887793241205,0.0,117.43750035955593,-33.19778037483871,1.2660464411314365,0.0
170.9762006837912,-19.223499592171954,7.631438943600682,0.0,135.90343842943759,-9.198690327455445,1.3845995635703865,0.0,127.30960470309911,-8.369790956445346,4.666775132061662,0.0,149.2869273864289,-34.2183742059925,2.373079841147284,0.0,145.00577857072375,-37.321632086789485,0.48499873657592474,0.0,117.44593284124943,-33.1910587042656,1.245558192922834,0.0
170.7855323191794,-20.281393055438883,6.3527704189793015,0.0,135.90559816251087,-9.172222530917718,1.4104073892971503,0.0,128.09106118974964,-8.631881390752639,4.632301754530239,0.0,149.35326161691904,-34.23795063138608,2.4010250828539625,0.0,145.4748470000975,-37.10739577324459,0.48106005538808105,0.0,117.45541292578056,-33.182138410760224,1.2244774024162286,0.0
170.5291630282605,-21.343117047844782,5.2473738332556765,0.0,135.90808934238436,-9.151457841165643,1.4394248658434297,0.0,128.81104377818977,-8.911935120443593,4.583683800076079,0.0,149.41404385901703,-34.264843840347275,2.4240401671213476,0.0,145.88514982192518,-36.94046954960089,0.4726518334109606,0.0,117.4634785042885,-33.17676840465266,1.2040255272072713,0.0
170.34371839027827,-22.335215420852318,4.318752610458622,0.0,135.91506104689557,-9.147759522596054,1.4647221852861971,0.0,129.4737918790835,-9.210799358734311,4.508692568766946,0.0,149.4679944156112,-34.29456529644699,2.4397212416553202,0.0,146.23201527498668,-36.79008136359192,0.44676880416128384,0.0,117.46772866784319,-33.179932536380996,1.1854451335848921,0.0
170.32978543755456,-23.190607348150724,3.531738592170104,0.0,135.92926968618733,-9.165821463595096,1.4813586853137153,0.0,130.08608807807497,-9.527190800794157,4.398601152476472,0.0,149.51551637973532,-34.32252861444099,2.447616029753382,0.0,146.51973769850815,-36.635514442431585,0.40017672052854714,0.0,117.46708453695453,-33.194156360081806,1.1697647471180748,0.0
170.5365621786968,-23.876913723958953,2.8701944227243494,0.0,135.95093341586986,-9.20247754102243,1.4881199766026585,0.0,130.65372927332496,-9.85648807684408,4.250339190992383,0.0,149.55804490692884,-34.34487613741819,2.448517245034738,0.0,146.75612503762767,-36.470323521762005,0.3379920629061335,0.0,117.4623464225079,-33.21875139623429,1.1575673176844248,0.0
170.9628841894984,-24.396272050706884,2.3605267891157986,0.0,135.9780362585524,-9.249285263847547,1.487082818641876,0.0,131.1777514173134,-10.189788831398857,4.066947281950558,0.0,149.59721359686927,-34.3589911238795,2.44372077465491,0.0,146.9481123386616,-36.30130369490295,0.2703176172769197,0.0,117.45566946172143,-33.25043234778621,1.1488862125948192,0.0
171.5562022335103,-24.766339607998447,2.046903816798565,0.0,136.0076796050588,-9.29668014549779,1.4817243300172747,0.0,131.65258879133583,-10.513986923900267,3.856244023039393,0.0,149.6342231275389,-34.363745999853364,2.4347105426439235,0.0,147.09999602850132,-36.14307303227766,0.20815033323638588,0.0,117.44933161108531,-33.284851032277864,1.1433158631258742,0.0
172.2163793231703,-25.006124760433,1.9415511031129142,0.0,136.0375472864466,-9.337303311339912,1.4749724114750906,0.0,132.06783351216433,-10.813397194796119,3.62838017169169,0.0,149.66961849343195,-34.35956648041174,2.423205881915387,0.0,147.21420123165976,-36.01077101795118,0.15989243330600544,0.0,117.44460856082556,-33.31809642466113,1.1402660807410587,0.0
172.8220280112541,-25.138783512728722,1.993124169071069,0.0,136.06664439324075,-9.367260437679171,1.4682334482471013,0.0,132.4132572640582,-11.072823637591707,3.393331858853573,0.0,149.70343663517377,-34.34835466870418,2.411170932703583,0.0,147.2935806890876,-35.914001030044496,0.12946397829229284,0.0,117.44140822623696,-33.34747484387456,1.1391662536189369,0.0
173.2743439967273,-25.19726399634785,2.1060636624495164,0.0,136.09505024053345,-9.385431252424938,1.4617185928744734,0.0,132.68455771918647,-11.281110114762344,3.159160755476149,0.0,149.73549864111507,-34.333228702641165,2.4004527976479526,0.0,147.3437399508529,-35.854126572415055,0.11628618007597602,0.0,117.43874829844519,-33.37154109750204,1.139482278287847,0.0
173.52865769804413,-25.216618137594654,2.1928261912806137,0.0,136.12305715130194,-9.39191575953913,1.4556562149445833,0.0,132.88669887179105,-11.433747051128561,2.931263023416248,0.0,149.76560908067,-34.31798185770217,2.3920770649096736,0.0,147.37385467732562,-35.825112424813796,0.11667041024357871,0.0,117.43561384709095,-33.3897935800844,1.1405956300738822,0.0
173.5968833809917,-25.22104765150078,2.2105523745277944,0.0,136.150372444356,-9.386988012498014,1.4513987908709574,0.0,133.03316811728317,-11.533521094058562,2.7124300595696287,0.0,149.79357195322933,-34.30625161479541,2.385639840893205,0.0,147.39513611870996,-35.81658401294002,0.12572275009764233,0.0,117.43157198025094,-33.402440765029326,1.1417304973867495,0.0
173.52997651965262,-25.220145151379732,2.1602182386236937,0.0,136.17591207939503,-9.371319351692694,1.4514690827208439,0.0,133.14178036917139,-11.589158497259632,2.5035918474586776,0.0,149.81910389577874,-34.300623324635445,2.3794043450071856,0.0,147.4172331357611,-35.81724183609985,0.13888355785116246,0.0,117.42681329853968,-33.41036842325602,1.1420843096813655,0.0
173.39404002391717,-25.21482176174438,2.0645243386951506,0.0,136.19824051140898,-9.347055340887898,1.4584055697681464,0.0,133.22934300500893,-11.612676890837971,2.3051865568234273,0.0,149.841791066221,-34.30207787373554,2.371359057763483,0.0,147.44389756799742,-35.817012436554606,0.15264874820682905,0.0,117.42176258730925,-33.41514923948704,1.1411418665395612,0.0
173.2488065085636,-25.20493124388868,1.9489533960256704,0.0,136.21625214719978,-9.318563608322727,1.4731846271043123,0.0,133.30767948017075,-11.616469006963012,2.118792881399999,0.0,149.86111463353888,-34.310091535812674,2.3607434147374278,0.0,147.469929948161,-35.80722242253107,0.16463160860712378,0.0,117.41667921544459,-33.41882482210827,1.1389591619182706,0.0
173.13432111199816,-25.19319110551391,1.8346252097605689,0.0,136.22960889884502,-9.291944516020703,1.4942537810488385,0.0,133.38220302741917,-11.61115889795079,1.9481962873585044,0.0,149.8763898427226,-34.32337867411697,2.349058365829139,0.0,147.48150990855922,-35.77961522808199,0.173531813522958,0.0,117.41157881179383,-33.4233388822323,1.1361572406662308,0.0
173.06741754852928,-25.185003790151416,1.7376658505014486,0.0,136.23878844552524,-9.273325946552525,1.517772345678484,0.0,133.4525357130775,-11.604931007408574,1.7990516934635732,0.0,149.88653025879194,-34.34101912433397,2.3398057344392633,0.0,147.46097568130588,-35.726288646432515,0.17946005149459054,0.0,117.4064798229949,-33.42982628785039,1.1335520866287396,0.0
173.04558840639274,-25.186034454393763,1.6687063159640463,0.0,136.2449381691772,-9.26675503441076,1.538972464798432,0.0,133.5140118912221,-11.604205595218449,1.6770490617553087,0.0,149.889819697959,-34.36361557494822,2.336922138687437,0.0,147.39503407141584,-35.64217803252832,0.18439891991049073,0.0,117.40170289043557,-33.438192706467674,1.131639047158293,0.0
173.05488936937306,-25.199740336416387,1.63111732703155,0.0,136.2496626152459,-9.272702790027765,1.5540349114567746,0.0,133.55951397142488,-11.614635806648183,1.5855159112007442,0.0,149.8839835864874,-34.39412255117651,2.342622915357378,0.0,147.2834391076581,-35.52951423489866,0.19182060135344337,0.0,117.39792928296707,-33.44730159167805,1.130290891310798,0.0
173.07885601394463,-25.226585770216523,1.619914968472509,0.0,136.2546299031467,-9.287833182177707,1.5616915761010572,0.0,133.58180770566008,-11.641184683538347,1.5238322015118761,0.0,149.86670614685434,-34.43808494845891,2.3556907076985727,0.0,147.14424143373262,-35.401439226700546,0.2045647583568897,0.0,117.39591672747392,-33.45568677951567,1.12888065711706,0.0
173.10545741650665,-25.265233009398866,1.6231800909055512,0.0,136.26100377562258,-9.306093347166378,1.5638592926618484,0.0,133.57638702220157,-11.686767581050772,1.4874887841533884,0.0,149.8364876210492,-34.50321570416409,2.3709217793443758,0.0,147.0118191242073,-35.281333923281124,0.221753415163791,0.0,117.39601054460827,-33.46237532547364,1.1267352190705893,0.0
173.12980073337226,-25.314306532927635,1.62596492391984,0.0,136.26909475983754,-9.320709002686474,1.5648986117633443,0.0,133.54404599258518,-11.75010754345834,1.469549701957476,0.0,149.79348889785194,-34.59845648704195,2.37984866163794,0.0,146.92598564591876,-35.196206919588064,0.23772646082345794,0.0,117.39774662841882,-33.46737184305947,1.12360675348779,0.0
173.15243559965285,-25.37299129561719,1.6150923570304183,0.0,136.27865255681613,-9.326428274741035,1.5696087113997566,0.0,133.4919254377371,-11.82426460904451,1.4625486917910315,0.0,149.7399261853626,-34.73284650914539,2.3725190489458265,0.0,146.91544807969393,-35.16620487302299,0.24538175539220752,0.0,117.39983472729963,-33.47155577184723,1.1198438805978963,0.0
173.17539690911659,-25.43996937833851,1.5829299769948513,0.0,136.28972644885397,-9.321286489784821,1.5807237457292818,0.0,133.4322579393822,-11.897258855718785,1.4599607600408735,0.0,149.67975698259696,-34.9146288628917,2.3400207736708722,0.0,146.9838327149853,-35.19532840874277,0.24167324463354056,0.0,117.40061866190997,-33.47602434197944,1.116126614680386,0.0
173.19880894636114,-25.511678111726656,1.5288439640348717,0.0,136.3034802815396,-9.307237149227534,1.5971523417414248,0.0,133.37918339323963,-11.955252376730789,1.4570168412631972,0.0,149.6177436309485,-35.150943997172966,2.2771965880023046,0.0,147.10641005763742,-35.26831965894735,0.229756710725745,0.0,117.39885104566987,-33.48120959206708,1.1128938727086446,0.0
173.2197957895548,-25.581472274065742,1.4580746198385963,0.0,136.32228995379393,-9.289304383194965,1.614131043079496,0.0,133.34494336645116,-11.987286295641889,1.451031466841231,0.0,149.55835464936135,-35.44812279506566,2.184603729260152,0.0,147.23979768235495,-35.35583659701329,0.21582335906748895,0.0,117.3944430731993,-33.48629106211735,1.1098009119446193,0.0
173.2337408482307,-25.640805675346968,1.3788912827618436,0.0,136.3490374290417,-9.27352088850278,1.6255599109862207,0.0,133.33686619766885,-11.98940428111867,1.4413345116108687,0.0,149.50522879547086,-35.812092187510316,2.068848369522657,0.0,147.33944027951776,-35.42593828255176,0.20473050441586516,0.0,117.38881398659407,-33.48932184035632,1.1055732997622911,0.0
173.23668175058694,-25.682256725494195,1.2995900764221204,0.0,136.38632043400813,-9.264514477158837,1.6273491964965467,0.0,133.3559730119073,-11.965987121123945,1.4287547224079287,0.0,149.4618327520848,-36.24800906963675,1.94119130419765,0.0,147.37611171606,-35.456463656484864,0.19875721136491542,0.0,117.38459145648623,-33.48807614782318,1.0984302326500295,0.0
173.22725670175703,-25.702793185822053,1.2266598293202442,0.0,136.4364606803985,-9.263663638702713,1.6198258919855553,0.0,133.3973293674871,-11.927491543730344,1.414771166165961,0.0,149.43332266558696,-36.75837654021742,1.8150392017394452,0.0,147.34539469850557,-35.44275379262079,0.19880484572825985,0.0,117.38470743152509,-33.481176102231835,1.0869156154968902,0.0
173.20713423841673,-25.70527017029262,1.1644135721328919,0.0,136.5023875452203,-9.268228642109737,1.6080313634198387,0.0,133.45180697631213,-11.885773464012452,1.4007264653882814,0.0,149.42872579577778,-37.33992134514588,1.7029279206415744,0.0,147.26862751751202,-35.39808395926764,0.20476451789650518,0.0,117.39126339384767,-33.4688733131528,1.0706977804282012,0.0
173.17992465220541,-25.69729878238134,1.1154516468840967,0.0,136.58850020549582,-9.271352901775854,1.6003310817689655,0.0,133.5086921423098,-11.849463075238054,1.3874551289150876,0.0,149.4620287284763,-37.98102681808605,1.6133860198971135,0.0,147.18529465020484,-35.347173658660736,0.21432595633054774,0.0,117.40466700109792,-33.45308231468582,1.0508859019619745,0.0
173.1494679139826,-25.688292858398682,1.0811390803053271,0.0,136.70051192516493,-9.262713119314148,1.6066220199511605,0.0,133.55842842357956,-11.821579263181825,1.3753395167484328,0.0,149.55112353296633,-38.6621438219251,1.5485448791942389,0.0,147.13772416829738,-35.315430591152435,0.22286850749958553,0.0,117.4233760818398,-33.43672992628249,1.0296983571059535,0.0
173.11848895987785,-25.686309870683296,1.0617187995045736,0.0,136.84418890702295,-9.229718754834964,1.637045074159623,0.0,133.59471529782238,-11.800078204867381,1.3645570523142432,0.0,149.7147024893511,-39.360132703321575,1.504062566561423,0.0,147.15333124241437,-35.31859406779141,0.22624610747111085,0.0,117.44429532378138,-33.422829606115556,1.0096870635392055,0.0
173.0880717646633,-25.695965242218257,1.0562223754995816,0.0,137.02401049406578,-9.159204374141506,1.7011888221150215,0.0,133.61538738332885,-11.780498860337248,1.3552977407036373,0.0,149.9683270512408,-40.05469508846601,1.4722469155558695,0.0,147.2337833483268,-35.35749740100137,0.2239936416046131,0.0,117.46366375348222,-33.413688124654705,0.9928991372800926,0.0
173.05789504540664,-25.717823004430162,1.0625243944492677,0.0,137.24311822580663,-9.039410673820946,1.807265075649493,0.0,133.62201193548754,-11.75916409356857,1.3478650068668152,0.0,150.32128147470593,-40.73346370337549,1.4470475289842852,0.0,147.3572940078668,-35.41966465395407,0.21927425459115568,0.0,117.47816126096674,-33.4104391138125,0.980290720742401,0.0
173.02696567554895,-25.74893609069605,1.0776367587639744,0.0,137.5050738634623,-8.861891666504118,1.9609955624629674,0.0,133.61865480947208,-11.735567446822511,1.3426852859722462,0.0,150.7753715079866,-41.393307294773535,1.4279726162453557,0.0,147.49121084026964,-35.48564860202416,0.21595976637118852,0.0,117.48587804410415,-33.4129343734482,0.971550506085606,0.0
172.99449167126326,-25.78402826537248,1.0980451490758991,0.0,137.81638318478127,-8.623126536218926,2.1644679262750888,0.0,133.61043555206976,-11.713176144718622,1.3402925725714656,0.0,151.32593730597915,-42.03772942893436,1.420681201999015,0.0,147.60598527180636,-35.53613610745051,0.2163412933157307,0.0,117.48679183128733,-33.419971205482135,0.9653534721640487,0.0
172.96046893872875,-25.817038899803055,1.1199515350084006,0.0,138.18755108508515,-8.325977578421744,2.4153439261646064,0.0,133.60232729206876,-11.698476237488356,1.3412952894359975,0.0,151.96438969379037,-42.671997388874686,1.4342355818915777,0.0,147.6833180801681,-35.55662424883831,0.22128592112825451,0.0,117.48258605509115,-33.42978278283388,0.9599255241918385,0.0
172.9256685046666,-25.84284643567587,1.1395807017123243,0.0,138.63067152965263,-7.981080205929868,2.706555565747058,0.0,133.59838042617386,-11.698542312864289,1.346232166787816,0.0,152.6808864957459,-43.29820432658979,1.4767710039401987,0.0,147.71711927559022,-35.5388383099036,0.23179209876329843,0.0,117.47593844187071,-33.440633470336664,0.953665413515127,0.0
172.8910835264276,-25.85874504833098,1.153757304046195,0.0,139.1535335196247,-7.607457557278803,3.0264856926291843,0.0,133.60132072676322,-11.71785744936022,1.3552325416480837,0.0,153.46580827132215,-43.91219391953918,1.5515503585065655,0.0,147.71004632418436,-35.480129015951654,0.25022487209459143,0.0,117.46961231547695,-33.45132795035256,0.9455601933571689,0.0
172.85731062939067,-25.86512367976657,1.1606299536638165,0.0,139.75293178971665,-7.230949865476746,3.359798905034215,0.0,133.61237051302186,-11.755575555207407,1.367580731002933,0.0,154.30966482316296,-44.50346349674926,1.6545407975170487,0.0,147.66902227585135,-35.382683372578825,0.2803176189051584,0.0,117.46568996991178,-33.46149552631419,0.9352919996139555,0.0
172.82439724329558,-25.86511997542251,1.1601430338184873,0.0,140.41127495362528,-6.879640474105505,3.6892916682328014,0.0,133.63118220167888,-11.804585202776963,1.3814959921258794,0.0,155.2022628236396,-45.05783864208749,1.773944810792468,0.0,147.60185923519796,-35.25362983698367,0.32575790537627647,0.0,117.46515144921422,-33.471600438250604,0.923133515016179,0.0
172.79225106813126,-25.863474581629347,1.153992888014935,0.0,141.0991983162018,-6.577298060439943,3.998945739116249,0.0,133.65587057914178,-11.853169417492515,1.394434860609591,0.0,156.13229572284177,-45.561261052037885,1.8917987233319558,0.0,147.51558744310185,-35.10572155841252,0.38764491614855245,0.0,117.46783989205714,-33.48272833481731,0.9098062661414961,0.0
172.76119095191365,-25.865040521849416,1.1451404410084596,0.0,141.78332367960252,-6.337407897460547,4.277668426454943,0.0,133.6831986506208,-11.888810335560756,1.4039150119111543,0.0,157.0878047352252,-46.00245345742973,1.9872101302351393,0.0,147.41609410781237,-34.95707915767204,0.461830314578064,0.0,117.4727423136506,-33.49627781575291,0.896397302220663,0.0
172.73212695811537,-25.8734230150486,1.1370912927806192,0.0,142.43505409400058,-6.160286963257742,4.522383926314006,0.0,133.70903272424482,-11.902490546534093,1.4084638967339203,0.0,158.05707512480004,-46.37316087822919,2.0400899037097293,0.0,147.3085447071911,-34.82844942099048,0.5380027218087946,0.0,117.4784504232984,-33.51367392419619,0.8842892737126267,0.0
172.7061770240213,-25.890066641154075,1.1330873623949884,0.0,143.035722880445,-6.034331426776653,4.738830274213553,0.0,133.72920995954064,-11.89154296847711,1.4081627756881936,0.0,159.0292882515601,-46.6663982799831,2.0341172166780055,0.0,147.19858749501165,-34.73815672162302,0.6020766542506806,0.0,117.48364006184553,-33.53611768200754,0.8749953861365736,0.0
172.6838767772291,-25.91383366907051,1.1353612972497622,0.0,143.57586685955042,-5.940848033117412,4.938976152843973,0.0,133.74078243636558,-11.859910930478517,1.4045088417840201,0.0,159.99466267163058,-46.87422787350901,1.9583195270916036,0.0,147.0944249424624,-34.69718173359531,0.6412167199992833,0.0,117.48743957081071,-33.56432126494185,0.8698615735417512,0.0
172.6643428243564,-25.941030137820757,1.1447248820799167,0.0,144.05009309041571,-5.860809711562656,5.13532577963471,0.0,133.74319501278956,-11.816011106809587,1.3997197197457822,0.0,160.94433554091833,-46.98642993805535,1.8073916416085343,0.0,147.00865902042358,-34.70707296240626,0.6485466829014683,0.0,117.48962406806073,-33.59824867440145,0.8697098624568582,0.0
172.64485267868784,-25.966035215373918,1.1607247472198186,0.0,144.45159296068914,-5.781196270173997,5.334011533983596,0.0,133.73869126297782,-11.769392970191374,1.3958515605481256,0.0,161.8703985333624,-46.990604491709156,1.5811940266467737,0.0,146.95764363500805,-34.76121664351477,0.624981494683988,0.0,117.49061109323114,-33.63699243185522,0.8745305891794803,0.0
172.62123132558347,-25.98274583628311,1.1823007836898682,0.0,144.7703227194816,-5.69859995619449,5.529626153637488,0.0,133.7315208275812,-11.727619376171797,1.3941153821387182,0.0,162.76624483404956,-46.87357467594521,1.283847595254139,0.0,146.95699180230218,-34.84781796676556,0.5781086866256224,0.0,117.49125988185453,-33.6789094445562,0.883302621611552,0.0
172.589079739477,-25.986614910522775,1.208589332296608,0.0,144.99626397264558,-5.618990086035838,5.704494254471486,0.0,133.7262403505052,-11.694399890248016,1.394635987690986,0.0,163.62689452359993,-46.623742267008446,0.9227778863006293,0.0,147.01473231274096,-34.95265445734829,0.5196020676138051,0.0,117.4925618005206,-33.722017337648296,0.8940167599135069,0.0
172.54538905271772,-25.97647856067799,1.2394811156957921,0.0,145.12567392699466,-5.554397269014586,5.8334278807671796,0.0,133.72599059369682,-11.669368427027639,1.396668697980532,0.0,164.4486144972598,-46.2340766157528,0.5080272484995323,0.0,147.12601757915215,-35.0608090367787,0.46221453778377786,0.0,117.4954087032923,-33.76454847642707,0.9039969790513247,0.0
172.48976692107897,-25.95522792475689,1.2757054266750885,0.0,145.1662561431384,-5.51827159160303,5.892627610630269,0.0,133.73161330491564,-11.64928360622281,1.3990793511893127,0.0,165.22741369534637,-45.70538988886312,0.052020864664752864,0.0,147.27319508184627,-35.15782368031985,0.41671635021981146,0.0,117.50061111759794,-33.80554002130263,0.9105711875804356,0.0
172.42459175847142,-25.928814106978443,1.3183772878184694,0.0,145.13800282923557,-5.520801706859026,5.869433619331063,0.0,133.7419139567157,-11.62999921642003,1.4008591647308428,0.0,165.95695348552638,-45.0493025479475,-0.43036946401427656,0.0,147.43214636438105,-35.23098511126963,0.3895658380429854,0.0,117.50918515511631,-33.84535918469263,0.9119853042346655,0.0
172.3539279257302,-25.903780390573157,1.3681050746741654,0.0,145.06907334556516,-5.564775944145556,5.7689571285013574,0.0,133.75476589332618,-11.608395291602536,1.4015661746294548,0.0,166.6273044750562,-44.28988992429031,-0.9220744981781586,0.0,147.58174696354934,-35.27079224422746,0.3824624455207122,0.0,117.52274181561927,-33.886053625793316,0.9082448262968104,0.0
172.2817233237693,-25.884151075197128,1.423946873206761,0.0,144.9885373141555,-5.642935088393115,5.614455894846916,0.0,133.7684446452384,-11.583583324837573,1.4016477156770861,0.0,167.22587266581627,-43.46265115943151,-1.4051556375603145,0.0,147.71121138314706,-35.27215958014369,0.3937991005450545,0.0,117.54371037372394,-33.93136234632764,0.9014656426995771,0.0
172.2102417142999,-25.868875847857048,1.4826052519547321,0.0,144.91912523672534,-5.738570342773763,5.440748142745341,0.0,133.782589841959,-11.557029609807515,1.402507551690654,0.0,167.7406912965065,-42.609643023851184,-1.8634102341311323,0.0,147.82177028081531,-35.23507020880352,0.42055736437147395,0.0,117.57515454419672,-33.98619104987727,0.8954511624283104,0.0
172.13955481920397,-25.851115066622036,1.5382948011396156,0.0,144.87302483798265,-5.830346248211665,5.283423704919573,0.0,133.79839663280904,-11.531667856607717,1.406099124895718,0.0,168.16489005491465,-41.770940779089116,-2.2854245750099604,0.0,147.9229407283246,-35.16448078883342,0.45934498770920484,0.0,117.62008257759018,-34.05545980447045,0.8945580159007545,0.0
172.06826211067104,-25.82033022718701,1.5838544087942754,0.0,144.85202431828762,-5.89968924244902,5.168712294317613,0.0,133.8179449509858,-11.510454296339509,1.4139936944383713,0.0,168.50049962302072,-40.97468199294353,-2.666715798117612,0.0,148.02642697887455,-35.06912632748958,0.5066471886191035,0.0,117.68038200594518,-34.14251548003586,0.9022674804873105,0.0
171.994814402431,-25.767002252730826,1.6134156884378967,0.0,144.85079348229033,-5.93719643648538,5.107540833318728,0.0,133.8429341469646,-11.495005237228243,1.4263184476012434,0.0,168.7604287788663,-40.22921576748195,-3.0100377687094593,0.0,148.14093828341706,-34.9592384212331,0.5591086874220643,0.0,117.75576746550716,-34.247655757238704,0.9200119390748522,0.0
171.91847037938703,-25.68804080313869,1.625777107162703,0.0,144.86082665075688,-5.945299938826859,5.094284549320204,0.0,133.8734449618576,-11.48486474927355,1.4413070852300773,0.0,168.96858937002284,-39.52045334238497,-3.323784061708726,0.0,148.2696774537445,-34.84405034658902,0.6141539016686828,0.0,117.84325581364882,-34.36747820111118,0.9466581711068311,0.0
171.83934483768076,-25.58992630486457,1.6265112761570748,0.0,144.87335260101526,-5.936549580318514,5.1093345124724685,0.0,133.90747160199447,-11.477633419755856,1.4559469918089292,0.0,169.1582287299512,-38.81640018041501,-3.619043373619112,0.0,148.41043381824338,-34.73032556594633,0.6703552637562051,0.0,117.9375080767791,-34.49548759329425,0.9787784905456611,0.0
