LF_x,LF_y,LF_z,LF_w,LM_x,LM_y,LM_z,LM_w,LH_x,LH_y,LH_z,LH_w,RF_x,RF_y,RF_z,RF_w,RM_x,RM_y,RM_z,RM_w,RH_x,RH_y,RH_z,RH_w
-69.63448683804096,-22.08069265093785,2.3377599103998943,0.0,-74.54605177820827,-10.670769052876572,3.3291221063515755,0.0,-105.70248574234546,-11.653165784037235,2.961649714956879,0.0,-63.16180412222508,-37.27181308515255,0.2822872120321964,0.0,-94.57309700726684,-34.90301243413646,2.690754902974952,0.0,-98.8285118977865,-35.04450990017932,6.124217055492744,0.0
-69.59979735076168,-22.121473845912945,2.3457294681422134,0.0,-74.48911996173321,-10.727127686602994,3.1697223085575974,0.0,-105.64264424240993,-11.689437019935255,2.939010598586476,0.0,-62.994137144825636,-37.32011710527413,0.41306379973640794,0.0,-94.54629171983349,-34.95137322655932,2.7306348446918935,0.0,-98.23350716788124,-34.74970158198585,5.69752889749274,0.0
-69.5631937901019,-22.156619947974498,2.3784050011921494,0.0,-74.4325911590774,-10.788303816126003,3.0116339916268497,0.0,-105.5991970017723,-11.715330124769917,2.919287123089429,0.0,-62.79328657689921,-37.38430443411491,0.5541787852309508,0.0,-94.51790347278974,-34.98694909011422,2.7647318251672264,0.0,-97.68348967625596,-34.466408186017325,5.313310195631406,0.0
-69.51990891496985,-22.175923776972283,2.441889294577825,0.0,-74.37422990766181,-10.855530049894123,2.8561183879062177,0.0,-105.58226081733793,-11.72464892584004,2.9054471260344403,0.0,-62.53512905100583,-37.470854644090835,0.7091275814376221,0.0,-94.48460832696453,-35.00074869330285,2.789978937249405,0.0,-97.20691166231418,-34.21438035252361,4.975995985583143,0.0
-69.46437036437015,-22.167930227804806,2.5290036227199444,0.0,-74.31273990583777,-10.927083670625812,2.7082063696388996,0.0,-105.59435378895931,-11.716523563415532,2.899015387239217,0.0,-62.210028233456,-37.57208828488748,0.8757509250052031,0.0,-94.44502977322686,-34.990699536840054,2.8057743791057703,0.0,-96.81972976759805,-34.00970537693606,4.688842237272324,0.0
-69.39397327180818,-22.124670859275028,2.6228814995971543,0.0,-74.24795685367835,-10.99812669623893,2.575509126707102,0.0,-105.63035685928361,-11.695122291258073,2.8994710222928273,0.0,-61.82466188635961,-37.66651990533156,1.0463645278669116,0.0,-94.40127667736964,-34.96209081017245,2.8129473537848035,0.0,-96.5241956536882,-33.86127418254956,4.454013348083766,0.0
-69.31134754472455,-22.04533866509758,2.7060334099829415,0.0,-74.18079061364377,-11.06261596343904,2.464972545521327,0.0,-105.67967847257788,-11.667661718600538,2.904600738708348,0.0,-61.400411614666986,-37.725021780555466,1.208523574771272,0.0,-94.35859839659972,-34.92555089124148,2.8135075748906324,0.0,-96.31133502093438,-33.76914854036582,4.271183571606507,0.0
-69.2236068825261,-21.93669095346026,2.768756803542381,0.0,-74.11317258689921,-11.11618814714536,2.3797265790001703,0.0,-105.73002853900168,-11.641558472154543,2.911599709778038,0.0,-60.968981153947055,-37.721184202775056,1.3472945654789115,0.0,-94.32341884283906,-34.8935055481171,2.81079314145534,0.0,-96.16563511445918,-33.725394406636624,4.13647238965655,0.0
-69.14003703774884,-21.811336914129768,2.8117427192525497,0.0,-74.0479523654605,-11.157990622788335,2.3180740956988473,0.0,-105.77171849408329,-11.621823551966727,2.9183524850415186,0.0,-60.56594368271051,-37.6419667065686,1.449650186521069,0.0,-94.30135525597777,-34.87652441125246,2.8086920061238896,0.0,-96.06947263378493,-33.71665259754319,4.041821031242982,0.0
-69.06984944301955,-21.68577867400812,2.842592786962083,0.0,-73.98852011916162,-11.190346944412555,2.274768746628439,0.0,-105.80077215099469,-11.609666586684241,2.9242954158158767,0.0,-60.223356471470574,-37.49388769798612,1.5094466858095021,0.0,-94.29600402741667,-34.88067117010003,2.8101965181819306,0.0,-96.00626394949097,-33.727455379734764,3.9754184355274766,0.0
-69.02032733560445,-21.57800810201199,2.8695446983365116,0.0,-73.93815320352226,-11.216937836869631,2.2433149917837696,0.0,-105.81936484566461,-11.602771252246557,2.9304387707569894,0.0,-59.96304306194536,-37.30188757323015,1.529909926017151,0.0,-94.30818832220808,-34.906395909792394,2.816516924392195,0.0,-95.96262009923234,-33.743618614357345,3.9241194816723493,0.0
-68.99539621627407,-21.50381697705122,2.896251441797199,0.0,-73.89927495328249,-11.241011510957605,2.2180119977130826,0.0,-105.83346830889273,-11.596975915878414,2.9385427093534613,0.0,-59.792297832408316,-37.101386120599265,1.52188586029051,0.0,-94.33544670461566,-34.94897930764906,2.827214099256514,0.0,-95.92953798346304,-33.75495794305962,3.877124961332198,0.0
-68.99489151988469,-21.472606629891942,2.920122533298434,0.0,-73.87281398507588,-11.26459171201067,2.1950681339621543,0.0,-105.8490815051747,-11.588507133465964,2.9499595832998935,0.0,-59.70349622265719,-36.9269538485766,1.499136551593546,0.0,-94.37205843298804,-35.00017012560397,2.840920098016184,0.0,-95.90233525185772,-33.75657661912398,3.828765442195838,0.0
-69.01458209001491,-21.484626080743755,2.934453543716236,0.0,-73.85784563896851,-11.288631721745507,2.172715083087695,0.0,-105.86908888807555,-11.575744579354934,2.964825326420989,0.0,-59.67790878873413,-36.80231903951709,1.473648989796816,0.0,-94.41000650967815,-35.05049687663423,2.856060299468826,0.0,-95.87943184585477,-33.74850038615047,3.7788116563800873,0.0
-69.04675198593284,-21.530841968212716,2.93245484776358,0.0,-73.8517019597576,-11.31348273555704,2.1506799876129445,0.0,-105.89226914482533,-11.559775490323268,2.9819898993967975,0.0,-59.69217280345014,-36.73545322927202,1.4530679938112296,0.0,-94.44086744554588,-35.09169600881075,2.871292328819356,0.0,-95.8606252393363,-33.734071441877,3.730527496670362,0.0
-69.08136220334758,-21.59537452073652,2.9106965774614597,0.0,-73.85061005202209,-11.339119039205272,2.1295065278916354,0.0,-105.91463164712681,-11.543636679673742,2.999623861951262,0.0,-59.72476176443185,-36.71962461989662,1.4404382564244962,0.0,-94.4580241630353,-35.118632905365295,2.885688885171829,0.0,-95.84564758221063,-33.71783465082736,3.687933347207661,0.0
-69.1080106700315,-21.65976476595709,2.8705634638006945,0.0,-73.8506718822325,-11.364969762345082,2.1100555165870443,0.0,-105.93195838698773,-11.530860417439188,3.0161006674878816,0.0,-59.76023783856059,-36.73854913101187,1.4353351566880974,0.0,-94.45831917506716,-35.1300848810295,2.8988121382666048,0.0,-95.83350834879477,-33.703633560752685,3.6536827353221746,0.0
-69.11847041035173,-21.70790086634709,2.8179068697395167,0.0,-73.84882787784466,-11.389598944353887,2.0932510689783275,0.0,-105.94197182624764,-11.524227757008454,3.0306716982387574,0.0,-59.790479704384396,-36.77275955823675,1.4354947753722218,0.0,-94.44254161601043,-35.12809603682335,2.910804409046966,0.0,-95.82266421597973,-33.69339661794068,3.6281212634855997,0.0
-69.10883787272466,-21.729945501945757,2.761985909173365,0.0,-73.8434849018755,-11.410648394992284,2.079958180968692,0.0,-105.94506592573518,-11.525230869773948,3.0436376940014487,0.0,-59.81343429885867,-36.80495475419956,1.4383958782485617,0.0,-94.41473543932753,-35.11628950648821,2.9225369755409023,0.0,-95.81168571322057,-33.68676531124419,3.6093885342739114,0.0
-69.08014891858284,-21.723661101235905,2.7145912563861625,0.0,-73.83467235621684,-11.425304221007343,2.070861131120987,0.0,-105.94352401255328,-11.534062299154007,3.0560037834802216,0.0,-59.83067312720914,-36.823317608210765,1.442369049359451,0.0,-94.38081829899988,-35.09809219551588,2.9357013690998954,0.0,-95.79994643558645,-33.681449306453544,3.5941666248092883,0.0
-69.03705003279646,-21.692495854748653,2.689354481565868,0.0,-73.82375743779859,-11.431148476329042,2.066314983351811,0.0,-105.93994649434768,-11.54964321764391,3.068801934674232,0.0,-59.84501299540574,-36.82273368987894,1.446927285572949,0.0,-94.34717516327942,-35.075892536338074,2.9525582669543304,0.0,-95.78793246287034,-33.674080566216084,3.5786571487420247,0.0
-68.98507847339717,-21.641143822394824,2.7005092282226375,0.0,-73.81283391214795,-11.426935172875188,2.066229639029988,0.0,-105.93584377472318,-11.569457352640327,3.0823630547975824,0.0,-59.858893055996,-36.80422343764531,1.4524004531457475,0.0,-94.31966193313112,-35.05166896720097,2.9750887241090087,0.0,-95.77699142184127,-33.66135127400614,3.5594117057521544,0.0
-68.92746594282954,-21.570266524123255,2.760473469700287,0.0,-73.80396771757435,-11.412873456989708,2.070042177955985,0.0,-105.9310429713752,-11.589408715353006,3.095859008534859,0.0,-59.873581489439,-36.77304206073113,1.4593148765323978,0.0,-94.30291461814386,-35.02882649006728,3.0036089050274626,0.0,-95.76863089491654,-33.641252658446945,3.5338061472367297,0.0
-68.86221736046477,-21.472399203227194,2.8764346181812126,0.0,-73.7985568963308,-11.390326400867535,2.076794398621047,0.0,-105.92401957190827,-11.60415046922811,3.1073720604240638,0.0,-59.88903251328054,-36.736193467846114,1.467892607732539,0.0,-94.29940861161765,-35.01425804081965,3.035317827744855,0.0,-95.76370357260966,-33.614193900254925,3.5002370841377832,0.0
-68.7801314784353,-21.330848657488566,3.047016063068808,0.0,-73.79702917040836,-11.361123439562249,2.085312706677149,0.0,-105.9128274868997,-11.608187321624682,3.114537142245819,0.0,-59.90424676504335,-36.70032637655752,1.4777108415795759,0.0,-94.30782392512924,-35.01942872507228,3.0634886657400546,0.0,-95.76186413423122,-33.58367836972674,3.4583383075679404,0.0
-68.66442942342803,-21.122615170744947,3.260810772281319,0.0,-73.79892634202685,-11.326807594715442,2.0944610390981424,0.0,-105.89612416411636,-11.597618340316462,3.115477675559246,0.0,-59.91798144385318,-36.67065461380736,1.487420690684317,0.0,-94.32096603068145,-35.0596944199094,3.077963971440731,0.0,-95.76154428046176,-33.55614077516189,3.4094534060407966,0.0
-68.49239133926726,-20.8250221776864,3.4987222736111256,0.0,-73.80326609970525,-11.288139052562865,2.103393991305449,0.0,-105.87386930677644,-11.571868802582538,3.109493067361596,0.0,-59.929505373965256,-36.65076590648976,1.4946703857748105,0.0,-94.32429932380857,-35.15180588876372,3.067217424123939,0.0,-95.76043203183146,-33.53962114503926,3.3571374030447974,0.0
-68.23905142925193,-20.42429507414161,3.7407654877733805,0.0,-73.80903823918601,-11.24503980847777,2.1117322509706113,0.0,-105.84750086357363,-11.53445868283419,3.0970466658582705,0.0,-59.938933582095686,-36.642634106780434,1.496644501088367,0.0,-94.2965472122471,-35.31023463388472,3.021534368561003,0.0,-95.75615119505167,-33.5412900681525,3.306774558442493,0.0
-67.88285952420718,-19.923498593950814,3.975047089021203,0.0,-73.81569938993208,-11.197005904775239,2.119610158536682,0.0,-105.8195271977363,-11.4920918934693,3.0791759546870487,0.0,-59.94683317091603,-36.64635408686744,1.4913234991110809,0.0,-94.21330821653137,-35.54351701558985,2.9362744027743304,0.0,-95.74676213166745,-33.56452088819907,3.263493517816908,0.0
-67.41259654920235,-19.34670672131314,4.2036990152605505,0.0,-73.82349047950598,-11.144029490030208,2.1275160159572852,0.0,-105.79243696427378,-11.452169557444805,3.057051956802228,0.0,-59.95346564434877,-36.65980244346668,1.4788273047546419,0.0,-94.05297855186141,-35.852125446397245,2.814286154564109,0.0,-95.73105907491265,-33.606934316587726,3.2294014778365217,0.0
-66.83305983028264,-18.735777250040712,4.440704834045064,0.0,-73.83338460318777,-11.087956197383654,2.135871702778932,0.0,-105.76702616469296,-11.419766232013808,3.0322708901245186,0.0,-59.95852652262871,-36.678825533393066,1.4618780705146044,0.0,-93.80261107106442,-36.22887568443663,2.6669214871657587,0.0,-95.70892062966712,-33.66074408599704,3.2027654338210585,0.0
-66.16564368850506,-18.1382185466136,4.701922459422592,0.0,-73.84656523527393,-11.03351139580765,2.144552243351173,0.0,-105.7408624685278,-11.39552124071234,3.0075475245841528,0.0,-59.96163604879875,-36.698288340855456,1.4448686583835624,0.0,-93.46145707224369,-36.661578907893784,2.5130446597803893,0.0,-95.68156420656499,-33.715412522059765,3.1799249450962463,0.0
-65.44179416411691,-17.59112933274391,4.994336003953178,0.0,-73.8635471396572,-10.987651226286738,2.152717217859891,0.0,-105.70784306422497,-11.375521338363136,2.9868468303475684,0.0,-59.962850789798324,-36.71361272566921,1.4320098149207308,0.0,-93.04118006239997,-37.13657042453358,2.375773641981894,0.0,-95.65122836189049,-33.76121064452159,3.157747751843999,0.0
-64.69233063411019,-17.11092563749005,5.311692200290642,0.0,-73.88337708595503,-10.956853315783356,2.1591268051685475,0.0,-105.65915518709875,-11.353270665660542,2.974460960072282,0.0,-59.96256398772371,-36.72198890761596,1.4257471131751682,0.0,-92.56254969797565,-37.6415168690307,2.277777218523525,0.0,-95.62030546012845,-33.79202477530851,3.1346873981126198,0.0
-63.93879406281591,-16.694328986672424,5.637065983705272,0.0,-73.9035097937916,-10.94402401764971,2.1627750297174,0.0,-105.58521213646806,-11.322710168783466,2.9735971776180268,0.0,-59.96101956917837,-36.72274012052856,1.4262958962703163,0.0,-92.04930946801016,-38.16646523051781,2.236581009291605,0.0,-95.59048298340049,-33.80651379456481,3.110553778922011,0.0
-63.19064255904871,-16.327352932411724,5.948211466644368,0.0,-73.92057498183146,-10.947371419770766,2.1634481413406252,0.0,-105.47791044467544,-11.28059708760719,2.985582747159393,0.0,-59.95799373163655,-36.7169070254191,1.4322774556782267,0.0,-91.52115576528126,-38.70317004463736,2.2611427511070996,0.0,-95.56236766806055,-33.80761949756423,3.0858867397181626,0.0
-62.44750614323833,-15.995263359495352,6.22254387867919,0.0,-73.93159545868488,-10.96192506404245,2.1618735648008993,0.0,-105.33255864757095,-11.226940528434113,3.01043669647407,0.0,-59.95284898175297,-36.706430107814555,1.441917509716621,0.0,-90.98828292734504,-39.24367356498174,2.3504052365766306,0.0,-95.53567535319289,-33.800943172848235,3.0614106621307666,0.0
-61.703492187785436,-15.688866907078472,6.44117572414409,0.0,-73.93494554890064,-10.982298452368774,2.1594115632719273,0.0,-105.14896442489459,-11.163452195905478,3.048715219541858,0.0,-59.944801120353226,-36.693338191622665,1.454148536493637,0.0,-90.44917275252243,-39.779303275986585,2.493884103464854,0.0,-95.50975826021029,-33.79264812147353,3.037663668052657,0.0
-60.951098969722196,-15.406222968194998,6.592191246894435,0.0,-73.93063423926068,-11.004759784196207,2.157469351043762,0.0,-104.93155928587146,-11.091154048408672,3.1037928462089326,0.0,-59.93317778424698,-36.67923738414136,1.4690790301136367,0.0,-89.8918391112802,-40.30068787759329,2.6738803175315358,0.0,-95.48411447693219,-33.78754134114388,3.014828303909482,0.0
-60.1837085825837,-15.150975986020384,6.672787434544405,0.0,-73.91996457054805,-11.027630844176779,2.15689535176927,0.0,-104.68880003813999,-11.00856908121467,3.18347293959447,0.0,-59.917561439515055,-36.665201572206,1.4876136070116246,0.0,-89.29754331377669,-40.79860120962859,2.868786096184766,0.0,-95.45860147367289,-33.787907870065524,2.9927682632197783,0.0
-59.396686850760005,-14.928967997386463,6.689658405714262,0.0,-73.90489444514421,-11.050308577128519,2.157628500388123,0.0,-104.43204319000489,-10.9114023249028,3.3000732399927486,0.0,-59.89784671289057,-36.651973347678776,1.5104269013374925,0.0,-88.64561690947536,-41.26497749497086,3.056965620926589,0.0,-95.43330821704635,-33.79344808762593,2.9712136167263434,0.0
-58.587670887693825,-14.744553801156417,6.657524977810757,0.0,-73.88745907977659,-11.07196014232809,2.1588227867589147,0.0,-104.17376845570212,-10.79388716655433,3.4686929143034426,0.0,-59.874336741148625,-36.64025793918769,1.5368480614341067,0.0,-87.9183167380819,-41.69349568863771,3.2205870591657275,0.0,-95.40826261891038,-33.80225675576373,2.9500540044252084,0.0
-57.75675851731504,-14.597666595176156,6.5963500175009315,0.0,-73.86947872358647,-11.090883697497492,2.1594546582242504,0.0,-103.92492050168337,-10.651303760507064,3.703919006956509,0.0,-59.84795500936287,-36.630850371009785,1.564368995366845,0.0,-87.10503577056784,-42.07949868823543,3.3485984806568423,0.0,-95.38320897103,-33.81231203407029,2.9297180009201185,0.0
-56.90696527352063,-14.48223426134821,6.527927703072576,0.0,-73.85251730888035,-11.104806492733047,2.159073272103278,0.0,-103.69160801400514,-10.482569385158795,4.015545339737052,0.0,-59.82038566933813,-36.62441539856347,1.589288724097294,0.0,-86.20531604025523,-42.41938441992672,3.438011589069756,0.0,-95.35759719709134,-33.82268830021537,2.911372473150962,0.0
-56.044593510021045,-14.386095533993382,6.472420513762451,0.0,-73.83784164860538,-11.11164802102919,2.1581381395028476,0.0,-103.47220735853072,-10.291549163758125,4.404074319622378,0.0,-59.793732814433916,-36.62098010608229,1.6082906063725346,0.0,-85.23003214405705,-42.709878616360776,3.492967168220753,0.0,-95.33081285170978,-33.833907048041304,2.896389424959981,0.0
-55.178721864174,-14.292501725398665,6.445587974517714,0.0,-73.8261971934464,-11.110205077786471,2.1576538036807165,0.0,-103.25616659239626,-10.086300184139949,4.857160387850415,0.0,-59.769616051559574,-36.61948016085025,1.6199358937768977,0.0,-84.20009817566562,-42.94767184732528,3.5217438033691053,0.0,-95.30257686160698,-33.847426962993744,2.885084553592831,0.0
-54.319539618218606,-14.183475095717785,6.457600239202495,0.0,-73.81754246316927,-11.100673158077578,2.158429422003966,0.0,-103.02499014350514,-9.876635588083193,5.348526838377362,0.0,-59.748358778398966,-36.61776390468948,1.6251284029608026,0.0,-83.14242009002578,-43.12955588199743,3.5327831070487186,0.0,-95.27327992073025,-33.864763268119134,2.8759636210662816,0.0
-53.47621788028989,-14.044614413537955,6.513617464571787,0.0,-73.81107619197432,-11.084969654257206,2.1605927321410565,0.0,-102.75485580634404,-9.67124469441728,5.8405629873092,0.0,-59.72904088135174,-36.61320946816957,1.6264961028524354,0.0,-82.08390523406345,-43.252780177675426,3.531420267282842,0.0,-95.24394177032873,-33.88671422593219,2.866550887708488,0.0
-52.655264652983256,-13.869596377959692,6.615177849421666,0.0,-73.80568227720565,-11.06642165169974,2.163641113653556,0.0,-102.42008580663547,-9.475557658198174,6.290662132087892,0.0,-59.71034856426988,-36.603725706080496,1.6272126067771424,0.0,-81.04560118108516,-43.31546235590669,3.5186987625477517,0.0,-95.21577278911671,-33.912866194605876,2.854986901820439,0.0
-51.859768005465725,-13.662479048713964,6.7610915500149495,0.0,-73.80054318520327,-11.048562318562418,2.166803487442081,0.0,-101.99700725168621,-9.290964592047793,6.65994383723293,0.0,-59.69145102985867,-36.58865258109743,1.6298089205375739,0.0,-80.03915653138745,-43.31714040602617,3.492503656815643,0.0,-95.18969406512771,-33.94138221664013,2.840780170566653,0.0
-51.08935505563719,-13.437113896436028,6.94707257756248,0.0,-73.79551506391113,-11.033623263093157,2.169400027883734,0.0,-101.46790164598396,-9.115506760009012,6.9218549965103655,0.0,-59.67233205652409,-36.569108784053,1.6354148379476356,0.0,-79.06658371594469,-43.25938640351408,3.4501104056782363,0.0,-95.16614005633605,-33.969129835620365,2.82435626865065,0.0
-50.34051062989092,-13.214044107130569,7.16418178692876,0.0,-73.79101291814769,-11.02176030176463,2.1711008443698745,0.0,-100.82460039120011,-8.94586220252506,7.0677518854968415,0.0,-59.65357363081959,-36.54759712220368,1.6436818418224473,0.0,-78.12284323936294,-43.14612258225087,3.39078592644206,0.0,-95.14512637651099,-33.99224176641076,2.8062727330790675,0.0
-49.60705839207852,-13.015747792765659,7.397057188759325,0.0,-73.78744188392685,-11.01157485908814,2.172049806074291,0.0,-100.07094914274538,-8.78005084852241,7.107399380525097,0.0,-59.63584517429315,-36.52702709057786,1.6533409251393678,0.0,-77.19988979110887,-42.98334285836248,3.317328189485238,0.0,-95.1263662151775,-34.00707161928602,2.7868675893069508,0.0
-48.880956668308826,-12.861564118718185,7.623527061569378,0.0,-73.78446253135266,-11.001539553161614,2.172733744232456,0.0,-99.22312299373162,-8.61971940409247,7.06429572966932,0.0,-59.61932548199955,-36.509620088406706,1.6630263791023996,0.0,-76.29063052970034,-42.77829415663545,3.2360022274881324,0.0,-95.10931391899018,-34.01129016002251,2.766353991258473,0.0
-48.15387407501399,-12.764239443731288,7.816794318374061,0.0,-73.78055398177115,-10.991299720153435,2.173570050184372,0.0,-98.30707339061344,-8.470676705958184,6.967886195061247,0.0,-59.60330076370656,-36.49624655447343,1.6718619864667819,0.0,-75.39156417779567,-42.53845870033841,3.1549073878662384,0.0,-95.09319703634421,-34.00473666046954,2.74497060633958,0.0
-47.41978047769614,-12.72968429417797,7.949866119991882,0.0,-73.77331543071966,-10.981961717988343,2.174482357408843,0.0,-97.3533416048482,-8.3411375292401,6.845817517220114,0.0,-59.5862473023882,-36.486488861458476,1.6795203867107826,0.0,-74.50351895496456,-42.27069412088264,3.0813825150644476,0.0,-95.07713090845202,-33.98969480926478,2.722988325300294,0.0
-46.67785533973969,-12.759476107293484,8.000660787592903,0.0,-73.76056456098934,-10.975247762852513,2.1748497935560813,0.0,-96.39064018634768,-8.238559295973904,6.718833239104919,0.0,-59.566525365078995,-36.479254098468076,1.685889956045008,0.0,-73.63071359375424,-41.98076276605371,3.019537865554872,0.0,-95.06030454090731,-33.97048652512848,2.700695312834073,0.0
-45.934265615034924,-12.85343252392669,7.9563719437428855,0.0,-73.74171411036666,-10.972207321248318,2.173910636244498,0.0,-95.44028368750206,-8.166822699053974,6.599202104723643,0.0,-59.54332542412876,-36.47339379594172,1.6907596731472,0.0,-72.77900727463282,-41.673362416576005,2.9690183848885976,0.0,-95.04218078123037,-33.95254342989563,2.6784805274087837,0.0
-45.20166522704038,-13.009630100404213,7.816363155722078,0.0,-73.71858859083542,-10.972418109003142,2.1712536179792643,0.0,-94.51319787480116,-8.125102189328244,6.491851223622065,0.0,-59.517181622281136,-36.46783643729017,1.6938326480944177,0.0,-71.9543086757197,-41.35258766231358,2.925485806841408,0.0,-95.02271260291498,-33.94127374018819,2.656916586939838,0.0
-44.4963285290246,-13.221728688463724,7.5929467207323915,0.0,-73.69506275139457,-10.974191564281538,2.166924805578061,0.0,-93.60999820672114,-8.10864246449622,6.396655200731777,0.0,-59.4896346574956,-36.46124146850695,1.6950119247778161,0.0,-71.16166198029941,-41.0224981911122,2.8824562426732,0.0,-95.00257610914554,-33.94103297432636,2.6366829114688635,0.0
-43.833935344732666,-13.476247047986055,7.30926594265099,0.0,-73.67553844967223,-10.975651852205392,2.161057608254513,0.0,-92.72340008664135,-8.110810635019615,6.310738228357122,0.0,-59.462284191878005,-36.45172685149236,1.6946208939581169,0.0,-70.40494332809607,-40.687358459078396,2.8336067248479697,0.0,-94.98328884165913,-33.95438294505095,2.6183555217957313,0.0
-43.225704656018934,-13.753147524574315,6.994114728013438,0.0,-73.6629646959903,-10.976090856310785,2.1534292399044226,0.0,-91.84177317793238,-8.12561137180453,6.230423236956613,0.0,-59.43592612275036,-36.437252283446654,1.6933034835761607,0.0,-69.68681120768754,-40.351287609743316,2.774683069108482,0.0,-94.96697293892774,-33.98166142029467,2.6022621452368426,0.0
-42.67632101385169,-14.030960162129391,6.674848063297488,0.0,-73.65746223121265,-10.976796775015327,2.1434411111106506,0.0,-90.95293450334314,-8.149978428239073,6.1528284463232765,0.0,-59.4103463144475,-36.41665928522661,1.691673301694868,0.0,-69.00861210184813,-40.0174376497288,2.7044967835838083,0.0,-94.95565854004104,-34.02076115863968,2.588475889715898,0.0
-42.183852492357055,-14.294402882421156,6.370568226863883,0.0,-73.6563740859028,-10.980672869003481,2.130625953761699,0.0,-90.04768734908205,-8.185177306555559,6.076975433631601,0.0,-59.38479690902947,-36.39068464106504,1.689967916004493,0.0,-68.37015659268913,-39.687148850244355,2.6248851633001085,0.0,-94.95039595796278,-34.067071347715334,2.5767457917330887,0.0
-41.74076180350921,-14.54073481252431,6.087699692077026,0.0,-73.65575784590072,-10.990568949056343,2.1153415049406004,0.0,-89.12267883012055,-8.236675257434644,6.004090691098117,0.0,-59.35871461097802,-36.36210541726448,1.687911601443325,0.0,-67.76954701556645,-39.35956074138676,2.53984536602772,0.0,-94.95069572925655,-34.113826368973015,2.5662363488948134,0.0
-41.335376051020845,-14.78186430410308,5.819087191852514,0.0,-73.6524247550704,-11.007117837219198,2.099192493748415,0.0,-88.18199117309128,-8.312279005548005,5.936884238954988,0.0,-59.33217044554776,-36.33472121093661,1.6848803504970231,0.0,-67.20350604297475,-39.031945829326496,2.454301049827814,0.0,-94.95465107510097,-34.15331741205125,2.5553572846146295,0.0
-40.95420769971631,-15.041219227057987,5.546715113530744,0.0,-73.6452793484875,-11.027323961463281,2.0848798479660644,0.0,-87.23695340042137,-8.419212158919168,5.877942122418633,0.0,-59.30582082538873,-36.31170605481591,1.6803509978669737,0.0,-66.66867725718545,-38.70084159379971,2.3729765812109296,0.0,-94.95966284953782,-34.17905029268316,2.5421006071716405,0.0
-40.58549127079009,-15.346173090653007,5.247547351567102,0.0,-73.6352174199713,-11.044811409761612,2.0754517776097714,0.0,-86.30408633535257,-8.56142991967436,5.8278472843068645,0.0,-59.28051747426439,-36.294291150376644,1.6744307843731203,0.0,-66.16387712452905,-38.3639037988507,2.2996706974970387,0.0,-94.96334245884972,-34.18806391567781,2.5249136649391293,0.0
-40.222958483648696,-15.718217410528306,4.901464086263651,0.0,-73.62382518832719,-11.051798471750562,2.0732328059260094,0.0,-85.4016099667553,-8.738223023978993,5.783970449747166,0.0,-59.256917192357925,-36.28145946927947,1.6681069311789756,0.0,-65.69242757245377,-38.02214038609777,2.236994673688212,0.0,-94.96415441495698,-34.182119911283756,2.5036261384531056,0.0
-39.868024374965266,-16.163925799374837,4.49933030387456,0.0,-73.61187473127924,-11.0420515849906,2.078882771441309,0.0,-84.54529836691545,-8.944301098554785,5.740618842995204,0.0,-59.2353014691381,-36.27067991964799,1.6629628943596764,0.0,-65.26309923084735,-37.68180736976817,2.186420783494464,0.0,-94.96163395848227,-34.1669792004995,2.479791684831122,0.0
-39.52913823804982,-16.669605545900094,4.048440137459922,0.0,-73.598650685665,-11.01361884628224,2.090989933213617,0.0,-83.74459208669518,-9.170905588017387,5.690446073689788,0.0,-59.21561095066819,-36.25921637115145,1.6604860228384801,0.0,-64.88847910580482,-37.35494500269341,2.1483749340531944,0.0,-94.9562721807637,-34.150087930660575,2.456129356262762,0.0
-39.218272470457535,-17.20175392227868,3.572963674542015,0.0,-73.58252028764154,-10.970154772493846,2.106396109645118,0.0,-82.9998595636624,-9.407450459000303,5.626413283937753,0.0,-59.197623491262625,-36.24539664757072,1.6614187224397252,0.0,-64.58083753306514,-37.05767417149576,2.122245080041399,0.0,-94.94919507353461,-34.137798260805305,2.435332622186653,0.0
-38.94588403585303,-17.71427909040153,3.1087421233365538,0.0,-73.56233327825046,-10.920123193366289,2.121186800175007,0.0,-82.30172659937233,-9.643383692737283,5.543597210794291,0.0,-59.181182415051204,-36.229311857748726,1.6655467603916794,0.0,-64.34711157244361,-36.80628070493178,2.1064021406136444,0.0,-94.94171742852211,-34.13335683634552,2.418940092720101,0.0
-38.716852909275936,-18.16109571717285,2.6940876798432356,0.0,-73.53872310247962,-10.87405766831306,2.132016418329366,0.0,-81.63341851188814,-9.870063394577926,5.440456778399879,0.0,-59.16634401894583,-36.21267864168661,1.6719394721386927,0.0,-64.18538274669295,-36.61244161949702,2.098351511875787,0.0,-94.93490315373616,-34.13646140930208,2.4069081576538363,0.0
-38.52962331513858,-18.509445854116006,2.3598302231494266,0.0,-73.51445800025554,-10.841024533545438,2.1372478885635857,0.0,-80.97652533895314,-10.082405345481078,5.3193347640776505,0.0,-59.15334858616401,-36.19800186782379,1.6793468079555058,0.0,-64.08460278868692,-36.479661423443986,2.095010955474441,0.0,-94.92932282781301,-34.14442205733611,2.3980345299111363,0.0
-38.378666039897276,-18.74798762597496,2.121855162659954,0.0,-73.49358871414603,-10.825812371424984,2.1373962601011343,0.0,-80.31902245946591,-10.279862321302168,5.185937378556705,0.0,-59.14246475574133,-36.187513221696896,1.6864418413715647,0.0,-64.02766040435826,-36.40241342151577,2.093077938071131,0.0,-94.92511969167924,-34.154157534491425,2.3908450300129207,0.0
-38.25836782555274,-18.886464821192448,1.9782992928524905,0.0,-73.47984524059473,-10.827871301123412,2.1346734115711836,0.0,-79.66239179107282,-10.466059660913173,5.047605850522892,0.0,-59.13387550047021,-36.182398868696495,1.69183775559687,0.0,-63.99625585593677,-36.36807259770694,2.089502321712363,0.0,-94.92230077453941,-34.163891973979595,2.384371484844211,0.0
-38.166103358979406,-18.94853768397155,1.912099760995905,0.0,-73.47509453484186,-10.842092160542206,2.131890137252908,0.0,-79.02398052371313,-10.646641562573581,4.910687534120351,0.0,-59.127720828163234,-36.1825910993529,1.694105467197824,0.0,-63.975428726252495,-36.36054625502615,2.0820445784546084,0.0,-94.92102052625715,-34.173749409265184,2.3784604835641048,0.0
-38.10292533948996,-18.962290464209023,1.89772627026891,0.0,-73.47856322034481,-10.860797463007964,2.1312710111934567,0.0,-78.43254207646345,-10.825860495169414,4.7780885362381,0.0,-59.124228269820264,-36.18708639844816,1.692055113977288,0.0,-63.9561269771441,-36.36416318592384,2.0697565405595437,0.0,-94.92165647898588,-34.18518796559963,2.37358876738074,0.0
-38.071341918759295,-18.95260533223247,1.909212449927118,0.0,-73.48714067206483,-10.876118140845678,2.1337142405123597,0.0,-77.91852726313607,-11.003472510144979,4.6483244392872525,0.0,-59.12373275663133,-36.194520990298486,1.6852429904737214,0.0,-63.935347668123214,-36.36668618564113,2.0531741354184554,0.0,-94.92465551462547,-34.19983808286822,2.3703861490491,0.0
-38.07124597166502,-18.937296617324407,1.9262501147499647,0.0,-73.49662919269969,-10.882143285296154,2.138760265594417,0.0,-77.5035876853751,-11.173582018654942,4.516491564326971,0.0,-59.12644258578693,-36.20366162274695,1.6743798695827898,0.0,-63.91442226414411,-36.360830785579516,2.0341576532302916,0.0,-94.93028298257018,-34.21847928976737,2.3691487720186775,0.0
-38.096576169261034,-18.92659854929806,1.9364765706372786,0.0,-73.5034520301316,-10.8765076863042,2.1451825860585245,0.0,-77.19378505870986,-11.326200674800056,4.376356322591606,0.0,-59.13200517580244,-36.21357518547421,1.6613724798892022,0.0,-63.896537390455535,-36.344215457758295,2.0154644626391036,0.0,-94.9384213933996,-34.240627841490046,2.3695932874259995,0.0
-38.13519415594401,-18.924458891205546,1.9343133926997886,0.0,-73.50618337723273,-10.86117918495277,2.1518416715497057,0.0,-76.978644726626,-11.451153166585017,4.222490493614844,0.0,-59.13912158406255,-36.22345386844542,1.6489770080449464,0.0,-63.88451864162595,-36.31817504980138,2.0001282827490368,0.0,-94.94848628424627,-34.26476564736765,2.3709423060474357,0.0
-38.17243006420253,-18.93026863279894,1.9184070436507268,0.0,-73.50635934202397,-10.842207981184124,2.1583784412900275,0.0,-76.83554140827488,-11.5429045351385,4.0519847370281905,0.0,-59.145528007254285,-36.23227393782296,1.6401475362770697,0.0,-63.879487918626296,-36.2861516563086,1.990676607164378,0.0,-94.95946675940002,-34.28890995966193,2.3721998011851184,0.0
-38.19632501937322,-18.940494833424854,1.8896843828782384,0.0,-73.5082601506949,-10.828347433032002,2.165480968250181,0.0,-76.73722175460342,-11.60409368779515,3.8656876537786147,0.0,-59.14851423798359,-36.23859678660182,1.6371632890887007,0.0,-63.88053889177669,-36.25227496479532,1.988331738510226,0.0,-94.97008377824068,-34.311161433742065,2.372371138905745,0.0
-38.20157504443012,-18.95025525546629,1.85050202233744,0.0,-73.51760837988098,-10.828815737512462,2.1746909910120884,0.0,-76.65961784090698,-11.64568845331092,3.66881576566802,0.0,-59.14579615389771,-36.24084658299443,1.6407552075102991,0.0,-63.88524737251033,-36.22039392959825,1.992509926872371,0.0,-94.97902640084436,-34.330034307755085,2.3705259219205743,0.0
-38.190097962381806,-18.954948012234116,1.8041161270248454,0.0,-73.53943667374718,-10.85080233163637,2.187854387262563,0.0,-76.5873129547049,-11.683137543003035,3.4706392170624305,0.0,-59.13627771543606,-36.23823991485659,1.6495578276774943,0.0,-63.89066768728693,-36.193513490762065,2.000874534739939,0.0,-94.98517592635591,-34.344590000218396,2.3658178419875817,0.0
-38.168262688645626,-18.951930900084083,1.7539097249447302,0.0,-73.57578407138499,-10.897397141832906,2.2063436875039706,0.0,-76.51503273988996,-11.730091444224243,3.2830267132130277,0.0,-59.12031338698701,-36.23221241918107,1.6600127355065268,0.0,-63.89441932585382,-36.17343924744839,2.0099138184517695,0.0,-94.98773527444821,-34.354485558205646,2.357606954878211,0.0
-38.142787677531715,-18.941922978687682,1.7026593415773554,0.0,-73.62419742614675,-10.96652638882899,2.230219069459988,0.0,-76.4452351950927,-11.79289048097641,3.1179037095919533,0.0,-59.09937776595668,-36.22787645513568,1.6666147587188131,0.0,-63.89551917883081,-36.1603981367407,2.0158236711130595,0.0,-94.986245530908,-34.35996995759711,2.345673380639825,0.0
-38.11787281929707,-18.92936846767225,1.6523020643305806,0.0,-73.67790185798094,-11.051325777327136,2.257637349415946,0.0,-76.38363450959375,-11.868780361523623,2.984175433747394,0.0,-59.07524551140549,-36.23492230439672,1.6624627907795677,0.0,-63.894738312659555,-36.15250117477395,2.0155027947017565,0.0,-94.98053326031133,-34.36174468687405,2.3303641498689753,0.0
-38.094922732781406,-18.921134717920445,1.6041900756608722,0.0,-73.72781807171903,-11.141984254435286,2.284947977527951,0.0,-76.33516936975239,-11.948503270657366,2.885194206497278,0.0,-59.04885041361015,-36.267450061153866,1.6402574512519799,0.0,-63.894395272017825,-36.14518504877623,2.0074673937071257,0.0,-94.97067021252248,-34.36063072210667,2.312514994717036,0.0
-38.074225792203244,-18.92385763741968,1.55946049965228,0.0,-73.76564298507151,-11.228416659743873,2.3077367477901642,0.0,-76.30199821884807,-12.021217981778829,2.8178992906651246,0.0,-59.019044170567774,-36.34243995928462,1.5938654103753436,0.0,-63.8976105709799,-36.1311074409088,1.9923754565018665,0.0,-94.95702134516641,-34.35720218889695,2.293139153725976,0.0
-38.05672747701638,-18.94118995631533,1.519174270196677,0.0,-73.78655425156204,-11.302649482441813,2.322490873348098,0.0,-76.28349382000998,-12.078844568469023,2.7741047848396736,0.0,-58.98148959193743,-36.4769282063294,1.520336265623122,0.0,-63.90718094028508,-36.10112408358428,1.9729262284342486,0.0,-94.94036942606893,-34.351745452215546,2.2730722775097565,0.0
-38.04438328397963,-18.97228377020599,1.4840865414348663,0.0,-73.79019103055438,-11.36001593335271,2.32799854308532,0.0,-76.27723661111935,-12.11816221782457,2.743427984960112,0.0,-58.9279101813697,-36.684391705217564,1.421867353738424,0.0,-63.92440295917512,-36.04668627792018,1.9532542076232602,0.0,-94.9219740825637,-34.34475774323333,2.252827650666916,0.0
-38.03898893611006,-19.012065823982706,1.4541872828274247,0.0,-73.77943823091731,-11.399027364365065,2.3256909766959097,0.0,-76.28003698785743,-12.140684525108641,2.716614421242486,0.0,-58.84599306461251,-36.97120457133662,1.3067612809719193,0.0,-63.94829481273102,-35.96323745054331,1.9380918321058314,0.0,-94.90339428351774,-34.33772411541263,2.2327541426152493,0.0
-38.04064744126305,-19.05290865729086,1.428433659936788,0.0,-73.75779592151731,-11.420460167707322,2.3189189086110638,0.0,-76.28856478491821,-12.151188391197165,2.687886313804464,0.0,-58.72029805475965,-37.33425973751643,1.1883859079073051,0.0,-63.97559931963235,-35.85333606332648,1.931679705044406,0.0,-94.88608347254073,-34.33356774385532,2.213345922262418,0.0
-38.04723398056636,-19.086805154103946,1.4051035845779296,0.0,-73.72696630774222,-11.426237962248289,2.3119044725609506,0.0,-76.29967619147516,-12.155767204727212,2.655478085227056,0.0,-58.53429189612168,-37.76090814540358,1.0820039343560222,0.0,-64.00165606300388,-35.72787954068509,1.936243272355945,0.0,-94.87102333184406,-34.33632785135185,2.1954682505618326,0.0
-38.05537688207263,-19.107311542647217,1.3827367310621295,0.0,-73.68600830338812,-11.418266856828634,2.3091434845034247,0.0,-76.31070640750265,-12.15999591035964,2.6204887620400523,0.0,-58.273126653093406,-38.23189490238793,1.000694109808279,0.0,-64.02182407337318,-35.60433149947859,1.9504352786262835,0.0,-94.8586753036386,-34.3501000883552,2.1803703482825387,0.0
-38.06236562738152,-19.1109771044682,1.3610529373269529,0.0,-73.63217522530863,-11.397181152369964,2.315457349773327,0.0,-76.31980116299242,-12.167609486142135,2.585027287440049,0.0,-57.92636765640363,-38.72669204255883,0.9523200991622787,0.0,-64.03285785096737,-35.50220512647392,1.9689303228073456,0.0,-94.84920781017799,-34.377641056883064,2.169469852205955,0.0
-38.067818606402135,-19.098209221768148,1.3411189397458152,0.0,-73.56253111397007,-11.361286279500074,2.3363296840542134,0.0,-76.32605386267163,-12.179974558784679,2.5507845672721867,0.0,-57.48984932993267,-39.229161645401575,0.9389415220319126,0.0,-64.03368867118115,-35.43753927269927,1.984103561289647,0.0,-94.84264848472249,-34.419156800318355,2.163909329545799,0.0
-38.07414057892918,-19.07343267638736,1.3245176073376559,0.0,-73.47544231813826,-11.306332574275409,2.37801238371844,0.0,-76.32920577466034,-12.19640159876371,2.5185893190747493,0.0,-56.966191286504746,-39.73103301880573,0.9586396851926402,0.0,-64.02541123305704,-35.418559049812934,1.9892449141134882,0.0,-94.83868346077085,-34.471792285593686,2.163912169745984,0.0
-38.085515690386984,-19.044290012229812,1.3120045598870735,0.0,-73.37154997372079,-11.226535117848487,2.4470951462377517,0.0,-76.32904754845875,-12.215030478847915,2.488745563355332,0.0,-56.363984606128476,-40.23172937230352,1.0085060892944409,0.0,-64.01065443256863,-35.44376190424753,1.9814666635197202,0.0,-94.83619487779708,-34.530208131757526,2.1681185351924643,0.0
-38.10599292667904,-19.01974526479714,1.302588383841945,0.0,-73.25398083620973,-11.116552009850597,2.5495425195149597,0.0,-76.32502694078086,-12.233837315818477,2.461575849040761,0.0,-55.696005964139594,-40.734880440781794,1.0872029589049976,0.0,-63.99268212088885,-35.502456314500265,1.9626427751342082,0.0,-94.83290172708405,-34.58824447943944,2.1732841714550055,0.0
-38.13771527331433,-19.007343349213468,1.2937929777585992,0.0,-73.12741726587439,-10.973430724283963,2.689457519974466,0.0,-76.3164782761751,-12.251359583365254,2.437700646271704,0.0,-54.97694226578697,-41.24328533307479,1.1959115606032586,0.0,-63.97453306993584,-35.57737976941417,1.9380951203334558,0.0,-94.82545354780518,-34.641142367346994,2.174769007875021,0.0
-38.18023731918974,-19.010409894764695,1.2831277758908612,0.0,-72.99585814749953,-10.797322745636912,2.868024372335989,0.0,-76.30339516029348,-12.266925096116626,2.417907362858598,0.0,-54.221018306259786,-41.754563229811914,1.3372407689448416,0.0,-63.958409088549004,-35.649002551573574,1.9140878195430524,0.0,-94.81013467053293,-34.687491986921756,2.1680236508742468,0.0
-38.231233788274906,-19.02628243274591,1.2699975176183553,0.0,-72.85958035291662,-10.590325660627727,3.083159699039707,0.0,-76.28722182193731,-12.280386496581864,2.4027516174827923,0.0,-53.43978891721712,-42.25919143671622,1.512662060910758,0.0,-63.94541630212767,-35.700641805808395,1.8955861380373253,0.0,-94.78409675920308,-34.73022671171613,2.1509033499554224,0.0
-38.28811707937993,-19.046388978792475,1.2569932655370764,0.0,-72.7124496583502,-10.353969001855873,3.3302014454476057,0.0,-76.27107812582659,-12.291578988494592,2.3921774301955168,0.0,-52.640483363587556,-42.74135306548963,1.7199260100430145,0.0,-63.93565263691704,-35.72279975451326,1.8851242170772373,0.0,-94.74678839097855,-34.7764362064661,2.1262662868465387,0.0
-38.34959111990906,-19.058294778999006,1.2498930508674615,0.0,-72.54089426500514,-10.086951603336745,3.6034616054495174,0.0,-76.25913783303959,-12.29987728029101,2.3854038929384433,0.0,-51.82557937634233,-43.18171579226216,1.951913691528647,0.0,-63.928543259031024,-35.71509677749402,1.882719533012553,0.0,-94.70105146368043,-34.83621817754676,2.1040358018962753,0.0
-38.41623925062384,-19.049211410082464,1.2564000513261604,0.0,-72.32556278691327,-9.784933084168678,3.897973404624734,0.0,-76.25532275355579,-12.304186250474043,2.3811414444123518,0.0,-50.99415766458379,-43.56076942049985,2.197307541395368,0.0,-63.92328392226636,-35.685121683053225,1.8863609872424778,0.0,-94.65328773837969,-34.920982777494984,2.101792717493236,0.0
-38.489801542327896,-19.010062212171466,1.284097806929207,0.0,-72.0460848173045,-9.443157758109145,4.210678946386519,0.0,-76.26181885068813,-12.3034141549092,2.377997338293783,0.0,-50.14477068570403,-43.86176748748767,2.442275837897764,0.0,-63.91924650441906,-35.64487866530057,1.8927528528361197,0.0,-94.6122373722749,-35.04150599073116,2.143132506791904,0.0
-38.571463399738334,-18.93892210443668,1.3380738284677278,0.0,-71.68827806907409,-9.060971635500628,4.540608117893257,0.0,-76.2780228334952,-12.297141989178169,2.374851964873125,0.0,-49.27859072114796,-44.072916715622,2.672044749666444,0.0,-63.91622570143904,-35.60637429470306,1.8982372340642808,0.0,-94.58630517406388,-35.20578088249772,2.253547532404509,0.0
-38.659955858875705,-18.84261411119834,1.418471695759406,0.0,-71.25154406050665,-8.645856896618717,4.887921328195392,0.0,-76.30038666138333,-12.286089362852493,2.3710765366395545,0.0,-48.401313822894956,-44.18863329496337,2.8718034857590453,0.0,-63.91446798743144,-35.57786206347149,1.8998558436346116,0.0,-94.57998534629455,-35.41667300817134,2.4543445380174163,0.0
-38.75046505215819,-18.73565548164916,1.5183658894923333,0.0,-70.75286795371824,-8.2143602974844,5.251998107264233,0.0,-76.32330993842389,-12.272144358738524,2.3665980740784605,0.0,-47.522993112785244,-44.20958635928464,3.0271488633185317,0.0,-63.91448613279502,-35.56167946423568,1.896385845720589,0.0,-94.59058599338645,-35.6697406741671,2.7558003799974475,0.0
-38.83516574408137,-18.636595085215426,1.6229063641309125,0.0,-70.22413141746024,-7.788714092578141,5.629318602009961,0.0,-76.3408115569311,-12.257979407751183,2.3618654068054354,0.0,-46.65617198635482,-44.14136988208556,3.1245838297344743,0.0,-63.91667913301733,-35.554021151171725,1.8890102128131598,0.0,-94.60677269635109,-35.95210681692913,3.1512444690245367,0.0
-38.905565868647294,-18.562895969911956,1.7111179791278435,0.0,-69.70200508842487,-7.390487866196112,6.012355900706012,0.0,-76.34833841333389,-12.246415606226112,2.3577373434017606,0.0,-45.8134923304715,-43.992154646677626,3.152356655935309,0.0,-63.92079437121395,-35.54663153406278,1.8812282902794006,0.0,-94.61000302079437,-36.24341108833571,3.6140570670096235,0.0
-38.955911797428584,-18.526363978878962,1.761120950646502,0.0,-69.21357967689741,-7.034454641800465,6.390253052761336,0.0,-76.34396714166323,-12.239702585040973,2.3552822333719696,0.0,-45.00583751262745,-43.770217399064165,3.1015832926792957,0.0,-63.925391452729954,-35.53011818660784,1.877827515902542,0.0,-94.57859212714456,-36.51923033027413,4.099492701878292,0.0
-38.98604973058175,-18.530766390237172,1.7575342834847252,0.0,-68.76379319739105,-6.725416215414788,6.750840669084411,0.0,-76.32853961682991,-12.23886791386242,2.355483774840886,0.0,-44.24135652491151,-43.48234425071146,2.9674967142495206,0.0,-63.927671442949595,-35.498094241862006,1.8831565992660302,0.0,-94.49256691978957,-36.75616670295086,4.552214755665544,0.0
-39.0019516694266,-18.571645485567725,1.6977871316320297,0.0,-68.33050018412254,-6.458651136664671,7.082854061154193,0.0,-76.30479897239785,-12.243338277065543,2.3588850742849434,0.0,-43.52512993213908,-43.13368011954726,2.7507199303623633,0.0,-63.924067151509696,-35.450708420534646,1.8993007865222502,0.0,-94.33691166253134,-36.9368801640483,4.918290412589219,0.0
-39.01303394357137,-18.637134190127167,1.593942561657057,0.0,-67.86969888432445,-6.223095129990145,7.37771662370992,0.0,-76.27606709743132,-12.251041487772438,2.3652655499431265,0.0,-42.859135659413845,-42.72897730358888,2.458383784056439,0.0,-63.91160304437354,-35.39591694270677,1.9248577296875489,0.0,-94.10208021255961,-37.053392230945505,5.158167144659632,0.0
-39.027296963336724,-18.70940769338244,1.4687675525487638,0.0,-67.32898815124527,-6.006166666770448,7.631045968818001,0.0,-76.24516696777226,-12.25900745581646,2.373514249693674,0.0,-42.24237785544547,-42.27471814558077,2.1046957613680135,0.0,-63.88939839510318,-35.34762381774899,1.9548509610069544,0.0,-93.78284300286099,-37.10788720936244,5.256336645610382,0.0
-39.04719940400503,-18.768099785368538,1.3478975954622268,0.0,-66.6641061386008,-5.799127529960109,7.8439227198430395,0.0,-76.21402961378627,-12.264195969243634,2.381864160967119,0.0,-41.671227142566124,-41.78134446463584,1.7104666153899082,0.0,-63.859391342858004,-35.321228292395475,1.981984032096765,0.0,-93.37760104669599,-37.111191474939496,5.2244403450531145,0.0
-39.06917884860873,-18.796568297670436,1.2521590258779582,0.0,-65.85270165325741,-5.601180724159192,8.023137640183755,0.0,-76.18390458742519,-12.264192890936346,2.388507754675194,0.0,-41.14003831876032,-41.26477499203506,1.3013030716601737,0.0,-63.8257856504022,-35.328220480616885,1.9989698840143628,0.0,-92.88919537179727,-37.079568673167,5.096773776999589,0.0
-39.086953196646796,-18.788753007320935,1.1932812051960742,0.0,-64.90097359500429,-5.420156820561974,8.179397226162576,0.0,-76.15571681827977,-12.257614230477492,2.3923663538467856,0.0,-40.64199834146507,-40.746493650532436,0.9046385948364293,0.0,-63.79352319291606,-35.37174575154326,2.001129595711264,0.0,-92.32614792529188,-37.03057299766038,4.919716035051319,0.0
-39.095707263857044,-18.752268618920873,1.1728660164654272,0.0,-63.841329013666886,-5.269014383555503,8.323538711565913,0.0,-76.13014608442452,-12.244279104408013,2.393598147858347,0.0,-40.169982445267124,-40.25175144338207,0.5463105517309153,0.0,-63.766571191558434,-35.44473117789788,1.9880981000351259,0.0,-91.70242739096696,-36.97885415527018,4.738847306211394,0.0
-39.0942895770612,-18.705235944911962,1.1829512437613747,0.0,-62.72224623178622,-5.160020808818739,8.462375048281318,0.0,-76.10735280487143,-12.22521699249727,2.393479345323378,0.0,-39.71709630625723,-39.80591579721158,0.24768574271593735,0.0,-63.74674545983299,-35.53145805951131,1.9637516392026821,0.0,-91.03511403344326,-36.93304908078559,4.588321838382216,0.0
-39.08498027218317,-18.668384314115425,1.208385040523611,0.0,-61.59458341885212,-5.100009104261817,8.596276792037408,0.0,-76.08663853839155,-12.202429235649722,2.3936754947628582,0.0,-39.276791480982546,-39.42979033635958,0.024054904082454698,0.0,-63.73345271861551,-35.612290780969545,1.934566290540305,0.0,-90.34115727381729,-36.89480740217989,4.485712496370699,0.0
-39.07215050276064,-18.656748723101934,1.2322503318365268,0.0,-60.499774003388254,-5.0889093226620545,8.719453044483828,0.0,-76.06642981219719,-12.178310124176658,2.3954221136530727,0.0,-38.84288571615029,-39.135539508323454,-0.11576702564218166,0.0,-63.724348913322665,-35.66984288439868,1.907713794451082,0.0,-89.6347971467217,-36.86029818793064,4.432958318839084,0.0
-39.060762981679254,-18.67476222390628,1.242919015655028,0.0,-59.46348671901537,-5.121189650698369,8.82237177624845,0.0,-76.04474172362416,-12.154877975257616,2.399149726383593,0.0,-38.40993255171327,-38.92494797341417,-0.16928039568908915,0.0,-63.71652939188588,-35.69403633002826,1.889904251237919,0.0,-88.92640056732876,-36.82363031857982,4.421825628696153,0.0
-39.054532953135876,-18.715649898631966,1.238340291756037,0.0,-58.49518223101446,-5.188442859609225,8.89510743850706,0.0,-76.01993297344347,-12.13320642193524,2.404481337239176,0.0,-37.97392110814229,-38.7906701187091,-0.14001102406691146,0.0,-63.70767939239694,-35.68408604940363,1.886580626826655,0.0,-88.22276350318556,-36.780966863362266,4.4410007975866055,0.0
-39.05388429084799,-18.764323110214107,1.2244208263742156,0.0,-57.59195597537166,-5.2817052348253455,8.930325099335256,0.0,-75.99136594687984,-12.11335880604753,2.410223193254719,0.0,-37.53287088753898,-38.71959709071455,-0.036990163513412,0.0,-63.69675464880884,-35.64710780808989,1.9007189502642952,0.0,-87.52835482346856,-36.73373018221079,4.481746129588901,0.0
-39.0552813282369,-18.803321495761114,1.2092702710502365,0.0,-56.744321308785715,-5.393014945306142,8.924684711116129,0.0,-75.95962630751431,-12.094797457111486,2.4144421828934313,0.0,-37.08701914463775,-38.69668992561013,0.12611782807751304,0.0,-63.68404916256043,-35.59457914459967,1.9315931559295034,0.0,-86.84632091371279,-36.68935744492123,4.540285179198429,0.0
-39.053323064364726,-18.820547396496075,1.1983627501970755,0.0,-55.9415180524823,-5.516297443311206,8.878137213397963,0.0,-75.92617852523954,-12.076968673669349,2.4150565443155116,0.0,-36.6386121251786,-38.707759683626605,0.3320746344386425,0.0,-63.670696725526646,-35.53845173836157,1.9745833622768334,0.0,-86.17819114152469,-36.65899248095676,4.6170662805461244,0.0
-39.04443371335551,-18.815034236349916,1.1935221376937086,0.0,-55.17467231584374,-5.647830250836977,8.791854158314624,0.0,-75.89262275302936,-12.059714300335976,2.4108706200578567,0.0,-36.191361862365184,-38.74015064886169,0.5612075771651952,0.0,-63.657729485311656,-35.4883550015145,2.022567150199926,0.0,-85.52249788349776,-36.65307631396934,4.714313877024919,0.0
-39.029215419370615,-18.796718956308027,1.19429170803617,0.0,-54.43765024761107,-5.786429699254542,8.666404295379124,0.0,-75.8599966488035,-12.043325845936103,2.4022843010186445,0.0,-35.749536523920206,-38.78110287783135,0.7928335679456371,0.0,-63.64499183654571,-35.45041908626017,2.068175528737127,0.0,-84.87382057410807,-36.67708435775728,4.833198549832298,0.0
-39.01170269700489,-18.77974785257554,1.1993771280163603,0.0,-53.72669516505847,-5.933280768009318,8.501482945995619,0.0,-75.82864062474847,-12.028310323801337,2.3910295084621467,0.0,-35.31680647328585,-38.81494483894685,1.0071148167329458,0.0,-63.63051357664342,-35.42731762823252,2.105451388279393,0.0,-84.22361451159708,-36.72968045105439,4.971494719439718,0.0
-38.99624239595768,-18.773584844678844,1.2076384354005008,0.0,-53.039954164001315,-6.091180875042856,8.29720176771717,0.0,-75.79873134931637,-12.015094490017832,2.3792709066256847,0.0,-34.89541862830258,-38.82142718370457,1.186998516441605,0.0,-63.61094834277366,-35.41881584100706,2.1304276674181075,0.0,-83.56256532375048,-36.804072991293545,5.122765518333514,0.0
-38.98430822871607,-18.778315213253904,1.2184277899361522,0.0,-52.37717558590922,-6.2630917756955,8.055830398662604,0.0,-75.77093278396593,-12.00386667426182,2.3689836612065776,0.0,-34.486422703231966,-38.77724646105627,1.31973023064017,0.0,-63.583088026178515,-35.4223809676967,2.1416313615031477,0.0,-82.88295380750073,-36.891392490878815,5.278005240123415,0.0
-38.97347611305378,-18.787394085083044,1.2310155937616933,0.0,-51.739319667655295,-6.450402937332099,7.782887454020599,0.0,-75.74646798536568,-11.994598354483525,2.3618573837281787,0.0,-34.09106708260765,-38.661126062632356,1.3979380461316744,0.0,-63.54572253091285,-35.43366424095677,2.140972265708566,0.0,-82.18002575590906,-36.98405606671193,5.429052144443165,0.0
-38.95913955458415,-18.794846504842475,1.2441362513433027,0.0,-51.12784806640282,-6.651784818482684,7.4871272247319185,0.0,-75.72644526940455,-11.987126694629309,2.359126495266537,0.0,-33.71261381239799,-38.46083819192913,1.4206387855253357,0.0,-63.50082883889734,-35.44691703345229,2.133858293344998,0.0,-81.4524823336649,-37.07765528465224,5.571426106243166,0.0
-38.937601327087464,-18.800810603458086,1.2566735037994317,0.0,-50.54364918874218,-6.863396974493027,7.179446778228726,0.0,-75.71091218852212,-11.981155243971305,2.3609410344694233,0.0,-33.35745462358716,-38.17935251278031,1.394046658674565,0.0,-63.45333423860893,-35.45581341696672,2.127593899580429,0.0,-80.7023839535601,-37.17093798628139,5.704707425721876,0.0
-38.908472177707736,-18.811637128183904,1.2689264137207648,0.0,-49.98584353032785,-7.080530867307757,6.8710609861522505,0.0,-75.69838125969984,-11.97615251540076,2.365726002230348,0.0,-33.03469822006491,-37.837392247591595,1.3313453828511097,0.0,-63.40939400172371,-35.45502751798568,2.128701355256675,0.0,-79.93441635841165,-37.26429054431047,5.8305739941179535,0.0
-38.87502822116846,-18.83510239305844,1.2832043843148995,0.0,-49.45098238626917,-7.299970822043715,6.571537076478059,0.0,-75.68628922992102,-11.971213925185621,2.3702882207358584,0.0,-32.75412499673948,-37.47081294366988,1.2506119636422426,0.0,-63.37398439960149,-35.442029634974176,2.140587696823113,0.0,-79.15450302573674,-37.357598313669925,5.9501513876196235,0.0
-38.84249433405199,-18.87433535884985,1.3027879995205875,0.0,-48.93305775822027,-7.522009756218721,6.287164962161722,0.0,-75.67215237569783,-11.964921703000222,2.3709537680113417,0.0,-32.52329378092724,-37.12292883582047,1.1709575557791663,0.0,-63.34902178122112,-35.41797235724275,2.162641580980809,0.0,-78.36810465097614,-37.44839849347766,6.062517093027045,0.0
-38.81538882345344,-18.924745184534867,1.3292098576648321,0.0,-48.42435875151332,-7.751357506266887,6.01980131948799,0.0,-75.654644132104,-11.955239793324317,2.365239696717378,0.0,-32.34514759001608,-36.83385073340042,1.108018777811802,0.0,-63.33281404760345,-35.38706245687343,2.1911112697243667,0.0,-77.57884907426107,-37.530992643946284,6.165250593760719,0.0
-38.795587935747676,-18.976157357892795,1.359825332857456,0.0,-47.917018466927374,-7.996717552533983,5.766315470497089,0.0,-75.63397377948269,-11.939593107853385,2.3530177514058312,0.0,-32.2171943980148,-36.63036692338114,1.0705461783821733,0.0,-63.32087478708425,-35.354871170589675,2.2211953317761086,0.0,-76.78820207361744,-37.5969773099907,6.256362295686607,0.0
-38.78211739398249,-19.01827912069075,1.3884717765237955,0.0,-47.40516903735312,-8.269146854790726,5.5190430077593104,0.0,-75.6115880649829,-11.91538067994931,2.3362963837955277,0.0,-32.13235863700491,-36.51999366040336,1.0595186234171816,0.0,-63.30768042565526,-35.32650496790574,2.248896526645323,0.0,-75.99647076319974,-37.637417727542235,6.335825688656643,0.0
-38.77225702175223,-19.04521062058468,1.4091085468097866,0.0,-46.88741388520764,-8.57949713065797,5.267483641200085,0.0,-75.58959391112388,-11.881095147549111,2.3177942722455427,0.0,-32.08077467344432,-36.4912618347353,1.0698586262418708,0.0,-63.288805351290634,-35.305289275338104,2.2714491571730733,0.0,-75.20451579475903,-37.64608883294511,6.4055326270558535,0.0
-38.76289035279973,-19.056664727270753,1.4190993280052062,0.0,-46.36867908847428,-8.935390112618007,5.00084271784811,0.0,-75.57009885294437,-11.837853068595354,2.2995168410524265,0.0,-32.05176328724436,-36.51970415917065,1.0934073220760734,0.0,-63.26261163002851,-35.292245987090354,2.2867784545566057,0.0,-74.41497799715799,-37.622070829172245,6.4682281761401015,0.0
-38.75158825471713,-19.05682540346975,1.4196612277410185,0.0,-45.86028237842679,-9.338252847571358,4.710830710776202,0.0,-75.55447273372945,-11.790588413379611,2.2823360480363633,0.0,-32.03558628134005,-36.576691976216175,1.121679246031185,0.0,-63.23065710174777,-35.286350631287256,2.2933372491176893,0.0,-73.63235952397154,-37.569997019352236,6.526518335987914,0.0
-38.737476626974484,-19.052591892879796,1.4141167757592719,0.0,-45.37781613802294,-9.78099515692043,4.394408409888275,0.0,-75.54273463928385,-11.747862847261388,2.2664778200768243,0.0,-32.02468686318585,-36.637557737851814,1.147804364779006,0.0,-63.1966904986097,-35.28524716011453,2.2906280358954465,0.0,-72.86223518310837,-37.49782117197946,6.581882193148942,0.0
-38.72181003788016,-19.051878897837252,1.4060212193032946,0.0,-44.937456621268865,-10.246982629803902,4.056007476056493,0.0,-75.53343036207842,-11.719654242847778,2.252232613785573,0.0,-32.014170436956164,-36.686475356694594,1.1676896753576322,0.0,-63.164878418615615,-35.286048585307284,2.279702248687009,0.0,-72.11008140681129,-37.4133909070528,6.632957562738428,0.0
-38.70790101081238,-19.061776452047756,1.398460023876666,0.0,-44.55182534860562,-10.710931899068596,3.7081889859341937,0.0,-75.52417955053468,-11.713640858375758,2.2403839443294675,0.0,-32.00157058692996,-36.71740680398978,1.1804668713362432,0.0,-63.13807853662391,-35.28609747667395,2.2631663225854215,0.0,-71.37990251537526,-37.32123573816599,6.673305771277262,0.0
-38.70016067078764,-19.086461818206043,1.394406276479227,0.0,-44.226637754823116,-11.14225048292336,3.3696432726908156,0.0,-75.51272188030964,-11.731768992322808,2.2321620632508736,0.0,-31.986226090971336,-36.732005576868175,1.188218331783931,0.0,-63.116772614176334,-35.28369111050409,2.2447287191275827,0.0,-70.67282515101114,-37.220431515751116,6.690013173325562,0.0
-38.702382212902855,-19.125382198793396,1.3971803972128214,0.0,-43.959304663722165,-11.510927839183223,3.0604795526904267,0.0,-75.49797940881459,-11.769137013218778,2.2287645281922455,0.0,-31.968578882570608,-36.736109069940554,1.1950338610829512,0.0,-63.099007406337485,-35.27862478991994,2.2284371320021776,0.0,-69.98617389121199,-37.103920620373664,6.664569965529434,0.0
-38.71578747978632,-19.172601978229743,1.4101641522014123,0.0,-43.74015210424743,-11.794819973709432,2.7964487986333513,0.0,-75.48055983735334,-11.815884155972126,2.2307304256835803,0.0,-31.949527511190254,-36.736353437794534,1.2055710725191595,0.0,-63.08132996105981,-35.27225481589663,2.2177833955624955,0.0,-69.31376221070093,-36.95939743239244,6.576639401843824,0.0
-38.73763936128067,-19.21791652785166,1.4357226066367712,0.0,-43.555821144695614,-11.985585572019758,2.584677896711783,0.0,-75.4624305246616,-11.860850256555777,2.237529645426555,0.0,-31.929913892521842,-36.73787000947744,1.2234134006667698,0.0,-63.06028948866271,-35.26691055024434,2.2149639375106194,0.0,-68.6479644371357,-36.771849959151986,6.41018566442524,0.0
-38.76124738190614,-19.2496362625322,1.4739419496842956,0.0,-43.393373137976724,-12.090409266737623,2.422708690932666,0.0,-75.4460202068648,-11.894961624945454,2.2475155643240523,0.0,-31.910278644113653,-36.74331242110643,1.2496612802248368,0.0,-63.03385368157059,-35.26485811323789,2.2205763065798507,0.0,-67.98355943464358,-36.52793003552423,6.160194750569756,0.0
-38.77775076682109,-19.258236408279963,1.521771185881045,0.0,-43.243528776311784,-12.12869094022778,2.300845205356424,0.0,-75.43329126829887,-11.913035529655989,2.25818690952625,0.0,-31.890964382534687,-36.75287587808486,1.2823098126964751,0.0,-63.002226402589805,-35.267346896964725,2.233801515603064,0.0,-67.32236148208221,-36.22190588052878,5.837134559557379,0.0
-38.7791568386784,-19.23952078157346,1.5728500123878213,0.0,-43.10218945106269,-12.125525490369474,2.2063874181074787,0.0,-75.42519459873797,-11.913958609552946,2.26673942751086,0.0,-31.872437854731785,-36.7647880827905,1.3168315520086153,0.0,-62.96791515647581,-35.27425257620104,2.2528637232644364,0.0,-66.67647368303925,-35.86149817635674,5.466245727426394,0.0
-38.7611899532673,-19.195885831925217,1.6182824945801766,0.0,-42.970147309965334,-12.105072334900171,2.1278278210148134,0.0,-75.42163323057778,-11.899934971075746,2.270916934509934,0.0,-31.85557400811073,-36.776000721063866,1.3478139230473687,0.0,-62.935143085059266,-35.284428884930705,2.2755165806316473,0.0,-66.0675583728084,-35.47014449333846,5.080912161247166,0.0
-38.72431887383144,-19.135081538002034,1.6486950294859977,0.0,-42.85134793030513,-12.086274478526994,2.0574333021926687,0.0,-75.4218674320754,-11.875484202169691,2.2699336620384543,0.0,-31.84172970632835,-36.78305184220141,1.370830207017308,0.0,-62.90871610859506,-35.29640462605625,2.2994580529762825,0.0,-65.5212051290697,-35.08259209040916,4.71320414748711,0.0
-38.67231354479875,-19.06717734444095,1.6574712302122556,0.0,-42.75039512905082,-12.081622100728175,1.99164605491168,0.0,-75.42514110522723,-11.846448062922562,2.2649574686989915,0.0,-31.832594781867645,-36.78297639567363,1.3836075656144082,0.0,-62.89249398546829,-35.308894764858536,2.3226765177608115,0.0,-65.05890218777027,-34.7346712032212,4.3867325177734084,0.0
-38.609257076098295,-19.001212935846354,1.6442423295332471,0.0,-42.67021129812874,-12.097986419672313,1.9299014432164494,0.0,-75.43112666710906,-11.818919889957542,2.258741452201116,0.0,-31.82990304637697,-36.77396733153892,1.3861202640404873,0.0,-62.88787801588484,-35.320851321797115,2.3436799521015086,0.0,-64.69198397028879,-34.45254872530729,4.114432706688577,0.0
-38.5368663217754,-18.942711185201844,1.617389656587159,0.0,-42.610660071074925,-12.137888085197456,1.8730353113254843,0.0,-75.43980835430426,-11.798028657266068,2.254494839732825,0.0,-31.835111870533524,-36.75558117533794,1.3799082440183454,0.0,-62.8930047898097,-35.331240927067036,2.361549156536393,0.0,-64.41995930441983,-34.24675599913052,3.899686205577856,0.0
-38.453673068809046,-18.892370377085832,1.5945722645573621,0.0,-42.56847357792346,-12.20004629140509,1.8221900194555563,0.0,-75.4508569300923,-11.786808694434095,2.2545712142776413,0.0,-31.849133774691534,-36.72856351650938,1.3671828265585244,0.0,-62.90322445066934,-35.3389940931634,2.3759057431900885,0.0,-64.23231807880427,-34.112265803151246,3.73817872102577,0.0
-38.35648564967768,-18.845682132402164,1.6004668805969118,0.0,-42.53830120838999,-12.27908446172452,1.7784576208410225,0.0,-75.46304678634283,-11.78561566957378,2.2596412616038624,0.0,-31.872142002756952,-36.69453369672973,1.350140013134462,0.0,-62.91283097347049,-35.34334360737714,2.3869951744474758,0.0,-64.11182558443913,-34.03273579615054,3.6197895436045133,0.0
-38.243141715991015,-18.793292807148397,1.661170468059069,0.0,-42.51436274286717,-12.36511869747686,1.7429517982203038,0.0,-75.47428391638981,-11.792427957369227,2.268704224834554,0.0,-31.90342372520298,-36.6556882818242,1.3306256984808105,0.0,-62.91727315141634,-35.34425897623308,2.39593145722756,0.0,-64.03825353709405,-33.986663520173536,3.5310651942331504,0.0
-38.11453385338666,-18.722459089872146,1.7961588449204378,0.0,-42.49209392118018,-12.444247818979083,1.716833596245305,0.0,-75.48234170321267,-11.803949334455098,2.2798305702027584,0.0,-31.941267838376277,-36.61449893956164,1.3100858978006915,0.0,-62.91478219987769,-35.34247325570691,2.4048540939440652,0.0,-63.992207086423996,-33.95370217306115,3.4583999722594143,0.0
-37.974257887115805,-18.62024738521394,2.0111361799718317,0.0,-42.469301447256825,-12.500627211932946,1.7010389909089891,0.0,-75.48590651270784,-11.81700195419899,2.2911648398310795,0.0,-31.982951141835624,-36.57330538887397,1.2896648409795883,0.0,-62.90671825866742,-35.3389675730716,2.4166491145046365,0.0,-63.95841870516325,-33.919478434371726,3.3911273744417993,0.0
-37.82602246464545,-18.478026685943924,2.295868019402496,0.0,-42.44661430896436,-12.51999947440034,1.695835483440888,0.0,-75.48535333412875,-11.829544559065058,2.301629114235423,0.0,-32.02496600340418,-36.53382392412496,1.270335546448269,0.0,-62.896637306771396,-35.33435330481696,2.4341018605006806,0.0,-63.927544223215286,-33.87760189497482,3.3233460909935566,0.0
-37.67035019029329,-18.294624867799726,2.6281041463568418,0.0,-42.42723051423855,-12.493706832780942,1.700504264484886,0.0,-75.48280221395679,-11.840860291075394,2.3110227107519776,0.0,-32.06361387460242,-36.49678187687432,1.2529829652631825,0.0,-62.8886424762223,-35.32882347130461,2.458678584470457,0.0,-63.895949122272796,-33.8287191342586,3.2538103431566814,0.0
-37.501907131221735,-18.075089778935563,2.980582440165808,0.0,-42.415995948503735,-12.421785418800638,1.7132847323176605,0.0,-75.48133147645628,-11.850924404244457,2.3196337649154,0.0,-32.09590427890552,-36.46192497589146,1.2384174150384837,0.0,-62.885754984729964,-35.32305598253155,2.489367138904358,0.0,-63.86392187069955,-33.77774737865221,3.1842506196524827,0.0
-37.308121445741946,-17.824715402545333,3.327440494509446,0.0,-42.41786280881409,-12.313868263189487,1.7314987193689806,0.0,-75.48363515479383,-11.859426530938242,2.3277339667244217,0.0,-32.12041695133727,-36.428446360363786,1.2273479824698352,0.0,-62.8888079918203,-35.31985843925225,2.5220827073773666,0.0,-63.83338494381465,-33.73085728280134,3.1172263552243304,0.0
-37.06962936034823,-17.541647091302373,3.649023650925944,0.0,-42.43599263759871,-12.187204249902036,1.751780290452917,0.0,-75.49072810534449,-11.865096477160847,2.3352718765231,0.0,-32.137653836357636,-36.39562460729223,1.2203096307450885,0.0,-62.89592147197442,-35.32582297699413,2.550045835270792,0.0,-63.80610092139204,-33.69325950489818,3.05456303740975,0.0
-36.76300916410757,-17.21323253290768,3.935875282152823,0.0,-42.470149532683656,-12.062101111275865,1.7704975356240578,0.0,-75.50131936772759,-11.865768492250348,2.341854955338153,0.0,-32.14962685491342,-36.36337472727234,1.2174934205643595,0.0,-62.90228576502995,-35.35211671348115,2.5652569782283905,0.0,-63.78281592553324,-33.6680528159439,2.996833065980022,0.0
-36.365707355820675,-16.819877547166485,4.191836343014327,0.0,-42.516188871134766,-11.956329274610136,1.7844341821149143,0.0,-75.51218128994905,-11.859183976031677,2.346933216152987,0.0,-32.1588625786732,-36.33253329602456,1.2185185886886032,0.0,-62.90000358971698,-35.41382047105721,2.5607844256017387,0.0,-63.76321792448813,-33.65592490433577,2.943722322357205,0.0
-35.86233294156436,-16.34593119137043,4.434584341003648,0.0,-42.56707104712172,-11.880751311263934,1.7915212089791268,0.0,-75.51941236898314,-11.844123866042564,2.350045858921847,0.0,-32.16731294782971,-36.304821161521204,1.2223337854713598,0.0,-62.878053049980785,-35.527736639443276,2.5331853525255976,0.0,-63.746318091819816,-33.65542126148514,2.894770760089255,0.0
-35.250855798974676,-15.792751519103332,4.6913942983373715,0.0,-42.61507806547068,-11.83787521472632,1.7912504161072462,0.0,-75.5200763434658,-11.821257808881406,2.351004925338234,0.0,-32.17563367591445,-36.28243653462471,1.2274435897191278,0.0,-62.82275084823961,-35.709069629152225,2.484168639380192,0.0,-63.73088962144329,-33.663546476224866,2.8499110957742797,0.0
-34.54639233478806,-15.186954816827939,4.989019353243711,0.0,-42.65428329798262,-11.823369162990542,1.7846291199047783,0.0,-75.51341321261691,-11.793215521391202,2.3499190332737516,0.0,-32.183037238199674,-36.267266356109815,1.2324630029705723,0.0,-62.719127474342336,-35.96776314592349,2.420761414747858,0.0,-63.71576699550695,-33.676492178272255,2.809448880343071,0.0
-33.77953518841688,-14.577682015161422,5.340224295903949,0.0,-42.68220760263491,-11.829114749110552,1.7738342949136978,0.0,-75.5008672587058,-11.76380226517413,2.347039469962075,0.0,-32.187696478063174,-36.259922341207016,1.2367366827309532,0.0,-62.553249832455215,-36.305575841817536,2.3538013120575734,0.0,-63.69998885077457,-33.6903392288416,2.77357780561592,0.0
-32.987662100529434,-14.021721717290024,5.734410936944631,0.0,-42.700023188356994,-11.846164955171963,1.7617366431725685,0.0,-75.48474204974394,-11.73671783582522,2.3425361475611037,0.0,-32.18752729188263,-36.259065795150875,1.240638933702753,0.0,-62.314918727669685,-36.71502838189894,2.295294846407822,0.0,-63.68286832510642,-33.70166305617641,2.7418922894843476,0.0
-32.20231110438432,-13.563655676794564,6.1400039027746995,0.0,-42.71136273134402,-11.866751328506307,1.7513330675960486,0.0,-75.46615416567607,-11.714284816681895,2.3363692555293074,0.0,-32.1810400137577,-36.261477754298156,1.2453178730737822,0.0,-61.999764186798004,-37.18083988307633,2.2556406215207723,0.0,-63.66405151679041,-33.70801186826066,2.7132851150164647,0.0
-31.439496433729737,-13.222583085912943,6.518370181421211,0.0,-42.72036151657372,-11.885293704529523,1.7451156094873959,0.0,-75.44346788024176,-11.696539141928183,2.3283650272728913,0.0,-32.16789755796841,-36.26298317025128,1.2519689080481786,0.0,-61.60989222774506,-37.683422355083835,2.2416496596730333,0.0,-63.643547955593824,-33.70822438154723,2.686235417385282,0.0
-30.697919352272173,-12.991638815170688,6.840356620211468,0.0,-42.72976723390381,-11.898718122677195,1.7444897087427993,0.0,-75.4120875404217,-11.680808156248858,2.3185559064511843,0.0,-32.14898741434337,-36.2598768907514,1.2610041016442555,0.0,-61.15283146493111,-38.20307718787817,2.255786423325249,0.0,-63.62169718404325,-33.702551948979796,2.6592664048512056,0.0
-29.964346227234955,-12.847128589774831,7.096175402679485,0.0,-42.73982726429974,-11.906402130944398,1.7494116799561663,0.0,-75.36560708874713,-11.661756006664561,2.307848754300055,0.0,-32.12610416031506,-36.250217093857835,1.2715627615019098,0.0,-60.639192776242055,-38.72340635261736,2.2964948401505865,0.0,-63.59907344086261,-33.692556176532904,2.6314023717891644,0.0
-29.221847322237757,-12.759957159848199,7.295678356373843,0.0,-42.74834546398363,-11.909918105688536,1.7584133404275093,0.0,-75.29755042508057,-11.631843637646679,2.2989478142082103,0.0,-32.10149820749212,-36.23440180234686,1.281660672575379,0.0,-60.07982793215222,-39.233040786473566,2.3592271025097986,0.0,-63.57635199632491,-33.68076867113057,2.602532388612479,0.0
-28.45703705307263,-12.704228403222249,7.4616094417044785,0.0,-42.75186262967233,-11.91250318457266,1.7690878579159843,0.0,-75.20278064280528,-11.582191925263233,2.297141205223319,0.0,-32.077472571901254,-36.214784346579016,1.288988087385949,0.0,-59.48330312572269,-39.725532863785375,2.4378217752851796,0.0,-63.554141832617326,-33.67014978282538,2.573555340450998,0.0
-27.664570456653973,-12.661672762524539,7.620090684785902,0.0,-42.74743982303771,-11.91803559205609,1.77890494851591,0.0,-75.07811340087792,-11.503841635002367,2.310431279936317,0.0,-32.056038782020494,-36.194529566302776,1.2920267397956628,0.0,-58.85433273404393,-40.197827179321386,2.525898876476928,0.0,-63.532778138782774,-33.66346410604884,2.5461681624794075,0.0
-26.84853989892479,-12.622615719736558,7.791824326575867,0.0,-42.73423198201538,-11.929494775619931,1.7860274796544982,0.0,-74.92230997742674,-11.389277206108432,2.348851741158933,0.0,-32.038583790388415,-36.17624846063581,1.290878351192923,0.0,-58.19350948544268,-40.64808595127956,2.6178959408336056,0.0,-63.5121122182006,-33.66274943564889,2.522319059885259,0.0
-26.020737339764814,-12.584576588415139,7.986263703698933,0.0,-42.71414972195687,-11.947357551142925,1.7897872497637746,0.0,-74.73593634391997,-11.233874686213003,2.423365507302975,0.0,-32.02557900971535,-36.16102266678181,1.287260806267538,0.0,-57.498246260573396,-41.07374562244938,2.7094691560683533,0.0,-63.491408693345065,-33.669032402091965,2.5035693299820263,0.0
-25.196131612564685,-12.549599477934132,8.200056777168912,0.0,-42.69137336843848,-11.968712450436906,1.7906553318493685,0.0,-74.52137461270628,-11.036819496739586,2.5448863471202685,0.0,-32.01641576723505,-36.1482139936606,1.2836606982555345,0.0,-56.76448712823561,-41.47045064592065,2.7972890743890684,0.0,-63.46947408293205,-33.682324611757075,2.4906074235113866,0.0
-24.387117226673503,-12.521643843309985,8.420001023427147,0.0,-42.67099811933976,-11.987749171399775,1.7897824894467522,0.0,-74.28278788660724,-10.801166329069273,2.723568572258772,0.0,-32.00942778747774,-36.13606208662724,1.2822088901989321,0.0,-55.9886319888833,-41.83203456731149,2.878539077033821,0.0,-63.44505797355772,-33.7017964644101,2.4829588170461623,0.0
-23.59913075136145,-12.505210623680973,8.629103458171816,0.0,-42.657376084219514,-11.997741248927356,1.7883794598944132,0.0,-74.02547113961681,-10.533086732299736,2.967971027885941,0.0,-32.00215883425484,-36.12270765203975,1.2839652159320796,0.0,-55.16920783913238,-42.15122838390538,2.9504637498975317,0.0,-63.417432196609845,-33.72598887576415,2.478898729671954,0.0
-22.8295721519103,-12.505321693107941,8.812955596290983,0.0,-42.65272521351295,-11.993912926158886,1.787276084334346,0.0,-73.75412136134098,-10.240763755735225,3.283494703034748,0.0,-31.991900920305383,-36.10712525548866,1.288955882107489,0.0,-54.30796468588718,-42.420575772016925,3.0101547879347947,0.0,-63.38691771157324,-33.75300380535048,2.475734525590818,0.0
-22.069984469840872,-12.527800480284236,8.963934003262395,0.0,-42.65638923993807,-11.97596388628299,1.7868465048727327,0.0,-73.4702322457603,-9.93348974888777,3.6698211882658356,0.0,-31.97636777061477,-36.08957172653933,1.2967995153012914,0.0,-53.410235325549785,-42.633271634589185,3.0546008833521956,0.0,-63.355057161365814,-33.78070684044049,2.4705498491247972,0.0
-21.310010460205383,-12.578779334636167,9.082367922391265,0.0,-42.664898362239974,-11.948887906998417,1.787160410043061,0.0,-73.16969481471311,-9.62112266971462,4.117881259026525,0.0,-31.95424236572141,-36.07146366847203,1.3073676083332781,0.0,-52.484583873683995,-42.78403485847769,3.080969558592514,0.0,-63.32423378261945,-33.806977619277184,2.4611050137034898,0.0
-20.54150727646703,-12.663391804500783,9.174952578937877,0.0,-42.672827589601546,-11.92135438912637,1.7880463296306335,0.0,-72.84199810152103,-9.313524352572847,4.607793810435993,0.0,-31.925431660658507,-36.05488931029055,1.3208966144639671,0.0,-51.54189805064662,-42.87020101152794,3.087044095676312,0.0,-63.29683469188115,-33.829978771741516,2.446389095503342,0.0
-19.76156555062262,-12.784568381078627,9.250763999482505,0.0,-42.674346834645625,-11.902202498589004,1.7889788329015044,0.0,-72.47170106620801,-9.019578939912726,5.10952412782847,0.0,-31.891053817627625,-36.04204449016652,1.337411944517621,0.0,-50.59408367218908,-42.892863282799176,3.071625836341738,0.0,-63.274348376792986,-33.84839524734609,2.4266255323348904,0.0
-18.973444560312814,-12.942996053947539,9.315513330243625,0.0,-42.66514218438652,-11.896779648467062,1.789037424630525,0.0,-72.0415922665766,-8.745946889619335,5.587114531245975,0.0,-31.853252431141843,-36.03475865608522,1.3559744101739852,0.0,-49.652499958443734,-42.85746954416685,3.0346792325645566,0.0,-63.25682798571178,-33.86165508772862,2.402962571269761,0.0
-18.18490560622962,-13.138488225729379,9.366046960200606,0.0,-42.644081014113894,-11.905011352014647,1.7871826891830995,0.0,-71.53620975143706,-8.496215682074633,6.005549129921663,0.0,-31.814862226918393,-36.034138267030485,1.3745140763938632,0.0,-48.72639491575387,-42.77326315757514,2.9772239508060014,0.0,-63.242926955258426,-33.87016297913436,2.3771677254247336,0.0
-17.404611567225054,-13.371840760322685,9.388255738877703,0.0,-42.61387210845589,-11.922042552025388,1.7827908945303363,0.0,-70.94460211702184,-8.27104066216769,6.337840629496197,0.0,-31.778913457505688,-36.04033771950302,1.390520196674851,0.0,-47.8218214168357,-42.651508422568774,2.9012466904449177,0.0,-63.23042141640255,-33.8754809146386,2.3514164878451442,0.0
-16.638788508219722,-13.646021490497496,9.360307294538309,0.0,-42.58026361349936,-11.94085977070739,1.7761387080241153,0.0,-70.26188953685894,-8.069314392742923,6.569781336014554,0.0,-31.748061172169653,-36.05249590789988,1.4020620179754548,0.0,-46.941536429079385,-42.50322333299163,2.8098004314348195,0.0,-63.21696636668097,-33.88027459819716,2.328041022000477,0.0
-15.890515745264892,-13.966388603541382,9.259756958580967,0.0,-42.549951724471136,-11.955424929680493,1.7685207916551935,0.0,-69.48964859900435,-7.889768049353852,6.700964421945052,0.0,-31.72410856398389,-36.06885695497756,1.4083733114952501,0.0,-46.08597224864997,-42.33746109795946,2.70710095025046,0.0,-63.20082502268994,-33.88784965234419,2.30910180960049,0.0
-15.161812839139962,-14.3400638798127,9.070779897806204,0.0,-42.528016612751685,-11.96281689145206,1.7618589197997085,0.0,-68.63524096525866,-7.732113982970069,6.742354632238712,0.0,-31.7076968155027,-36.08706882627004,1.4097376939177089,0.0,-45.254748604359165,-42.160722123571254,2.598369048645674,0.0,-63.18137875058528,-33.90125501302574,2.295834650179666,0.0
-14.456130740900548,-14.77429715933268,8.788410571976648,0.0,-42.51600949107252,-11.963499258214949,1.7579171406447607,0.0,-67.71028972866829,-7.597143409568716,6.711969488973237,0.0,-31.698087583926352,-36.10463859145025,1.407032631310889,0.0,-44.44790705426377,-41.9772847049403,2.489472512235629,0.0,-63.15929627895037,-33.922174027562235,2.2882221739357025,0.0
-13.778886092333579,-15.273918118023708,8.418932786491236,0.0,-42.51158265593315,-11.95983009551367,1.7575027164181591,0.0,-66.72884787732613,-7.485940552161299,6.630568698491347,0.0,-31.693001086064687,-36.119462058404565,1.401433234106145,0.0,-43.66635195183855,-41.78980334120565,2.38659063819912,0.0,-63.13631480784748,-33.95004726955891,2.2849803000583346,0.0
-13.136168203661537,-15.838782391314297,7.977386690953689,0.0,-42.50981580080203,-11.95385754579305,1.7601409950313602,0.0,-65.70612996582234,-7.398997872998019,6.518585906149779,0.0,-31.688693431043205,-36.13026913858341,1.3944172018906826,0.0,-42.91159721593346,-41.59968590406884,2.295872451368405,0.0,-63.11468911702534,-33.981897690585555,2.2840600014911807,0.0
-12.533550626665832,-16.462148009752607,7.483811820155048,0.0,-42.50550454051972,-11.945701258765595,1.764432135562732,0.0,-64.65841747137227,-7.336013050868218,6.394341756842698,0.0,-31.680577186996864,-36.13683017009957,1.3877730504101855,0.0,-42.18532151466478,-41.40719914413501,2.2226980199409976,0.0,-63.09649866387105,-34.01305351123048,2.2833950116367454,0.0
-11.976174356333757,-17.130152718154676,6.9595652305471765,0.0,-42.49521052532254,-11.93323980734223,1.7687485453835894,0.0,-63.60371892245911,-7.296545761162107,6.272696907044606,0.0,-31.6644346992609,-36.13986097996725,1.383267061346702,0.0,-41.48911561376918,-41.211478027984604,2.170210598833348,0.0,-63.08309955325135,-34.03854208153874,2.281374757825171,0.0
-11.469476447243121,-17.822274021672417,6.4243482413712645,0.0,-42.47814632340346,-11.913050424312416,1.7716973435720291,0.0,-62.56164829600855,-7.281015966175147,6.163460186984269,0.0,-31.637834205004943,-36.14065407759044,1.3819760451477272,0.0,-40.82435844939128,-41.01047533939046,2.137415161653678,0.0,-63.074942297693966,-34.0546458490344,2.27675828664945,0.0
-11.019320159381321,-18.513074811955097,5.8940565955150666,0.0,-42.45573885145435,-11.882247438844521,1.7721818383288497,0.0,-61.55097460681431,-7.291250872363079,6.069963186328062,0.0,-31.60118350072033,-36.14050942059782,1.3836588082560102,0.0,-40.19192772512477,-40.80069499508818,2.1178483598631708,0.0,-63.071710947056374,-34.06008173962058,2.268372926229464,0.0
-10.630964348309492,-19.175656553709306,5.379573642532243,0.0,-42.43042443129622,-11.84074918651762,1.7693996575146862,0.0,-60.584909408667826,-7.330070865343431,5.989138532701013,0.0,-31.557937502735832,-36.140137886745435,1.3867330854819482,0.0,-39.591716233312816,-40.576680585276335,2.100005823288857,0.0,-63.07248192211879,-34.05640509627219,2.255277799745338,0.0
-10.30709299970047,-19.786421102523374,4.886868060560128,0.0,-42.404487982982815,-11.792944478677923,1.7629926139559373,0.0,-59.66635856428929,-7.399935046848665,5.913974633247729,0.0,-31.513588562187724,-36.13939947141201,1.3893071468456153,0.0,-39.02234202241024,-40.33066232002897,2.070127787685397,0.0,-63.07566538689027,-34.04748259764538,2.2375829144543182,0.0
-10.04559156422635,-20.329607690070805,4.418726934691974,0.0,-42.37954874674905,-11.747317101410754,1.7531522510626338,0.0,-58.78618692878328,-7.501066313059754,5.837514093498681,0.0,-31.473562239030503,-36.13769682084313,1.3908686666895278,0.0,-38.48146684769536,-40.05314415384144,2.0166091585569212,0.0,-63.078899253211794,-34.03821777157805,2.217176075448208,0.0
-9.838277729685963,-20.799874164725104,3.977698309913978,0.0,-42.356766226146,-11.713385192723818,1.7405779782539277,0.0,-57.92627325609025,-7.629743467890043,5.756289810198979,0.0,-31.441204702326118,-36.13474314817971,1.3930708236587481,0.0,-37.966710658191936,-39.73508642223588,1.9339733131823298,0.0,-63.079373261324854,-34.03304806745874,2.197312535862576,0.0
-9.671768327074428,-21.201963042925907,3.568476993462146,0.0,-42.3372524109642,-11.697091562323674,1.7265012355804927,0.0,-57.066699558181284,-7.777734234706428,5.671504561087419,0.0,-31.417319182324455,-36.13091355413873,1.398437171568336,0.0,-37.47677449286471,-39.37151279394679,1.8245268890670943,0.0,-63.074779396712096,-34.034821698676446,2.1809968245053053,0.0
-9.530392728750607,-21.54721835075106,3.1979103131883804,0.0,-42.322024502687825,-11.697142105497834,1.712773192946793,0.0,-56.19422532821117,-7.933876349061122,5.587749163447594,0.0,-31.40120258188412,-36.12691711329463,1.4080501911531709,0.0,-37.012398728334574,-38.9653454821283,1.6974810858399856,0.0,-63.06438034462104,-34.0443763865061,2.169421209279534,0.0
-9.399880022302408,-21.848037589005862,2.8728908354370075,0.0,-42.31137560333136,-11.704472810433138,1.701669159067146,0.0,-55.3083299127952,-8.087980103037697,5.510229024059825,0.0,-31.39173163190921,-36.1233640325449,1.4204760685197328,0.0,-36.57690681157811,-38.52984955757464,1.5664586505985767,0.0,-63.049401716029365,-34.06074405956169,2.1617527605533198,0.0
-9.270674937056391,-22.11310014883749,2.597877177780016,0.0,-42.30424533040108,-11.705250421024568,1.6953701465156996,0.0,-54.42214235965103,-8.235572936990781,5.4418446493604495,0.0,-31.38755789657056,-36.1207082346214,1.4326395636388156,0.0,-36.17608768150136,-38.08836295679779,1.4460790138202704,0.0,-63.032505110660374,-34.081734364769225,2.15618853123917,0.0
-9.140343366372853,-22.345581714523,2.373245791865142,0.0,-42.298296503116646,-11.685979746489307,1.6955218505712502,0.0,-53.55802790660131,-8.380813996122356,5.38138430697731,0.0,-31.38681451770256,-36.11940478566397,1.4414096005857537,0.0,-35.81731849798801,-37.67061175951382,1.3481820197223353,0.0,-63.016787131008876,-34.10463761352464,2.151176957971998,0.0
-9.014440158457337,-22.54401469321051,2.1948345316254567,0.0,-42.2908809539278,-11.638534935265525,1.7030750709841893,0.0,-52.73999713362886,-8.535505414234454,5.323669309639186,0.0,-31.38716039037476,-36.11993077557295,1.4446077323236253,0.0,-35.50819832120187,-37.30601429372937,1.2789250465521853,0.0,-63.00484654983853,-34.12678313480499,2.1459870836975963,0.0
-8.904818309393127,-22.7043871078948,2.0546876111748755,0.0,-42.28042069173587,-11.563319855218271,1.7181809276678077,0.0,-51.98615855349655,-8.714292486859321,5.261626099140315,0.0,-31.386377858749782,-36.122625329284084,1.4412543988108215,0.0,-35.25511109209926,-37.01603623216902,1.2381017696082957,0.0,-62.998172437685604,-34.14580269378764,2.1405800320525348,0.0
-8.825012945714418,-22.822778803634765,1.9428366214083415,0.0,-42.26741029744065,-11.469612080726751,1.7399325933517016,0.0,-51.30388876465679,-8.928250106863661,5.189220482585325,0.0,-31.38309873812984,-36.12752467312368,1.4314820731128215,0.0,-35.06188861098108,-36.808629605023896,1.2207728433611926,0.0,-62.99689931603992,-34.15969294379042,2.1351574976092405,0.0
-8.784218883362952,-22.898199134765523,1.8497065382492606,0.0,-42.25440151229217,-11.3729697925476,1.7661079350039905,0.0,-50.68888938678244,-9.179704966322515,5.1036911979436415,0.0,-31.377159677312388,-36.134296260033565,1.4164081648095213,0.0,-34.928586635185056,-36.676920093488576,1.219988022976903,0.0,-62.99991710978091,-34.166906956397625,2.129782843158331,0.0
-8.78278085226416,-22.93467425068164,1.7682519932676426,0.0,-42.24486034330296,-11.290453652776277,1.7932705187164366,0.0,-50.12776513753694,-9.46025114118179,5.005971150240567,0.0,-31.36937466145312,-36.14227890575032,1.3979526134667903,0.0,-34.85063590262569,-36.60234188595915,1.2292726668104628,0.0,-63.005278328139134,-34.16658972289448,2.1242737740374658,0.0
-8.811483631701302,-22.941341815295452,1.694769066858604,0.0,-42.24142242012229,-11.235354445084717,1.8174178377571568,0.0,-49.60280498361732,-9.752376471706821,4.89926564546375,0.0,-31.36086001305151,-36.15064549646027,1.3784656265493975,0.0,-34.81885445382283,-36.56087868271002,1.244143981229838,0.0,-63.01077010390337,-34.15884897568791,2.1183041044812168,0.0
-8.854696053077188,-22.930371850911595,1.6281411795318235,0.0,-42.24444208033984,-11.213466598240098,1.834981154192059,0.0,-49.09739418764749,-10.033869675090035,4.786779175648933,0.0,-31.352355003528668,-36.15868388896777,1.360142826873048,0.0,-34.820554013345706,-36.53041456268267,1.2623648514626282,0.0,-63.014462716536244,-34.144851533318345,2.111531010670829,0.0
-8.895284304543146,-22.914109596597058,1.568294557459999,0.0,-42.25159944737308,-11.222124840506437,1.8437306207345578,0.0,-48.60073186641792,-10.283537319571547,4.669921237691478,0.0,-31.344002494416404,-36.1660951384406,1.3444493136396058,0.0,-34.841476069899606,-36.49693225611411,1.282981802058572,0.0,-63.01507515539322,-34.12663974938671,2.103662772898147,0.0
-8.91885168011089,-22.903093274414445,1.5147926769811484,0.0,-42.25878899957313,-11.25187900199359,1.8432491548865606,0.0,-48.110922785874635,-10.486551603924232,4.547762909556745,0.0,-31.33565930490986,-36.173159773076996,1.3318961155748443,0.0,-34.86802811621626,-36.457311436887196,1.3046637141007178,0.0,-63.01211903281237,-34.10677069891276,2.0945258796494777,0.0
-8.9163618507469,-22.905210579087633,1.4661313966468157,0.0,-42.26186584831494,-11.289941366859008,1.8349199759756925,0.0,-47.63572873724952,-10.637871410531513,4.4175709357679125,0.0,-31.327398872439872,-36.18067910619909,1.3223249427363069,0.0,-34.88931232628281,-36.41754923149549,1.3243174096226529,0.0,-63.00589040310441,-34.087979039242626,2.0841909987968705,0.0
-8.885552570543307,-22.925100697125348,1.4199894369105657,0.0,-42.25838225410914,-11.324448399438328,1.8215106365739384,0.0,-47.19041518699557,-10.742711785993418,4.275772668954854,0.0,-31.3198296674615,-36.18971106715179,1.3155197961519267,0.0,-34.898538740870784,-36.387498380981754,1.3370390355019222,0.0,-62.99738099358256,-34.072941686671136,2.0731010090859616,0.0
-8.831357265088467,-22.9632950892839,1.3742217660925782,0.0,-42.248468538181136,-11.34840513388337,1.806426443662966,0.0,-46.79284037468292,-10.814015820217866,4.118939744610618,0.0,-31.314059842274876,-36.201223597827294,1.3117732639813529,0.0,-34.893537762943566,-36.37506687738448,1.3377890766399805,0.0,-62.988118903969344,-34.064051282974226,2.0620753002768737,0.0
-8.764794464082726,-23.015618393891188,1.327906958705121,0.0,-42.23454880668329,-11.361879148816886,1.7927576467278286,0.0,-46.45738785050096,-10.868030105512505,3.944729897266024,0.0,-31.311327276976783,-36.21580624768305,1.312074363520006,0.0,-34.87627328695609,-36.382611387304955,1.32395702386766,0.0,-62.97991313923869,-34.063095426523795,2.0521238285919683,0.0
-8.699916903523844,-23.073735911079694,1.2818624482867378,0.0,-42.22024133822875,-11.371361335315056,1.78243219002146,0.0,-46.19040219937568,-10.919696738921246,3.752718588446635,0.0,-31.312408487890476,-36.23350382746666,1.3177445204093772,0.0,-34.851468681742624,-36.406477581078754,1.2971912273257828,0.0,-62.97448872889365,-34.07084119035239,2.0441183542739,0.0
-8.649484646910182,-23.127237991607558,1.2384878471024834,0.0,-42.209063493908786,-11.386496872628072,1.775900640020435,0.0,-45.98913841870427,-10.97919435585835,3.5449366044055814,0.0,-31.31699440305427,-36.253774139150465,1.329528931349449,0.0,-34.82468345842189,-36.43900473064385,1.2632705195469427,0.0,-62.973051765244215,-34.08661931722804,2.0384398326861586,0.0
-8.621051767267083,-23.16680752302138,1.2009666287403977,0.0,-42.203409953126474,-11.415748529009504,1.7725445438895981,0.0,-45.84423527068855,-11.0501186158201,3.3260278316454173,0.0,-31.323333279253347,-36.27561335684384,1.3463506972534702,0.0,-34.80043324413577,-36.47161094988996,1.2300385316033413,0.0,-62.97590368495255,-34.108104832230886,2.0347334528019267,0.0
-8.615176304714943,-23.187317086650193,1.1719274032812859,0.0,-42.2040348385264,-11.462924156886658,1.7715056016467248,0.0,-45.74398533731209,-11.1293216343017,3.10305532644284,0.0,-31.32846242626678,-36.2979865226401,1.3641701428638502,0.0,-34.781050272883306,-36.49751656257047,1.2044901661230742,0.0,-62.98227328638062,-34.131572094653265,2.031881585795416,0.0
-8.626330100712057,-23.189498487149798,1.1520130862992417,0.0,-42.21007494316735,-11.525776534795256,1.772355207678876,0.0,-45.678203069084056,-11.208366245102258,2.8849131785688265,0.0,-31.329081116111176,-36.32068316793159,1.3755570711508582,0.0,-34.76669547903083,-36.513016140487714,1.1903726464033824,0.0,-62.99048254806756,-34.15278787891831,2.028256673953333,0.0
-8.645715291501944,-23.179449059749725,1.1391027386456596,0.0,-42.21944980054537,-11.596829054175897,1.7752400826866257,0.0,-45.640124014075475,-11.276375827112417,2.6812583859360934,0.0,-31.322665260037283,-36.34547298536269,1.3705058434683064,0.0,-34.75635008746682,-36.51703076438484,1.1872682279973858,0.0,-62.99841646618868,-34.168346954818496,2.0222307229785237,0.0
-8.664587183885148,-23.166403675517333,1.1287215348382436,0.0,-42.229378294967724,-11.665854174797385,1.7805982075079267,0.0,-45.6258939419106,-11.323624824241136,2.5010433086031156,0.0,-31.308183322437497,-36.377115338905355,1.3386319315321327,0.0,-34.74913288342044,-36.50967633552829,1.1914149583516718,0.0,-63.00413515716339,-34.17691003595832,2.012795112739111,0.0
-8.676895782046671,-23.15988275545568,1.1155458416611843,0.0,-42.23689402708177,-11.723104665647446,1.788799806654973,0.0,-45.63230928175519,-11.344898490720446,2.350959719111682,0.0,-31.28597734046708,-36.42369054650777,1.2722611729199418,0.0,-34.74519906193577,-36.491084044883,1.1977327293853666,0.0,-63.006440199795435,-34.179766290633104,2.0000297674591696,0.0
-8.680588205493734,-23.167103853569103,1.0953176997939575,0.0,-42.23944158188482,-11.762294977082641,1.7999683304847078,0.0,-45.654220987571634,-11.341705353335565,2.2342237054719263,0.0,-31.25691877900147,-36.49593949524528,1.1693086330123155,0.0,-34.745765785996845,-36.46132663447824,1.2019677923634013,0.0,-63.005239599844224,-34.18041460705453,1.9851640370003594,0.0
-8.677409008972134,-23.191132164620136,1.066297540831286,0.0,-42.2355911257471,-11.782406785802348,1.8139736050994753,0.0,-45.68320845174239,-11.322626483086347,2.1501026228285394,0.0,-31.221402497216655,-36.60567495165329,1.0346839307052722,0.0,-34.75229919182999,-36.421423255504536,1.2019228334148782,0.0,-63.00156217898794,-34.18324940929943,1.9701632439296262,0.0
-8.671437763179917,-23.23018267944636,1.0296609172231044,0.0,-42.22563842146601,-11.787708784703856,1.83045190214583,0.0,-45.708600531909006,-11.301296647694949,2.09439295086586,0.0,-31.178643621714556,-36.76374664169032,0.8795393672278191,0.0,-34.76536436715328,-36.37467257471554,1.1973953738247811,0.0,-62.99712445145441,-34.19181036628008,1.957034868058722,0.0
-8.667009448078419,-23.27836650939503,0.98881013899571,0.0,-42.21167766338467,-11.785939746162127,1.848791384391843,0.0,-45.720651190108434,-11.292155898197533,2.0607128222753595,0.0,-31.126294651636165,-36.9782479713503,0.7186529943557929,0.0,-34.783842486246776,-36.32725281201168,1.1892236783215218,0.0,-62.99356560357535,-34.20730865606334,1.947157088655599,0.0
-8.6669601314016,-23.32765208542226,0.9480964725480305,0.0,-42.19685011299339,-11.785276664802904,1.8681763569612748,0.0,-45.71420511630595,-11.305396951506637,2.0421175339144373,0.0,-31.060221453894304,-37.25342891802374,0.5669274653273817,0.0,-34.80501497690742,-36.287156978199896,1.178278437274768,0.0,-62.99170763811094,-34.22811184207398,1.9408541197739115,0.0
-8.67197469407914,-23.37028807392507,0.9115932885653457,0.0,-42.18381419517965,-11.791207509863131,1.8878016369327266,0.0,-45.69063475929908,-11.343468584255351,2.032409082233862,0.0,-30.974418110239565,-37.58942268996356,0.4361338887103301,0.0,-34.825504589541026,-36.26128894622183,1.1651632563085776,0.0,-62.99119896947972,-34.250464941094535,1.9373271049145568,0.0
-8.681148914030082,-23.40082804744486,0.8822956084363351,0.0,-42.172876633220326,-11.804439412498388,1.9072314834076085,0.0,-45.65686855594199,-11.400790234990126,2.026755498322279,0.0,-30.861116291321544,-37.98272592273579,0.33282613736719036,0.0,-34.84255306905852,-36.251827786354866,1.1507867784785368,0.0,-62.990655584602536,-34.27011969138623,1.9349559411409203,0.0
-8.693213926496451,-23.4171467381964,0.861767902758471,0.0,-42.160496677337306,-11.820494109639538,1.9267552328336404,0.0,-45.6221713931695,-11.466422831077859,2.02172383105275,0.0,-30.711073985626655,-38.427240935690946,0.257946015460254,0.0,-34.854927295266926,-36.25390203108629,1.1371864392890991,0.0,-62.98818532263262,-34.284097097822915,1.931861637891208,0.0
-8.707695312960706,-23.42024050337759,0.850141919238423,0.0,-42.1388767531936,-11.831017188264893,1.9475918083654395,0.0,-45.59448146958455,-11.52808271104647,2.015121717918456,0.0,-30.51401615217832,-38.915473613605826,0.20809015668240427,0.0,-34.863003511332245,-36.2562682229304,1.1277068433952273,0.0,-62.98210691061618,-34.291796588630376,1.926500455211233,0.0
-8.725525995888486,-23.4130700412867,0.8464365196493766,0.0,-42.09704628332109,-11.826334214105652,1.971872643402441,0.0,-45.57795207118805,-11.575820097870393,2.005905814273957,0.0,-30.259311441950945,-39.43940574866295,0.1778393375707008,0.0,-34.8680901991002,-36.24513572196448,1.1261505379372885,0.0,-62.97164606653642,-34.295069878722195,1.9180726384263167,0.0
-8.748908699210876,-23.399094682461694,0.8491265124540295,0.0,-42.02337213901858,-11.798432696482582,2.002421341512737,0.0,-45.57243071629969,-11.604303467299802,1.9941123694444105,0.0,-29.937017262667542,-39.990786173909584,0.16219341266328158,0.0,-34.87145314680081,-36.20955147454244,1.1353055850237492,0.0,-62.95732687128423,-34.29739425821189,1.9066647525151659,0.0
-8.780420859905838,-23.381202994662488,0.8566769980385605,0.0,-41.90897211020602,-11.743347135827737,2.042420943551808,0.0,-45.57466318420224,-11.61336042371503,1.9806467779421286,0.0,-29.53922277178451,-40.56094509901301,0.15821561164056774,0.0,-34.87356918589871,-36.1458946405416,1.155638454570008,0.0,-62.94081975832365,-34.30258945289386,1.8931473173620184,0.0
-8.821647419277287,-23.361366108623088,0.8676929335918917,0.0,-41.75108637410737,-11.662041729799093,2.095073936811257,0.0,-45.58038466606252,-11.60700814842023,1.96688547351296,0.0,-29.061269894508005,-41.14045196878491,0.16544848838809934,0.0,-34.87390706323046,-36.05945008332681,1.1847906383165352,0.0,-62.9242811264394,-34.313567239948625,1.878849557449822,0.0
-8.87196411498461,-23.340822284882623,0.8806037831660092,0.0,-41.55504043620955,-11.559377490337086,2.1632841705559134,0.0,-45.58625439454851,-11.591556552440975,1.9542133686960366,0.0,-28.502292563330304,-41.718888871982166,0.18525107430889598,0.0,-34.87123735378268,-35.96248430091983,1.2181055455253613,0.0,-62.909540421912794,-34.33150864938683,1.8650611180013588,0.0
-8.928135084044024,-23.320372968983534,0.8932351907016276,0.0,-41.33330460800042,-11.441402152107315,2.2493147560987916,0.0,-45.590844868545084,-11.573502536435042,1.9436607015392102,0.0,-27.86484017705243,-42.28481592144968,0.21957809754963975,0.0,-34.864274462831375,-35.86993478263889,1.2499646758050478,0.0,-62.897563585516785,-34.35566891031704,1.852535696480956,0.0
-8.984993699497771,-23.300541653950326,0.9028377166301507,0.0,-41.100902149570324,-11.311765801317478,2.3544621103559544,0.0,-45.59449470800836,-11.557891835729404,1.9357016138683552,0.0,-27.15400464007962,-42.8259019884009,0.2697604692136615,0.0,-34.852370723389576,-35.79474303984287,1.275377366451261,0.0,-62.88840349646652,-34.38372005288885,1.8412373291242936,0.0
-9.036943585608775,-23.28161007888011,0.9068586155554605,0.0,-40.86816757923694,-11.168451524311227,2.4789845224719507,0.0,-45.598427682144596,-11.547554665606478,1.930192378001312,0.0,-26.376878123514768,-43.32930188020914,0.3357142905781174,0.0,-34.835984301616016,-35.7445840727888,1.2912025464860495,0.0,-62.88153917040423,-34.41235145970162,1.830451824487655,0.0
-9.079684259188763,-23.263614646163695,0.9041044828148266,0.0,-40.63372744466832,-11.002138571321257,2.622547545522899,0.0,-45.603768113951084,-11.543186443858502,1.926461675801452,0.0,-25.54275908145913,-43.78250448495393,0.4157565988340277,0.0,-34.81673250282164,-35.72073792018762,1.296604378880156,0.0,-62.87632359605736,-34.437940720521524,1.819189611730426,0.0
-9.111459056541747,-23.246380456378755,0.8955129735333465,0.0,-40.38124230852133,-10.797247317548354,2.7851748149639075,0.0,-45.610863346740054,-11.5439133795281,1.9235987267832488,0.0,-24.663643481667872,-44.17473973352724,0.5067889229400606,0.0,-34.797017709339215,-35.71886065550629,1.2927281409435203,0.0,-62.87229288999939,-34.45729885609683,1.806692183712343,0.0
-9.13322742323248,-23.229753481760365,0.8839337419100612,0.0,-40.08227829463044,-10.536033292350826,2.968317169386676,0.0,-45.6189512193664,-11.547950880784446,1.9208643078633383,0.0,-23.75420391226413,-44.49859711451937,0.6043780235725862,0.0,-34.77939928865123,-35.730869540665466,1.2819484536127135,0.0,-62.869259819255134,-34.46849107851313,1.7928454051510023,0.0
-9.1476074686756,-23.21416182250324,0.872970332646668,0.0,-39.70517033720056,-10.205120323545108,3.1753525678183694,0.0,-45.62609427412823,-11.553144696821173,1.91797600684008,0.0,-22.83081523067489,-44.75114137869815,0.7025417699737915,0.0,-34.76596719543524,-35.7471419755782,1.2671533383924007,0.0,-62.86724578167621,-34.47156645677142,1.7783441706274257,0.0
-9.157142722043458,-23.201289310964857,0.8655248491905372,0.0,-39.227086278402446,-9.802675005686842,3.4106860108890045,0.0,-45.62948368162602,-11.55737017020473,1.9150553475294991,0.0,-21.909658706515675,-44.933828229821636,0.7934916184498952,0.0,-34.75791277809275,-35.75855712495498,1.2512888374700317,0.0,-62.86629157589769,-34.468914902582696,1.76451558499088,0.0
-9.162936970404598,-23.194258112479055,0.862777313088019,0.0,-38.64483522295831,-9.343276072378575,3.6769670608218776,0.0,-45.626289408789496,-11.558849349369908,1.912308456535614,0.0,-21.004458733936705,-45.05094170910328,0.8677631697450909,0.0,-34.755361031662126,-35.758196433272225,1.2370791437765316,0.0,-62.866124991188904,-34.4649746831411,1.7527910870051375,0.0
-9.16447976843953,-23.196852320935736,0.8640062976192784,0.0,-37.97977935664662,-8.85728898024258,3.9712125398824796,0.0,-45.614920156843375,-11.556436863215307,1.909754426102829,0.0,-20.12488556941975,-45.10695538481551,0.9149287346856205,0.0,-34.75741516797365,-35.742515031263366,1.2267916026455978,0.0,-62.86572910767208,-34.46512518164368,1.743940462965865,0.0
-9.160655821361667,-23.211986724246326,0.8672538577909297,0.0,-37.27362936334037,-8.383466404065928,4.282311641109017,0.0,-45.59610485730502,-11.549860739710388,1.9072369886442733,0.0,-19.2764147202816,-45.103838084842934,0.9246476548342741,0.0,-34.76230503084866,-35.711687447199715,1.222069766758727,0.0,-62.863057518966215,-34.47390995999902,1.7373659210302907,0.0
-9.151175808996904,-23.240181426486156,0.870470324646357,0.0,-36.57532582867992,-7.957483608694155,4.5925913611573534,0.0,-45.57307410427345,-11.539838041582307,1.904632150665778,0.0,-18.46152836481914,-45.03942297890491,0.8877233431125493,0.0,-34.76754345576272,-35.66896620345925,1.2239159120426386,0.0,-62.85527184614655,-34.4932371554885,1.730947875390168,0.0
-9.137516057983397,-23.278819272584098,0.8725508799128647,0.0,-35.92401228772038,-7.602098075292065,4.883531246329854,0.0,-45.55050267417512,-11.527977570950918,1.9019686462200802,0.0,-17.681561214604404,-44.90750991130905,0.797118575393343,0.0,-34.77008696489448,-35.61929467439972,1.2327796604687258,0.0,-62.83970815424969,-34.521531817369315,1.7219572034042585,0.0
-9.122854962148809,-23.32254953477468,0.8738147985940454,0.0,-35.33596093023081,-7.323269061310967,5.14236010372301,0.0,-45.532579469926944,-11.516449270427174,1.899323027263451,0.0,-16.938472710845943,-44.69976913743265,0.6490357133068727,0.0,-34.766608716131664,-35.56779273702922,1.2485652645607104,0.0,-62.81533069521764,-34.55454911599223,1.709218796899572,0.0
-9.111066043975367,-23.364655806664825,0.8758795935662551,0.0,-34.801189476984376,-7.112379536342104,5.365671854755715,0.0,-45.52113685623347,-11.507496677743482,1.896620792012481,0.0,-16.235915051604,-44.408988279248526,0.44403566365042124,0.0,-34.75401659751125,-35.51879377296945,1.2703903826889444,0.0,-62.78402236748244,-34.58776566299592,1.6960634719924865,0.0
-9.105270676678352,-23.398832860514585,0.8811310132344286,0.0,-34.29000363972813,-6.952047909416956,5.558660775743146,0.0,-45.51479403595785,-11.502925717512838,1.8935528952353078,0.0,-15.579133566214026,-44.032830617983734,0.18792299351324182,0.0,-34.730233608676365,-35.47574873164893,1.2961640979490863,0.0,-62.7510241719801,-34.61944692244548,1.6929770535210888,0.0
-9.106646051234492,-23.420764452668237,0.8919372832318011,0.0,-33.76516512257558,-6.823005240939139,5.7312583147642435,0.0,-45.509546437202694,-11.503689179325269,1.8896898334984993,0.0,-14.973649373595627,-43.577121281517414,-0.1080503908987911,0.0,-34.695043955094185,-35.44171764211684,1.3223516908813338,0.0,-62.72417257648859,-34.65306047244481,1.718663922285769,0.0
-9.114065993275908,-23.42907798565011,0.9096918225452892,0.0,-33.1942769783246,-6.710158308080713,5.893398804919078,0.0,-45.50052915964134,-11.509638601497322,1.8847240708546256,0.0,-14.423172575860484,-43.05767142458788,-0.4280545491685057,0.0,-34.6506366608008,-35.41978147771339,1.3443564323929085,0.0,-62.7120144762483,-34.697809843619076,1.7986485419265854,0.0
-9.124741766946023,-23.42549081157513,0.9339210897411956,0.0,-32.55863831586685,-6.606281967134249,6.051168202117979,0.0,-45.48417398812607,-11.519487625241416,1.8786960324991426,0.0,-13.927528859836018,-42.499765924280325,-0.7536286660881863,0.0,-34.60150854784387,-35.41283762427863,1.3576229658179617,0.0,-62.721199198412734,-34.766690258358146,1.9613262725052607,0.0
-9.135533640783024,-23.414171631539833,0.961891424678182,0.0,-31.85707266032509,-6.51239364459891,6.204767627112941,0.0,-45.45983183596311,-11.531024696127318,1.872073987744674,0.0,-13.481464515479935,-41.93496958898224,-1.0661268654087088,0.0,-34.5536233415371,-35.42275250701488,1.3590963430880745,0.0,-62.753756111759,-34.872426582260566,2.2321063430279278,0.0
-9.144330903976593,-23.400559091081533,0.9890987281087664,0.0,-31.10462177266644,-6.435103847561751,6.348565061661449,0.0,-45.430145885498895,-11.541584049772364,1.8656528010999498,0.0,-13.074969397739448,-41.39599346120947,-1.3487821831114886,0.0,-34.51299742131821,-35.4493152537898,1.3484339165883021,0.0,-62.804991280570135,-35.02254801152014,2.6266534489446567,0.0
-9.150965451405952,-23.390037257360103,1.0106603256586588,0.0,-30.32684041641795,-6.382539267265752,6.472944965165612,0.0,-45.39996826227453,-11.548694771496754,1.8603410718353057,0.0,-12.695191524241004,-40.911365156984026,-1.5878823712968675,0.0,-34.484088229415235,-35.48957608191032,1.3284514382993553,0.0,-62.86274336235438,-35.215325166734075,3.1443542806505196,0.0
-9.157344954250945,-23.38676812142536,1.0231245902304416,0.0,-29.55159401561363,-6.360869999174305,6.567162937104831,0.0,-45.37427228123319,-11.550704542314161,1.8569347649297043,0.0,-12.329336922381573,-40.501672901763236,-1.77327742638745,0.0,-34.46851440697458,-35.5379798059675,1.3045321417573437,0.0,-62.90857854516192,-35.43822898901103,3.7634347954254252,0.0
-9.166706633193417,-23.392733896914823,1.0258761283684485,0.0,-28.801392907660816,-6.372648921985304,6.622185939483332,0.0,-45.35603451523453,-11.547124844129181,1.8559242706953647,0.0,-11.967553396572464,-40.17822639709733,-1.8987783912100635,0.0,-34.46466874103135,-35.587397740547225,1.2830614085563408,0.0,-62.921022377165684,-35.66993873576904,4.43973574690588,0.0
-9.1822023576968,-23.407054016733248,1.0214033931533582,0.0,-28.08907649640217,-6.416824368667414,6.632660793202116,0.0,-45.34509643043997,-11.538557141620347,1.857329480385708,0.0,-11.60484122621783,-39.9439182455483,-1.962708157618959,0.0,-34.46850794907244,-35.63084077679599,1.269368071675812,0.0,-62.87994869123975,-35.88563741260582,5.11126741886765,0.0
-9.205433107257111,-23.425914393749228,1.0142360068516094,0.0,-27.41776772208643,-6.489582486744235,6.5975658162908655,0.0,-45.33848114989143,-11.526282173027463,1.860577938555977,0.0,-11.241379320766143,-39.795394465121284,-1.9683300372314125,0.0,-34.47519743609725,-35.663326862417726,1.2659869579819798,0.0,-62.77023146427992,-36.063663918239094,5.709156934810514,0.0
-9.235683498105987,-23.443462138040125,1.009082356701775,0.0,-26.78384417865109,-6.585400250864277,6.519578259198769,0.0,-45.3318920743765,-11.511769817010606,1.864520024267227,0.0,-10.881169332001084,-39.725349162208076,-1.923616405043708,0.0,-34.480725447644616,-35.68317913002723,1.272013466228712,0.0,-62.58296064069009,-36.19066197781768,6.1725840486043335,0.0
-9.270177267087606,-23.453570753133608,1.0091192331127612,0.0,-26.180743734164583,-6.698179605828861,6.403594765064125,0.0,-45.32162168459761,-11.496374871747262,1.8676997829512967,0.0,-10.529495877567278,-39.723898427290706,-1.8400199558821217,0.0,-34.48262384684976,-35.69216566513329,1.2838169953730727,0.0,-62.31438449938262,-36.26326490608106,6.462918257223898,0.0
-9.305020432097509,-23.451906902001454,1.0151633198324443,0.0,-25.601919001172718,-6.822493518875787,6.255047306675635,0.0,-45.30602779253312,-11.481313058137047,1.8688737975841931,0.0,-10.190168423072876,-39.77868724846858,-1.7304143211196035,0.0,-34.47966133861315,-35.694408165054185,1.2967090648577528,0.0,-61.96462807885487,-36.286530026589475,6.572444517555032,0.0
-9.336251421221228,-23.43760354729034,1.025834615250652,0.0,-25.042331910019133,-6.954798231192569,6.078618540963871,0.0,-45.28600260354818,-11.46776479655035,1.8675552655355059,0.0,-9.863584802507969,-39.87432577708375,-1.6068602218408454,0.0,-34.47119268979974,-35.694601653125694,1.3067550153667966,0.0,-61.5380915400065,-36.27090130111714,6.525173234484689,0.0
-9.360691524082126,-23.413949915105356,1.0383819933292884,0.0,-24.498741658335852,-7.094238295004162,5.877760539031436,0.0,-45.2643116148416,-11.456824069633727,1.8642523399910527,0.0,-9.546279255787477,-39.99224062977706,-1.4790452895890631,0.0,-34.456968713463354,-35.69640778379298,1.3119804087314382,0.0,-61.045291789961105,-36.229355399252704,6.3695711187680715,0.0
-9.376615333399997,-23.38773668553789,1.0498158602935206,0.0,-23.96939551017055,-7.2426294672239795,5.655158321096749,0.0,-45.244146603993045,-11.449145420075848,1.8602085726183404,0.0,-9.23200926324531,-40.11170975402486,-1.3539914822021935,0.0,-34.437556914392914,-35.70167563560288,1.3126344205438212,0.0,-60.5038186751984,-36.17526649173245,6.165255302934021,0.0
-9.384244380063484,-23.367368132840173,1.058145416372657,0.0,-23.453639917329106,-7.403432525256489,5.41398646309186,0.0,-45.22756168029802,-11.444462998404788,1.856768088165616,0.0,-8.9139004449932,-40.21204272823569,-1.2370175472763112,0.0,-34.41481357224214,-35.7105339541897,1.3106421722962711,0.0,-59.93609896254334,-36.12073996387155,5.967879007829245,0.0
-9.385784734385945,-23.36041931820786,1.0635058709964298,0.0,-22.951644717065108,-7.5799388461691795,5.159504563407821,0.0,-45.21452945853822,-11.44136910176055,1.854737063190905,0.0,-8.586888196416057,-40.27514056638903,-1.1333471393075456,0.0,-34.39179275625836,-35.72189196529904,1.3086558081995285,0.0,-59.363989819102734,-36.07525372120252,5.81735741493528,0.0
-9.384575914772476,-23.371477008078102,1.0687232588713798,0.0,-22.46415066245722,-7.773270028916139,4.90031277815471,0.0,-45.20308882933062,-11.437634687102605,1.8541032897339047,0.0,-8.249685976616407,-40.28741097810834,-1.0495213119411488,0.0,-34.37199473851467,-35.73386822406384,1.3091413822380122,0.0,-58.8027607446992,-36.04488466532286,5.732872522416606,0.0
-9.383243537841308,-23.40075111728144,1.078706197177695,0.0,-21.992074880435048,-7.980950711915556,4.648589763327607,0.0,-45.190502407052826,-11.431013755147335,1.854235748478402,0.0,-7.905706120511249,-40.24034583623304,-0.9939365203824408,0.0,-34.358305091465425,-35.74397981888058,1.313811764845374,0.0,-58.25748323231775,-36.03244829908935,5.714710984876891,0.0
-9.381552468259912,-23.44364819742858,1.0983345240910705,0.0,-21.53589805783545,-8.196650432304605,4.418958815557525,0.0,-45.17477964219719,-11.420160508279249,1.85439731115431,0.0,-7.562680086997981,-40.12981202286975,-0.9761651853093483,0.0,-34.3520277324048,-35.74920819965453,1.3235165115954448,0.0,-57.72319811239759,-36.038436991138084,5.750394885581166,0.0
-9.375409942223046,-23.49165137980416,1.1294212003528994,0.0,-21.09491639716582,-8.411257766766884,4.226173980102255,0.0,-45.155714365897445,-11.405216711835491,1.8542326553166397,0.0,-7.231092950555559,-39.95482977283514,-1.0050741014079865,0.0,-34.35228139278669,-35.74619696199316,1.3384680436133713,0.0,-57.188192306828334,-36.06219186366653,5.821960815816045,0.0
-9.358236862297543,-23.53485947587472,1.168571932401198,0.0,-20.66663209212223,-8.614936004663488,4.082294793813966,0.0,-45.134886912861255,-11.38781825915588,1.853927502957756,0.0,-6.9218576666142,-39.716873579618444,-1.0861294781860042,0.0,-34.355944840766995,-35.731834473638834,1.3585175077909035,0.0,-56.63859457120942,-36.102708380643165,5.912001669334595,0.0
-9.32434659283481,-23.56559687521619,1.2080214419881887,0.0,-20.246660902351184,-8.799467962576948,3.99415246779591,0.0,-45.11471190727848,-11.37054923843001,1.853964626730754,0.0,-6.64379344996588,-39.420394915723705,-1.2186297083071125,0.0,-34.35827416722583,-35.704273452440496,1.3832154992134473,0.0,-56.062449591407265,-36.15882021426498,6.007244669269401,0.0
-9.272348712669984,-23.58130514235414,1.2395487773874798,0.0,-19.829365773308282,-8.96021377869046,3.961673759903161,0.0,-45.097161048505306,-11.356061542700257,1.8546854815189544,0.0,-6.40141476435217,-39.074526218588,-1.393815246991423,0.0,-34.35415369923406,-35.66407186361732,1.4116086762862832,0.0,-55.45210043595816,-36.228908188584995,6.099561613734831,0.0
-9.20667692174888,-23.585088962240572,1.258878649079847,0.0,-19.409016017842426,-9.097325952504914,3.9772547950807153,0.0,-45.082885257609135,-11.346169415988214,1.8559849736084217,0.0,-6.193419415026551,-38.695066325925964,-1.5947575379515992,0.0,-34.33965801074093,-35.614840407688824,1.4419878421483912,0.0,-54.8046908346849,-36.31049539550085,6.185181594388558,0.0
-9.136747680594997,-23.583703105012106,1.2676171768596163,0.0,-18.980952268622385,-9.21619959489481,4.026130414980461,0.0,-45.07108890394789,-11.34125385016426,1.8573164783884284,0.0,-6.012263532895783,-38.305172590882876,-1.7985488622791799,0.0,-34.31334595347151,-35.562828623227446,1.471920288698108,0.0,-54.12143350144474,-36.400076844275056,6.263225406952717,0.0
-9.074261101106556,-23.583949516248197,1.271915327161354,0.0,-18.542304963327176,-9.327236672323089,4.087637480025559,0.0,-45.060036369695574,-11.340207475749033,1.8579188121403867,0.0,-5.845279352570157,-37.933167959652295,-1.980570333516475,0.0,-34.27673001580936,-35.51533966363643,1.4987551125714074,0.0,-53.40657735084233,-36.49338123030025,6.334414793785381,0.0
-9.029452974594511,-23.58910060489183,1.2790841042700674,0.0,-18.09224740994529,-9.444892945627934,4.137320411908211,0.0,-45.04785460103215,-11.340908998411678,1.8570678613947624,0.0,-5.677591954734387,-37.606989052164735,-2.1197212545139212,0.0,-34.23375190029091,-35.478495752518,1.5204514045680835,0.0,-52.66664880162439,-36.58605997601711,6.400239975573632,0.0
-9.00751804239303,-23.59735570848453,1.2939502168775725,0.0,-17.63222963825802,-9.585842302724206,4.14985876749135,0.0,-45.033327414286724,-11.340994953872556,1.8542673052382028,0.0,-5.49639011774314,-37.34682917003455,-2.2029904955182484,0.0,-34.189578576295546,-35.45528813088752,1.5362929107671395,0.0,-51.90987521354107,-36.67457420868608,6.462440849271372,0.0
-9.006849204423192,-23.603653375712835,1.316626622552434,0.0,-17.1666913968076,-9.766095189548444,4.102750578082009,0.0,-45.01643893309433,-11.338627879617194,1.8494124144243518,0.0,-5.295204384040501,-37.15920866805565,-2.2280008334940087,0.0,-34.149232031596,-35.44476315871796,1.5470552150517385,0.0,-51.14532049120416,-36.75688532962686,6.522554978157208,0.0
-9.020144299685777,-23.60387554863965,1.3428998167027224,0.0,-16.704169006743367,-9.997164729356893,3.9804676814087596,0.0,-44.99845256147948,-11.333010860999881,1.842929476663226,0.0,-5.076409210933555,-37.0356965919304,-2.202858788214261,0.0,-34.116422271453196,-35.44266917174485,1.5544963962599514,0.0,-50.3815192640276,-36.83260691269615,6.581415396261143,0.0
-9.037728066091427,-23.598379409463842,1.3670087892367775,0.0,-16.257817288783556,-10.281952489193648,3.778309316252219,0.0,-44.981417912435646,-11.324500122502272,1.835810616555296,0.0,-4.850615223319886,-36.95766065497889,-2.1432628722185765,0.0,-34.09273875423766,-35.443237310619516,1.560453468959846,0.0,-49.624976848719236,-36.90255823796139,6.638713610575818,0.0
-9.05113067990237,-23.592263773998233,1.3849499590573089,0.0,-15.844005455816024,-10.6117312923698,3.504663496062351,0.0,-44.96724356095665,-11.314319669016884,1.8294502689525736,0.0,-4.6327884081532655,-36.905744819244376,-2.0673316735665246,0.0,-34.07728223872985,-35.44132671082963,1.5660501005258531,0.0,-48.87919259307213,-36.96796860434285,6.692926615624881,0.0
-9.055223415650083,-23.592399769860428,1.3963079957716271,0.0,-15.478498368971142,-10.96587906643245,3.1804574621034014,0.0,-44.95676792080998,-11.304050711795298,1.8252451280909625,0.0,-4.436267973268266,-36.870536643392455,-1.9893559443331785,0.0,-34.0668366892051,-35.43409210831859,1.5713719022195178,0.0,-48.144614649289224,-37.02970363986895,6.741834301167117,0.0
-9.048414119127294,-23.603439422247945,1.403930878405557,0.0,-15.171456711500772,-11.315327794563187,2.8354793814818997,0.0,-44.94937388087634,-11.295128921828558,1.8240457561745078,0.0,-4.266777895110616,-36.86002918934883,-1.9145062149303556,0.0,-34.05664990535995,-35.42160726086815,1.5756201526480904,0.0,-47.41942679442221,-37.08776042459949,6.783507639586853,0.0
-9.031413898285921,-23.625313835537316,1.4120879124520531,0.0,-14.92373967628057,-11.62914782175184,2.502428275680403,0.0,-44.943422195649255,-11.288485764197628,1.8256999896377462,0.0,-4.118707753430531,-36.90038596563157,-1.8364845879786103,0.0,-34.041762838810264,-35.40633500885964,1.5775739092688355,0.0,-46.700749437682106,-37.14103210018409,6.81728052711874,0.0
-9.00555576624455,-23.65352248885061,1.424452960585084,0.0,-14.726634198825247,-11.882172145399622,2.21029944119838,0.0,-44.93723125665008,-11.284355883354197,1.8289511866238062,0.0,-3.9752754782610342,-37.028967306215755,-1.7386414046948442,0.0,-34.01861819898578,-35.39177949650748,1.5762375942608298,0.0,-45.985856454715126,-37.187207657254085,6.844103376831946,0.0
-8.971620509396645,-23.681718095170112,1.4432188487116964,0.0,-14.565326978466517,-12.060992410081704,1.9788454998038452,0.0,-44.929944397037275,-11.282271139757619,1.8317933559713069,0.0,-3.812748649234888,-37.281645167438136,-1.5973615038245477,0.0,-33.98644980164224,-35.38095873140546,1.5715457886648032,0.0,-45.27315603187034,-37.22277432473152,6.865941859303579,0.0
-8.929655288396946,-23.70477244938548,1.4696289523201234,0.0,-14.424450649765976,-12.166255423344774,1.8155024020568202,0.0,-44.92173786330234,-11.281292363342562,1.8321825353391041,0.0,-3.6072754531060633,-37.67848802208399,-1.386454066853858,0.0,-33.94785858936492,-35.3753802562177,1.5648168183551672,0.0,-44.56277117585988,-37.2432935873706,6.884430972457979,0.0
-8.879646702895457,-23.720520112526817,1.504884699380975,0.0,-14.29312770510348,-12.210619492093214,1.7154742149902047,0.0,-44.91330294265,-11.280449463629513,1.8288661976231833,0.0,-3.3419999644044744,-38.211974801675076,-1.0828622749368044,0.0,-33.90818935485787,-35.37490288646569,1.5585822618729637,0.0,-43.856637030994506,-37.244159942186755,6.899452509988764,0.0
-8.822513024061754,-23.729519954047113,1.5501155777373121,0.0,-14.16745865369769,-12.21347105129561,1.6647712836051252,0.0,-44.90498683927846,-11.279202539592276,1.8219898071722866,0.0,-3.0121271243693264,-38.84116888016799,-0.6748934971384593,0.0,-33.87382624621976,-35.37835469570393,1.555731669116824,0.0,-43.158167530519286,-37.22180441796263,6.9082892499935635,0.0
-8.760809223586932,-23.73346815676223,1.605180309701609,0.0,-14.049809742957052,-12.194822256494337,1.6450860278824155,0.0,-44.89615512299658,-11.277654529783222,1.8131248932811346,0.0,-2.6259396890635767,-39.49503054516094,-0.17206896601694233,0.0,-33.85006662752077,-35.384401296830674,1.558375848330332,0.0,-42.4716307225719,-37.174931437463776,6.905547749312531,0.0
-8.698715828857907,-23.733546289827398,1.66734167244487,0.0,-13.94570124509394,-12.170896710568318,1.6388028531097163,0.0,-44.88523668750767,-11.276337332457306,1.8046075088908005,0.0,-2.2010434983710274,-40.086335085663066,0.38863677137718255,0.0,-33.839471011175775,-35.392171625880195,1.566994968154912,0.0,-41.8013275721634,-37.10516323069196,6.883571239004233,0.0
-8.641246632145005,-23.72969872793553,1.7310833409761006,0.0,-13.859976339426144,-12.152589862191931,1.6325752915269334,0.0,-44.870586090213685,-11.275661980343347,1.7985464390661718,0.0,-1.7579585872898011,-40.53218721979239,0.9468869125075781,0.0,-33.841363074434575,-35.40147438810456,1.5802013223698168,0.0,-41.150596343704244,-37.01656940072041,6.832964466056097,0.0
-8.593003793853265,-23.720927337310975,1.7894268639563151,0.0,-13.794016487370492,-12.146176757568277,1.618766650368217,0.0,-44.85182380329386,-11.275438720351676,1.7961731968281445,0.0,-1.3151416909442295,-40.77204948325235,1.4345179721469972,0.0,-33.85259473218572,-35.41276577739842,1.5951194994836353,0.0,-40.52073725803312,-36.91394262128384,6.743121273117321,0.0
-8.556994049934987,-23.706021748350476,1.8360641918637661,0.0,-13.7450900406536,-12.154628878985843,1.5950677170349454,0.0,-44.83091123959612,-11.274926200703373,1.7979721785837643,0.0,-0.8877010492482524,-40.776394041937685,1.795502698156593,0.0,-33.86908639445402,-35.42707899798971,1.6082165627182086,0.0,-39.91020179657311,-36.80021359638478,6.603030797119963,0.0
-8.533927761073933,-23.6842029889966,1.8674248785851155,0.0,-13.707784386382064,-12.178217375787904,1.563155796864038,0.0,-44.81219693625138,-11.27345322043333,1.80434818153328,0.0,-0.48840903768730914,-40.54644972480414,2.0011599247306133,0.0,-33.88729251536416,-35.44588857651041,1.6163637966349107,0.0,-39.31463935531131,-36.673927096234976,6.402882942584421,0.0
-8.52220493510955,-23.65556135858616,1.8843227932614024,0.0,-13.67646873184589,-12.21420493118422,1.527166005508228,0.0,-44.80113626875127,-11.271072627508744,1.816074387266962,0.0,-0.12825151560628623,-40.109777764062926,2.0555987117352466,0.0,-33.90483576780018,-35.4706488355464,1.6178626365516031,0.0,-38.728378887921146,-36.52806435018406,6.136880129063201,0.0
-8.518577410323196,-23.621325473378597,1.8931536688466224,0.0,-13.647400905641664,-12.256447633804509,1.4922865508141214,0.0,-44.80212345534114,-11.268602793113281,1.8339537736021772,0.0,0.18473872547349135,-39.515055497578174,1.9912191849133478,0.0,-33.92012185612473,-35.50185115825951,1.6130928469176045,0.0,-38.147487509751485,-36.35149102989839,5.806994483698217,0.0
-8.519192469134415,-23.583776071415024,1.906278847304046,0.0,-13.619554867163862,-12.295956045715222,1.4634492781033739,0.0,-44.81650657271733,-11.267022532514748,1.857881808268008,0.0,0.4474365194298686,-38.826206237923905,1.8569539436591906,0.0,-33.93148481824103,-35.53792786259916,1.6044281451696136,0.0,-37.5737036451335,-36.133623587340665,5.426235547986225,0.0
-8.52034930915212,-23.545352149808092,1.9406423668520105,0.0,-13.594144105180424,-12.32279420847691,1.4441422072077827,0.0,-44.84191447044168,-11.266874420583342,1.8860891295059687,0.0,0.6624223921708996,-38.11450262425811,1.7035914740465898,0.0,-33.93676426245151,-35.57481351884806,1.5953072206998797,0.0,-37.017500160475464,-35.87126131762433,5.019026542492115,0.0
-8.51831606873776,-23.50680076165168,2.0135771100956443,0.0,-13.573488676293696,-12.328716670421187,1.435609160000391,0.0,-44.873244989419,-11.268267806103195,1.9152111229892235,0.0,0.8364111585195344,-37.448341644465536,1.5711746122647163,0.0,-33.9338261723528,-35.60687958577672,1.5888761365704092,0.0,-36.49797497083689,-35.574313799568905,4.616906813284265,0.0
-8.508564222413066,-23.465478542926093,2.135806913698323,0.0,-13.55989680265434,-12.30946605900306,1.4367233831534971,0.0,-44.90458983117571,-11.27137569176233,1.9411942669004407,0.0,0.9769390528276478,-36.88253611834788,1.4822562839130828,0.0,-33.921697725625535,-35.62908162926946,1.5869808762772735,0.0,-36.0383451215406,-35.26620432186263,4.250618441203274,0.0
-8.486109215838882,-23.41618399961408,2.3039056204564528,0.0,-13.554842711531114,-12.265915735336229,1.4445569584717823,0.0,-44.930988212124966,-11.276887439981746,1.9605518812669516,0.0,1.0892951953752874,-36.45009350082596,1.441867974997601,0.0,-33.9014586280748,-35.63915438829496,1.5899934742909316,0.0,-35.658667254202,-34.97729767499286,3.942580933210337,0.0
-8.44820503525029,-23.355786290748622,2.4965692605413743,0.0,-13.558458839411333,-12.203797658048746,1.4553758444178762,0.0,-44.94940913693017,-11.286070606171798,1.971417719323183,0.0,1.175387149154898,-36.15888378728608,1.4421633874991198,0.0,-33.87626542326648,-35.6385445750853,1.5972603949462645,0.0,-35.369576813574426,-34.73468461080804,3.703351677836622,0.0
-8.397808072344834,-23.28878897622448,2.678395149480176,0.0,-13.569390242984866,-12.13215967329034,1.4656829834043652,0.0,-44.95903689143665,-11.300428312664442,1.9740442803464013,0.0,1.234761349801004,-35.994055244326496,1.4685785641841065,0.0,-33.850531689945804,-35.6316235159903,1.6076242808371486,0.0,-35.169763453568734,-34.55404286395284,3.532187679152676,0.0
-8.344163233712491,-23.22812659070638,2.8105931035503557,0.0,-13.585106148249482,-12.060995774182505,1.47299540691135,0.0,-44.96115225294649,-11.321031122530052,1.9706263672777986,0.0,1.266741744108586,-35.92528006769292,1.5051645364576878,0.0,-33.828700152784776,-35.623746619894575,1.6197294540889633,0.0,-35.04699844421981,-34.436779202992895,3.4195086459200734,0.0
-8.298914736916082,-23.1886228739996,2.863553643889542,0.0,-13.602582710436465,-11.998831812932305,1.4761739825892146,0.0,-44.95872024104288,-11.347617823776659,1.9645048440510262,0.0,1.272357211371081,-35.9163575854996,1.5382673720326032,0.0,-33.81404466294209,-35.6191794378995,1.6322064972653507,0.0,-34.98121507577865,-34.37195236997613,3.3497266474762704,0.0
-8.27055970555168,-23.177235770771652,2.8255020336632013,0.0,-13.619005692789276,-11.951149059674243,1.4752830391321616,0.0,-44.95564930193174,-11.377746390483562,1.9589630945676824,0.0,1.2552131901523276,-35.93403025138247,1.5586653642950203,0.0,-33.807814433991396,-35.61972949069366,1.643887066240815,0.0,-34.94876027597968,-34.34110046198105,3.304282711396283,0.0
-8.2615757553354,-23.18706380882514,2.7052120435940674,0.0,-13.632146680379778,-11.920089038252927,1.4711220339069193,0.0,-44.95578509654987,-11.406547780581674,1.9560587721789453,0.0,1.2211680721058271,-35.95360689044746,1.562338597119556,0.0,-33.80894819118511,-35.62444569351234,1.6540053817093074,0.0,-34.92734487803136,-34.324257214519044,3.2650602479168214,0.0
-8.269515724440488,-23.19883143079478,2.531144423319665,0.0,-13.640400984576324,-11.905194672813348,1.464668033685495,0.0,-44.96185502998368,-11.427629756222567,1.9560897558221146,0.0,1.1771486328411873,-35.96071565212308,1.5498983092328267,0.0,-33.81443990652071,-35.630304168731186,1.6622654459922384,0.0,-34.90061603413906,-34.305426982741075,3.217917295428702,0.0
-8.29014657212293,-23.18979417067279,2.347450323344443,0.0,-13.642771913530918,-11.904546388137708,1.4566510728135285,0.0,-44.9746354002218,-11.435126736111311,1.95801907677191,0.0,1.1296190119331788,-35.95006959206262,1.524952090623417,0.0,-33.820252625983436,-35.63354919944614,1.668761579931056,0.0,-34.860789515590014,-34.27582675857013,3.155458107339429,0.0
-8.319465384512567,-23.145996225902216,2.203821831348467,0.0,-13.639030615963296,-11.915722994967243,1.447403673866166,0.0,-44.99262087095219,-11.426053561069809,1.9605061543210525,0.0,1.0832692200607057,-35.922760191441796,1.492136773557025,0.0,-33.822581929808635,-35.6312721458665,1.6738185367337532,0.0,-34.808394139120395,-34.234119471894054,3.077865253057375,0.0
-8.352497280802694,-23.06923795435858,2.140453351840664,0.0,-13.629997856423724,-11.936354286696988,1.4370036016033474,0.0,-45.01237932597577,-11.40172693472662,1.9627539424677103,0.0,1.0403945954521063,-35.88340811703811,1.4556240461098398,0.0,-33.819156097738365,-35.622768151171094,1.6778433567310564,0.0,-34.749544941561844,-34.18426950482534,2.991277603009868,0.0
-8.38090557787385,-22.973135072107215,2.1755484799421065,0.0,-13.617703275141812,-11.96432271161277,1.4255840475512596,0.0,-45.02951412966875,-11.367488792325133,1.964678066857692,0.0,1.0011341633436213,-35.83793698926882,1.4184727542067037,0.0,-33.81010262908767,-35.61015938903994,1.6812852490888233,0.0,-34.69220783945175,-34.13246604364959,2.904535301981932,0.0
-8.393101497484384,-22.872218062010298,2.302707556242275,0.0,-13.605198862193154,-11.99769465690758,1.4136281012832015,0.0,-45.03992197276336,-11.330892062292344,1.9665723920252383,0.0,0.9643790525510316,-35.792116551824144,1.382697892485,0.0,-33.79801199888092,-35.597859286997505,1.6846895313866916,0.0,-34.64299474594524,-34.084410631605344,2.825848322220999,0.0
-8.37669851310089,-22.772470256171232,2.498583115383404,0.0,-13.595968321096443,-12.034287163464448,1.4021373999942384,0.0,-45.0409729220774,-11.299182624781746,1.9687568842098528,0.0,0.9289229544563935,-35.750628286695004,1.3496972235741627,0.0,-33.787223934503515,-35.59087341890639,1.688705700595337,0.0,-34.60536105191287,-34.04363400451409,2.7605195489895866,0.0
-8.320120880608316,-22.66735018834297,2.7343773752192977,0.0,-13.593086832466772,-12.07078272945273,1.3926440268892417,0.0,-45.03224169690283,-11.27707698272358,1.9714606282441984,0.0,0.894348536164749,-35.71641742933632,1.32068318326254,0.0,-33.782639072894064,-35.59257276488904,1.6939568353134344,0.0,-34.57931375374283,-34.01095311202339,2.7100123343234728,0.0
-8.212222133191858,-22.53816594908247,2.984396025049305,0.0,-13.598421243651924,-12.101768313017995,1.3870211970216495,0.0,-45.015458004283786,-11.26564061904578,1.974813710835356,0.0,0.8612734902260941,-35.690342601618475,1.2968755557314289,0.0,-33.78830025616465,-35.60298023589657,1.700817132351787,0.0,-34.562262584830556,-33.98487408546911,2.672198793037504,0.0
-8.041857264777091,-22.356942470457394,3.229435079942853,0.0,-13.612129637019972,-12.119680529992387,1.3870224610866106,0.0,-44.993594938086474,-11.26262863701183,1.97870907346271,0.0,0.8309315587584822,-35.671286675637994,1.2793762031280806,0.0,-33.80584195363156,-35.618483053037636,1.709152281707496,0.0,-34.55043638413996,-33.962589167595226,2.642521972600612,0.0
-7.799381634390397,-22.091353399032254,3.457067841416519,0.0,-13.632600164433576,-12.11660838251931,1.3935778380519448,0.0,-44.96948307185661,-11.264030014767778,1.982503286070921,0.0,0.8044464652340948,-35.656800576719135,1.2688267974343006,0.0,-33.83294625253903,-35.633379637112704,1.7179737855313988,0.0,-34.54024694063829,-33.94114153563832,2.6156637726194827,0.0
-7.479915528020144,-21.71196223602574,3.662063466636438,0.0,-13.656875562997099,-12.087811311978589,1.4060770780952687,0.0,-44.9446790605281,-11.26600608632621,1.984805882833669,0.0,0.7822888185093433,-35.64408873671482,1.2650783597546322,0.0,-33.86212034176372,-35.64306994163664,1.7250078498453174,0.0,-34.52913542209184,-33.91839085595587,2.5871314775778522,0.0
-7.086521272562813,-21.201458667065992,3.8482089231871086,0.0,-13.681486386020502,-12.035277272264004,1.4220104108518612,0.0,-44.919190551802444,-11.266262150951876,1.983694840070621,0.0,0.7642135831973,-35.630928002474455,1.2671161391643384,0.0,-33.88024367585988,-35.648021203697326,1.726441914682729,0.0,-34.51576069450192,-33.89358727759229,2.554238462924152,0.0
-6.631212794295142,-20.563841617086553,4.029151938234069,0.0,-13.703395735412666,-11.968992274250521,1.437306246409502,0.0,-44.89212381211239,-11.26425422885874,1.9774963091124569,0.0,0.7496396315381859,-35.616149019637746,1.2733648393103607,0.0,-33.8693443150836,-35.65691854301377,1.717285030850542,0.0,-34.499706204578175,-33.86751810540902,2.5162838063023543,0.0
-6.132411912912492,-19.828691269784965,4.223921293737966,0.0,-13.72061162597087,-11.904606783272246,1.4474823167904027,0.0,-44.86276800211394,-11.260299671675291,1.9658830354405143,0.0,0.7381846236511458,-35.59959811853648,1.2822885723916535,0.0,-33.808891971850315,-35.68715765193632,1.6926140088661334,0.0,-34.48102067328519,-33.842254731166356,2.4740938174980425,0.0
-5.6089037502024555,-19.04476877393211,4.446762019164954,0.0,-13.732192028115708,-11.858259341141,1.4492971891609745,0.0,-44.83138750186042,-11.254262221547068,1.95072164560532,0.0,0.7300248766163295,-35.58181823940295,1.292972933993802,0.0,-33.67943899809303,-35.76168989244502,1.6495606210703357,0.0,-34.45985131039414,-33.82055020321874,2.4293031675592758,0.0
-5.072892158700829,-18.263187447092157,4.698464426490869,0.0,-13.737809408379523,-11.840943591615744,1.442111354308743,0.0,-44.79911661704767,-11.244717936984534,1.936064782426337,0.0,0.7258901453997044,-35.56377935997978,1.3052935319744368,0.0,-33.46677652668875,-35.90300652316366,1.5894404417623047,0.0,-34.436277068077615,-33.80498462436861,2.3837681003541977,0.0
-4.5264253273971065,-17.520010103744784,4.96693230854515,0.0,-13.73739681430102,-11.854945223522334,1.4281126397685409,0.0,-44.76677458557296,-11.229252493130474,1.927007462696917,0.0,0.726714190132622,-35.546786329660094,1.319504015545773,0.0,-33.16528271375208,-36.12661154736188,1.5191048795618958,0.0,-34.41031722325455,-33.79705519453655,2.339311902111728,0.0
-3.9634197507328617,-16.82923971907669,5.235882923225445,0.0,-13.731306001876446,-11.893701824722978,1.4112253537636974,0.0,-44.733067772685516,-11.20589364195433,1.9276875806297422,0.0,0.7331216863080767,-35.53241470833343,1.3355093803403264,0.0,-32.779206161109464,-36.436583367267076,1.4506317817384726,0.0,-34.382032567684476,-33.79654407186292,2.2977128043802875,0.0
-3.3755625050711706,-16.187951347153657,5.49374252960833,0.0,-13.72087379041648,-11.944816798081336,1.395427305897952,0.0,-44.69324226859072,-11.174969684938223,1.9392499294334815,0.0,0.7449913454621173,-35.52225067041176,1.3523559593574213,0.0,-32.321276087723625,-36.82469306120056,1.399017123576444,0.0,-34.35163775173756,-33.801530820963805,2.260667157226731,0.0
-2.7583903807608126,-15.586993533134205,5.736668234963162,0.0,-13.7087759527747,-11.994686108767315,1.3834809966113877,0.0,-44.63927782337653,-11.140296368042389,1.9588265100401738,0.0,0.761309924093664,-35.51738647196216,1.3683344400416164,0.0,-31.808957086878276,-37.2729247877221,1.3784077067548672,0.0,-34.31956629561663,-33.80917362436348,2.229517983944465,0.0
-2.1143169639674135,-15.019621199088268,5.965493978697104,0.0,-13.698581950882936,-12.03275522021867,1.3765437589870242,0.0,-44.56192897627284,-11.10876487557345,1.9803513762046983,0.0,0.7804323335508516,-35.51786532609538,1.3816787561691743,0.0,-31.259474242024073,-37.75807329533719,1.39814104637391,0.0,-34.28645758888392,-33.81693327354469,2.2047736190736025,0.0
-1.4511575677445057,-14.484188188083449,6.180784021732661,0.0,-13.693537936380714,-12.053907060610872,1.3744290484816748,0.0,-44.4538157090756,-11.088088455627265,1.9973377333768418,0.0,0.8006787678873413,-35.52237832929214,1.391453695770842,0.0,-30.685137154646863,-38.25670017662163,1.46002269524881,0.0,-34.25306258516306,-33.823598045920285,2.185696875934646,0.0
-0.7773384484093167,-13.981917097786463,6.380727132417139,0.0,-13.695241859345312,-12.058518243507937,1.3760733640001401,0.0,-44.31220239491995,-11.08333807805717,2.0068130658697854,0.0,0.8209805564274095,-35.52842777749087,1.3980969530502882,0.0,-30.090391773246026,-38.74897616913468,1.5577911295266063,0.0,-34.22008588939683,-33.829571536652544,2.170329356496678,0.0
-0.09717758652050557,-13.513680873794971,6.563245100861703,0.0,-13.702983526767984,-12.050712326480923,1.379942730741508,0.0,-44.14040015849251,-11.093532338222294,2.0128914234151427,0.0,0.8411992921453688,-35.53295586740604,1.403295005108637,0.0,-29.471464033481215,-39.220582407632506,1.6788606404301971,0.0,-34.188006187200074,-33.83634786888662,2.1560852656717646,0.0
0.5906566533056354,-13.078812882699955,6.729632929523381,0.0,-13.714096009947124,-12.035902018887144,1.384317837574427,0.0,-43.94740088827409,-11.109713382333032,2.028401330128654,0.0,0.8619277501243268,-35.533218789817305,1.4092939533684437,0.0,-28.818591826102836,-39.66259696293213,1.8076220060932409,0.0,-34.15695470306543,-33.84556866235818,2.140639596634683,0.0
1.2909984629563662,-12.675994102620002,6.886236910183666,0.0,-13.725097406033642,-12.018766290998895,1.3875112857234608,0.0,-43.74582887111019,-11.115612540316338,2.073616780355845,0.0,0.8839264859402092,-35.52757131656719,1.4180520413771696,0.0,-28.12000796754387,-40.06988275772856,1.9291343867494142,0.0,-34.126746488281114,-33.858210548497276,2.122639768039136,0.0
2.0083069733904213,-12.304621175301246,7.043003573711584,0.0,-13.733042550442528,-12.002373334298191,1.388126255577248,0.0,-43.548533792593574,-11.091181544370203,2.172092759449173,0.0,0.907569294338312,-35.51586752181914,1.4306010954340245,0.0,-27.366379618736698,-40.438845296629886,2.0320610202360134,0.0,-34.0970979950595,-33.874251468700365,2.101960400749258,0.0
2.743712231056966,-11.965436135129224,7.210121800590668,0.0,-13.736481695563267,-11.988413340555944,1.385407116729299,0.0,-43.36440041556187,-11.018113184882633,2.3444326080773994,0.0,0.9326103651957394,-35.499348150728224,1.446757931269227,0.0,-26.554412808155192,-40.765556966039526,2.110131304208948,0.0,-34.067943405364254,-33.89282702192089,2.0795324261312587,0.0
3.4946588074951395,-11.66015809559179,7.394746082569693,0.0,-13.735696921558224,-11.97790180049834,1.3795550400127574,0.0,-43.19432594955798,-10.88554693388881,2.6012828007524167,0.0,0.9583444542574959,-35.48008876959165,1.4651990027285091,0.0,-25.6886537120889,-41.045047598947484,2.1620436281997115,0.0,-34.039669874455754,-33.912659271615304,2.056908387330836,0.0
4.256926649782642,-11.390477286477173,7.599296186763512,0.0,-13.73227654666691,-11.971649770049599,1.371771906812567,0.0,-43.02869169288181,-10.6939426229203,2.9371572300129305,0.0,0.983994547412592,-35.46024931330408,1.4838698366593537,0.0,-24.78102292881332,-41.27196079436456,2.1902439394766677,0.0,-34.01310513528403,-33.93249669378227,2.0357001529596346,0.0
5.027120742972333,-11.157008009099826,7.8218055104346345,0.0,-13.728350915070637,-11.970214316261979,1.3639146922395522,0.0,-42.84766486430325,-10.455611701743328,3.327173544277562,0.0,1.0090502321925316,-35.44143356742593,1.5005999315933956,0.0,-23.848234446806273,-41.44201962494147,2.1992247858034677,0.0,-33.98921694209628,-33.951377434962225,2.0170378592691325,0.0
5.803504825862401,-10.958697552954511,8.057749383417676,0.0,-13.725829198755898,-11.973549200490652,1.3578868429070088,0.0,-42.62482144689467,-10.191491467694746,3.7290943978222995,0.0,1.0333492293226676,-35.42439438759543,1.513703240258474,0.0,-22.90789268918395,-41.55336129255394,2.19394883202002,0.0,-33.968653998957855,-33.968658276588556,2.0012520565493936,0.0
6.5845484765923725,-10.792769095179857,8.302215365960034,0.0,-13.725829108444843,-11.98081071076852,1.3550319117437724,0.0,-42.33298456912202,-9.925332279687453,4.091979785998262,0.0,1.056910075062679,-35.409143241423166,1.5223806341563968,0.0,-21.9745537659736,-41.607088218232,2.1788558721070785,0.0,-33.95136529905493,-33.98390354977051,1.9879051492398752,0.0
7.366429679371585,-10.654897028774393,8.551441506685963,0.0,-13.728340661702777,-11.990615538752634,1.3557484454608204,0.0,-41.95007098821476,-9.677773426445869,4.36970054250544,0.0,1.079704069293542,-35.39534348167811,1.5268294548752408,0.0,-21.05712635669149,-41.60704051186914,2.1576639502661195,0.0,-33.93650064331489,-33.9968064387056,1.9761001647184884,0.0
8.14140783043466,-10.539492976506347,8.803345428295934,0.0,-13.732111026667699,-12.001666893747407,1.3594050460912488,0.0,-41.463292509073284,-9.462632144928643,4.534299217922886,0.0,1.1015393345059161,-35.38276968034871,1.5280341686638081,0.0,-20.15850623128449,-41.55923002946362,2.133793877916057,0.0,-33.92263769754464,-34.00724388126126,1.9648709296000586,0.0
8.898191117697579,-10.44051993663371,9.057084808469327,0.0,-13.734786916092052,-12.0133829522744,1.3645189957556436,0.0,-40.871516900816815,-9.286185959891059,4.583501023725262,0.0,1.1220983724734825,-35.37162311425767,1.527314404101789,0.0,-19.277396259525908,-41.47131242613171,2.1108887757672363,0.0,-33.90822100836082,-34.015418166278444,1.9534784549861683,0.0
9.624175408077324,-10.353170293156097,9.31171640227695,0.0,-13.733421060432853,-12.026158366101624,1.3691306406286223,0.0,-40.18610438228994,-9.148728548759573,4.539297646740264,0.0,1.141092180228687,-35.36257726028371,1.5258393171751479,0.0,-18.411268744891423,-41.35211188313751,2.092834565057336,0.0,-33.89204396214484,-34.02194618816796,1.9415163805781486,0.0
10.308745320940584,-10.275625685765934,9.56418671465883,0.0,-13.725413101784415,-12.041080138359753,1.3713232183719377,0.0,-39.429791506589275,-9.047148773014932,4.4386576660900054,0.0,1.1584764431119299,-35.35654203914961,1.5243520188224586,0.0,-17.558925008970927,-41.210954534184616,2.0830379705795785,0.0,-33.87363628497926,-34.02777700786652,1.9288156637861764,0.0
10.946656334474008,-10.209165874815373,9.807721753007307,0.0,-13.709744805484815,-12.059152787823109,1.3698116204264963,0.0,-38.63279127399573,-8.977396858617585,4.320764625430087,0.0,1.1746461598942501,-35.354238350134835,1.5232103747660943,0.0,-16.721439857385114,-41.056660386874455,2.083291934059087,0.0,-33.85345193058032,-34.03392432653978,1.915239933880379,0.0
11.540158706735294,-10.155934339317493,10.032282804087554,0.0,-13.688039062852276,-12.080340019185275,1.3644273634335882,0.0,-37.82635595307052,-8.935962856505254,4.216207764421023,0.0,1.190507808278562,-35.355733751512474,1.5226553750425484,0.0,-15.901257011937991,-40.89637537552401,2.092941967683199,0.0,-33.8327709414832,-34.041120875324644,1.9005369836869086,0.0
12.098422046940009,-10.11622889146676,10.227375940899442,0.0,-13.664743835251242,-12.10296234603038,1.3562605662762497,0.0,-37.03572285105654,-8.919893424141144,4.141866774424459,0.0,1.2073630410110665,-35.36011904355062,1.5231132556848515,0.0,-15.100221682833396,-40.734653958246604,2.1089720577678115,0.0,-33.81329260533591,-34.04956782563618,1.8843783687884628,0.0
12.63431791329512,-10.08790807962224,10.384998500149953,0.0,-13.645961829387872,-12.123952714146903,1.347324295453804,0.0,-36.274986249801344,-8.925520587966941,4.1019882113291555,0.0,1.2265893764183222,-35.36551365098789,1.5253445860756472,0.0,-14.317837385539427,-40.57314564208203,2.1271084001848184,0.0,-33.79652831190894,-34.05893142059542,1.8665650832613547,0.0
13.160762446480605,-10.068138262578575,10.500285557702316,0.0,-13.637195777102654,-12.139975891200356,1.339878722747466,0.0,-35.545564303655695,-8.946799075350064,4.093174010342491,0.0,1.2491722609561677,-35.369501695092175,1.530351282124105,0.0,-13.550804184434812,-40.410999629603765,2.1434276028084334,0.0,-33.783228180806084,-34.06861003229627,1.8472308144144698,0.0
13.688797939187367,-10.055634215185677,10.56997586412475,0.0,-13.641029342583819,-12.148784083983307,1.3357600997697343,0.0,-34.83836791652938,-8.97453559947857,4.110012800592743,0.0,1.2752690961732043,-35.36987590268508,1.5390887474253212,0.0,-12.794127081699884,-40.24585510270121,2.1556678933234235,0.0,-33.77308931907616,-34.0780998857521,1.8268809252220173,0.0
14.227341027096134,-10.05210101138593,10.59075454666274,0.0,-13.655846091544591,-12.150014976284172,1.3359887073596468,0.0,-34.138444865369735,-8.997483224757849,4.14878280968148,0.0,1.3040851237478104,-35.36535024949867,1.5521113627066256,0.0,-12.043246775276122,-40.07511528359701,2.1636589010345713,0.0,-33.764872262521834,-34.08720068080894,1.806237156918172,0.0
14.7828962078558,-10.062849783247913,10.558906843759836,0.0,-13.676104036736788,-12.145088018437487,1.340674658350908,0.0,-33.4302215481686,-9.005283397782367,4.2081666573173315,0.0,1.334236583328773,-35.355908614076114,1.5692832684431615,0.0,-11.296178149246348,-39.897122580649885,2.168783105045353,0.0,-33.75688141907895,-34.09596401275734,1.7859759521915564,0.0
15.358112643973652,-10.0966719717352,10.47099159288242,0.0,-13.694008509241247,-12.136466648860981,1.3490892667283791,0.0,-32.70156960656249,-8.992077230488587,4.287437216484733,0.0,1.364437034814424,-35.342680605850205,1.5896230917417338,0.0,-10.554700475946525,-39.7118563766397,2.1728046789878253,0.0,-33.74763334057653,-34.10456424281718,1.7664961414725493,0.0
15.949820828024599,-10.164729053955046,10.324333781969168,0.0,-13.7020202974286,-12.126827302681173,1.3598355276588325,0.0,-31.945627893563053,-8.959025978987363,4.3836186484713195,0.0,1.3940591291985718,-35.3274581282369,1.6112815702391394,0.0,-9.824115949961188,-39.52088268586003,2.176599856891702,0.0,-33.736457887968164,-34.11333822281184,1.7478424652424973,0.0
16.548365447052163,-10.278465084193435,10.116439509338015,0.0,-13.695405741503187,-12.11849133256417,1.3711419975769914,0.0,-31.16035614359037,-8.91442453878126,4.489445551832095,0.0,1.4232453486849364,-35.312071342279175,1.6317070466484989,0.0,-9.111725087801775,-39.32651601603004,2.179302582763217,0.0,-33.72376166383099,-34.12297168536094,1.729825244930959,0.0
17.13964844915748,-10.447189766066717,9.843413398072155,0.0,-13.673920101410651,-12.113086501865984,1.381233792956687,0.0,-30.34681650702669,-8.871294867448928,4.593464144179963,0.0,1.4526215264709168,-35.29788106018618,1.648121430806631,0.0,-8.42466314727972,-39.13045749628165,2.1781495307817433,0.0,-33.71079650872318,-34.134505233517515,1.7122306641175697,0.0
17.709453791230054,-10.6763866130306,9.498479894171963,0.0,-13.641930095927911,-12.111174349845815,1.3886288264929814,0.0,-29.507623082450063,-8.843539886759366,4.682524255784269,0.0,1.4828686428178168,-35.28558307805666,1.6582803760966467,0.0,-7.767895851611492,-38.93239854621988,2.1689726703357817,0.0,-33.699030491960926,-34.148900068546695,1.6949383712212711,0.0
18.247676444141273,-10.967593469555103,9.072063645367638,0.0,-13.606925653795528,-12.111686847508215,1.3922891493936973,0.0,-28.64651557859359,-8.842264638457742,4.745678744485531,0.0,1.5143659009900123,-35.27531951790279,1.661252132980124,0.0,-7.143000211595043,-38.72910504876998,2.147078777989348,0.0,-33.689460191084336,-34.16633663236078,1.6778509045982553,0.0
18.74982991109548,-11.319862885753963,8.554076531447686,0.0,-13.577086183949518,-12.111343563262704,1.3917346680083327,0.0,-27.768950286205726,-8.873548034341233,4.777744011169432,0.0,1.5470280922077864,-35.266918819115325,1.6578619930540839,0.0,-6.548048944034762,-38.514388461736964,2.108284222550555,0.0,-33.68222916122471,-34.18577124064245,1.6607144762557429,0.0
19.215160992279298,-11.73175074544204,7.93776968840823,0.0,-13.55883756298239,-12.104490250800977,1.387221822325504,0.0,-26.88276397008335,-8.938071892413543,4.780887509547073,0.0,1.5803717714998347,-35.26009823214264,1.6505442090986246,0.0,-5.978629665888388,-38.28024563083312,2.049995315562759,0.0,-33.67669402945779,-34.20516382943393,1.6430105641483443,0.0
19.643172976964728,-12.20216771881255,7.22402260867687,0.0,-13.555047801228325,-12.083797727102734,1.3799007136269843,0.0,-25.997911081290884,-9.032177660904273,4.763538572832331,0.0,1.6137277895271682,-35.25458109321461,1.6425897877298947,0.0,-5.429776102439271,-38.019238830878024,1.9722425541746613,0.0,-33.671779599143974,-34.22229289478054,1.6240480464786096,0.0
20.031244684467048,-12.7288057969943,6.425232177325534,0.0,-13.564056814325681,-12.041964955630847,1.3717335134573645,0.0,-25.124988565397548,-9.149592972166307,4.737134662099287,0.0,1.6464417680478816,-35.250148625142415,1.6370993621738243,0.0,-4.8983466400682385,-37.72775037336255,1.8784229519334623,0.0,-33.666322632709665,-34.23563451128855,1.603237752173225,0.0
20.374905339894223,-13.304256443280899,5.567917866612552,0.0,-13.579587974360962,-11.974116408151088,1.3649954285987373,0.0,-24.27320995565579,-9.283203587837235,4.712032408667959,0.0,1.6779583478437081,-35.246639975890346,1.6361031779615889,0.0,-4.385191511638978,-37.4091511922351,1.7753026038142394,0.0,-33.65923271792585,-34.244781255145305,1.5803974453182654,0.0
20.67025767175679,-13.911645386425153,4.692600290515168,0.0,-13.5917918931569,-11.880160098230194,1.3613693333383878,0.0,-23.448909221109187,-9.426500207575875,4.693973943563753,0.0,1.707822671810669,-35.243906224803595,1.6401247047806642,0.0,-3.8963795500848017,-37.07548332551748,1.6718907982859186,0.0,-33.649580375370995,-34.250285759481024,1.5559046235330776,0.0
20.916550053194886,-14.522529464553958,3.849567772355244,0.0,-13.589765074691206,-11.766178617956578,1.3610053725295295,0.0,-22.65524132105702,-9.574552906311888,4.682019327138443,0.0,1.735704093953724,-35.241746719806486,1.648140646024105,0.0,-3.44290287415623,-36.7463774923965,1.5773202080436661,0.0,-33.63686035142362,-34.253237974577345,1.5306081966861118,0.0
21.117149466602225,-15.099353141228207,3.0905820502524186,0.0,-13.565352530277664,-11.644162903243814,1.3622597139582595,0.0,-21.893034204056782,-9.724534675387325,4.668364061857533,0.0,1.7614808117525884,-35.239884417583575,1.6578179567318045,0.0,-3.0386995098355536,-36.44485480051975,1.4985736792535125,0.0,-33.6214463312905,-34.254948478780456,1.5055837009050546,0.0
21.278723527321123,-15.602975237431343,2.458614061693491,0.0,-13.517004644980407,-11.530075641024942,1.362626782338955,0.0,-21.162398910625036,-9.875808240012914,4.640167571294578,0.0,1.7853060439159427,-35.238034090477704,1.6661072755635136,0.0,-2.697413922285395,-36.19113439594986,1.439121376500072,0.0,-33.604848003805536,-34.256823999873525,1.4819281803088629,0.0
21.409483060009304,-16.00289309429083,1.9789091370505263,0.0,-13.451800007631675,-11.440889629270837,1.3604946188501064,0.0,-20.464683421846544,-10.029446095148124,4.583100294249567,0.0,1.807545301860134,-35.236054327602865,1.6702338822931448,0.0,-2.428776064962185,-35.996759299727195,1.3989194186722198,0.0,-33.589357872140525,-34.2602536844953,1.4606812725741456,0.0
21.517201276944327,-16.285414382020615,1.6543810016558105,0.0,-13.384219060373223,-11.391332786349514,1.3565848012531543,0.0,-19.804245519944455,-10.187092263578352,4.485619142398763,0.0,1.8285839697035593,-35.23408049947379,1.6686858413358845,0.0,-2.2356426535064866,-35.861461047650444,1.3753384467314493,0.0,-33.577197355698694,-34.26635312722665,1.4427534917829181,0.0
21.60740653274037,-16.455830302039264,1.466768256763726,0.0,-13.331644792116371,-11.390735791293391,1.354091156864703,0.0,-19.189328568448573,-10.349434848168839,4.342524240432844,0.0,1.8486362787191335,-35.232522103782514,1.661609327077585,0.0,-2.1126267420327896,-35.774113298594166,1.3643390276573921,0.0,-33.56973975106667,-34.27562185567772,1.428757170775441,0.0
21.682311208492738,-16.534420681798462,1.3829012002719168,0.0,-13.308111436419011,-11.440331312242568,1.3573532562321464,0.0,-18.631452422319402,-10.51492899481688,4.1566084908901715,0.0,1.8676532155978847,-35.231916340446425,1.6504421800803577,0.0,-2.0468488774722404,-35.71738024905383,1.3615755284466875,0.0,-33.56726145250439,-34.2876900948209,1.418831633443844,0.0
21.7412238735198,-16.549233340045895,1.3637322146482118,0.0,-13.31889847340303,-11.531833322685177,1.369664232612438,0.0,-18.143280428058233,-10.679400170523923,3.937972552695369,0.0,1.885289578048349,-35.23274182788949,1.6371346828194628,0.0,-2.0206876565764142,-35.67397850348273,1.3633328106046623,0.0,-33.569185879761235,-34.3012903465804,1.4126069250106283,0.0
21.7826545398039,-16.52882697937419,1.3731569390051694,0.0,-13.358558420776777,-11.64846032123161,1.3912629597491577,0.0,-17.73551515166261,-10.836725858389586,3.701395284501471,0.0,1.9008891359919304,-35.23530399864896,1.6234432125908889,0.0,-2.015711636799474,-35.63175392285324,1.367075121349231,0.0,-33.57448507425501,-34.314501218111445,1.4093177653890265,0.0
21.807205697852226,-16.496874521346072,1.3842127632496988,0.0,-13.413388238473381,-11.768889946110601,1.4186507494839518,0.0,-17.413697328960392,-10.980250965474282,3.462747012723984,0.0,1.9135732494545379,-35.23973447923426,1.6105891619558044,0.0,-2.016555498262484,-35.58562614126673,1.3714008264676885,0.0,-33.58196939076615,-34.325246295367656,1.4079823346670857,0.0
21.819659865739858,-16.469368680438695,1.3815500528811127,0.0,-13.466911284493488,-11.87301834180829,1.4458010403366615,0.0,-17.175870638126572,-11.104321160043245,3.2356050367189155,0.0,1.9225310900502324,-35.246072976971845,1.5992828162282748,0.0,-2.01354046421364,-35.536340048432685,1.375545119233104,0.0,-33.5904256048959,-34.33194628908829,1.407572095630158,0.0
21.82900365162819,-16.454310067691285,1.360477568508716,0.0,-13.50549576315446,-11.947152462436241,1.4666640239346513,0.0,-17.011965091947356,-11.205446209603485,3.028959646826001,0.0,1.9274362647229593,-35.254353514957586,1.589888641157053,0.0,-2.0033336217490048,-35.487514322133876,1.3788555435996592,0.0,-33.59871773438306,-34.33410828089204,1.4071319565694296,0.0
21.846108480279497,-16.4531777318707,1.323840178305078,0.0,-13.521800137163076,-11.986572111893594,1.4775325114625932,0.0,-16.90531321061006,-11.282898420265134,2.846450533580242,0.0,1.9287661229852433,-35.264612067111514,1.5825023724215495,0.0,-1.9877052959658077,-35.44277979885887,1.3805737551316835,0.0,-33.60594514732591,-34.33259312064419,1.4058410273558,0.0
21.879878415604388,-16.463369062087267,1.2781763204621104,0.0,-13.515353492350162,-11.994892505141097,1.4780804310878715,0.0,-16.83599675184195,-11.338710423976796,2.687161012187863,0.0,1.9278400372599793,-35.27677577697868,1.5769380889402562,0.0,-1.9711239086143961,-35.40408469858972,1.3799651887409485,0.0,-33.611624677906775,-34.32941458669108,1.4030568176141607,0.0
21.93348442358481,-16.480861351321476,1.2301829280774648,0.0,-13.490847329276843,-11.981045674623777,1.470830173713205,0.0,-16.785066005990064,-11.377054970285057,2.5475822418562917,0.0,1.926522513395692,-35.29045439896079,1.5728094761334326,0.0,-1.9582154623653252,-35.37131702202392,1.3766194792147797,0.0,-33.61578776897392,-34.32712984713099,1.398407332006391,0.0
22.00245597865291,-16.50227785517763,1.1841415597842353,0.0,-13.455240613244316,-11.955310245717763,1.4596046434817431,0.0,-16.738342576139928,-11.403089864449498,2.423940068851943,0.0,1.9266550354756768,-35.3047139738912,1.5697751270237656,0.0,-1.951951425802112,-35.34280680544319,1.3706778706732479,0.0,-33.618937165128884,-34.32802716793966,1.3919287295421086,0.0
22.075684304095386,-16.525646972174474,1.1409165137489587,0.0,-13.414823058276301,-11.925827144125577,1.4478038476124677,0.0,-16.68857633634478,-11.4216043883704,2.3139059214948485,0.0,1.929437381935779,-35.317993495422066,1.5677698014312753,0.0,-1.9529726749694973,-35.31612536541958,1.362825394287146,0.0,-33.62189452278036,-34.333343422413186,1.3841538451273312,0.0
22.139066633139837,-16.549853313431502,1.0988222412078255,0.0,-13.373151282997117,-11.8966909615785,1.4372165262060044,0.0,-16.635250705817047,-11.43597797819098,2.217040776659763,0.0,1.9350933607423948,-35.32839464740861,1.5669944645417075,0.0,-1.9599381907442452,-35.28878179884407,1.3540502395030938,0.0,-33.62558544272572,-34.34274128209265,1.376049834143581,0.0
22.180287422590926,-16.573729209311708,1.0557215234942436,0.0,-13.330382454252643,-11.868033360013934,1.4277421111543767,0.0,-16.5822923461319,-11.447827125998627,2.134042791257068,0.0,1.9430416549138187,-35.33453197193538,1.5676207081989268,0.0,-1.9704262985411052,-35.25872410173572,1.3452882726749724,0.0,-33.630786629782634,-34.35429801807727,1.368798354507648,0.0
22.192743784952626,-16.59590435771625,1.0109832360692828,0.0,-13.284103246540564,-11.837687620117359,1.4180302161990674,0.0,-16.534888263592062,-11.457353506576645,2.0655113486383936,0.0,1.9525284269256447,-35.336928010842875,1.569371835681574,0.0,-1.9818567613078293,-35.22474014262651,1.3370910575580162,0.0,-33.63788190647909,-34.36518482590667,1.3635230216950696,0.0
22.177112306042762,-16.615541391170485,0.9662361645660571,0.0,-13.231375306766022,-11.803466158012492,1.4067621318804662,0.0,-16.4968776245673,-11.464095051952548,2.011033314730078,0.0,1.963489570572182,-35.33962951996402,1.5712153551078973,0.0,-1.992103843476062,-35.18680874706253,1.329419704375022,0.0,-33.646728646628446,-34.372923239018185,1.3610942738136682,0.0
22.140248684986112,-16.63298840984642,0.9248194912688614,0.0,-13.171401485016698,-11.765053985912516,1.394128990360894,0.0,-16.469582466912698,-11.467693127934034,1.96894965314781,0.0,1.9773497940135685,-35.351432699101984,1.5713451071837579,0.0,-1.9997337896070722,-35.14630442078738,1.3215917371438337,0.0,-33.656738298712845,-34.376714002972776,1.3620592954319601,0.0
22.09229757869837,-16.649466755668534,0.890533005252168,0.0,-13.107920250759385,-11.724874778968868,1.382979168188525,0.0,-16.451990910431338,-11.468394911566875,1.9366482857995848,0.0,1.9975014507734596,-35.38600034913523,1.5675570238358052,0.0,-2.003962147053187,-35.10592635305501,1.3123536164640175,0.0,-33.66717014058918,-34.37816064980699,1.3666462518401552,0.0
22.04338950450519,-16.66596564985183,0.8663979039191076,0.0,-13.050184525651673,-11.687727317953337,1.379128145253425,0.0,-16.441602503983486,-11.467193119880868,1.9110446435195207,0.0,2.0293418860216508,-35.460358822427295,1.5580866270315141,0.0,-2.00447792290855,-35.069341414185736,1.3001127210850747,0.0,-33.67746923391902,-34.380945581242756,1.374777995753501,0.0
22.001041094232654,-16.682249207709464,0.8538885908462159,0.0,-13.011405601422261,-11.659368489286289,1.3905017689303723,0.0,-16.4352777243014,-11.465658946601986,1.8890311100047672,0.0,2.0799058427239943,-35.5917578492769,1.5428250297019925,0.0,-2.0012830469610994,-35.04063346128405,1.283453836934516,0.0,-33.68738115676061,-34.38954159797347,1.3860776351106292,0.0
21.968857323447047,-16.69674275757116,0.8527259724163514,0.0,-13.004267409707495,-11.644540532894194,1.4251177594048432,0.0,-16.42986532824413,-11.46559419766064,1.8678611474990632,0.0,2.1571797850303644,-35.793487100984485,1.5243905948831138,0.0,-1.994657825921194,-35.02359482793909,1.2619351702685684,0.0,-33.6966956796395,-34.40755816449085,1.3998676009058428,0.0
21.946724694070745,-16.707478236873737,0.8609824280015825,0.0,-13.034762570430093,-11.645201687066937,1.4883296238466546,0.0,-16.422732378840678,-11.468626531023984,1.8455125498688787,0.0,2.2691677938493093,-36.070794093638455,1.5081366483827932,0.0,-1.9852611354441803,-35.02078679981848,1.2368090752029026,0.0,-33.704786392779525,-34.43655558110025,1.4151741125384198,0.0
21.9322033645883,-16.713639532235064,0.8752322056262898,0.0,-13.09745565305409,-11.659788530307452,1.5802372203996722,0.0,-16.41232280640636,-11.475848351152049,1.8210169467245052,0.0,2.4228350501150757,-36.418408195151414,1.50053737766976,0.0,-1.9742484289168254,-35.03241082035479,1.2111528407274559,0.0,-33.71034064313551,-34.47599509687774,1.4308515883720592,0.0
21.922236460627975,-16.716727460185474,0.8909011821224961,0.0,-13.175527420284041,-11.683979913787772,1.6946196786066903,0.0,-16.398657540125217,-11.487584313635843,1.7946185722167147,0.0,2.6231487335285117,-36.82104700092886,1.506570898664794,0.0,-1.9632408230671803,-35.05542919091682,1.1892014440040395,0.0,-33.71156872490789,-34.52452742000253,1.4460710846603728,0.0
21.914135314491404,-16.7203144662952,0.903345029234286,0.0,-13.24630750029797,-11.712564896817154,1.8205911866689117,0.0,-16.38354225778533,-11.503344390397437,1.7675808185062767,0.0,2.8724370667980392,-37.25729231929259,1.5277159898062642,0.0,-1.954050561286512,-35.083658187493135,1.17516861515794,0.0,-33.70682751324838,-34.582265753543695,1.4613162248363007,0.0
21.905418832344115,-16.72807176744028,0.9099024747895736,0.0,-13.289152459053222,-11.741107633788046,1.946797718335704,0.0,-16.370288065911595,-11.521961530317146,1.741618848647203,0.0,3.170214325271598,-37.70559163444983,1.5619710961817184,0.0,-1.9482203984646267,-35.10924908489784,1.1720758877838833,0.0,-33.69525925455456,-34.65319889189575,1.4796005018385099,0.0
21.893110306634064,-16.740885903375023,0.9121646501465861,0.0,-13.291234918042832,-11.765978866877289,2.0661806928775803,0.0,-16.36292911097903,-11.54185577966863,1.7181849298613034,0.0,3.5135574943460366,-38.1499211373776,1.6059260609469508,0.0,-1.946572215440396,-35.125137383844546,1.180966171061467,0.0,-33.676949036418385,-34.746601255018135,1.5071489707305883,0.0
21.873691029143174,-16.75471648383018,0.9167567517780455,0.0,-13.249152949488028,-11.782272497630112,2.178967121805128,0.0,-16.36513600179084,-11.561347009774948,1.6979040740579912,0.0,3.898072626624593,-38.58283293921538,1.657474535006676,0.0,-1.9489829389955897,-35.12733523939096,1.2005885500062394,0.0,-33.65231554651296,-34.876406646326345,1.5527354221330807,0.0
21.84427425984798,-16.760907284994037,0.9333302696651078,0.0,-13.167260850557104,-11.780550152644727,2.292888261287789,0.0,-16.379160299015492,-11.578948267143355,1.680338174396244,0.0,4.319419168992132,-39.00505898358636,1.7174203212245462,0.0,-1.954494786591716,-35.11595679597435,1.2275114657301547,0.0,-33.62083901537457,-35.05821292421366,1.6254252798526831,0.0
21.804049144239503,-16.749631643391275,0.9703644089113777,0.0,-13.0545426095664,-11.74441977286981,2.421169060583791,0.0,-16.405114386761475,-11.593584981648005,1.6641496084795762,0.0,4.7752176677282785,-39.42243880687367,1.7891343509017261,0.0,-1.9617063486632027,-35.09457998718186,1.2567153414549548,0.0,-33.579589785572175,-35.30466738748075,1.7313270445501079,0.0
21.75452827315887,-16.715011951100117,1.03094910802095,0.0,-12.921031385158834,-11.651102590550117,2.5795001563766427,0.0,-16.440721767415546,-11.60470038910495,1.647654855186861,0.0,5.266916005785137,-39.84174338586078,1.876661215307644,0.0,-1.969271976712656,-35.06845035977872,1.282761023520104,0.0,-33.52222749797392,-35.620819766404765,1.8705330681143,0.0
21.69850746031799,-16.658667931384194,1.1104918291399581,0.0,-12.773958500042642,-11.476180066061076,2.7830292453209093,0.0,-16.48152817533961,-11.612236141956732,1.6295831049508074,0.0,5.80092675661944,-40.2668732796489,1.982375673383002,0.0,-1.9762889425937704,-35.04253388968945,1.3013883401581516,0.0,-33.43909665868686,-36.00110959416763,2.0354265433056664,0.0
21.63900293751842,-16.589261750134472,1.1971375976880854,0.0,-12.614003545347058,-11.201906182804452,3.043608847814122,0.0,-16.52154849827303,-11.616519602227946,1.6096799656230658,0.0,6.388297767414331,-40.696312010496584,2.105251215761866,0.0,-1.9823775143264464,-35.02025617717647,1.3110173292457628,0.0,-33.318652303684985,-36.42901384286503,2.2110637059599085,0.0
21.57894302519511,-16.518699236464727,1.274838101031925,0.0,-12.432937884580802,-10.826410347829226,3.366537726876219,0.0,-16.554329334220032,-11.618133329319544,1.5888530364013747,0.0,7.042513837364479,-41.12205526960069,2.240289669214219,0.0,-1.98738330760676,-35.00319010117255,1.3134409947793149,0.0,-33.14981502224125,-36.87941380765094,2.377676943464687,0.0
21.521123669515543,-16.457818801301304,1.3281222526750422,0.0,-12.214398211288728,-10.369352850063208,3.746098482252564,0.0,-16.574290003249267,-11.617846067311369,1.5688216810067406,0.0,7.775695796486473,-41.52985725285371,2.379035383571164,0.0,-1.9908657940375623,-34.99145651414892,1.3131899635668027,0.0,-32.9243598781256,-37.32285412531543,2.5146812846645528,0.0
21.46777313090758,-16.413755715645095,1.346671626466513,0.0,-11.938305966604476,-9.869301654566932,4.16149882622431,0.0,-16.578020364710802,-11.616599329721907,1.551460525943094,0.0,8.594190617181967,-41.90066413861234,2.5106981320124433,0.0,-1.9917679646855126,-34.98439115510829,1.3156191832114406,0.0,-32.63844263054482,-37.73038612881275,2.6050798783813764,0.0
21.419938763809025,-16.389252067333263,1.3278483539925734,0.0,-11.586866008916797,-9.371536986805797,4.577680926328906,0.0,-16.56512036652833,-11.615435888642036,1.5381240681102089,0.0,9.494985475229779,-42.21323876669092,2.623422785092041,0.0,-1.9886408009855765,-34.981051330640746,1.3245173168358573,0.0,-32.292839896296044,-38.07776715681487,2.6390431508601075,0.0
21.37745575759254,-16.3831731600485,1.2765387802037083,0.0,-11.14866750292866,-8.91180528175319,4.95423111955347,0.0,-16.538245834667997,-11.615294946403777,1.5292698792571215,0.0,10.464254292253768,-42.44772654727831,2.70550968203856,0.0,-1.980403615728203,-34.980340686568795,1.3404672983873027,0.0,-31.89207276631393,-38.34828450232044,2.6157393008976637,0.0
21.339809037936305,-16.391597506358064,1.2029919550755306,0.0,-10.61933882178505,-8.505341257281028,5.259311403691743,0.0,-16.502271796763488,-11.61677201016046,1.5245860904833712,0.0,11.47863844789394,-42.5892843723204,2.7465370194575325,0.0,-1.967139534589294,-34.980873238596736,1.3608415502459188,0.0,-31.442945107492847,-38.53402897092354,2.543068754152573,0.0
21.307326639011407,-16.40914875288505,1.1198723345166304,0.0,-10.000353265655935,-8.14623765272214,5.480770885155378,0.0,-16.462815407204342,-11.620002806783871,1.5235030146512578,0.0,12.508926365012561,-42.630514218494,2.738271642718445,0.0,-1.9503175975910143,-34.980960721453044,1.3813386170044435,0.0,-30.953069374548654,-38.63575719090942,2.4355622366115703,0.0
21.28180305401661,-16.43028966245091,1.0394660739195363,0.0,-9.298043296132288,-7.814798575116564,5.628805004696785,0.0,-16.42462845449509,-11.624695533439054,1.5256589840068013,0.0,13.525078415225984,-42.57177676915803,2.6752503317928262,0.0,-1.9322256698561517,-34.97900194490212,1.3980284124714597,0.0,-30.429801355935037,-38.66155229611775,2.3111638076954684,0.0
21.266090147587654,-16.450326634216378,0.9714029823574695,0.0,-8.52300846666077,-7.487352258249323,5.7304736308593975,0.0,-16.39046284435953,-11.63021540530764,1.5309250214094714,0.0,14.501226612610372,-42.419345883137964,2.555109313181056,0.0,-1.9149567732827382,-34.9741262641885,1.408646664172684,0.0,-29.879797414429653,-38.624559418939896,2.187846412826241,0.0
21.262857569936504,-16.466095349927645,0.9209876664664236,0.0,-7.689152585170135,-7.144586557051837,5.820186305901091,0.0,-16.36086393708392,-11.635655884937824,1.5389885037899749,0.0,15.419370930948805,-42.18230238125516,2.3788954042105317,0.0,-1.8995761083933709,-34.96664871826962,1.4125722241652028,0.0,-29.30919961707887,-38.54026855676562,2.080944469178201,0.0
21.2730704079268,-16.476471043143007,0.8884127468413574,0.0,-6.812397579459157,-6.776977189043791,5.930234698680365,0.0,-16.334918084406045,-11.639916062894875,1.548905008421542,0.0,16.27099798698413,-41.86957537346061,2.151464157184357,0.0,-1.8859225518200151,-34.95802533084815,1.4099955974539249,0.0,-28.72425138044824,-38.42399899920986,2.001724954118597,0.0
21.294754634564548,-16.48266639186743,0.8693028367811326,0.0,-5.909898254933266,-6.387048884452382,6.083492857343723,0.0,-16.31145080915165,-11.64183523977881,1.5590651904616006,0.0,17.056567656614483,-41.4883537922461,1.8817534768412862,0.0,-1.8730369743409618,-34.95032457402665,1.401299041143952,0.0,-28.13194504074197,-38.28918161634281,1.9571725530352957,0.0
21.32258505238747,-16.488000016169693,0.8567117039089069,0.0,-5.000089985004651,-5.988290472881258,6.288894475790016,0.0,-16.289944274675264,-11.640407673739327,1.567663712547013,0.0,17.783352892992145,-41.04434318320575,1.5825350093081791,0.0,-1.8598316409514548,-34.945431518971624,1.3872042029182374,0.0,-27.54017826543179,-38.14668216752577,1.9505119314502188,0.0
21.348752654855502,-16.49691041524911,0.8439396696365087,0.0,-4.102724645524197,-5.6008162335048475,6.540076632187909,0.0,-16.270713821645227,-11.6350448014617,1.573361988452584,0.0,18.462308875077593,-40.54351996122206,1.269402472759639,0.0,-1.84557357226837,-34.944285573906896,1.3693448793001295,0.0,-26.957016075913717,-38.00495065529263,1.981892432615485,0.0
21.36519124345093,-16.513406311389637,0.8269853469354747,0.0,-3.2375248658608466,-5.2450646912294845,6.817681186855209,0.0,-16.254401460719862,-11.625794255296006,1.5757421691413303,0.0,19.10468672860638,-39.994582163371895,0.9591347322857331,0.0,-1.8299898710285774,-34.946533992681715,1.3504705937531298,0.0,-26.38907192366979,-37.87051011199672,2.048910555763916,0.0
21.366489936159354,-16.539503257229377,0.8056266566788057,0.0,-2.420915315660509,-4.936090953652407,7.0949949709174085,0.0,-16.241216382436406,-11.613386408686713,1.5753393547069745,0.0,19.719175375209062,-39.41125253297051,0.6678579677396161,0.0,-1.813080651013777,-34.95091256023898,1.3338406331532795,0.0,-25.839539466509194,-37.748364409609984,2.146986340205798,0.0
21.352129558222266,-16.57432103629444,0.7828909667631709,0.0,-1.661876608599683,-4.680754663403087,7.3451477281428454,0.0,-16.23040285681936,-11.598999808666717,1.573281639991432,0.0,20.310341081882726,-38.813675261818425,0.4094968851843763,0.0,-1.7948759962127019,-34.95621147404887,1.3221162414665582,0.0,-25.30675068387817,-37.64221561141855,2.26980740425004,0.0
21.326758097157647,-16.614337389478383,0.7634284413616523,0.0,-0.9590225692617188,-4.478268269458986,7.547391121859152,0.0,-16.22022012381736,-11.583757619304652,1.5707254124104821,0.0,20.87881663942305,-38.228204213809015,0.1949258328297212,0.0,-1.775353568122133,-34.96209424858294,1.3164829603248052,0.0,-24.78412071474812,-37.55467318800217,2.410046178212413,0.0
21.298257916659338,-16.654739684197878,0.7516481518294658,0.0,-0.3007906782075429,-4.32284284106678,7.690697282566045,0.0,-16.20844613786819,-11.56815582538069,1.5683481000899366,0.0,21.423066459608904,-37.685070214815525,0.03199498715958704,0.0,-1.754578553521041,-34.96902665599255,1.3165075242598938,0.0,-24.261880386456202,-37.48765357588042,2.5603834659377256,0.0
21.274624167360585,-16.691169549433894,0.7503518569077485,0.0,0.33066709688881335,-4.20679000832527,7.774274642098701,0.0,-16.193193501147963,-11.551752743787752,1.5661473245907036,0.0,21.94190602068168,-37.21390555971947,-0.07383725639917316,0.0,-1.732939975635797,-34.97737589284191,1.320660272966144,0.0,-23.730185308160934,-37.44289195818987,2.714623042301083,0.0
21.261191612447735,-16.720976238062384,0.7601578175920043,0.0,0.9530876697160413,-4.123003013173193,7.8056120501717485,0.0,-16.17370750731663,-11.533389856769265,1.563655790933236,0.0,22.436634128472285,-36.8378136618665,-0.11897358913213019,0.0,-1.7112754491054682,-34.986554032262426,1.32704665705727,0.0,-23.182407741314332,-37.42221294057818,2.868496319163011,0.0
21.259294473732833,-16.743536329116683,0.7795920370764904,0.0,1.5778579923188554,-4.066313883742787,7.797048852716528,0.0,-16.15081350431025,-11.511958290330558,1.5604466281297693,0.0,22.911788831463987,-36.567413475100984,-0.10199359303737054,0.0,-1.6907595453668494,-34.9950061522253,1.3339296012945923,0.0,-22.617168585541698,-37.42725118124417,3.01978745286182,0.0
21.266558557499703,-16.759844326720046,0.8056354197398239,0.0,2.2068513504051923,-4.033601307022565,7.761886949240661,0.0,-16.126776108223694,-11.487415543426565,1.5566154298089199,0.0,23.37407383307332,-36.39686198332902,-0.02502637643516792,0.0,-1.6725948682020415,-35.001019002068446,1.3399250854938298,0.0,-22.03818596275174,-37.45865562338471,3.1677090307535085,0.0
21.27829187223312,-16.77192695762037,0.834671009015242,0.0,2.833764169388297,-4.022978416095692,7.710983064355141,0.0,-16.104523259859164,-11.461578715552788,1.5529281995582593,0.0,23.82976429919375,-36.3038892317505,0.10448044852764404,0.0,-1.6576551598062679,-35.00364484687971,1.3440080348969552,0.0,-21.452049451208822,-37.515134213592134,3.311855251174082,0.0
21.289168721039136,-16.78244502361497,0.863766493588157,0.0,3.448827230134322,-4.032789251380161,7.650587335654234,0.0,-16.08648210084368,-11.43825437374133,1.5505239175027672,0.0,24.281677067765223,-36.25490412783465,0.2729556288019399,0.0,-1.646225300148115,-35.003062456046734,1.345519267868541,0.0,-20.864987690368597,-37.59276923373626,3.4512568590242907,0.0
21.29464560193242,-16.79431608117993,0.8918273431627473,0.0,4.044001567436771,-4.061066667519834,7.581800832834006,0.0,-16.073555091305646,-11.422468425316119,1.5503297140868426,0.0,24.727198501292886,-36.214269660241946,0.46219197405533485,0.0,-1.6379026904990217,-35.00022489523078,1.3442800714503402,0.0,-20.280069960955668,-37.68490824795705,3.58394845265774,0.0
21.292018323905314,-16.809883549781787,0.919760282558709,0.0,4.61607952034073,-4.105629243861191,7.501512168512173,0.0,-16.064779619519243,-11.41886561394991,1.5525327526802393,0.0,25.1585453633969,-36.154825177480724,0.6534320857237645,0.0,-1.6316473058294183,-34.99613825531303,1.3408101585441372,0.0,-19.695957316830125,-37.78276241516368,3.707211061065175,0.0
21.28124139600402,-16.82949170946738,0.9490362630083045,0.0,5.166868804037884,-4.164591245086154,7.404353441022641,0.0,-16.057860006976714,-11.429711691182778,1.5564245704067048,0.0,25.5654747299585,-36.065932413110794,0.8327781738333897,0.0,-1.6259403649388622,-34.99126830401379,1.3365275499791522,0.0,-19.10756112249403,-37.876658429779155,3.8184466832122776,0.0
21.265405536909483,-16.850093402774238,0.9790099276055315,0.0,5.701299206536426,-4.236913468643467,7.285191316496401,0.0,-16.050276740027027,-11.453263477901547,1.560677176760624,0.0,25.93955773806944,-35.95626597012624,0.9955843328522977,0.0,-1.6190266741646773,-34.98540717749875,1.3337018663101023,0.0,-18.508174427642672,-37.95767631495417,3.916432394686197,0.0
21.250464821912555,-16.864968298023406,1.0044740564937058,0.0,6.22500268365321,-4.322632732945818,7.141704554848316,0.0,-16.04040716286222,-11.483387773099892,1.5638293181555252,0.0,26.278351798589796,-35.850605250997546,1.1478092934338235,0.0,-1.609235068155213,-34.978024690179005,1.3349648006463184,0.0,-17.892144595614173,-38.01924587998427,4.002436830661331,0.0
21.24391034283848,-16.865138256841465,1.015478431933099,0.0,6.742650102142555,-4.422534133875558,6.976491726487706,0.0,-16.028155315905497,-11.510994526607883,1.5647090493044367,0.0,26.58762212152763,-35.78191485641252,1.3038321501503631,0.0,-1.5953531018815468,-34.96885051478371,1.3424532306473598,0.0,-17.257090530716965,-38.05826606509311,4.080551163725131,0.0
21.252625711134574,-16.841983102451287,1.0007500920137424,0.0,7.257447009312927,-4.537271185498309,6.798036975846835,0.0,-16.01487062823567,-11.527055564297166,1.5626917911182066,0.0,26.880389345577793,-35.78130591339661,1.4817980202130823,0.0,-1.5769672201293727,-34.95830925412617,1.3569962446442734,0.0,-16.604946792234518,-38.07540662353807,4.156838811658227,0.0
21.280558789607188,-16.790143005244154,0.9539529962881304,0.0,7.771371339804793,-4.666220526075539,6.620004655731071,0.0,-16.002676225405164,-11.526026441372306,1.5578297298247552,0.0,27.172956677612646,-35.86875514921505,1.6980587948378467,0.0,-1.5546243782022555,-34.94752871153353,1.377810888326085,0.0,-15.941570389330344,-38.0743874571761,4.2374900365265855,0.0
21.326752954493386,-16.710430383666328,0.8794553162469274,0.0,8.285551565486362,-4.806588871430428,6.458761722867686,0.0,-15.993606099085955,-11.508017266492828,1.550841474536174,0.0,27.479556988624818,-36.04675005642018,1.961708999152652,0.0,-1.5297032738097847,-34.93791794414852,1.4028525297114776,0.0,-15.275151909791537,-38.060295485604584,4.32671843761586,0.0
21.384284864872843,-16.612410054612184,0.7931768352652391,0.0,8.800518330788444,-4.9533476635400655,6.32954868540139,0.0,-15.989019558588536,-11.478562788294203,1.5428962864293947,0.0,27.807981348447434,-36.29789755205918,2.269686526498999,0.0,-1.5040111579104831,-34.930577899952375,1.4295585938046482,0.0,-14.614086758265595,-38.037432358344,4.425290260999665,0.0
21.44113612822412,-16.514353822333653,0.7167571469197789,0.0,9.31636847197709,-5.100293274669219,6.242182314557729,0.0,-15.989505262627887,-11.446107473077785,1.5352435327386154,0.0,28.158077238193314,-36.586725408927286,2.6033512502338407,0.0,-1.4792644561536075,-34.9258686250645,1.4555484256887397,0.0,-13.965077928415887,-38.007524900916266,4.530240597774075,0.0
21.483779679902256,-16.437736546213085,0.6690309177987199,0.0,9.832935090485812,-5.241954539087032,6.197460372703678,0.0,-15.995056159389796,-11.418500682771324,1.5288845609142552,0.0,28.523498492175523,-36.865430159171645,2.9284232919612165,0.0,-1.456662883132374,-34.923299122174434,1.4789753865336852,0.0,-13.331987446656907,-37.969033799344764,4.635764596432509,0.0
21.50232599603168,-16.398073596268517,0.6611617944770405,0.0,10.350037488332859,-5.375605454424192,6.185366245936817,0.0,-16.00510771982801,-11.400159249193376,1.524433865122413,0.0,28.89521644914974,-37.082591972912,3.200124599248797,0.0,-1.4366933771057988,-34.92169396037658,1.4985084680888292,0.0,-12.71554373783373,-37.91778106409246,4.73486330447167,0.0
21.49452480163925,-16.398737892513054,0.6965938716963045,0.0,10.867857612069287,-5.502718080928485,6.185654140292512,0.0,-16.018309564918425,-11.391036728431002,1.5221313281092606,0.0,29.26430765540667,-37.192948401540015,3.3734493753643253,0.0,-1.4191798416577588,-34.91949959920345,1.513121285218734,0.0,-12.113743710294953,-37.848533006027694,4.821220378365624,0.0
21.466914741616037,-16.43160642824058,0.771294499584279,0.0,11.387323119452711,-5.629684663844471,6.170665211242812,0.0,-16.032336970031928,-11.387581121051523,1.521894528302031,0.0,29.622456062870622,-37.16611032038077,3.4157707688043466,0.0,-1.4035181143816697,-34.9151546853992,1.5219130033657002,0.0,-11.52274507350693,-37.7568415235784,4.890846857571354,0.0
21.43301783174115,-16.482066025482364,0.8713338205538097,0.0,11.91011536243544,-5.767947880750125,6.109688892829964,0.0,-16.044137200261662,-11.384967485317256,1.5233959659159453,0.0,29.96083050876519,-36.99288781947928,3.3174761018800574,0.0,-1.3889995153144723,-34.907529070871135,1.5241511842715951,0.0,-10.938085765814074,-37.64045991337868,4.943100822751907,0.0
21.408909321158653,-16.534659858017914,0.9706306134232925,0.0,12.437856502443223,-5.933455723075022,5.974068049396711,0.0,-16.0506457972936,-11.379420388539213,1.526209685234825,0.0,30.26951200163682,-36.688588320039685,3.096768388801335,0.0,-1.3751052899918241,-34.89639704226788,1.5196047616390143,0.0,-10.356039803170438,-37.499912893890766,4.980765773505972,0.0
21.407713789510424,-16.577450652341284,1.0347201295125146,0.0,12.97036614160414,-6.144888616354211,5.742445962467397,0.0,-16.04961219469235,-11.369566984610872,1.5299601560628133,0.0,30.539112153211917,-36.29229748763452,2.7965251565468705,0.0,-1.3616919295645453,-34.88279669259441,1.50898348262219,0.0,-9.774811012849677,-37.33813696129257,5.00901152209128,0.0
21.43618740318681,-16.60347990253403,1.032929254607149,0.0,13.503508062259709,-6.419960805250138,5.405733085482089,0.0,-16.04014912289104,-11.35638635236257,1.5343161356254171,0.0,30.764100422641437,-35.86056365471414,2.4736099622329295,0.0,-1.3490816957419831,-34.86909899525008,1.4941110433816558,0.0,-9.195180956083908,-37.15940318741364,5.033290769649465,0.0
21.494505344631794,-16.609334458971844,0.9538233580923716,0.0,14.02773335113223,-6.769676187617059,4.971158887908814,0.0,-16.02288832951152,-11.342079514120337,1.5388342059437097,0.0,30.945424000387664,-35.45506348596768,2.1839628168762406,0.0,-1.3380810870875686,-34.85869845334805,1.4776341422767967,0.0,-8.620272112784669,-36.96794092788971,5.056581101782312,0.0
21.576310702426596,-16.594671495147924,0.814488330317932,0.0,14.52855604639049,-7.191740601399876,4.464101008683557,0.0,-15.999813986381286,-11.32865306007697,1.5428977844698633,0.0,31.090155364296194,-35.12720929937186,1.9688410351593522,0.0,-1.3298061844894065,-34.8553321098141,1.4625067509512135,0.0,-8.05433393247867,-36.7667112233774,5.076854359981985,0.0
21.66717807502187,-16.566009415076127,0.656486516723529,0.0,14.989542092058326,-7.665865893909851,3.925900564471262,0.0,-15.973819753934539,-11.316975727506986,1.54594827231222,0.0,31.20819736257531,-34.90562429118266,1.846938724316873,0.0,-1.3251335615118216,-34.86208597464335,1.4516155654080105,0.0,-7.500918303233728,-36.556605151312,5.085990898545159,0.0
21.745907432322653,-16.54011376387831,0.5289053335126912,0.0,15.396983892188878,-8.154302963482165,3.4066759031551657,0.0,-15.948009370007682,-11.30663997387857,1.5478627577702948,0.0,31.308226872416295,-34.79172115470144,1.814013701698583,0.0,-1.3238837328964128,-34.880230356851364,1.447478484604476,0.0,-6.961293830961344,-36.33615793595009,5.071077998676662,0.0
21.793812003424502,-16.537308328454813,0.4685146694067317,0.0,15.744058263925435,-8.609405912056637,2.9544533383679568,0.0,-15.924915762966767,-11.296458494891857,1.5490959976239544,0.0,31.395154053417315,-34.76439605467346,1.8485899405909283,0.0,-1.3242593889179695,-34.90820840094462,1.4516540543756467,0.0,-6.434059693362563,-36.10187436830294,5.017986762293155,0.0
21.806948622101682,-16.565794419620563,0.48839756113525645,0.0,16.03222172006752,-8.986449185491844,2.6041660608731174,0.0,-15.905992695387177,-11.285170228280244,1.5503911164970745,0.0,31.469907901944246,-34.79047940168824,1.9209152806287921,0.0,-1.3230588141920951,-34.94132729103313,1.4640030361941037,0.0,-5.916447757433758,-35.849354459153524,4.915987966398577,0.0
21.798786888731584,-16.61312103292769,0.5761297304110062,0.0,16.269279202339085,-9.25656057504413,2.3702541096437617,0.0,-15.891645316542004,-11.27203060529508,1.5522908896895906,0.0,31.53091191951866,-34.83599132487379,2.002183797823596,0.0,-1.3167175332771297,-34.97271931241553,1.4825163162850146,0.0,-5.406982538662601,-35.575340334603865,4.761748994288029,0.0
21.78950721460865,-16.65544979913795,0.698331384466222,0.0,16.46559955827538,-9.41424156071426,2.2447622542816816,0.0,-15.881704339000962,-11.257212955951475,1.5548428617505685,0.0,31.576084664642693,-34.87448397381088,2.0714301491785143,0.0,-1.3027928392560613,-34.99565187136807,1.5040633822932232,0.0,-4.908386309290722,-35.280416897940526,4.56130684004996,0.0
21.792415435789202,-16.674722030015268,0.813065306825596,0.0,16.630645321308727,-9.476780981030041,2.200834794104086,0.0,-15.875918866069615,-11.242041702803686,1.5576510639580867,0.0,31.604447870694955,-34.8910327899538,2.118477340379348,0.0,-1.2813042776763712,-35.0063343891665,1.525596247553203,0.0,-4.4292062159515,-34.971399439690465,4.329213294699807,0.0
21.809045092052383,-16.66724471712173,0.8868731983370726,0.0,16.771152760323606,-9.476629970096894,2.200436290259466,0.0,-15.874066353902094,-11.228950370012177,1.5601500587368022,0.0,31.616880001133907,-34.88222259855486,2.1428014494741205,0.0,-1.2552523190166216,-35.00565714205918,1.5451019132420036,0.0,-3.983000797548036,-34.661900660031215,4.085095219059125,0.0
21.833274835732443,-16.64022728959239,0.905870675422884,0.0,16.891018463334,-9.450312443956603,2.204437547131773,0.0,-15.87568622487407,-11.22094873874175,1.5619015428678935,0.0,31.615935358441035,-34.853255669922696,2.149683521930262,0.0,-1.2297950387908374,-34.99859955392588,1.5619904758867253,0.0,-3.585149071312351,-34.3700324490415,3.8490852959123565,0.0
21.85779871430882,-16.603991065567456,0.87548165121596,0.0,16.99219105528321,-9.428042566356813,2.182395425271361,0.0,-15.879881018675224,-11.220543781263576,1.5627492942360188,0.0,31.604999489600132,-34.81346212597494,2.1458621074726505,0.0,-1.2102184700633285,-34.99141945063515,1.57696457871368,0.0,-3.248635210508481,-34.11377489539629,3.637874204697507,0.0
21.87851461976317,-16.566265212455566,0.8125776455330112,0.0,17.07583061055989,-9.427233758725322,2.1190377295497953,0.0,-15.885620391105292,-11.228463853059992,1.5627686690051945,0.0,31.58731771866713,-34.77162441490746,2.136556276190749,0.0,-1.1996858432637696,-34.98822791211486,1.59140768876507,0.0,-2.980431920694275,-33.905968507477894,3.46212603859348,0.0
21.895960965257633,-16.52978894686327,0.7363507435435697,0.0,17.143292542375008,-9.451219808597475,2.0154497588765885,0.0,-15.89242048869463,-11.242869224364872,1.5621166946061873,0.0,31.565371705615046,-34.732622206336,2.1244242564447564,0.0,-1.1979724622658359,-34.98898417078419,1.6063998167805593,0.0,-2.779471132847741,-33.75094359103819,3.3250450674847745,0.0
21.914066745484934,-16.492615772666866,0.6623721677675523,0.0,17.19670173273542,-9.492566218917341,1.8850732057946278,0.0,-15.90068601729294,-11.259640743708706,1.560943172222185,0.0,31.540686582377546,-34.696418411332616,2.1098716641459667,0.0,-1.201684104026044,-34.98998783362842,1.621901489083994,0.0,-2.6367010378028573,-33.64386665977764,3.2222130311691277,0.0
21.937016471172033,-16.45074454498463,0.6014178460203539,0.0,17.238954710870466,-9.538925088681463,1.7467335338903478,0.0,-15.911119894434776,-11.273772593392838,1.5593613692844404,0.0,31.513868396280937,-34.65935674530278,2.091920415716425,0.0,-1.2055743076534347,-34.986390502091254,1.6367483552786979,0.0,-2.537414854560094,-33.572893477448424,3.143353135479396,0.0
21.96590855236112,-16.40206281637652,0.5615672307056538,0.0,17.273090301914888,-9.578809942145027,1.6177840481002832,0.0,-15.923463238868024,-11.281216077006317,1.5573509305279654,0.0,31.484769099698166,-34.616818565499784,2.069172651352286,0.0,-1.2043021790296553,-34.97519099978026,1.6494324972341428,0.0,-2.465162263578031,-33.52328922507696,3.075845562409736,0.0
21.997226757854218,-16.349369735443922,0.5505151256871201,0.0,17.301195178120306,-9.60511715595552,1.5097125410910621,0.0,-15.935606470272024,-11.28022500480379,1.5545966935463795,0.0,31.452845869810165,-34.56592384458682,2.040624193629572,0.0,-1.1941192792351707,-34.957102256118915,1.6590186750530496,0.0,-2.4056894372030184,-33.481911041888516,3.008582126967429,0.0
22.024348634970096,-16.300212472889672,0.5758747117003011,0.0,17.323325567665652,-9.615618645961842,1.4269326307951111,0.0,-15.943989657742954,-11.27156852549212,1.5504961145035523,0.0,31.417688631771938,-34.50715220767994,2.006180656255884,0.0,-1.174036294101767,-34.93640286205046,1.6656494143582812,0.0,-2.3494952535794784,-33.440393660343084,2.9347026575267847,0.0
22.041559617634153,-16.263041945883252,0.6432155305390381,0.0,17.337181047547954,-9.611342660426264,1.3680799406358126,0.0,-15.945255479414755,-11.257679218121005,1.5445557160087127,0.0,31.379485759572965,-34.444365505525774,1.9668411624500663,0.0,-1.1460930074002995,-34.91899679139577,1.6705416294203825,0.0,-2.2924386425520673,-33.39612281854676,2.8525424226918528,0.0
22.048087159655637,-16.241901324111875,0.7531605229437321,0.0,17.339143460688753,-9.594677666242742,1.3285140514328955,0.0,-15.938177058818116,-11.241378763331,1.537046107427372,0.0,31.339208019309144,-34.383443715918666,1.924603488728371,0.0,-1.1146899204887317,-34.909818838532715,1.675629969906268,0.0,-2.2346693158694606,-33.35111354485597,2.764879212487143,0.0
22.049227571656864,-16.23332353908576,0.8997011249211422,0.0,17.326569283722247,-9.568562097722879,1.30280744838457,0.0,-15.92466138352166,-11.224888276152699,1.5294115203520704,0.0,31.29850170247236,-34.330253610845666,1.882151076335429,0.0,-1.0853154000829948,-34.9108722119289,1.683030404014561,0.0,-2.178671810085289,-33.309664505895576,2.6770754504522163,0.0
22.05393229921758,-16.227417705206086,1.0716601201518454,0.0,17.300269682495074,-9.536777808683656,1.2864526166231993,0.0,-15.90914632927716,-11.209462262375665,1.523949523951396,0.0,31.259416302094632,-34.28879398272254,1.8423570158293412,0.0,-1.0631012476271655,-34.92058694373863,1.6944367158279352,0.0,-2.1273164729794587,-33.27587115921099,2.5949055396763328,0.0
22.071213693630344,-16.211756755200607,1.2571533829198156,0.0,17.265717524791306,-9.504358413592481,1.2765437807453406,0.0,-15.896586612015454,-11.195573288833534,1.5227570638221337,0.0,31.224052061316904,-34.26015313883971,1.8076928038357334,0.0,-1.0515246244085565,-34.934491189008675,1.7105421318226046,0.0,-2.082552240136339,-33.25184033512042,2.5227372061607216,0.0
22.107961594320344,-16.175382502611587,1.4483186144220372,0.0,17.23206189474948,-9.477187327710425,1.2716210735791655,0.0,-15.890050213194627,-11.18335830802826,1.5265171457753848,0.0,31.19417317259407,-34.2425203904821,1.7797462906266155,0.0,-1.051476211393667,-34.94692561133196,1.7306426120212972,0.0,-2.0449527033172963,-33.23701161410632,2.462465334430929,0.0
22.168567266528303,-16.11153426477724,1.6434868554622728,0.0,17.209170735383537,-9.460695209080782,1.2710908942196593,0.0,-15.889249669204592,-11.172983452296448,1.5339020234578555,0.0,31.170890428596685,-34.2320977082032,1.7590566196547908,0.0,-1.0608577958278183,-34.95355931050897,1.7526327570230151,0.0,-2.013948494944934,-33.2285677530349,2.4133414589808595,0.0
22.255356881660223,-16.01884682845651,1.8462153097199732,0.0,17.203982849018157,-9.458328993828395,1.2745866337646738,0.0,-15.89078424122919,-11.164673999707382,1.5420210989055434,0.0,31.154530190090558,-34.22451517239068,1.7452820441075403,0.0,-1.0747316865052499,-34.954287369219216,1.7734985082645967,0.0,-1.9883666187373032,-33.222606930346835,2.3726158037114953,0.0
22.369259566064294,-15.900650846240584,2.062371782667917,0.0,17.217829533217298,-9.470577999713878,1.2814281145617539,0.0,-15.889817698427725,-11.158418901034548,1.5477061568895678,0.0,31.14469664548968,-34.21627761146817,1.7375085112857835,0.0,-1.0858322137878131,-34.955612987454785,1.7901594470985298,0.0,-1.9668978524001277,-33.21557350865551,2.3366922715112217,0.0
22.510925455528707,-15.761842891554501,2.29670761776355,0.0,17.24588948791235,-9.494914127314798,1.2902402531936463,0.0,-15.882180825010218,-11.153614595959775,1.548935595774017,0.0,31.14044361803339,-34.205779407767025,1.7344990198359493,0.0,-1.0851460528766559,-34.97133288702498,1.8003401521912465,0.0,-1.9483069825256427,-33.205406882503254,2.302361812276926,0.0
22.68247478185396,-15.603596468286408,2.5499653401822346,0.0,17.278903357534805,-9.526510198820677,1.2988728822897038,0.0,-15.865873207569166,-11.148902564366303,1.5456321358646399,0.0,31.140492155355574,-34.19353124101135,1.734862135067786,0.0,-1.062392959753046,-35.02073336404974,1.8032100475946518,0.0,-1.9314490096001249,-33.19199849314519,2.2677054713954465,0.0
22.889203324691977,-15.417881625910644,2.817281088909601,0.0,17.30630415051056,-9.559330262728452,1.3047883229738222,0.0,-15.841398169265894,-11.14222717046243,1.539437240286956,0.0,31.143475617680316,-34.181529229176206,1.7372644245709878,0.0,-1.0065130883606281,-35.12447430233516,1.799694119189315,0.0,-1.9152542208691408,-33.176844359810204,2.2324063941259595,0.0
23.139853035775207,-15.185200083720064,3.0886804580205425,0.0,17.319491412432647,-9.587205019519844,1.3058438937469674,0.0,-15.810903884199455,-11.130979305987958,1.5326466406619623,0.0,31.14818439219716,-34.17209188008502,1.7407450773445046,0.0,-0.9064521683201248,-35.29931963101811,1.7924001587860356,0.0,-1.8987514926972588,-33.16213484347524,2.1974122175034037,0.0
23.444620315964585,-14.878286178429226,3.352635058018972,0.0,17.314165774455972,-9.604797730255317,1.301054755551089,0.0,-15.776544727103975,-11.112111235761963,1.5269539427137193,0.0,31.153751314184614,-34.166732848643775,1.744992224394517,0.0,-0.7524001490973466,-35.55337118075728,1.7850653282897042,0.0,-1.8810941163268167,-33.14974986291474,2.164147207484863,0.0
23.8116720099811,-14.47138352039416,3.602681629823609,0.0,17.29116953444879,-9.60863173044362,1.2908653443660647,0.0,-15.73880227961627,-11.082182886939169,1.522752358449731,0.0,31.159733372044514,-34.16555272685926,1.7503679067170648,0.0,-0.537225111015271,-35.8834067119298,1.7815421915693843,0.0,-1.8615751429959708,-33.14060978776222,2.1336996876152057,0.0
24.243736308784424,-13.951751951487566,3.8440235291625626,0.0,17.25581329158936,-9.598170098039198,1.2768007787189664,0.0,-15.695599598064936,-11.037374476992746,1.5194489502781803,0.0,31.16609113156424,-34.167325288924935,1.757608755505096,0.0,-0.25750717481635466,-36.27540093272706,1.7846772083910416,0.0,-1.8396795759042774,-33.134608990705004,2.1063875225745043,0.0
24.73568572760509,-13.329344323200718,4.0943015381845385,0.0,17.216034596416097,-9.576442553340122,1.2607889711617748,0.0,-15.642694506712246,-10.973654940609347,1.5167052823050966,0.0,31.17307487501058,-34.170137485247174,1.7673229569396423,0.0,0.08637956792791623,-36.7082766114747,1.7956841067614189,0.0,-1.8151918253589194,-33.13105716548115,2.0818068636295504,0.0
25.273836945625366,-12.640229756914273,4.37480956868453,0.0,17.179954812487654,-9.549571060000984,1.2445799970575688,0.0,-15.575159752268876,-10.887426884514893,1.516016773572094,0.0,31.18101150340673,-34.17223446658413,1.7795148517049668,0.0,0.4912909412437747,-37.159571303089244,1.8144307623882163,0.0,-1.7882959851596123,-33.12930169512598,2.0591790028007058,0.0
25.83860353778035,-11.939250010047031,4.69607550005624,0.0,17.153572651508668,-9.525061354925512,1.2295118702401062,0.0,-15.48923496619269,-10.776781345596532,1.521855214459075,0.0,31.190042721648606,-34.17266405672031,1.7933751064165069,0.0,0.9530902049132282,-37.6107771336288,1.8404525340912077,0.0,-1.7595787929874636,-33.12913169818639,2.0377460432699177,0.0
26.411249143001935,-11.282362089931157,5.048627441005811,0.0,17.139374697645298,-9.509456725494022,1.2165870874277793,0.0,-15.383768061190047,-10.642964569938428,1.5418280712484087,0.0,31.199975237551577,-34.17143275445995,1.8074688394575666,0.0,1.4684901363973912,-38.05036147156835,1.8739505994565135,0.0,-1.729893596685713,-33.13073859570828,2.01705194475206,0.0
26.981747828962515,-10.7078654250935,5.407010304147422,0.0,17.136313063096562,-9.50630707380662,1.2066440133559926,0.0,-15.260734340739948,-10.491198607118596,1.5858220968379158,0.0,31.210410683847538,-34.16914015666898,1.8202530719377776,0.0,2.0362611728952444,-38.47374909016629,1.9160469276783338,0.0,-1.7001199667062936,-33.134320374020106,1.997029638880349,0.0
27.552737491285804,-10.227447325625658,5.74375426832202,0.0,17.14094697731703,-9.515241213274441,1.2004328593448488,0.0,-15.124696080728347,-10.330046926437428,1.6645856558437941,0.0,31.22114738676764,-34.16633411883446,1.830659566008059,0.0,2.6573646734033387,-38.880942359137705,1.9681491848261246,0.0,-1.6709081895070508,-33.13964920003372,1.9778761990105966,0.0
28.137391299485948,-9.829603986602848,6.042631906093815,0.0,17.14903659772446,-9.532432203807591,1.1985672044003426,0.0,-14.9813953366222,-10.169134509157304,1.7883550095988188,0.0,31.232608264297056,-34.16298196529953,1.838421308958461,0.0,3.3339132488490364,-39.27321773422543,2.0309172937495816,0.0,-1.6425080369316545,-33.145942170190864,1.959778394410682,0.0
28.753169722842888,-9.489927314857143,6.303700803767439,0.0,17.156881701347377,-9.552168712670387,1.2014365844514305,0.0,-14.835906733212527,-10.01590095778622,1.9658915820437297,0.0,31.245960989817796,-34.158382122621816,1.8439559187725187,0.0,4.06715835541911,-39.6502917761556,2.103535930823968,0.0,-1.6147477571881081,-33.15219028281734,1.942635095336323,0.0
29.41489405960417,-9.18197157648529,6.539937053692718,0.0,17.162083825965965,-9.568844130467152,1.2091300507482838,0.0,-14.690894432986116,-9.87270858329164,2.2038983862711525,0.0,31.262772932358683,-34.151551812762456,1.8478732921880283,0.0,4.854924722122387,-40.00875478943406,2.1837227377838104,0.0,-1.5871662169403526,-33.15780069648146,1.9259453205541277,0.0
30.129812880575585,-8.885374782290281,6.769543631387675,0.0,17.163777058926662,-9.57862418095595,1.221328862889596,0.0,-14.545403545242333,-9.735660550211465,2.506453538558823,0.0,31.28435942786364,-34.141794235134164,1.8503861113412299,0.0,5.689087373494684,-40.341843727956935,2.2684038822678474,0.0,-1.559229864659375,-33.16314977324225,1.9089570881044793,0.0
30.89601736532068,-8.589996572712034,7.008239171260824,0.0,17.162503750652135,-9.5803043249222,1.2371497063890988,0.0,-14.394244637926716,-9.595867378071896,2.8739467426767327,0.0,31.311173296122835,-34.12903636051675,1.8509604230927579,0.0,6.553870948133676,-40.64016545610707,2.354580262660283,0.0,-1.530518691219045,-33.16961956175774,1.8910313991317764,0.0
31.70418922935207,-8.295860597552743,7.264132557589118,0.0,17.159886262511634,-9.575204939357613,1.2550608273655364,0.0,-14.22778706198506,-9.442950446211482,3.301175717361005,0.0,31.34253339015355,-34.11373513703351,1.8484519048790045,0.0,7.425879155802329,-40.892970927388035,2.4398260323778267,0.0,-1.5007846584471554,-33.17897086583753,1.8720219522882449,0.0
32.54140418023856,-8.009863028324984,7.536025862396503,0.0,17.158196723343284,-9.566239267447045,1.273059434515229,0.0,-14.032261327782223,-9.269629306552375,3.7748659409429717,0.0,31.376799573715882,-34.0964858066341,1.841741314148349,0.0,8.276591627493497,-41.089821713107526,2.52218724198252,0.0,-1.4698932919700116,-33.19232921275988,1.852389832804688,0.0
33.39511185189766,-7.741316731463084,7.814732119241427,0.0,17.15987793669308,-9.556552464273045,1.2891501966200405,0.0,-13.791109020385228,-9.075519033797455,4.271730865613863,0.0,31.411911350860507,-34.07763260697917,1.8305887831995165,0.0,9.077372765430965,-41.222569299312866,2.5997671515407195,0.0,-1.4377922705834285,-33.2093374724574,1.8328977168337843,0.0
34.255801723251004,-7.498530450986807,8.086128293684059,0.0,17.167031084792068,-9.548347424184682,1.3019077045068101,0.0,-13.487622038052985,-8.868187666826914,4.7587875274657385,0.0,31.446108392918685,-34.057082112171415,1.8163078143619362,0.0,9.805944062979519,-41.287350172019174,2.6705465952521266,0.0,-1.4046627368126088,-33.227980923351026,1.8140710439497578,0.0
35.117879755091536,-7.2875757268789405,8.334303433853128,0.0,17.18091354804101,-9.542470191371098,1.3108016804322578,0.0,-13.108007792791568,-8.660677753202323,5.197349202956973,0.0,31.478620666901218,-34.034370191285205,1.8019484859483939,0.0,10.45232190890767,-41.2860859619025,2.7327182740711375,0.0,-1.371211202286681,-33.24523998918008,1.7958640861245119,0.0
35.97917514152446,-7.112909604243903,8.543641350623979,0.0,17.20155916417709,-9.53884879169085,1.316128734980392,0.0,-12.643378025185235,-8.466738307879279,5.550590576384458,0.0,31.510062793356443,-34.00902806125115,1.7917377629407873,0.0,11.022059122728432,-41.22703665144584,2.7852518394406065,0.0,-1.3388092249634416,-33.2582598683494,1.777767559208856,0.0
36.83978808647995,-6.9786470681056425,8.699854326035668,0.0,17.22762524443652,-9.537230701206743,1.3186392267652725,0.0,-12.090051757550635,-8.296248796712272,5.792484490712313,0.0,31.542270468952413,-33.981240612424315,1.7896874237192613,0.0,11.535483424664715,-41.12415246258554,2.828093875572975,0.0,-1.3092077770413504,-33.26544524528195,1.7591147783318686,0.0
37.70078222936984,-6.8894899302301456,8.791042037036839,0.0,17.256474944565646,-9.537518388141102,1.3190787346646253,0.0,-11.449093552482088,-8.15264456379614,5.914719174405434,0.0,31.57754389821993,-33.9524639102454,1.7978373802021697,0.0,12.02308860713232,-40.99508337324819,2.8616512346335856,0.0,-1.283913172441825,-33.26700963994472,1.7392213915912524,0.0
38.56293903327869,-6.8510164517899215,8.80994466591206,0.0,17.284480176605765,-9.539597397796358,1.3179233864543676,0.0,-10.726321389836453,-8.032694155014221,5.928769378252486,0.0,31.617604704433973,-33.92539928316583,1.8151116276900314,0.0,12.51855737541715,-40.857873871733815,2.8858297327618807,0.0,-1.2636311887601714,-33.26488655763578,1.7173913525309885,0.0
39.42569570748585,-6.869201052759421,8.757537342885254,0.0,17.307630980091695,-9.543131373140547,1.3155304063539965,0.0,-9.932786559156137,-7.928286866855797,5.862209062621947,0.0,31.6627727361208,-33.90303428997829,1.8375992998783826,0.0,13.051526357930781,-40.72690551005418,2.8993653755345026,0.0,-1.2481064501701016,-33.26214499430957,1.6930843530026856,0.0
40.28647201168658,-6.948588050084712,8.646600909755177,0.0,17.322543609575302,-9.547636456496004,1.312597817203807,0.0,-9.084510351730195,-7.829753716373597,5.750677195294328,0.0,31.711796022871845,-33.887208956803974,1.8602836670907674,0.0,13.642026001993992,-40.60941616076312,2.8999819170561807,0.0,-1.2363416086004346,-33.26203138720531,1.6662416633651667,0.0
41.14061140328319,-7.088680189183865,8.502940039070129,0.0,17.327694155372022,-9.552686174720673,1.3104804809729629,0.0,-8.200524804837592,-7.729736085911018,5.628570228576249,0.0,31.762372990119662,-33.87762669627919,1.8793008505208775,0.0,14.297805821498399,-40.50419279772717,2.885212504959023,0.0,-1.2269568943908393,-33.26681319037092,1.6374171799058512,0.0
41.98181346441727,-7.279761651917211,8.362438107923365,0.0,17.324358588910087,-9.558080225354868,1.3109776781391762,0.0,-7.299648668216763,-7.626010434283205,5.521640535099323,0.0,31.811946620195737,-33.871957921868436,1.893442676198264,0.0,15.014889052764143,-40.40324607246231,2.8533858226664464,0.0,-1.2184810456964659,-33.27688384148799,1.6075533924134966,0.0
42.80242679192153,-7.501226275176903,8.264221912429223,0.0,17.316675186689395,-9.564035374217378,1.3156169656757442,0.0,-6.397378541489966,-7.521965269839745,5.443388562389568,0.0,31.858325513784926,-33.86696087269341,1.9042311294735477,0.0,15.780846113197011,-40.29585520380232,2.804558791257733,0.0,-1.209512405366296,-33.290687195041116,1.5776844324087698,0.0
43.59314079192202,-7.724878474343779,8.242350551856003,0.0,17.310563548051373,-9.5713870838968,1.3248040620725767,0.0,-5.504090018861747,-7.424683850556366,5.39552167644044,0.0,31.90008219658305,-33.859956440421016,1.9148012279092086,0.0,16.5794867666277,-40.173320627710176,2.7413152694687337,0.0,-1.1988097387000525,-33.305551087446,1.5488410047662047,0.0
44.342692668129374,-7.92251212544503,8.31857495236114,0.0,17.31173738325234,-9.581532299398773,1.337306939285794,0.0,-4.624976685407611,-7.341835567833016,5.371538634393355,0.0,31.93691235295286,-33.84984060857505,1.9282156888862918,0.0,17.39532086468464,-40.03258117914208,2.66898892992584,0.0,-1.1854041657561427,-33.31883801504321,1.5220145395384748,0.0
45.03908093442159,-8.074232242890432,8.497155930689496,0.0,17.323508863751783,-9.595850603441987,1.3504108566510222,0.0,-3.7613915871337147,-7.278930149777315,5.361772115456681,0.0,31.96993256807943,-33.83710881931214,1.9458428425716576,0.0,18.216515768431012,-39.877350897182524,2.59473952351639,0.0,-1.1687543470296544,-33.32865894883493,1.4978939299469545,0.0
45.673227770320516,-8.173457377907345,8.762136124458902,0.0,17.345318955754784,-9.614696370602912,1.360762920424719,0.0,-2.9127221195936626,-7.237939638053626,5.358035379874549,0.0,32.001614187027855,-33.822985121944946,1.9664442801126292,0.0,19.03586073922795,-39.716343289857534,2.525609695030635,0.0,-1.1488749833736887,-33.33395331332985,1.476461263560802,0.0
46.243936213197685,-8.22628018854683,9.078586296245632,0.0,17.372711474907387,-9.636410292005387,1.36558469801062,0.0,-2.0778527163021696,-7.217465067787353,5.356436991431952,0.0,32.03513190288233,-33.808349641289766,1.9864432255556963,0.0,19.849928647114883,-39.55935123103018,2.4666023443836735,0.0,-1.1263771961830025,-33.33440530650432,1.4568784242291084,0.0
46.76077070960895,-8.246250779719887,9.399373071269643,0.0,17.39876257549218,-9.656852577702658,1.363807008632616,0.0,-1.2557253177176015,-7.2139861195326915,5.357757072991831,0.0,32.073275899129555,-33.793246753196556,2.0012503841840577,0.0,20.65707710024648,-39.4129975761601,2.419791468406931,0.0,-1.1024465709366784,-33.33069174681965,1.4378864395055277,0.0
47.241878052534894,-8.248555655117679,9.675920937146373,0.0,17.41625177875495,-9.669780084720703,1.3567746610888651,0.0,-0.44512229629919897,-7.223383886104147,5.365697650106993,0.0,32.117356790271316,-33.777217187909784,2.0069580919739796,0.0,21.455240829344966,-39.27808074700873,2.3844794767233566,0.0,-1.0787684772024075,-33.32489724864541,1.4184480540762543,0.0
47.70753001015649,-8.246914011882282,9.868283117253345,0.0,17.419693825848782,-9.668197838440445,1.34827109696489,0.0,0.3558870300524388,-7.241945075659027,5.384054481491166,0.0,32.16656922564765,-33.760037868748114,2.001696247431136,0.0,22.240523641298875,-39.14941453007863,2.3576955599758467,0.0,-1.0572643751954622,-33.32036599182539,1.3982099707927524,0.0
48.17354151028559,-8.253120979017517,9.950629314653753,0.0,17.406713837249587,-9.6466379049459,1.3436898542409157,0.0,1.1504126371534387,-7.26652504063815,5.4141451412780555,0.0,32.218153576727055,-33.74224061730914,1.9862865037911082,0.0,23.00719821379667,-39.017703738440076,2.334604357236307,0.0,-1.0395036459041243,-33.32053272503337,1.377589284523948,0.0
48.64807304563014,-8.277362652026127,9.911701651774631,0.0,17.378586558560343,-9.603990284668654,1.3483993908229444,0.0,1.942797811390796,-7.294238090157407,5.45351959353215,0.0,32.26841566921432,-33.725068140696365,1.9640677377502698,0.0,23.74898913968464,-38.872213123938856,2.3089704612394275,0.0,-1.025979730758646,-33.3272065179698,1.3574980661971487,0.0
49.13213511536754,-8.328470673806663,9.751920587428653,0.0,17.339810741191144,-9.545960670030006,1.3657471335870834,0.0,2.7380279541452186,-7.322422055581969,5.496261518595519,0.0,32.31419866332245,-33.70996272516928,1.9398282319780336,0.0,24.460878164789033,-38.703048687335134,2.273879031984304,0.0,-1.0157761948397068,-33.33943293753538,1.338783792592464,0.0
49.62199295353277,-8.414586716331396,9.478737623920221,0.0,17.296764073501105,-9.485734883900752,1.395495592082872,0.0,3.540491624494466,-7.349354550864143,5.534511048484145,0.0,32.35404203377617,-33.69792735442348,1.918018239196913,0.0,25.140447285574314,-38.502483673802935,2.222594616212316,0.0,-1.0069918935136868,-33.35376586673917,1.321599370221449,0.0
50.11164613293559,-8.54457610436896,9.101308418295945,0.0,17.256140573852743,-9.44155274807919,1.4334325681241573,0.0,4.35248094509781,-7.375519082211731,5.560523546992149,0.0,32.38849992242266,-33.68907230774795,1.9009905579843611,0.0,25.787979763697354,-38.265415828794914,2.1493753907162123,0.0,-0.9976649979722061,-33.3657916711744,1.305107645305263,0.0
50.59424031696762,-8.729633921555333,8.625882842104968,0.0,17.224357216684222,-9.431048346241191,1.4723425921282924,0.0,5.173084140268379,-7.404698090895913,5.568555150624254,0.0,32.419730217638985,-33.68250977025122,1.8882825368942946,0.0,26.405043907378676,-37.98945154183835,2.050321362614051,0.0,-0.9865284125810563,-33.3719532171349,1.2877907675398461,0.0
51.06188829291062,-8.983805839296828,8.053856851691155,0.0,17.20832863335776,-9.464153126826032,1.5038278324853955,0.0,5.998022017475937,-7.444168703928776,5.555947054299397,0.0,32.4507264805316,-33.67662857980314,1.8772957445522653,0.0,26.99195571529085,-37.67527258908994,1.924421724115076,0.0,-0.9732234879560542,-33.37075628264275,1.2681594541974501,0.0
51.504277232894836,-9.321973066649626,7.384010493788312,0.0,17.216276104115643,-9.537932039023318,1.5201616389238932,0.0,6.8205917427271,-7.503709303242656,5.523025120258104,0.0,32.48436958756961,-33.669674922256554,1.864792917972638,0.0,27.545150612441986,-37.32774000733892,1.774657104590828,0.0,-0.9581525727403033,-33.363052121754166,1.245390014681334,0.0
51.90754038582839,-9.75456862843119,6.61883956322252,0.0,17.256575050378764,-9.636386758226518,1.5156954041350552,0.0,7.633398242558422,-7.593649818641094,5.471891135189601,0.0,32.52243207374461,-33.660441016979064,1.848379240104272,0.0,28.055787267508247,-36.95749085098011,1.6086530392443805,0.0,-0.9422813398280416,-33.35155478340736,1.2196067629468388,0.0
52.255480751581665,-10.280019496614765,5.7726057602704905,0.0,17.33420552693697,-9.735655885531283,1.4879768916286142,0.0,8.4301627179045,-7.722538846135487,5.404588170595305,0.0,32.56489290105103,-33.64878421230383,1.827463656246188,0.0,28.510604979591548,-36.58192636877236,1.4383362702155207,0.0,-0.9269284700154046,-33.339826204485384,1.1918196881948404,0.0
52.534377240278495,-10.878185307822902,4.876923206363366,0.0,17.44660496895668,-9.812030013630665,1.4388666570160389,0.0,9.206844090730806,-7.895060736603889,5.321250398830717,0.0,32.60997839033179,-33.6357651477315,1.803524754401888,0.0,28.895164298684413,-36.22417510529166,1.2783186938910518,0.0,-0.9134120102727055,-33.33099813346377,1.1636237186464875,0.0
52.739803423534994,-11.509447645416707,3.9799879791544397,0.0,17.581407736841747,-9.849190426319115,1.3752990739185176,0.0,9.961634859169758,-8.110676295078251,5.218848271495936,0.0,32.65500230553948,-33.62338103274508,1.7796919516922571,0.0,29.19846784291237,-35.90926660937404,1.1431474088070992,0.0,-0.9025917672297226,-33.32671919902088,1.1367576385526466,0.0
52.88077369142737,-12.122329487350907,3.138544825812092,0.0,17.71761189147996,-9.842310300770183,1.3087700836828624,0.0,10.693802623612576,-8.36324210462557,5.091154274427014,0.0,32.69754458367538,-33.614025803067214,1.7598123290712202,0.0,29.417152473801696,-35.65819095123837,1.044014142885711,0.0,-0.8945946813154677,-33.32691364862972,1.1126674390586864,0.0
52.97682746866059,-12.666968482613814,2.4056439267947045,0.0,17.83044816004429,-9.798362325363199,1.2529566530673222,0.0,11.401663976919641,-8.641666926602838,4.930353141928929,0.0,32.73626358882966,-33.609843655512954,1.7473156743304088,0.0,29.55745523506342,-35.48202021889623,0.9859248743235156,0.0,-0.8889769891846271,-33.33054313190869,1.0922669082872112,0.0
53.04922590408223,-13.107008850090978,1.8194480054429123,0.0,17.89897316939806,-9.732994011452057,1.219879296798906,0.0,12.080351434616379,-8.931435382303665,4.73005835563797,0.0,32.77097076888594,-33.61213727498366,1.7442426620770561,0.0,29.634088676386355,-35.378789503152014,0.9664250301519957,0.0,-0.8852357342490338,-33.33682488831468,1.0759835049401243,0.0
53.112831866960555,-13.424925528265394,1.3970122339398428,0.0,17.913750685311758,-9.665005940333021,1.2159451694868775,0.0,12.720454358446444,-9.216627230160055,4.48863233924865,0.0,32.802162723954375,-33.62101442701358,1.7507222795835276,0.0,29.666568197510923,-35.334722805980945,0.9764768046429069,0.0,-0.8832429649404743,-33.345886028784584,1.0639331754631112,0.0
53.1732644214634,-13.621969030116642,1.133376165300061,0.0,17.880739288249902,-9.610260007983594,1.2395401741655743,0.0,13.308603614836152,-9.482055348361168,4.211309442948567,0.0,32.83044879205665,-33.635425623832376,1.7650103302859392,0.0,29.674597898953508,-35.32921452382566,1.0031405276152494,0.0,-0.8831679864134356,-33.358141421135855,1.0559257247825045,0.0
53.22874519833245,-13.715330400090561,1.004632465237755,0.0,17.81865010602901,-9.577348668352595,1.281479224171079,0.0,13.830233374486053,-9.715256369770145,3.9100919808704955,0.0,32.85616368219693,-33.65359422824119,1.7840096516205417,0.0,29.674244573354116,-35.341222732472026,1.0329492632454471,0.0,-0.8848529015470987,-33.372718333674065,1.0511768787286861,0.0
53.27461516111043,-13.733204765643471,0.974194937539929,0.0,17.750842465203,-9.566754260658204,1.3285115633948426,0.0,14.273495267690448,-9.908043295434105,3.6013981639218002,0.0,32.879222184754056,-33.673646631233844,1.8040530925037288,0.0,29.67591309529109,-35.35443148141064,1.0547949232166332,0.0,-0.8871365170860308,-33.38624520219912,1.0479801547897658,0.0
53.308540678018645,-13.70795409393915,1.001202227311011,0.0,17.69629334566539,-9.573405156311882,1.3684012789339537,0.0,14.632613244517273,-10.057256708174485,3.302315797207399,0.0,32.899180697199206,-33.694152880717205,1.8217177923032484,0.0,29.684190394648002,-35.35956507856592,1.0616706061588435,0.0,-0.8877923842787991,-33.39331101218708,1.0437947124305182,0.0
53.33384887453733,-13.668838524852813,1.0487946801196433,0.0,17.664145332053632,-9.590692322579224,1.3940295358275812,0.0,14.909366837498997,-10.16455506482,3.0267458221988868,0.0,32.915477994426276,-33.71434513431839,1.8345468242294611,0.0,29.698995328742008,-35.353766942386756,1.0512453912561615,0.0,-0.8843370190632616,-33.38874698868253,1.0359896475069448,0.0
53.35920658351802,-13.636680315213042,1.0899249706275942,0.0,17.653365229409765,-9.613591926227475,1.4046700023878138,0.0,15.112389342253742,-10.235488719672484,2.782738885558766,0.0,32.927775994187456,-33.7339287452046,1.841622997255044,0.0,29.717327626175496,-35.33817632984531,1.0255609455189596,0.0,-0.8753250803888228,-33.37054355299673,1.0229936002763154,0.0
53.39497350318886,-13.621924901810388,1.1096967098159585,0.0,17.65619331762433,-9.639620018322367,1.4044843235305962,0.0,15.254816184231753,-10.278259513208138,2.5719173733263005,0.0,32.93621619256416,-33.75255913099276,1.8438857479967314,0.0,29.735080644495454,-35.31526318117137,0.9900768657918402,0.0,-0.8614023142335521,-33.34174058185028,1.0052307559868154,0.0
53.44819440229919,-13.625793535638678,1.1046221917617078,0.0,17.662984840858332,-9.667843560118945,1.3996785587921536,0.0,15.351259550737977,-10.302353888026005,2.39104957975578,0.0,32.9414245623824,-33.76922435950166,1.8440333721622615,0.0,29.74857398126353,-35.28705874909869,0.9521517504952133,0.0,-0.845501547048527,-33.310199995645576,0.9852799190022274,0.0
53.518678841938986,-13.643141832314102,1.0797350583034753,0.0,17.666289063469407,-9.697169780597873,1.3958700362657712,0.0,15.415137080820625,-10.31703474704537,2.2349173778838356,0.0,32.944280187360796,-33.78194219477454,1.8459286886385105,0.0,29.755539200557692,-35.25454577280364,0.9191090871510372,0.0,-0.8319908584907632,-33.286264573752554,0.967119691435963,0.0
53.598157983822546,-13.665777194593705,1.0445284310873202,0.0,17.662839003385628,-9.72528726771217,1.396538766723049,0.0,15.457028347655672,-10.329812893618744,2.0990699149608343,0.0,32.94563062539438,-33.788236698671795,1.8535917718031456,0.0,29.7553898946427,-35.21779702974262,0.8962783193368971,0.0,-0.825094688681844,-33.27928522136562,0.9547844211035272,0.0
53.673228841358814,-13.685654844880743,1.0088838924001724,0.0,17.653239449601212,-9.748963722698425,1.4027264043758922,0.0,15.484169220557252,-10.34532535610329,1.981210147461363,0.0,32.946135500434515,-33.786656298508134,1.8700263758569466,0.0,29.748867120739046,-35.17637465915335,0.8856111031297775,0.0,-0.8272677514734665,-33.29440644910868,0.9509570103818046,0.0
53.730845930593674,-13.697524183862669,0.9801991079177359,0.0,17.640181446951324,-9.76536305391397,1.4136820831580224,0.0,15.500845801422804,-10.365087607724629,1.8808141158189162,0.0,32.946292995088314,-33.779115316483036,1.896209094593777,0.0,29.737424177248883,-35.129818276247654,0.8854271179323465,0.0,-0.8382285585092379,-33.330764958147384,0.9559688642158619,0.0
53.76355690902118,-13.700307864745952,0.9621700577242933,0.0,17.6264583362048,-9.773379539833243,1.4279152414545901,0.0,15.509429588774186,-10.388199189045942,1.7976666777990467,0.0,32.94659900310806,-33.77326061196849,1.930548453383114,0.0,29.722726338874565,-35.07825446141455,0.8914254522302798,0.0,-0.855073006594333,-33.38168359815975,0.9675528086370804,0.0
53.771894642738744,-13.696662412466429,0.9547723252953872,0.0,17.613755575083474,-9.774127703596639,1.4441153015678978,0.0,15.511775165042655,-10.412580227753779,1.730540726200033,0.0,32.94778996934633,-33.78369243388725,1.9690796911174857,0.0,29.706403757882228,-35.02304245311076,0.8984907881951791,0.0,-0.8734377451376485,-33.43681126113425,0.9815457142569848,0.0
53.76306889054868,-13.691033233522662,0.9549535115786192,0.0,17.602522351438907,-9.770392839822566,1.4616329874381204,0.0,15.510494886350392,-10.436127930276676,1.6768648554564187,0.0,32.95119155504726,-33.83100321583154,2.006659567960444,0.0,29.689982535205406,-34.967125836302074,0.9024831332383201,0.0,-0.8892201568901976,-33.485503475392065,0.9934159227951849,0.0
53.74703342175788,-13.687430240521351,0.957982757677323,0.0,17.592691730463386,-9.765446337483803,1.4805188060539685,0.0,15.509500675565913,-10.45740012986734,1.6333681969444722,0.0,32.959223024452726,-33.93831362689793,2.0392742317536747,0.0,29.674872716749068,-34.914701654159565,0.9013887154142228,0.0,-0.9000895546251328,-33.52018834829642,1.0000096313363382,0.0
53.732358057119605,-13.688185708269401,0.9592043004953155,0.0,17.58477301539368,-9.761825840450925,1.5012928408478246,0.0,15.513482104477836,-10.475792476287316,1.5971173603406825,0.0,32.97599351800713,-34.125965779477895,2.0669745053048842,0.0,29.662336264794277,-34.87011717370877,0.8956687019397975,0.0,-0.9061414283307725,-33.5384150322393,1.0006584564747083,0.0
53.72429673116667,-13.693997712979549,0.9553613216036432,0.0,17.580811446317107,-9.760509235264681,1.524650209655361,0.0,15.526577738886667,-10.491395264096953,1.5663258555658963,0.0,33.00771278623981,-34.40579547466495,2.096034093963148,0.0,29.653407838870784,-34.83641487270448,0.8879150456127949,0.0,-0.9094935956613242,-33.542918705413946,0.9971183979426659,0.0
53.72553892108948,-13.704614964084469,0.9449502212037917,0.0,17.584795767891162,-9.760597474615741,1.5512583363486634,0.0,15.550936679220904,-10.504731926049233,1.5405586196485785,0.0,33.06253011281441,-34.7767904119056,2.138505241926868,0.0,29.648771889130344,-34.81426101767859,0.8819081022013293,0.0,-0.9130832969556542,-33.53995717976929,0.992497213056101,0.0
53.73783993054398,-13.719309710315429,0.928066094294774,0.0,17.602283182593762,-9.759395879394628,1.5817117528424562,0.0,15.585843883157011,-10.516493995796985,1.520251312642154,0.0,33.149596230792625,-35.22402961721733,2.208340719854265,0.0,29.648604774477597,-34.801828950145705,0.881171294438218,0.0,-0.9191597899400143,-33.53679908548028,0.9897946626891674,0.0
53.762409468385414,-13.736636788696885,0.9063809430856882,0.0,17.63930271846451,-9.752753648793803,1.616600475252973,0.0,15.627734559879656,-10.527309805493799,1.5057888362312362,0.0,33.27758211167571,-35.72219654814596,2.315516176580026,0.0,29.652404864979484,-34.79567719398682,0.8873808311016855,0.0,-0.9280002120135586,-33.53937441378925,0.9906693428080864,0.0
53.79875454385045,-13.75362334211674,0.8831019010855936,0.0,17.70089108320954,-9.735612939055436,1.6565912383724504,0.0,15.671054096358482,-10.537557927912491,1.49661784276471,0.0,33.4533074758685,-36.243049836122275,2.4614121853643898,0.0,29.658902148771297,-34.792126078121875,0.8993366491120653,0.0,-0.9373187456462855,-33.550906796017664,0.9947951543253843,0.0
53.8433176766679,-13.765237980539348,0.8623914458436825,0.0,17.789753078714032,-9.702775116031125,1.7024689112459077,0.0,15.709656130771828,-10.547241857118236,1.4908283401897133,0.0,33.68116747415568,-36.76375371089985,2.6381777349125066,0.0,29.6662023728746,-34.78843896891411,0.9131836390567063,0.0,-0.9426769636405234,-33.571999465661044,1.0000034416804304,0.0
53.889200561548265,-13.765203485073691,0.8482698378230307,0.0,17.905460753205727,-9.649832502378793,1.7551713202437984,0.0,15.738304763005706,-10.555957700736478,1.4853740975935743,0.0,33.96358778419789,-37.272088395147065,2.8320813775052915,0.0,29.672249495647492,-34.783365160691865,0.9239796193326999,0.0,-0.9388609318986028,-33.6021634616982,1.0033484760487656,0.0
53.92732499348717,-13.748496883319175,0.8434672818998248,0.0,18.04439486194316,-9.574085048015974,1.8158591160800635,0.0,15.75388393850952,-10.562997859818047,1.476814831841093,0.0,34.302124060143164,-37.76635328987186,3.0283922588595953,0.0,29.675488484953465,-34.77704365481057,0.9278906297108289,0.0,-0.921763558208843,-33.64221622994903,1.0030455566033876,0.0
53.94873969467851,-13.714464011783077,0.8484494289633382,0.0,18.200422820615806,-9.47515924638242,1.8859848701402067,0.0,15.75602028788359,-10.56760800305901,1.4622923811234134,0.0,34.69851349425976,-38.250760343832795,3.21504799417289,0.0,29.675445776135167,-34.770524966232806,0.9238841578372465,0.0,-0.8900692864589033,-33.69655854796122,1.0007866101961511,0.0
53.94742240612156,-13.668405297443313,0.8606419560454643,0.0,18.366190346065103,-9.35503394993709,1.967260636284073,0.0,15.746896411389569,-10.569334360727897,1.4404115392675436,0.0,35.155105221639715,-38.72912200018124,3.383842664335244,0.0,29.672937688769586,-34.76516988561486,0.9140785461305576,0.0,-0.8461235470532653,-33.774266118949065,1.003490622039367,0.0
53.92236067070439,-13.620059332202699,0.8745224624011527,0.0,18.534893034678934,-9.217274465092707,2.061442860672331,0.0,15.730208381593297,-10.568318297570361,1.4117423384364436,0.0,35.67444179759005,-39.19987106994126,3.529548997795544,0.0,29.66975802050782,-34.76211540897107,0.902647235960389,0.0,-0.7956266215525929,-33.88823798170866,1.023501920846627,0.0
53.87740788939976,-13.57969375647904,0.8837832717027947,0.0,18.702408571459422,-9.06548494865659,2.169951026472635,0.0,15.70964411027937,-10.565401091456144,1.3787577921742962,0.0,36.25813247193955,-39.65435015531667,3.6483229391413463,0.0,29.667939163779863,-34.76195062057384,0.8939147914407801,0.0,-0.7460387906687895,-34.05224190725984,1.0767211852542324,0.0
53.818785133872254,-13.554314004805708,0.8852413195727884,0.0,18.86955758696024,-8.90128574474366,2.29347334757807,0.0,15.687661543584774,-10.561999893960172,1.3451719193104896,0.0,36.90544935628656,-40.07865872127644,3.736788548661707,0.0,29.668929848405973,-34.76466287575463,0.8906389961720702,0.0,-0.7038942132910861,-34.27645815413416,1.178853604019432,0.0
53.75249515935066,-13.545818693530471,0.8813523709124009,0.0,19.043931306686147,-8.722438314046757,2.4318360888498116,0.0,15.665264742041707,-10.559818251129817,1.3148648358101553,0.0,37.61220784028025,-40.45790473514307,3.7925540641067883,0.0,29.673095838925253,-34.76978935511836,0.8932689205910336,0.0,-0.6717248493918193,-34.562820833480544,1.3405208252166254,0.0
53.68382150368049,-13.551360011895317,0.8781601923862343,0.0,19.2403368259275,-8.521969298706713,2.5844226246227304,0.0,15.642851779390579,-10.560486586679971,1.290795149759612,0.0,38.37039857932836,-40.78099935290184,3.8159294367907464,0.0,29.67973189841298,-34.77663229966397,0.9003363826120232,0.0,-0.6457848705975344,-34.901807506925806,1.5623451079842194,0.0
53.61805578831566,-13.565692559345994,0.879753309222437,0.0,19.478872312760412,-8.289142429966466,2.7511908474811175,0.0,15.621497784755569,-10.565191377683062,1.2743268317808774,0.0,39.16875811802361,-41.04423361314519,3.8118230420163375,0.0,29.68745720138717,-34.78442314783224,0.9094928537904217,0.0,-0.6157349875634299,-35.27211596035436,1.8314711267599986,0.0
53.56029917789227,-13.584425930698172,0.8841443107796145,0.0,19.78029258940521,-8.0126998845396,2.933830040732543,0.0,15.603757626824887,-10.574303422918062,1.2651744575185973,0.0,39.99414421324158,-41.25251100519705,3.7906250254150375,0.0,29.694723887622313,-34.79240283474627,0.9184870133084253,0.0,-0.5666051678047399,-35.643804710314114,2.1212629681303383,0.0
53.514213592693864,-13.605692206024717,0.8841982150424101,0.0,20.159567290703876,-7.685823721143451,3.1361011937344685,0.0,15.593384095307925,-10.587037361812483,1.26185615193992,0.0,40.83335357773804,-41.41795635282654,3.7673887645397723,0.0,29.700250347456173,-34.799852071460826,0.9257000258981254,0.0,-0.48209574012191325,-35.984149199585055,2.3954633416342936,0.0
53.48123402262863,-13.628636220936128,0.8726223866406482,0.0,20.61980293915049,-7.311015243048471,3.3624509516850054,0.0,15.594028668212822,-10.601290926852212,1.2623503158834062,0.0,41.67491671111268,-41.55647450697542,3.7594427997553,0.0,29.703334727287448,-34.80613368592535,0.9303261842096546,0.0,-0.34757726420548707,-36.26432438412513,2.6164690115207616,0.0
53.46110794781094,-13.650004178491072,0.847112144714341,0.0,21.149266340523273,-6.902336401417466,3.614909082135303,0.0,15.607614312661255,-10.613902588793456,1.264662940606522,0.0,42.510428391518595,-41.683516012272165,3.7832268861313967,0.0,29.70405678382357,-34.81081179722632,0.9324118625810183,0.0,-0.15172002011712848,-36.46482103411914,2.7552752114948564,0.0
53.453204659452126,-13.661858585765458,0.8123370852589247,0.0,21.723580106988326,-6.4830976472180035,3.8896832248055313,0.0,15.633256270096902,-10.621458451557416,1.2671671687561865,0.0,43.33513795582258,-41.81053309280561,3.8513880870314914,0.0,29.70332068473998,-34.81390221096341,0.9327529102123506,0.0,0.11294350168826917,-36.57828727120001,2.7995433901687203,0.0
53.45715215285172,-13.653076673254134,0.7780104098425209,0.0,22.313179341926467,-6.0793007003577575,4.175653902915682,0.0,15.667243653877128,-10.621467112301023,1.268745419341311,0.0,44.14774991671723,-41.94317469980596,3.970993968671374,0.0,29.702640724702,-34.81625174918529,0.9325290411693032,0.0,0.44940322819659784,-36.60950420936641,2.756858302253633,0.0
53.4717404993403,-13.615215783974003,0.7544498146602905,0.0,22.89349301734808,-5.711732173186884,4.456170753394644,0.0,15.704007124976611,-10.613417032462534,1.268826469623379,0.0,44.94953693259405,-42.08141453494686,4.143205380493448,0.0,29.703657677767552,-34.81988700449932,0.9327254772621405,0.0,0.8549439895774666,-36.572842836703764,2.6520600362003925,0.0
53.49300349569964,-13.549958428110914,0.7472098079876606,0.0,23.453609316034665,-5.390458458951775,4.713506955159347,0.0,15.737627132756163,-10.599174569418095,1.2673580852498674,0.0,45.74295490745336,-42.22105533074794,4.364094390961435,0.0,29.707564895411643,-34.827990070168894,0.9336275381281709,0.0,1.320075656207658,-36.4879410791513,2.5197249099994927,0.0
53.51408063699454,-13.47269405127104,0.7518769674310146,0.0,23.999790522885363,-5.113810981071263,4.933763489965129,0.0,15.763388891829397,-10.58242649426654,1.2647088394840225,0.0,46.53007307346096,-42.35571403837122,4.625852457013677,0.0,29.714724417887066,-34.844176194368586,0.9347247980625593,0.0,1.8290673118896592,-36.3748108820125,2.394680824827841,0.0
53.5277362879053,-13.408522011429477,0.7521404068803754,0.0,24.552686543544453,-4.871394823643312,5.110190543962217,0.0,15.77899516672898,-10.567276038834926,1.2615113458270013,0.0,47.31126452811193,-42.478466867048525,4.917672376155981,0.0,29.724653722218722,-34.87108599654935,0.9351819103092023,0.0,2.3627668778470907,-36.24993312519748,2.30404688512575,0.0
53.52829793476793,-13.38353212914997,0.7266046456278783,0.0,25.139633082198376,-4.649160867054537,5.24423840756213,0.0,15.785166704718517,-10.556476526619281,1.2584631012615883,0.0,48.08461656160022,-42.58271188033454,5.226028078540326,0.0,29.736361759199117,-34.90879678062699,0.9346463675175833,0.0,2.9028530405484103,-36.12459346085058,2.263207247673183,0.0
53.51022052923753,-13.417475889543208,0.6649861523971747,0.0,25.78487154876238,-4.434435643857407,5.344727073340714,0.0,15.78547423100986,-10.549997715879472,1.2560730886399742,0.0,48.84632441774214,-42.66228741040872,5.534616324025254,0.0,29.748848101246836,-34.95388938985139,0.933764159683621,0.0,3.435754461592693,-36.0056738417178,2.275993144910201,0.0
53.46770298771109,-13.517341760138383,0.5823539965667113,0.0,26.500958841493752,-4.21931443711457,5.425669202900394,0.0,15.785403002683658,-10.54458501114224,1.2543941948633854,0.0,49.59193825606748,-42.71118841428856,5.824551923744602,0.0,29.761504067192362,-34.99989586712952,0.933843581793047,0.0,3.954818602091051,-35.89793019776247,2.3375505020740697,0.0
53.40141754734867,-13.668473634800755,0.5145155218354152,0.0,27.284238692133684,-4.001661046281108,5.502998918054694,0.0,15.790861897242026,-10.534662463413495,1.2529092735349288,0.0,50.317907533007606,-42.723229516080835,6.0753259143473155,0.0,29.774202521488803,-35.03915443343046,0.9358383378604085,0.0,4.460375585449271,-35.806161171543934,2.437856403471372,0.0
53.32609409395007,-13.832785028821704,0.492686988809524,0.0,28.11587870354147,-3.7840803947682202,5.590582809322475,0.0,15.806518113089245,-10.514420216988299,1.2507433965613526,0.0,51.02270574599662,-42.69186707224648,6.266597475322074,0.0,29.787060571280833,-35.06512172046416,0.939551305217444,0.0,4.958230983205972,-35.73591486646268,2.5645033339764503,0.0
53.265952123276065,-13.966182304054588,0.5208083026111208,0.0,28.9677631074857,-3.5721563794149533,5.696495713886178,0.0,15.834376010213091,-10.480399094738873,1.2471490552170117,0.0,51.70709134847469,-42.610307686379016,6.380435984841448,0.0,29.800098049368888,-35.073837808072916,0.9438342313503121,0.0,5.457401233165034,-35.692335552012366,2.7044499690939823,0.0
53.24014428542268,-14.042635199570045,0.5782679627462723,0.0,29.810529873409408,-3.373199869216652,5.820840133568602,0.0,15.872962950755506,-10.433566276916924,1.2419492478289342,0.0,52.37356254820699,-42.471979738759906,6.4034849124331235,0.0,29.81307875561255,-35.06407304093858,0.9476537187435685,0.0,5.967711745262222,-35.677923079669355,2.8452076590526048,0.0
53.253139727909335,-14.062310037476625,0.6392722024664117,0.0,30.620690427515754,-3.195728635065903,5.955854679495121,0.0,15.917398874488468,-10.379940547323772,1.2356300952684496,0.0,53.02537963252071,-42.27129890474275,6.328645195899947,0.0,29.825648047040424,-35.036894329616565,0.9511344198702503,0.0,6.497622608631129,-35.69071291156896,2.9760418937308213,0.0
53.29579460972031,-14.042827113627254,0.685989626934262,0.0,31.38513170606835,-3.048954597306926,6.088199626322629,0.0,15.960475589085513,-10.329311560046095,1.2290902596011826,0.0,53.66547410261508,-42.00447648215437,6.156008797519824,0.0,29.837646808323626,-34.99558772529857,0.9557694977483795,0.0,7.052599425102019,-35.72421165086472,3.08936323403986,0.0
53.351690716447465,-14.006595180600172,0.7098372243283073,0.0,32.10275993737444,-2.9415514600749093,6.202805073531062,0.0,15.994605895638196,-10.292365336638316,1.2233436572010365,0.0,54.29535984983003,-41.67015733507015,5.892844678792104,0.0,29.849373659818266,-34.94592443771069,0.9636979261928538,0.0,7.634353143651281,-35.769402264555154,3.1819938926948588,0.0
53.40334161359642,-13.972175823887625,0.7091017402132902,0.0,32.78343140757138,-2.879695438333796,6.287428198843597,0.0,16.014165836747264,-10.277272054704955,1.2193932879052056,0.0,54.91414651583959,-41.269958793052936,5.552591737749056,0.0,29.86160268866754,-34.89591760020549,0.9765581395994083,0.0,8.241028900858055,-35.817907281600434,3.2557445370893774,0.0
53.43663387061552,-13.95073903128607,0.6882409642078979,0.0,33.44420586044165,-2.8650461057874486,6.336709564982497,0.0,16.01747724188055,-10.287128152879168,1.2181649086577728,0.0,55.5179664266668,-40.80911938051618,5.15305588134286,0.0,29.87528758747743,-34.85445084636678,0.9945661849585967,0.0,8.868035832860361,-35.864764085532,3.3168095810625235,0.0
53.44393046213199,-13.94566577161233,0.657247439186337,0.0,34.10345701971836,-2.893517090729273,6.354212880008656,0.0,16.007626693662907,-10.319298746912484,1.2202589040148837,0.0,56.10024047877464,-40.29720300306762,4.714180612915589,0.0,29.891062583756057,-34.82905398932728,1.0162875735548553,0.0,9.50910422612774,-35.90957273975034,3.373885165573359,0.0
53.426001127783124,-13.953393089240008,0.6282762075684882,0.0,34.7745117997084,-2.9554931559272264,6.351240139235413,0.0,15.991627797660234,-10.36674921260444,1.2255243516615124,0.0,56.65294991018771,-39.74841191370744,4.255823261588629,0.0,29.908807479110568,-34.82371056786324,1.0392288929213542,0.0,10.157405945453359,-35.955711037803255,3.435512139089475,0.0
53.39176726323588,-13.965174215961971,0.6101659200834,0.0,35.4612091739775,-3.037822662365916,6.342379515598126,0.0,15.978080835128655,-10.42043075880811,1.2327706275654151,0.0,57.168581483383065,-39.18094798959658,3.796017175872187,0.0,29.927543180562125,-34.83761203459872,1.060928776707538,0.0,10.80677926087056,-36.00824170004543,3.507607708485592,0.0
53.35503848394356,-13.97000546261086,0.6044079831326066,0.0,36.15714808019389,-3.127342820132254,6.33933174712497,0.0,15.97416633124461,-10.471447991181385,1.23993912400951,0.0,57.64208057863262,-38.615192401553436,3.35018294474456,0.0,29.945731679358886,-34.86544930962257,1.0799164139691797,0.0,11.452991171634999,-36.071591609244855,3.592116574082098,0.0
53.329291253853846,-13.95811032074722,0.6056439728874246,0.0,36.848688891606194,-3.214818951630078,6.345589513565114,0.0,15.983138497687822,-10.512342000672819,1.2447606818784323,0.0,58.07224707168601,-38.071081887904356,2.9314621094600906,0.0,29.96182057950157,-34.89925609216636,1.0960222367671282,0.0,12.094723690035803,-36.1479483814097,3.6871636741814946,0.0
53.322941437876004,-13.923942166885519,0.6064286144019135,0.0,37.52022810542511,-3.2976384782685537,6.3542174684524895,0.0,16.003318508068105,-10.53772874545815,1.2456087478417626,0.0,58.46239107567223,-37.56549925725247,2.55176096342014,0.0,29.974775142694273,-34.931080236796646,1.1100194105351893,0.0,12.733880182598947,-36.23676547951288,3.7883930168194535,0.0
53.33702868656074,-13.86830058675613,0.6027021390879153,0.0,38.15977868196304,-3.380113485511706,6.349555859704814,0.0,16.029037944674748,-10.54483921956402,1.2421410758062716,0.0,58.82030756469442,-37.1104409982116,2.2225606633009267,0.0,29.9844033984856,-34.955302779199386,1.1230064015446484,0.0,13.37496378311501,-36.335128007626224,3.8907597138964434,0.0
53.365839011158,-13.799326217190702,0.5958966981631555,0.0,38.763178764332686,-3.4714695951490295,6.312149744108266,0.0,16.05321101372129,-10.534052279324916,1.2354131131787316,0.0,59.157522867912576,-36.712320855269844,1.9545362974018712,0.0,29.991401162762507,-34.96968551853306,1.135946161905112,0.0,14.023595864990165,-36.43838170209024,3.9900526489567234,0.0
53.40010028475798,-13.731203143783182,0.5904263660835376,0.0,39.335671516651004,-3.5824951450413263,6.225211055999054,0.0,16.070433728561618,-10.508952596547406,1.2273668301158924,0.0,59.487597535820875,-36.37234980069603,1.7556819127024301,0.0,29.997143639977114,-34.97501576102542,1.149455941346865,0.0,14.684590203385085,-36.540562675098414,4.083713928107279,0.0
53.431566297549885,-13.679461795509015,0.5893502724262856,0.0,39.890194667726995,-3.721961613365477,6.080477590378185,0.0,16.079110626727775,-10.475438388823367,1.2198929104779364,0.0,59.823490501497474,-36.0876173178532,1.628612940608262,0.0,30.00330820301418,-34.9738801753222,1.1636765251916295,0.0,15.360242568569353,-36.63459985573331,4.170883818855447,0.0
53.45665898567519,-13.65448213989808,0.5921976043123838,0.0,40.44288174873751,-3.8937118336122047,5.881466644440962,0.0,16.081517448108162,-10.439966079583055,1.2139367907425243,0.0,60.1745670036934,-35.85234435650113,1.5683545256386502,0.0,30.011435335625276,-34.969257355138005,1.1780824596686674,0.0,16.049494512967208,-36.71257445705592,4.251912976332324,0.0
53.476883666918795,-13.657247896055338,0.5959444801116565,0.0,41.007680043531714,-4.095170914993258,5.642954149901741,0.0,16.081885054613565,-10.407659606488803,1.2091682014754905,0.0,60.54417624900029,-35.658938867678366,1.5618010454511815,0.0,30.022549539618858,-34.963409177554674,1.1913452103659576,0.0,16.74830345425986,-36.76630437343065,4.3277603843963846,0.0
53.49590932213492,-13.67989048032773,0.5972703335886411,0.0,41.592521760635385,-4.317892526938756,5.3868505367267465,0.0,16.08376899740839,-10.38118215678632,1.2044190360509806,0.0,60.928503410767966,-35.498846977867274,1.5893524085209485,0.0,30.036973143297473,-34.95728217121773,1.2015324429824705,0.0,17.450994321558024,-36.78834279896482,4.399664348092152,0.0
53.51560815271538,-13.709848391787915,0.5946103648621754,0.0,42.198477648187065,-4.550289408963235,5.13592757413362,0.0,16.08824599775385,-10.360786564341314,1.198597605049022,0.0,61.31694358999848,-35.36338355279715,1.628496997324028,0.0,30.05440932462929,-34.950456803602016,1.2067771069584854,0.0,18.151883852089835,-36.773322507378865,4.469208945887429,0.0
53.53380108794599,-13.734770136102169,0.5895503254853747,0.0,42.821487412803606,-4.7818385375525105,4.907495683811293,0.0,16.093764015639024,-10.345217184031494,1.1915068970143423,0.0,61.69390176391179,-35.24465823005436,1.6585639213835357,0.0,30.074219369754076,-34.941589082235296,1.2061646494318552,0.0,18.846404740767763,-36.719379049566136,4.538513660653891,0.0
53.54510215515304,-13.74628418003758,0.5869230087893023,0.0,43.45500368120906,-5.007213255452065,4.7088972944354355,0.0,16.097492804557653,-10.332752704652648,1.1841107387991787,0.0,62.04168587504462,-35.13658321990948,1.6654608270950781,0.0,30.095685101376546,-34.929220472491075,1.2003352919853452,0.0,19.531382360883708,-36.629100511053196,4.610076325006236,0.0
53.54443196500752,-13.742060102807566,0.592978896640945,0.0,44.09192959083492,-5.228605015511464,4.535862028786734,0.0,16.097379407265933,-10.321883824574249,1.1781279174226604,0.0,62.34394945382516,-35.03580340272348,1.6449524336423593,0.0,30.11806172396416,-34.91277270183818,1.1914327626456132,0.0,20.204666281873543,-36.50933857678219,4.686079241308619,0.0
53.531177841726326,-13.725767990524977,0.6118617376488,0.0,44.72520780745791,-5.455196040016811,4.373951185998552,0.0,16.093844608392704,-10.311591746108197,1.175156674722217,0.0,62.58897636772447,-34.9421816116701,1.603170644453824,0.0,30.140379996312994,-34.89347597404341,1.1824023798630208,0.0,20.86455449972642,-36.369599710161545,4.767490387808298,0.0
53.511159816531716,-13.7046961108363,0.6418262608309337,0.0,45.34745835988712,-5.699944991172048,4.202756533731475,0.0,16.090126672989328,-10.301467216072101,1.175768966424167,0.0,62.772030388225865,-34.85839671727133,1.5538405585029498,0.0,30.1611513232174,-34.87487307203516,1.1759548807961533,0.0,21.509350733329793,-36.21948362204816,4.853483864087513,0.0
53.494673221686504,-13.686018424362503,0.6737192523541609,0.0,45.95047681387566,-5.9748523506626325,4.0020027959024915,0.0,16.090878718759853,-10.291806983733048,1.1791120896595455,0.0,62.89608951056682,-34.788532922010944,1.513024570708117,0.0,30.17827482413497,-34.86247296335712,1.1736644404661547,0.0,22.137251056880057,-36.06615115006952,4.941381020389347,0.0
53.491840855756195,-13.673819264899608,0.6938209162354187,0.0,46.52512705780908,-6.286179139128175,3.758121537092724,0.0,16.09967167494332,-10.283562490045728,1.1833434047317812,0.0,62.97067667543689,-34.73613161822154,1.4933903799311334,0.0,30.189423389582476,-34.8623076951364,1.1756278057235452,0.0,22.746673381461882,-35.91268864075763,5.026860957192813,0.0
53.50852008480245,-13.668270986420646,0.690211311614604,0.0,47.06172779724354,-6.6308155236654684,3.4694572137805055,0.0,16.11684289503183,-10.277941935282254,1.1866897312568714,0.0,63.00915748780014,-34.70256011852303,1.5002872505236198,0.0,30.19291646219436,-34.8786623210725,1.1808222618738178,0.0,23.336992847490635,-35.757719895421786,5.104035720548643,0.0
53.54480767543009,-13.666586595593817,0.6587075774090252,0.0,47.55090486259995,-6.994696429113359,3.148323752499067,0.0,16.138966356889284,-10.275694349811474,1.188471716709044,0.0,63.025465334046686,-34.686373674708726,1.5309689141857472,0.0,30.188714054953127,-34.911816806467016,1.187893852473378,0.0,23.90939081186744,-35.59615024222095,5.1652132974173135,0.0
53.595695631520144,-13.664654905632712,0.6046413209619033,0.0,47.98488673795466,-7.354075954407758,2.818813469837499,0.0,16.160214957467563,-10.276427260180506,1.1894906561783607,0.0,63.031353909193854,-34.683755486994116,1.5767518344626321,0.0,30.17897886738395,-34.95684913947504,1.1958868030421304,0.0,24.467325188294065,-35.42067655001431,5.200592103498268,0.0
53.65275586750134,-13.658800895818345,0.5400324630984432,0.0,48.35896541285582,-7.680141858670474,2.5105854740906457,0.0,16.174813010618877,-10.278420763364073,1.1916373591888885,0.0,63.03489692060206,-34.689610869767414,1.6267379680236864,0.0,30.167797372225326,-35.004272235291275,1.2045580483759437,0.0,25.016143641950435,-35.22361398839862,5.198487607338814,0.0
53.70653450513706,-13.647382481115004,0.47850580518469066,0.0,48.672485372205784,-7.946308766519761,2.2504690221898587,0.0,16.17930284244302,-10.279163356840629,1.1969942144690613,0.0,63.04033361144165,-34.698774039910006,1.6714530796634932,0.0,30.160032789991917,-35.04263466717338,1.2142653816230204,0.0,25.561597339236183,-34.99867061836473,5.146738755262691,0.0
53.74947215049499,-13.631506878848457,0.43058145812860715,0.0,48.92879923714577,-8.135826710426892,2.054795913680956,0.0,16.173606142787577,-10.276402324054434,1.2068409147761656,0.0,63.04886743929589,-34.706945882521204,1.7051941300727833,0.0,30.159702107179065,-35.062346284778016,1.2256615191778195,0.0,26.107400196078018,-34.742540409966146,5.035485945170667,0.0
53.778357119250835,-13.614200144485785,0.4008161092359366,0.0,49.134214912553944,-8.246391792999754,1.925222997463691,0.0,16.16057561068969,-10.26917712553584,1.2209547828670892,0.0,63.05985438559905,-34.71119395996155,1.726634522382847,0.0,30.16853710010241,-35.059195648656356,1.2393830081382902,0.0,26.65247206745574,-34.45639487829311,4.860618091345852,0.0
53.79498838210027,-13.598493584715182,0.3873032436890327,0.0,49.29648073504565,-8.289504452218983,1.8494769203453325,0.0,16.14448290936984,-10.258285770394583,1.237505619477691,0.0,63.07192148100578,-34.71002382451153,1.7379305677109222,0.0,30.185375873865638,-35.03589272794347,1.2557391439380723,0.0,27.18899392042045,-34.14720450781174,4.626392705389783,0.0
53.80467957214465,-13.585919655716687,0.3835374973907477,0.0,49.423356746470546,-8.285054355994093,1.8065746004655194,0.0,16.129288348571617,-10.245919276116467,1.25362699836945,0.0,63.08377164753289,-34.70313971997898,1.7429740707350447,0.0,30.206707571450828,-35.000840343901544,1.2743997000315783,0.0,27.70253553951031,-33.82824633325503,4.345790442143951,0.0
53.81364123102092,-13.576502664167696,0.38204878766329387,0.0,49.52153041747741,-8.254115958278238,1.7743128214835453,0.0,16.117435915406162,-10.234642165692424,1.2664309800104494,0.0,63.09460804657279,-34.69101435614339,1.7455319124653421,0.0,30.228164257188155,-34.9647532659669,1.2942693289485696,0.0,28.17484575829628,-33.51774155453491,4.038280862062718,0.0
53.82674614442191,-13.569893246626181,0.37832798764451603,0.0,49.59602281873079,-8.213459794086607,1.735919687209421,0.0,16.109492479481617,-10.226261019365754,1.2739995974721499,0.0,63.104203054002866,-34.67434388606407,1.7479108884635988,0.0,30.246266113494073,-34.93677361713537,1.3137563681342677,0.0,28.588489284601813,-33.235178161979725,3.726037850824749,0.0
53.84645694870465,-13.566343396461072,0.3730749005527443,0.0,49.650297904903724,-8.173709302334824,1.6833887954534923,0.0,16.1045159876588,-10.221174624863826,1.275893846485376,0.0,63.11269481738346,-34.65351004903146,1.750519567189123,0.0,30.259588314901666,-34.92177441603712,1.331337578716349,0.0,28.931360585078423,-32.996420878201995,3.430054562025692,0.0
53.87279141000414,-13.566506791788793,0.3715520185783845,0.0,49.6871448389174,-8.140738687224172,1.6169416639640133,0.0,16.1007991427448,-10.218491527375036,1.2729929995546705,0.0,63.120254195982255,-34.62828298924871,1.7522936878816928,0.0,30.268863242082816,-34.919726244638824,1.3460599327430192,0.0,29.199300064867828,-32.80975887685097,3.1669291729686293,0.0
53.90390770716723,-13.570129441858057,0.38055085434600855,0.0,49.70991588476934,-8.118264015982495,1.5420002130288388,0.0,16.096642320464525,-10.216757647762824,1.2668513053036587,0.0,63.12679566208474,-34.59797169079532,1.7515919251755854,0.0,30.276124012873932,-34.92695018419362,1.3577396750974557,0.0,29.39633951517575,-32.67449292257466,2.9464946788256228,0.0
53.9369828864927,-13.574716185266208,0.4047958819537829,0.0,49.723246487015665,-8.10934380416129,1.4657809161332498,0.0,16.090976203213117,-10.214860445816898,1.2589691438522106,0.0,63.13187475770249,-34.56198231687793,1.7470740818005055,0.0,30.283430877377942,-34.93835834801995,1.3669153627207553,0.0,29.53315916363179,-32.58223567859799,2.770650712435236,0.0
53.96912424101533,-13.57552696924824,0.4447021626176788,0.0,49.73251599116042,-8.115698625949152,1.3949753902345652,0.0,16.08377906579348,-10.212677109742023,1.2503186386158642,0.0,63.13481836390433,-34.52047994301535,1.7382366846008743,0.0,30.29180981893269,-34.94958241885432,1.3747133411453678,0.0,29.624482513211042,-32.520119976915325,2.6340040120336106,0.0
53.99812552174545,-13.567485259340586,0.4966545524870014,0.0,49.74220966844128,-8.135723508384414,1.334723798574455,0.0,16.076194986725856,-10.211210322874368,1.241283446513327,0.0,63.134997236513065,-34.47480945366993,1.7255025421969528,0.0,30.300840999545784,-34.95815858972551,1.3826523289550892,0.0,29.685941016767615,-32.47480280115954,2.5264802794925476,0.0
54.02303123560962,-13.548156758420335,0.5557939270453094,0.0,49.75436889775771,-8.163381575927158,1.2882392540759149,0.0,16.07021169216069,-10.212177574192301,1.232002917513766,0.0,63.132062150149586,-34.427496984156605,1.7099269213787718,0.0,30.309004471519508,-34.963528382746894,1.3922907388295318,0.0,29.731044876130944,-32.436034411384824,2.437133560594919,0.0
54.0445567395265,-13.519900918761282,0.6197940867021483,0.0,49.76835851971241,-8.189555912632226,1.2565515342665208,0.0,16.067917329271022,-10.217223997195932,1.222935501751282,0.0,63.12602399942163,-34.38181982666097,1.6927281177096276,0.0,30.314575154425103,-34.96626056542685,1.4046881502553852,0.0,29.769120483809086,-32.39862148087717,2.3576121154782363,0.0
54.06533080095217,-13.48949141095808,0.6911989200228508,0.0,49.782043495766565,-8.20536784879609,1.238460493721492,0.0,16.070639819047354,-10.22705925839776,1.21528508814756,0.0,63.11721975450579,-34.3410397935084,1.6749355009844304,0.0,30.316691961521613,-34.967278263102735,1.4198376147997678,0.0,29.80484838242979,-32.36221276298514,2.28377504757505,0.0
54.08980599187655,-13.464876042631076,0.7767334164440953,0.0,49.79335950034758,-8.205467771340606,1.2309938285943574,0.0,16.078395462630503,-10.24083056047823,1.2109149575918519,0.0,63.1062788343021,-34.30753786218697,1.6573360039672753,0.0,30.316254763551807,-34.967805445908475,1.4363444225730468,0.0,29.839291042804483,-32.32933923494594,2.2150217017082063,0.0
54.123680052767064,-13.450602022710394,0.8841303226567145,0.0,49.80126213217672,-8.189596597496573,1.2302768648213185,0.0,16.08992221325639,-10.255966533934586,1.2116213785731986,0.0,63.09409660154981,-34.28221583359058,1.6406420855469452,0.0,30.31646410237714,-34.97027240921181,1.4516047730194295,0.0,29.871605826620684,-32.30288559040785,2.1523281699451413,0.0
54.172822703764986,-13.444749145319363,1.0185354616641096,0.0,49.80586104080531,-8.16209004119543,1.232393920634113,0.0,16.103255392553955,-10.268630818364494,1.218053488768394,0.0,63.081715380642066,-34.264454914495985,1.6256578545520615,0.0,30.322930197146448,-34.97978057992183,1.462576318840222,0.0,29.900556155454442,-32.28420996908045,2.0965364309481664,0.0
54.24199752285537,-13.43960515008496,1.1804589240116101,0.0,49.808237104913744,-8.130138121979414,1.2339385581575275,0.0,16.11651739940318,-10.274806430731969,1.228898103546097,0.0,63.070094580477594,-34.2526380215184,1.613287166548572,0.0,30.34324364115967,-35.00524611659,1.4669734641458092,0.0,29.925420076423883,-32.27256785184817,2.04769080492685,0.0
54.33396677433386,-13.425647062653919,1.3660885854128253,0.0,49.81040945983784,-8.101867173200175,1.2322577259564405,0.0,16.128545353796163,-10.271810237140578,1.2409533698976976,0.0,63.05988926703844,-34.244958642311225,1.6043746340069678,0.0,30.385925310140273,-35.05926931547562,1.464502175141483,0.0,29.94636528397428,-32.265752719456856,2.0051882201684226,0.0
54.44949882187536,-13.395962263002621,1.569364074586085,0.0,49.81525161554904,-8.084754634573555,1.2255546818821959,0.0,16.13918023684063,-10.259703780683942,1.2502704045901574,0.0,63.05134089566144,-34.24011983954041,1.5994781363788402,0.0,30.458943030647532,-35.156226287554006,1.4576778686023362,0.0,29.964433585662494,-32.26133759018667,1.9682144618779667,0.0
54.58828470451245,-13.348273849544146,1.7842607819235852,0.0,49.825667632906814,-8.084181142438128,1.212989304417345,0.0,16.149241551936214,-10.241820960657751,1.2538125184105589,0.0,63.04428128074564,-34.23761224787671,1.5987080153178752,0.0,30.568308437263212,-35.30894331279487,1.451841587137105,0.0,29.981194645705713,-32.25776636153389,1.9361531733315314,0.0
54.750296867177966,-13.283612388053305,2.0059825038097028,0.0,49.84287623879422,-8.10192239941896,1.19479567510926,0.0,16.160281734865116,-10.223795450368284,1.250614884347634,0.0,63.038233177982356,-34.237509750492684,1.601718953647305,0.0,30.717332563825995,-35.525152445870894,1.4542162259485618,0.0,29.998206428952535,-32.25477609806896,1.9087737559193325,0.0
54.93703135311225,-13.202399522948724,2.2308960911797193,0.0,49.8648005901342,-8.135097717869868,1.1722883691554138,0.0,16.17429939061472,-10.21119049872419,1.241737919055808,0.0,63.03262541585913,-34.24000186665682,1.6078316720234866,0.0,30.906846486501713,-35.80518297240528,1.4722215542543058,0.0,30.01655451680099,-32.25307043842955,1.886046210654774,0.0
55.152216277470934,-13.099693033058546,2.4559971681895707,0.0,49.885891342279905,-8.176470285755682,1.147596045578176,0.0,16.19368127457956,-10.206746926667645,1.2291727697046806,0.0,63.02710030310758,-34.24499015547422,1.6161935174935653,0.0,31.136259756889803,-36.14181009367615,1.5116341360413843,0.0,30.03668047501179,-32.253562493894066,1.8676611618698384,0.0
55.401772228413996,-12.962077371095997,2.678927600188926,0.0,49.89873297165579,-8.216362234670921,1.1231625481332408,0.0,16.22147090804952,-10.208607593278394,1.2144724613916456,0.0,63.021802022489396,-34.25193263273608,1.625921528729041,0.0,31.40496967937718,-36.52219455405172,1.5752823100529607,0.0,30.05847889253492,-32.256663719539276,1.8526179405986287,0.0
55.69305245422249,-12.768741639666997,2.899116868436872,0.0,49.89660973357807,-8.24546394601591,1.1012797881652947,0.0,16.261690950909703,-10.210317816424112,1.197879280981562,0.0,63.01750324044131,-34.25989314242848,1.6362334840992059,0.0,31.71350868490868,-36.93099372023165,1.6626924315850582,0.0,30.08149213297719,-32.26197858701137,1.8392319822817527,0.0
56.0335542943272,-12.497643004439833,3.1196922396469873,0.0,49.87589453720988,-8.257410951148604,1.08385810527348,0.0,16.319312382631985,-10.202477962305178,1.1784265786669454,0.0,63.01547301933081,-34.26766824149157,1.6465681796125669,0.0,32.06398067550414,-37.35339309227763,1.7706223026366734,0.0,30.105083124742855,-32.2684791489111,1.8255841074994077,0.0
56.429237075720174,-12.13483545348835,3.3486815363663034,0.0,49.83748398167974,-8.250262244969434,1.0723665320823024,0.0,16.399656966217425,-10.175271298090266,1.15518946971679,0.0,63.01708847171088,-34.27394822601565,1.6566474818997676,0.0,32.459710532558674,-37.77702602440422,1.8940491950456204,0.0,30.128595582898743,-32.27496290344258,1.8101333867440754,0.0
56.882549182234975,-11.682976246678233,3.597416924443655,0.0,49.786869933361835,-8.226530525078271,1.0677178249871986,0.0,16.50724216302988,-10.120877146093747,1.129457819070204,0.0,63.02332664502037,-34.27755505992018,1.6664214052558162,0.0,32.904402583380644,-38.19235547525419,2.0271169127103663,0.0,30.151546581972607,-32.28050797075326,1.7921883441362922,0.0
57.390731824818765,-11.164787759644874,3.8752154080150625,0.0,49.73270822791576,-8.191911377665287,1.070004283723991,0.0,16.64427148255477,-10.035006773404767,1.107089466448146,0.0,63.034372810123415,-34.27775363346084,1.6758983549702542,0.0,33.40125769813818,-38.59183456708291,2.163766957267608,0.0,30.17381960624598,-32.284737705553944,1.7720747983166625,0.0
57.945627165361884,-10.61901217197347,4.18259981940999,0.0,49.6842223524195,-8.153244456783856,1.0782558501262454,0.0,16.809289243023606,-9.917280695578398,1.0999646004774437,0.0,63.049554598336236,-34.2745069329245,1.6849524668052602,0.0,33.95236809757572,-38.968703409580996,2.298113504223082,0.0,30.19574741065584,-32.287856545202594,1.7509605662528536,0.0
58.53587571314509,-10.090039333881018,4.507800992980865,0.0,49.648408058102085,-8.116470919351086,1.0904846054851767,0.0,16.996766149115434,-9.77048670575508,1.1255917311144081,0.0,63.06764277370526,-34.268498837986805,1.6932343016980802,0.0,34.55842598072547,-39.31633226510626,2.4248381908551035,0.0,30.21798977203171,-32.2905205488995,1.7303839004218222,0.0
59.15081137060952,-9.615904571508285,4.829714876390913,0.0,49.62823409211565,-8.085341516774715,1.1040937252564564,0.0,17.198188981090432,-9.598904112770555,1.2044844775067105,0.0,63.08734831011062,-34.26084230705306,1.7002583994357146,0.0,35.21857385310797,-39.62855739406842,2.5397996609345537,0.0,30.241217666585506,-32.29364464654769,1.711649447280303,0.0
59.78413929844461,-9.219670023892233,5.1259316273562945,0.0,49.62251507186125,-8.061274692329693,1.1164839567732177,0.0,17.404621241615985,-9.406261916676907,1.355706945805208,0.0,63.10775804298534,-34.25253875786131,1.7056584087849576,0.0,35.93021724873484,-39.900747332957614,2.640703287525281,0.0,30.265735798568453,-32.29821550999861,1.6953470030628903,0.0
60.435764946838795,-8.906449389896764,5.38137554555383,0.0,49.627230239069604,-8.04416278298767,1.1256175325833144,0.0,17.610026651783578,-9.194416617537112,1.5917355231115184,0.0,63.12855336908231,-34.24387533073252,1.7095215141190572,0.0,36.68876168188329,-40.13081680661628,2.727356981322381,0.0,30.291235908737132,-32.30510028280432,1.6811932126622864,0.0
61.111233907032044,-8.6655347584506,5.593526477877564,0.0,49.637458903959924,-8.033448860813781,1.1303714589608784,0.0,17.81420378402502,-8.96377013203426,1.9141952291414963,0.0,63.15000546421732,-34.23403986725085,1.7126153803269926,0.0,37.48739622613612,-40.31941383873804,2.801113211749785,0.0,30.316834836194268,-32.314815764834194,1.6682126111824758,0.0
61.819148956425735,-8.475880667495934,5.772573380001125,0.0,49.649082386906755,-8.028759915362656,1.1306087058193697,0.0,18.024202054709367,-8.715496369430003,2.311794901964424,0.0,63.17278815360955,-34.221250574120525,1.7162687083768944,0.0,38.317120277131274,-40.46906105053413,2.863606690997906,0.0,30.341415503792224,-32.327301894907635,1.6551108815291187,0.0
62.567502837184634,-8.313021931122892,5.937157817327282,0.0,49.659738133668995,-8.029779703788472,1.1269976198907052,0.0,18.253648033402477,-8.454407691429974,2.7610176977788843,0.0,63.19764437732256,-34.203514648381976,1.7218038805650266,0.0,39.16716589741712,-40.58278627179073,2.9154324800416394,0.0,30.364114255861583,-32.34184291252016,1.640659901663895,0.0
63.36022210892924,-8.15558811702112,6.1077066760308405,0.0,49.66891217409462,-8.03564571831282,1.1207094315427923,0.0,18.52023861093176,-8.19068942244758,3.229354684299471,0.0,63.224975037289,-34.179750066703896,1.729725685912923,0.0,40.02587604617254,-40.66317832814538,2.955503434124193,0.0,30.384693516671728,-32.357276753619054,1.624026443798936,0.0
64.19523038265255,-7.989912543756871,6.299713794218084,0.0,49.67741086179248,-8.044590944264531,1.1131481704198087,0.0,18.84234622426045,-7.939223795812165,3.680417908336336,0.0,63.25446426046253,-34.15067216695394,1.7391215076987248,0.0,40.882025102164526,-40.71245971548626,2.9814285403513505,0.0,30.403607717934243,-32.372491426163876,1.6051278299193772,0.0
65.06481377322454,-7.811971814147112,6.519019421064899,0.0,49.6866628631533,-8.054402274040536,1.10578365676853,0.0,19.235926219562238,-7.716489660097411,4.079937408726456,0.0,63.28491631084562,-34.118849201996156,1.7477637758288598,0.0,41.72644657699611,-40.73328874158968,2.9907077861048634,0.0,30.421789450059983,-32.386993241326124,1.5850224542392404,0.0
65.95808046648185,-7.62671742039648,6.760359573381438,0.0,49.6982068069657,-8.06348109895465,1.100034727585916,0.0,19.71254557982348,-7.536263072481921,4.401293085303138,0.0,63.31458230774866,-34.08775489120064,1.753121905515771,0.0,42.55356960305406,-40.72940374105949,2.982170655089961,0.0,30.440337190364808,-32.40120191327332,1.5659279573525478,0.0
66.86431820008649,-7.445332612477463,7.009378566838329,0.0,49.713361385089605,-8.071559053839259,1.097098241811846,0.0,20.278538442873447,-7.405912438797868,4.62920321081133,0.0,63.34210869089549,-34.06030530470662,1.7537612276676935,0.0,43.36219747851235,-40.705520176098695,2.9569609159396233,0.0,30.46019677071806,-32.41625657970898,1.5502926096093486,0.0
67.77570360758466,-7.281352361273644,7.247275972726333,0.0,49.7328128943536,-8.079346550404155,1.097707584758016,0.0,20.934709692424867,-7.324781121774921,4.760803252387257,0.0,63.367594701315085,-34.037756577721176,1.7500128693693302,0.0,44.155005886509926,-40.66663983454578,2.9185290722023467,0.0,30.48179409086277,-32.43346842134646,1.5392279779099916,0.0
68.6883185714777,-7.14723464630065,7.456465579929121,0.0,49.75600670442336,-8.087460014726076,1.1019472040817604,0.0,21.676191297760717,-7.285184745717503,4.804356378909498,0.0,63.39284213987389,-34.0195240598751,1.7434693537100134,0.0,44.93694211233807,-40.617207917445555,2.8716556565714715,0.0,30.50473443357571,-32.45379739547718,1.5317330917603336,0.0
69.60136671527994,-7.052769085818298,7.62510218578738,0.0,49.780669232579925,-8.095633337051916,1.1092784101220854,0.0,22.49257743427917,-7.275423254564929,4.7766498550718595,0.0,63.42051961784081,-34.003812319270494,1.7360757684114638,0.0,45.713344555359164,-40.56045194539786,2.821122346423298,0.0,30.5278987048031,-32.47761896197452,1.5255288779422074,0.0
70.51528667361919,-7.00514227024792,7.748743101461381,0.0,49.80302694047782,-8.102753976685735,1.1187951238131948,0.0,23.36851036476037,-7.283447389864059,4.7001498548512295,0.0,63.4528658152868,-33.988579797178346,1.7295270593452017,0.0,46.48855779050917,-40.49829141812473,2.770630504079124,0.0,30.550019479284053,-32.50472022398318,1.5185498096352195,0.0
71.42973077159849,-7.009366272024181,7.82895193497796,0.0,49.81896506139469,-8.1074582503352,1.1295371206759466,0.0,24.284640760517362,-7.299740894779966,4.600151456940928,0.0,63.49067265893484,-33.972368299751054,1.724931671349884,0.0,47.26534220500793,-40.43199066183568,2.72218197141666,0.0,30.570368058893656,-32.534254340288896,1.5097717906799737,0.0
72.34212427092835,-7.068137080674364,7.870191476051479,0.0,49.82571058562494,-8.108823884615406,1.1406515724771467,0.0,25.219060114072747,-7.318587759317669,4.501486190581858,0.0,63.53288925463937,-33.954693611806725,1.7226369462053839,0.0,48.04495910667834,-40.36303977567723,2.6760119663868753,0.0,30.589147515909445,-32.564533550368196,1.4991612657497857,0.0
73.24710171383526,-7.181011378380623,7.876933962192534,0.0,49.82323931589319,-8.106945246481072,1.1513498431009612,0.0,26.149610539372574,-7.337787365560075,4.42479005004124,0.0,63.57691703237077,-33.935949292112106,1.7223309773174424,0.0,48.827568007063114,-40.2934396664552,2.6311361033806424,0.0,30.607470307078245,-32.59293654704249,1.4872616773404772,0.0
74.13682275375045,-7.343300820804272,7.85249339767732,0.0,49.814738806207636,-8.103284325825346,1.1607627544114703,0.0,27.057120229358926,-7.357526338486663,4.383320576844625,0.0,63.6195582332531,-33.91702814321138,1.7234130992058425,0.0,49.612524101854014,-40.225020561193965,2.586298938237192,0.0,30.626963859185825,-32.616377187967835,1.474763322691432,0.0
75.00206597265085,-7.545351942877712,7.799984310767456,0.0,49.805850495023904,-8.100627111536259,1.1678715910494049,0.0,27.928769456377264,-7.379225535900032,4.381565172624921,0.0,63.658356235825,-33.898954328462956,1.7254023793882212,0.0,50.39833935017169,-40.15809290827463,2.540800213001848,0.0,30.649087686026864,-32.63242785632355,1.462095822239018,0.0
75.83396150667946,-7.772986773608055,7.724519486461284,0.0,49.802831661726,-8.102521612921052,1.1717110900132717,0.0,28.760344986107707,-7.404803002711674,4.41611636251959,0.0,63.692723758287,-33.882690781068646,1.728144188527077,0.0,51.182353622136525,-40.0900879407892,2.4946800855387288,0.0,30.67438437591224,-32.64057475305046,1.4491313236557897,0.0
76.62603795266642,-8.009636387330746,7.634933488224138,0.0,49.81021754769562,-8.11228035119827,1.1719030327757416,0.0,29.55645501839672,-7.436284869537736,4.478287886985715,0.0,63.72417835563091,-33.86907482097387,1.7317483417674229,0.0,51.96037746305606,-40.01481587667585,2.448105846056814,0.0,30.702056543252148,-32.64280828221025,1.4352500278365206,0.0
77.37591052834972,-8.239918558207147,7.543516608629664,0.0,49.8289269685228,-8.131802963920855,1.1692394048254489,0.0,30.32852407706889,-7.475451724521598,4.557397056076393,0.0,63.75548858483437,-33.85873792321094,1.7363509650188007,0.0,52.726632944615424,-39.92272865207407,2.400282293673074,0.0,30.73016246867711,-32.64312766230303,1.4198347587936624,0.0
78.08581406526245,-8.453379254250223,7.4634071368823545,0.0,49.85571728831173,-8.160530768932341,1.1658072353471773,0.0,31.09118538383364,-7.523309898120567,4.643608870523648,0.0,63.78926100782676,-33.85194629502553,1.741828378965403,0.0,53.4742363540293,-39.80226056548029,2.3485386652685705,0.0,30.756330675480076,-32.64619816345697,1.402809708756724,0.0
78.76165796324561,-8.646677846861794,7.404640825879848,0.0,49.88431770402922,-8.194910379812384,1.16440055537071,0.0,31.858288188325638,-7.579420212452547,4.729580252125306,0.0,63.82681373502306,-33.84843712901802,1.7475951186110557,0.0,54.19625129927536,-39.64195705627636,2.288251811609955,0.0,30.77860365893021,-32.65574482288592,1.3847465122243818,0.0
79.41106047158054,-8.823221152582676,7.370523157667482,0.0,49.90779263457184,-8.228792533267962,1.167525317131373,0.0,32.63983800919023,-7.641302355701445,4.810724053545666,0.0,63.86787288453177,-33.8473765547636,1.7526329156264353,0.0,54.88705914024821,-39.43279262438182,2.2138545846260307,0.0,30.79607675903665,-32.673222879407895,1.3664930188763957,0.0
80.0412798991253,-8.990667220713064,7.355682775364508,0.0,49.921193221270286,-8.254965952789014,1.176575404825245,0.0,33.44066971108508,-7.7042100950236705,4.884474737874161,0.0,63.91106549339349,-33.84750160502296,1.7557915157898343,0.0,55.54360426743754,-39.17001696780571,2.120523346686923,0.0,30.809161577008034,-32.697206519117664,1.34866264682376,0.0
80.65788363212047,-9.157747525803842,7.3463376362061075,0.0,49.923486940388756,-8.26752440794765,1.1914817786843095,0.0,34.26086071120821,-7.761567841329825,4.9492190613536895,0.0,63.95479560144228,-33.84740158573738,1.7561867331013197,0.0,56.16605194215848,-38.85409181145339,2.005742149927821,0.0,30.819361353010112,-32.723831631384044,1.3312925531185318,0.0
81.26445317578175,-9.331947491240285,7.3226446352070695,0.0,49.917967237897386,-8.26437514458535,1.2106975140625753,0.0,35.097267252566276,-7.806270637284685,5.003508629267813,0.0,63.99801599146312,-33.84582761817824,1.7534538137849882,0.0,56.75745259231614,-38.49066000569689,1.8701332564982067,0.0,30.828558875725676,-32.7482794109698,1.3137812222071688,0.0
81.86278972257723,-9.519007273544451,7.262586470926889,0.0,49.910833767276245,-8.249128589741028,1.231278506493112,0.0,35.94526773616322,-7.832845597854154,5.0458702964161635,0.0,64.04056244939353,-33.84192811000031,1.747782355811978,0.0,57.322134643863535,-38.08984462923668,1.7174762288221537,0.0,30.838111303340046,-32.766729648682364,1.2951127590589184,0.0
82.45262504185703,-9.724279739076284,7.1462974457864155,0.0,49.908502569085286,-8.231657202362104,1.2490765761797107,0.0,36.799874356244224,-7.840157071483665,5.075057793417431,0.0,64.0829738613832,-33.835368018619704,1.739805587411018,0.0,57.862942767207656,-37.66530391713282,1.5542041716482355,0.0,30.84827116968422,-32.77784326099634,1.2743060947660485,0.0
83.03046381252538,-9.954867887671165,6.9593126039183675,0.0,49.91509969459449,-8.226646767905946,1.2592994653806375,0.0,37.65588132239241,-7.833930459305257,5.090207791192524,0.0,64.12597628429955,-33.826349110854316,1.7303978848336516,0.0,58.378140642647864,-37.23326099706688,1.3886823897350578,0.0,30.858301516275567,-32.78300007797909,1.2508943944029571,0.0
83.58842851421893,-10.22080565357837,6.693683450411951,0.0,49.931688523637376,-8.24977080272362,1.257598076956718,0.0,38.50744490192272,-7.827903903302831,5.090476227291909,0.0,64.16995712198002,-33.815570080938755,1.7204309191012985,0.0,58.859414208907104,-36.811380635407616,1.2304416766382182,0.0,30.86719514702112,-32.78517851283415,1.2251635939776495,0.0
84.11450549389453,-10.534128177313779,6.347117976722519,0.0,49.95765931747965,-8.312014159530095,1.2414196423263242,0.0,39.34794002622836,-7.842178579823022,5.074349734027553,0.0,64.21471494441575,-33.80414294061715,1.7106243855377752,0.0,59.29238231046114,-36.41726670758443,1.089386800011015,0.0,30.874512228738052,-32.787118744954476,1.1980134167804124,0.0
84.59478405505858,-10.90608993426646,5.921443254523049,0.0,49.99299524319589,-8.41397734032746,1.2109438242090622,0.0,40.170714971047545,-7.898033336275301,5.0393320201481355,0.0,64.25956717830617,-33.79344281345724,1.701614729363051,0.0,59.66012954880443,-36.06663375680661,0.9747787768058291,0.0,30.880794551186806,-32.78979207792824,1.1705589530146998,0.0
85.01689750441358,-11.343563932273714,5.422203807337007,0.0,50.03919398944054,-8.542934459717507,1.1690215276045794,0.0,40.970535374515116,-8.01050634370667,4.982409409909268,0.0,64.30366809570042,-33.78486535700421,1.6941828922149345,0.0,59.9488440747664,-35.77155436452846,0.8936756943925577,0.0,30.887304522710036,-32.791982265225855,1.1437379220078228,0.0
85.37321942873055,-11.845244848166093,4.8605560552785665,0.0,50.09755426553712,-8.674899472320604,1.1203349482751062,0.0,41.74469491144633,-8.182236879556292,4.900801933349824,0.0,64.34628977941053,-33.77953101116842,1.6894217612249012,0.0,60.15335206014143,-35.539229031968574,0.8488951710854042,0.0,30.895265960954426,-32.7911408873099,1.1181423637051697,0.0
85.66281961331148,-12.398081752937035,4.2565218712486805,0.0,50.1658687342464,-8.781538435483343,1.0707022731780729,0.0,42.492752697470806,-8.402068413943553,4.792190523868005,0.0,64.38690918632919,-33.77806198671899,1.6886548953924638,0.0,60.2799773430287,-35.37142901576196,0.8373353175704512,0.0,30.905066186679132,-32.78502112331138,1.0941311996835896,0.0
85.89175194331058,-12.975467376281195,3.64064895802308,0.0,50.236228763690846,-8.838981718494257,1.02701819463136,0.0,43.21472491840002,-8.649102019645088,4.654466940757741,0.0,64.42512919662184,-33.78056415518969,1.693078570751652,0.0,60.34522786198655,-35.26443763449586,0.8499008806136885,0.0,30.915854426557573,-32.773245675090095,1.0721056177987354,0.0
86.07131688154405,-13.539521738016063,3.0515099331130013,0.0,50.29607275249756,-8.834882692522704,0.9971207155512385,0.0,43.9085503946517,-8.899610313586308,4.4859204512709585,0.0,64.46058021419972,-33.786831331322,1.703249862931889,0.0,60.370911206181,-35.20933346219214,0.8737004507117447,0.0,30.925725880236794,-32.7580106072642,1.0527203703655115,0.0
86.21446249814835,-14.04828502276691,2.529059333056975,0.0,50.332438327165306,-8.771608243505653,0.9884460577717462,0.0,44.568087587558836,-9.13317298581864,4.286395260121054,0.0,64.4929187171548,-33.79664520794176,1.7186375382468295,0.0,60.37803601058465,-35.19279054665836,0.8958645440535413,0.0,30.932412517138275,-32.7435098855123,1.0368200210366627,0.0
86.33192727815334,-14.465741138935682,2.1060731272233904,0.0,50.33733449884951,-8.665127477579915,1.005296925529473,0.0,45.182715866355416,-9.335835574131803,4.05883799048272,0.0,64.52190930224485,-33.809992483669845,1.7374717694412638,0.0,60.38209305717426,-35.19871241162207,0.9072801261474304,0.0,30.934212605565993,-32.73426702969036,1.025050652533153,0.0
86.43039001533343,-14.770998947901985,1.8003993469826511,0.0,50.31135499252869,-8.539991057341684,1.0460624476422513,0.0,45.73899369742256,-9.500326895953364,3.8101227777363853,0.0,64.5474836741785,-33.827078022446884,1.7570293208048948,0.0,60.39114152506631,-35.210658672238615,0.9045919950522396,0.0,30.93077304416426,-32.73316105783214,1.0173411247316455,0.0
86.51354900371643,-14.963331730592966,1.6104482713048025,0.0,50.263484279808736,-8.421728077827748,1.1025170264648398,0.0,46.22399077156855,-9.624762102598133,3.5504636951533133,0.0,64.56970619850973,-33.84810428070635,1.7742969914375841,0.0,60.406588078787365,-35.214499442443824,0.889874667952526,0.0,30.923331081795546,-32.74019398597636,1.0126140711171256,0.0
86.58506030318954,-15.061146448286706,1.5157177092144387,0.0,50.207194812954704,-8.329386651765343,1.1624158553806616,0.0,46.62916767817628,-9.711285603081386,3.2915266305285833,0.0,64.58867890803259,-33.87285689066613,1.7867999100403722,0.0,60.425551610409286,-35.20053921836279,0.8685628046727327,0.0,30.91423130545044,-32.75270325678669,1.0090123118875667,0.0
86.65115602814699,-15.095132113407521,1.4826770578750255,0.0,50.15507472554375,-8.271325002704547,1.21428469941465,0.0,46.95331995730386,-9.765258101854036,3.0439527119860035,0.0,64.60445704658886,-33.90020216844318,1.7933594128061916,0.0,60.443534148711386,-35.164584799189214,0.846818831247198,0.0,30.905917717368833,-32.76690619600156,1.0046128195116353,0.0
86.7208300887842,-15.098429184166847,1.4743579354621135,0.0,50.114781664673075,-8.245624092453516,1.2515909490027717,0.0,47.20330768428448,-9.794722599493989,2.815220221612128,0.0,64.61700428068897,-33.92770893132447,1.794589747734502,0.0,60.45651865137265,-35.107842786554784,0.8293980228584577,0.0,30.899900425557966,-32.779899123311125,0.9982660722132302,0.0
86.8027353458561,-15.097820682298842,1.4605940711330971,0.0,50.08787961050396,-8.243911711787872,1.2740796840371065,0.0,47.39210292323209,-9.809551996911145,2.60864945236343,0.0,64.62618957831819,-33.95173159160946,1.7929466503869076,0.0,60.46215259490589,-35.03585153224234,0.8185561372781169,0.0,30.896198365380535,-32.791006837009675,0.990091347857641,0.0
86.89996764081461,-15.108499103008223,1.4255072328117704,0.0,50.071339379338355,-8.256063890953346,1.2861762665479404,0.0,47.53487369833624,-9.819927957701156,2.4239367162896936,0.0,64.63185303159499,-33.968318828842676,1.792157774504668,0.0,60.46006353035472,-34.9567739811917,0.8140134916920072,0.0,30.89349474750339,-32.80179285695487,0.981343581534146,0.0
87.00560277142236,-15.132555711195485,1.3695874111907198,0.0,50.06037568057496,-8.273722163371367,1.2939393254501015,0.0,47.644754779824254,-9.834366109282914,2.2589295743991897,0.0,64.63398161263953,-33.975120236649744,1.7960373487668413,0.0,60.45153811080634,-34.87938425765336,0.8136555071623395,0.0,30.889890528901276,-32.814844944896166,0.9737289302562431,0.0
87.10208718988912,-15.160680398745633,1.3057519625139173,0.0,50.05112876019448,-8.291843977711947,1.3022260260112741,0.0,47.73001390513515,-9.857996287907515,2.111686875458762,0.0,64.63297437293119,-33.974029889467346,1.8070076757866929,0.0,60.43884842038631,-34.81112302571413,0.8145452938751649,0.0,30.883873438929363,-32.832167832279104,0.968574988492616,0.0
87.16586301204642,-15.177533867269199,1.2515375740579078,0.0,50.04217317247793,-8.30853060119886,1.3130827960299989,0.0,47.79353553685162,-9.89185429721153,1.9816905845966293,0.0,64.62986851384935,-33.97376800011058,1.8249297822454498,0.0,60.424497160453306,-34.75667097885613,0.8138974749813546,0.0,30.875044717197767,-32.85415137867066,0.9663270107054345,0.0
87.17587861422476,-15.17067350143879,1.2210926726642262,0.0,50.03455913962692,-8.323837228866166,1.3256473608173556,0.0,47.834501517309,-9.933486503680726,1.869639817063728,0.0,64.62636268439078,-33.99124406546624,1.8469136000186364,0.0,60.410601899578566,-34.71741104246456,0.8098203144470837,0.0,30.86428999420445,-32.87954243200477,0.9665744168419526,0.0
87.12320964732919,-15.139319144972813,1.219704518778264,0.0,50.03073603431011,-8.338349235239226,1.337290807998457,0.0,47.85133750111344,-9.978536748140513,1.776191937036586,0.0,64.62460599906021,-34.05065419881371,1.8685880966395043,0.0,60.39855053829046,-34.69183985954224,0.8017622570331948,0.0,30.8533640055069,-32.90612784797024,0.9684456355913564,0.0
87.01868015113585,-15.096677160426543,1.2416375382703118,0.0,50.033062812197194,-8.352160070716062,1.345344176592885,0.0,47.8446029635401,-10.022557048087382,1.7006149739058838,0.0,64.62694854187765,-34.17989405899507,1.8868323798825113,0.0,60.38895212764875,-34.67663926238178,0.7906440541670996,0.0,30.844135097896512,-32.93153551516353,0.9710563020909095,0.0
86.89352173690527,-15.063460092760238,1.2709534097201516,0.0,50.04263747489862,-8.364547483394759,1.3486152429792275,0.0,47.81861840325725,-10.062280323323423,1.6401922327964833,0.0,64.63595478055272,-34.4047426542421,1.9031575805292356,0.0,60.38181182677516,-34.66795587693255,0.7786561941154098,0.0,30.837879465397236,-32.95377238781873,0.9737952659465048,0.0
86.78879754162917,-15.057639707375486,1.2855473893193654,0.0,50.05895545886433,-8.37425329073653,1.3480870154656257,0.0,47.7812190598992,-10.096031065855351,1.5906128743223178,0.0,64.65481688848102,-34.742052717524835,1.9260147019542657,0.0,60.376806410438206,-34.662490260381404,0.7687140631790683,0.0,30.834958251990535,-32.97148112260991,0.9763913206386032,0.0
86.73804908921701,-15.088011376746454,1.265381090487815,0.0,50.08052003625143,-8.380034016109816,1.34661222396935,0.0,47.741885064831195,-10.123504360296465,1.5470349329254418,0.0,64.68797482897938,-35.1938200553033,1.9700104404265648,0.0,60.3735400683142,-34.65815776276826,0.7636280089157061,0.0,30.834982706392143,-32.984089319031085,0.9788060505689451,0.0
86.75438609165704,-15.154423846991742,1.202343533467694,0.0,50.10606658433914,-8.381130453819882,1.34786215071626,0.0,47.709222686257014,-10.145340247246125,1.5053194575519342,0.0,64.74155513712466,-35.74448797715135,2.051178135094526,0.0,60.37169963147756,-34.65425191594779,0.7651794156951048,0.0,30.837325952146998,-32.99200098875848,0.9810670542473012,0.0
86.82830343392129,-15.250009731302715,1.1048474513746864,0.0,50.135715624528636,-8.377416212644594,1.3550719509441977,0.0,47.688905099673974,-10.16270693912047,1.4630101206657251,0.0,64.82339128806473,-36.36349449031689,2.1800024496830623,0.0,60.37107520181728,-34.651171786415944,0.7734310344881745,0.0,30.84172279553534,-32.99684693094557,0.9831789279795142,0.0
86.93468719521093,-15.360488147725164,0.9938153043595666,0.0,50.17139501610333,-8.36913715194471,1.3701583495747478,0.0,47.68268848509027,-10.176888128501997,1.419778641953318,0.0,64.94272378481668,-37.012988388338286,2.356071231762332,0.0,60.37146914892567,-34.649863254894534,0.7865894585402398,0.0,30.848725099837807,-33.00167535846456,0.9851711963098317,0.0
87.04418839223962,-15.462949210063362,0.8933687394498406,0.0,50.21634377571772,-8.356323339928505,1.393561729681113,0.0,47.68852369613172,-10.188894260624382,1.3772094176027458,0.0,65.10977463623554,-37.65763893127017,2.567672314280257,0.0,60.37258643632166,-34.65117272939724,0.8015161735010068,0.0,30.859876894293734,-33.01090162727457,0.987207975211188,0.0
87.13297794172429,-15.530484495184771,0.8219583211159485,0.0,50.274104642334386,-8.338128842100986,1.424786214365688,0.0,47.70151204473992,-10.199228614413745,1.337977815299329,0.0,65.3351302412083,-38.27220905468945,2.7963322355588467,0.0,60.374030349531886,-34.655304904265186,0.8146928331055783,0.0,30.87757533045888,-33.0299245469364,0.9896534746523642,0.0
87.18660931449367,-15.543792729092853,0.7881343287595701,0.0,50.347630522371446,-8.31244186989222,1.463282212653569,0.0,47.71541371842912,-10.207927622901305,1.3046935491359726,0.0,65.62868222367449,-38.84433283716586,3.0232295964226683,0.0,60.375463426280234,-34.661516207520265,0.8232977427322243,0.0,30.904657288128053,-33.06455206102826,0.9931554098818669,0.0
87.19958801983326,-15.50190477128929,0.7905483006967398,0.0,50.438846731516215,-8.27600348838639,1.509217840123056,0.0,47.72435918754853,-10.214861061475249,1.278860927978231,0.0,65.99814454044756,-39.37284631284498,3.234177441963679,0.0,60.37686644773431,-34.6681091289204,0.826081671633899,0.0,30.943790390387825,-33.12056165676866,0.9990237680073477,0.0
87.17523176534087,-15.422758113921027,0.818959850144342,0.0,50.548631605777054,-8.225013883544609,1.5638356214563363,0.0,47.72432549725069,-10.220147991165597,1.2603972015500382,0.0,66.44764993829652,-39.863677576495256,3.4217908002754704,0.0,60.378736300181146,-34.672755496729565,0.8238098714688746,0.0,30.996772319309414,-33.203627548902844,1.0101402094702454,0.0
87.1258377224377,-15.332931012632725,0.8562606426919146,0.0,50.67709797402135,-8.155946722626746,1.629354202029078,0.0,47.71399164497851,-10.224500795854459,1.24786824756635,0.0,66.97710391536437,-40.325349303639236,3.5852894261208714,0.0,60.3820687486003,-34.673147395033226,0.819112458358207,0.0,31.063892226468703,-33.31952096910938,1.032229730997308,0.0
87.06880550488002,-15.255091038586734,0.8842395639342957,0.0,50.8241947108046,-8.066155696786847,1.7086001694631534,0.0,47.694847603480405,-10.229328977074337,1.2392092964668198,0.0,67.58264325363444,-40.765476832167884,3.7290147588787494,0.0,60.38806911574902,-34.66790787995476,0.8157317886190523,0.0,31.143588438094813,-33.474201571300306,1.0748430868104393,0.0
87.01841453719908,-15.20163376683428,0.8918199300222671,0.0,50.99066382522135,-7.953923686201672,1.8046328855927882,0.0,47.67072583361965,-10.236469774253287,1.2324978357534473,0.0,68.257964766249,-41.18885648845184,3.860514548446117,0.0,60.39767369808293,-34.65756879775479,0.8173598861485818,0.0,31.2326718678882,-33.673380247860344,1.1512548126995235,0.0
86.97954711641404,-15.175125919307064,0.8797936771641499,0.0,51.17914511877712,-7.817929597108574,1.9205204231984707,0.0,47.64702806977544,-10.247494913583257,1.226447963996769,0.0,68.99584495472635,-41.597007426937445,3.988632179243613,0.0,60.41107549845129,-34.645269918969156,0.8263903688324721,0.0,31.327266372197613,-33.92137283754392,1.2768301850914696,0.0
86.94822704780891,-15.17148175909147,0.8581441737158837,0.0,51.39490261069109,-7.65656258446699,2.0592380342437,0.0,47.62980554375825,-10.262745134947782,1.220517806841107,0.0,69.78910619358358,-41.98857551115242,4.121728878209165,0.0,60.4274654942252,-34.63675319449366,0.8429256329878303,0.0,31.424335361631446,-34.21945238726704,1.4660136047390075,0.0
86.91695227678973,-15.183426127974352,0.8385912079276157,0.0,51.64559446059863,-7.46775123842711,2.223537433388729,0.0,47.62467684726442,-10.280536654194126,1.2146817159496752,0.0,70.63065012865823,-42.3600303880822,4.266028431393973,0.0,60.44511417571834,-34.63934871099653,0.8643755967823257,0.0,31.52335318553243,-34.564214580914324,1.7285659326823772,0.0
86.8800687437801,-15.203568669203303,0.8281782171735959,0.0,51.9399113707906,-7.249729908953239,2.4156216301027333,0.0,47.63553258513857,-10.297146618349641,1.2090283534859054,0.0,71.51280033463678,-42.70643360854662,4.424129698329267,0.0,60.46177871897209,-34.660012503443376,0.8859548897456371,0.0,31.62750418782496,-34.94652315016086,2.065877440440186,0.0
86.8366747240083,-15.226215400372116,0.8272183537607631,0.0,52.28556504452497,-7.002544275199096,2.636539539577873,0.0,47.66318352255611,-10.307938077344888,1.2034203137213133,0.0,72.42667501225908,-43.02232013499733,4.593916864303488,0.0,60.47530250248999,-34.70292967210468,0.9021357806024906,0.0,31.743844819024325,-35.35146214385372,2.4682419265052857,0.0
86.79075818674706,-15.247522624560425,0.8310656926885152,0.0,52.68753711970112,-6.729542383439307,2.8853717411537954,0.0,47.70443440174771,-10.309338020883708,1.1974106574990522,0.0,73.36226813498705,-43.30269294165764,4.768232238896983,0.0,60.484223434589225,-34.76748905069475,0.9086009825503485,0.0,31.882192412992534,-35.759557566138334,2.914037363654563,0.0
86.74913473289755,-15.264775026892806,0.8334764094509399,0.0,53.14739689015359,-6.438000263938037,3.1584390870866814,0.0,47.752175560078626,-10.30080249460457,1.1904589751928718,0.0,74.30934975375087,-43.54390984983859,4.935590383560399,0.0,60.48821897990645,-34.84744457072987,0.9038419146602514,0.0,32.05307831779081,-36.14930988432105,3.3716695448067124,0.0
86.71841362118072,-15.275774345958379,0.829612463756149,0.0,53.66402470363365,-6.138388152895007,3.448812841085357,0.0,47.796764721590975,-10.285861894977888,1.1823383566662446,0.0,75.2586254403537,-43.74412729544044,5.08187645470597,0.0,60.48825107754869,-34.93181823170913,0.8896960444246353,0.0,32.265657633683844,-36.50063236042129,3.804534527337159,0.0
86.7024871456479,-15.278829648805162,0.8176251294993868,0.0,54.23557017436536,-5.842321246462577,3.74634349186075,0.0,47.828421963936684,-10.271738053941117,1.1735336013800826,0.0,76.20234275246479,-43.903128509733236,5.192552697615049,0.0,60.48633735658475,-35.007537272141576,0.8707308808214709,0.0,32.52653001338404,-36.79823936233949,4.178073931596991,0.0
86.7014246044301,-15.273485296292058,0.7985712110113976,0.0,54.86197723150771,-5.559811797039813,4.038379310155597,0.0,47.83997439641761,-10.267437115071655,1.165394694071125,0.0,77.13391944507319,-44.021700730837644,5.254674896262777,0.0,60.485001002158306,-35.06301065273403,0.8529091696546267,0.0,32.83978229749975,-37.03385909866269,4.466847354552355,0.0
86.71173778511383,-15.261732157875905,0.7750824229750819,0.0,55.546849464758296,-5.296967802139721,4.311311453269358,0.0,47.82918452804051,-10.280584514766064,1.1598590798405954,0.0,78.04692034190826,-44.100914320959845,5.25817075572745,0.0,60.486594379826464,-35.09131004015532,0.8420193320197331,0.0,33.2076904959674,-37.20662873421433,4.6592858654256,0.0
86.72752079946305,-15.248889982954907,0.7496424367310652,0.0,56.29718933233734,-5.055398260296819,4.552878754370467,0.0,47.79993324928845,-10.313837640924758,1.1587206936734358,0.0,78.93422896616433,-44.14150709824119,5.196251649816311,0.0,60.4927387299698,-35.09179238667683,0.8421448646469507,0.0,33.63118926632884,-37.32181357646632,4.758641497276697,0.0
86.74202518690706,-15.243146005487697,0.7233975304520364,0.0,57.12027441062853,-4.833835914951204,4.754744950477107,0.0,47.76167013503482,-10.362374726127777,1.162667395279751,0.0,79.78812465522923,-44.14333479065558,5.065227383505269,0.0,60.504041778347286,-35.06972715707091,0.8544471809052734,0.0,34.109648517172005,-37.38851744310948,4.780075061622183,0.0
86.74940639870402,-15.253298241522362,0.6960825468859433,0.0,58.01856411655983,-4.631075323988111,4.914481039734201,0.0,47.72694698724271,-10.414045117364166,1.1705573499088793,0.0,80.60134540583692,-44.10488545558655,4.864165570152963,0.0,60.52012053103339,-35.0342503797775,0.8767545277227811,0.0,34.64020261256629,-37.41715999497983,4.745164221448784,0.0
86.74633376455564,-15.285333612516698,0.6669579260292995,0.0,58.98499871300816,-4.448290021492975,5.036079164418082,0.0,47.707588829602756,-10.452754391244024,1.1794938124671237,0.0,81.36863079022602,-44.02310962051055,4.594778017797331,0.0,60.53985055391946,-34.99547957235544,0.90438275576631,0.0,35.21728584354983,-37.41738996838394,4.675905497325987,0.0
86.73298107839099,-15.339367863999687,0.6359635373286867,0.0,60.00126344397441,-4.289167579984173,5.128627779575213,0.0,47.71084727113947,-10.463957020358151,1.185928699692905,0.0,82.0880467426591,-43.893892347150356,4.261709025789878,0.0,60.561720412230095,-34.961817805605314,0.9319948817484747,0.0,35.83294743625643,-37.39690451512687,4.590232918573783,0.0
86.71292506756868,-15.408571767846873,0.6041792970806146,0.0,61.04029565848344,-4.157978413061818,5.20357454893945,0.0,47.73712800889118,-10.439947364732957,1.1873107872557522,0.0,82.76154337663696,-43.71324810017966,3.873127504298571,0.0,60.58417492380951,-34.93827507456446,0.9555913218535395,0.0,36.478080695596276,-37.361308950342185,4.500205521825091,0.0
86.69179513650136,-15.480880623165639,0.5733931654341635,0.0,62.072243659308135,-4.057278042575259,5.27155495239349,0.0,47.780237521002505,-10.382827346122518,1.1832886424510178,0.0,83.39449317184669,-43.478993540831866,3.441290789543439,0.0,60.605859089811545,-34.926116912721334,0.9736144102888442,0.0,37.14413487056789,-37.31475842887143,4.4128004527929185,0.0
86.67506607068349,-15.542913483845998,0.5454454783794738,0.0,63.07156114018011,-3.987022883704232,5.339710370797619,0.0,47.829945340525676,-10.304217838530729,1.1757449887812719,0.0,83.99430260591586,-43.19247265781739,2.9826738431247044,0.0,60.62573380175832,-34.92361616116164,0.9867832026046663,0.0,37.824465689551985,-37.260923313364685,4.332293911586172,0.0
86.6659565441899,-15.58438871984387,0.5220078495075988,0.0,64.02278242518408,-3.945519558347283,5.410034758704611,0.0,47.87575942020348,-10.22202037578088,1.167761283821866,0.0,84.56855616528577,-42.859879711745585,2.517395041519583,0.0,60.643116318508284,-34.927379410840054,0.997080702666123,0.0,38.51453338450446,-37.20387704111131,4.262831626774124,0.0
86.66452817964097,-15.601185740845128,0.5045923960455845,0.0,64.9233197397865,-3.9312234189373205,5.479021143699463,0.0,47.910526746231,-10.155356526226761,1.162239702261985,0.0,85.12341089537487,-42.49279359742269,2.0679313541894597,0.0,60.6577313670399,-34.93366823492691,1.0066504385325352,0.0,39.210783622222955,-37.14858912039506,4.209973691573795,0.0
86.66843497795101,-15.596055869331748,0.4941063620683064,0.0,65.78243364793953,-3.944086234924895,5.538694428085008,0.0,47.93265973896123,-10.11920497762992,1.1608914525114962,0.0,85.6628810743418,-42.10770525757023,1.6573299777879686,0.0,60.66979536291235,-34.93928351989501,1.017099373055773,0.0,39.90889991614878,-37.10070052785913,4.180589033523422,0.0
86.67470754893813,-15.577050123594642,0.4898967794487774,0.0,66.61629639990248,-3.9857924480991294,5.578794047089518,0.0,47.94623879281943,-10.120216862700202,1.1638393866420849,0.0,86.1891663855446,-41.72455691789024,1.3071854033779715,0.0,60.680064032164445,-34.94187798658241,1.0292457820472851,0.0,40.60259072694506,-37.065396168859245,4.181227098433501,0.0
86.68131582686743,-15.554455270876158,0.4891969504996201,0.0,67.44036145152525,-4.0589511752240215,5.5894939768556355,0.0,47.95892064083905,-10.154793006742704,1.1697137313190993,0.0,86.7035754292218,-41.36450419792246,1.0355994497743453,0.0,60.68975133982754,-34.93987153614462,1.0431250210664924,0.0,41.28385460526906,-37.04565824738025,4.215738103855365,0.0
86.68758684713548,-15.53735918725327,0.4879764711689081,0.0,68.26188757778912,-4.165609117291822,5.563827274482525,0.0,47.9784236107779,-10.209970604288172,1.1761102333640707,0.0,87.20732111760036,-41.04719586618403,0.8553007997612312,0.0,60.70028406555202,-34.93228596312444,1.0581340725400228,0.0,41.94492029954772,-37.04073854734958,4.283249967902966,0.0
86.69356879200754,-15.53090148013449,0.48312384446223966,0.0,69.07613386328862,-4.305534090737044,5.499054997463412,0.0,48.00900672459915,-10.267045755162085,1.180398737057475,0.0,87.70170027400165,-40.78790366575208,0.7721388393367423,0.0,60.71293405997154,-34.91873231632613,1.0733154078310747,0.0,42.581157932262514,-37.045838414809076,4.377492376330773,0.0
86.69920920109868,-15.534915663045833,0.4745650096824008,0.0,69.86830118106921,-4.474959818287548,5.396695006131358,0.0,48.049392322783945,-10.307063450053839,1.1807717741240218,0.0,88.18769267843223,-40.594897147430615,0.7841881379686129,0.0,60.72842557210708,-34.89957458185046,1.0877595750766886,0.0,43.193603213259486,-37.05348760007107,4.487878319275296,0.0
86.70408547572312,-15.544335525942953,0.46569077185068686,0.0,70.62027108919787,-4.666640073159646,5.261616433501301,0.0,48.092974678485135,-10.316532085079126,1.177120090619157,0.0,88.66542000751359,-40.4675307615376,0.8815627962305879,0.0,60.74663998123259,-34.87610633554707,1.1009911633582217,0.0,43.789723136588215,-37.05620914504234,4.6020128451347,0.0
86.70766114986186,-15.551388504958046,0.46173334539176736,0.0,71.31865818218317,-4.8715376116753655,5.100948106409963,0.0,48.13025619591567,-10.291433490681666,1.1711805120305296,0.0,89.13393839134129,-40.39552525403997,1.0468069733753396,0.0,60.76654776099562,-34.85052221513667,1.1131608368512929,0.0,44.38180943207699,-37.04929517610138,4.708795417834329,0.0
86.70953930350345,-15.548881164764106,0.46723661813723005,0.0,71.96033797274636,-5.081394026831815,4.923270438349918,0.0,48.15257555993382,-10.238050732307103,1.1657162433705928,0.0,89.5915228055967,-40.35980026894182,1.2556339318213166,0.0,60.786478987137144,-34.82556123359887,1.1249579649263168,0.0,44.98353222656825,-37.03236258920232,4.801123478792231,0.0
86.70940852078557,-15.533091526901684,0.48404358076837006,0.0,72.55326343151039,-5.29075628218887,4.738059321122802,0.0,48.15556350667095,-10.170202844477995,1.163121630920756,0.0,90.03618483883986,-40.334877972143055,1.4779470436454556,0.0,60.80473409040703,-34.80385973696315,1.1372889497539411,0.0,45.60604007402,-37.008906555859646,4.877292082536901,0.0
86.70686509432679,-15.504864582212317,0.5104809297235509,0.0,73.11275010567743,-5.497440836125808,4.555136596604218,0.0,48.14077407340549,-10.103881924155246,1.164285952604887,0.0,90.4659614107754,-40.292379214743335,1.6793688367531185,0.0,60.820312738716474,-34.7871876532702,1.1508430733109858,0.0,46.255110493773515,-36.98402292210249,4.940543873426089,0.0
86.70141493848057,-15.468627498432287,0.5417930949159384,0.0,73.65538995607803,-5.701504400081983,4.383983177472432,0.0,48.11486556334811,-10.051532059430041,1.1683744935837694,0.0,90.87865577447758,-40.20477451518242,1.8237086507676832,0.0,60.83336425061232,-34.775837849671284,1.1656962691532797,0.0,46.93029487414033,-36.961362027080675,4.996914010496548,0.0
86.6927159243528,-15.430174007708677,0.5716348211580762,0.0,74.19359178277153,-5.903614768016068,4.232892215311421,0.0,48.08699845342804,-10.01848299532362,1.173503296598673,0.0,91.27107579038343,-40.048692307915346,1.8767744793391632,0.0,60.845064889205574,-34.76847049995734,1.1811020915224653,0.0,47.62612094871723,-36.94081212277266,5.052277459632306,0.0
86.68092225453866,-15.394336959899917,0.5941435142555953,0.0,74.73305807265945,-6.103800482328933,4.1079674956704215,0.0,48.065753287235076,-10.002895474410453,1.177730334573841,0.0,91.6381847327983,-39.80766109655011,1.8116313152619394,0.0,60.856980334008405,-34.76258898197469,1.1955675516278212,0.0,48.33460635178284,-36.91810755563569,5.10983849240772,0.0
86.66701536934653,-15.363325505501395,0.6057620438439724,0.0,75.27372809883703,-6.301171794091199,4.01203698630795,0.0,48.056618911515265,-9.99865421682547,1.1798107855160467,0.0,91.97280473580541,-39.474625047326874,1.614780773561396,0.0,60.87028722612992,-34.755521617217234,1.207214900802466,0.0,49.04792358627676,-36.88651726189468,5.16897155530596,0.0
86.65307939279008,-15.336261505793733,0.6059856387413838,0.0,75.81294755744484,-6.494725581477396,3.943685153578368,0.0,48.06063086294896,-9.99930747418522,1.1795225822600965,0.0,92.26649388412096,-39.0544674119369,1.2918157517734876,0.0,60.88528956361954,-34.74547376814267,1.214339338450758,0.0,49.760188131651674,-36.839583246958,5.225626625947109,0.0
86.64240836195555,-15.310360247480132,0.5967567244052852,0.0,76.34880211671135,-6.684863605519981,3.896685836059296,0.0,48.074467172121444,-10.00113745241504,1.1775993176090616,0.0,92.51186605893693,-38.5660901092068,0.8702267664728698,0.0,60.90148863289398,-34.73214170518385,1.2160098529769439,0.0,50.46788191420607,-36.77341606455272,5.273928374382514,0.0
86.63919460587692,-15.283677606123042,0.5809671021882643,0.0,76.8819003705447,-6.874848080247312,3.8600930136552813,0.0,48.09199702110379,-10.004349538838188,1.1753519910447583,0.0,92.70585291216973,-38.04264496035859,0.39692121751124887,0.0,60.91815116721037,-34.7166403968102,1.2124996899389249,0.0,51.16906694040589,-36.68758248123403,5.308322975728274,0.0
86.64759203612667,-15.258216031692255,0.5609275029778917,0.0,77.4149762616715,-7.071330123181594,3.8191846572482193,0.0,48.10674436684081,-10.012334283926199,1.1741035667627582,0.0,92.85238437570223,-37.52795769811481,-0.07056053564700093,0.0,60.93499329715313,-34.70093013203068,1.2053038836275132,0.0,51.862009531840435,-36.58455971853478,5.325561834424512,0.0
86.6702693630678,-15.241303402889002,0.5376719338801692,0.0,77.9507873044754,-7.283418160081277,3.7573773072983583,0.0,48.11427041424606,-10.029554480372504,1.1746362030071946,0.0,92.96253598460967,-37.06809187563737,-0.47724695459723776,0.0,60.952461602697404,-34.68722198470612,1.1966331783586774,0.0,52.543957746722135,-36.46839512462392,5.325845718629617,0.0
86.70699221859775,-15.24363433673852,0.5116604280802104,0.0,78.48940922299819,-7.520313735335439,3.659063917499231,0.0,48.11348256568044,-10.05893979634017,1.1768674273137236,0.0,93.05139766668367,-36.69980567037328,-0.78378773808166,0.0,60.97131807889095,-34.67777510817195,1.1885934654741046,0.0,53.21061860189603,-36.343369247029386,5.312602165741787,0.0
86.75397286960977,-15.274256167210432,0.4844740023182563,0.0,79.02612089039434,-7.788078893705981,3.5130093931461435,0.0,48.10638396406459,-10.099846486368602,1.1799031471011894,0.0,93.13326163794433,-36.440621219604274,-0.9745889677745687,0.0,60.99173228434984,-34.67510742884268,1.1825181237851545,0.0,53.85659659683659,-36.21316797512709,5.290734917196005,0.0
86.80447620126226,-15.334986840980017,0.45973068532858363,0.0,79.55080430984523,-8.086477035863531,3.3155306309055286,0.0,48.096540823459996,-10.147480863840572,1.1824908513658166,0.0,93.21798608278083,-36.28542830343035,-1.0587190298016917,0.0,61.01250135765262,-34.68223082430937,1.1788257621784624,0.0,54.476827000881,-36.08052904823514,5.263793804523772,0.0
86.85061878108606,-15.417764773489099,0.44161604913978003,0.0,80.04924381739004,-8.406964439033029,3.0724057350731844,0.0,48.08719631130846,-10.194025063270633,1.1837053275521203,0.0,93.31033465430698,-36.211327674134836,-1.064157876086787,0.0,61.03103271221698,-34.70241841145941,1.1773780485348695,0.0,55.06871714728378,-35.94695058814602,5.2311155185969955,0.0
86.88572371115869,-15.507085760357779,0.43208542237330505,0.0,80.50600568155355,-8.732733094061867,2.7985602045726106,0.0,48.080082617301215,-10.230851220672344,1.1835049846399048,0.0,93.41194669343703,-36.18826643239953,-1.0276035497616665,0.0,61.044305545864894,-34.7382551668953,1.1779691167181703,0.0,55.634200814016644,-35.81213340726919,5.186172674515417,0.0
86.90620562045163,-15.586342382592486,0.4297838965745999,0.0,80.90797274381531,-9.041225833445704,2.5151810218751214,0.0,48.075434703324625,-10.250818705585992,1.1828143530650586,0.0,93.52417180180585,-36.19071347123483,-0.9827611338387534,0.0,61.05045868297444,-34.79010811435381,1.180562559587452,0.0,56.18055795803533,-35.673223849090824,5.117026152238781,0.0
86.912184485988,-15.644172310868582,0.4316625843395929,0.0,81.24732973528403,-9.308835920292989,2.244858276495492,0.0,48.072881715859246,-10.249950206549933,1.183095326331438,0.0,93.65002071398305,-36.20597950633357,-0.9503503449685393,0.0,61.0502827901464,-34.854543180267996,1.1851587494823779,0.0,56.71909818249046,-35.52429926261787,5.009138323339014,0.0
86.90684617579595,-15.677477924199898,0.43509089592435224,0.0,81.52294652321635,-9.516655663676087,2.006280446535241,0.0,48.072380070066195,-10.228272259074492,1.1857050919539507,0.0,93.7945949161178,-36.23683997211379,-0.9326227332208621,0.0,61.04786298303705,-34.923586933204675,1.1914746133830345,0.0,57.26160578474615,-35.356768077512065,4.8500499267760055,0.0
86.89521962314096,-15.690580776458411,0.4386716437829712,0.0,81.73971446932123,-9.655366959196552,1.8104454813358348,0.0,48.074449064678234,-10.18977508636027,1.1914010177460792,0.0,93.96453926042048,-36.29841200463849,-0.9136813028293247,0.0,61.04986581707809,-34.985821028094115,1.1987341656749884,0.0,57.815366262641355,-35.16138646309404,4.634551418364149,0.0
86.88304266506046,-15.691883747805106,0.442100136345692,0.0,81.90625481549819,-9.727220152262973,1.6598374713933834,0.0,48.07955358243348,-10.141440888544766,1.200140860642577,0.0,94.16737074008891,-36.410850569182294,-0.864894793503181,0.0,61.06344901021714,-35.02961315313456,1.2057528284168235,0.0,58.37836750265004,-34.932116100081366,4.368241646514969,0.0
86.87583492875164,-15.689851789274472,0.4458005296590155,0.0,82.03206781447469,-9.744144842741505,1.5505311834316498,0.0,48.08718504989325,-10.09151151178699,1.211096073702162,0.0,94.41090781331748,-36.590268432833405,-0.7533067743195794,0.0,61.09346004605647,-35.04739499823346,1.2112924136731635,0.0,58.936777165919366,-34.670743231818236,4.067538342735297,0.0
86.87787830033334,-15.69010213885118,0.4506057096939049,0.0,82.1252831143085,-9.723078440365844,1.475610070398118,0.0,48.095529026699644,-10.047567236842676,1.2227563383786197,0.0,94.70217597874559,-36.84047917991656,-0.5508730925561345,0.0,61.140184692421066,-35.03884264208866,1.2145412523079866,0.0,59.46657368421377,-34.38964768717053,3.75577970367922,0.0
86.89114765707788,-15.694695770696956,0.45757741512816175,0.0,82.1917759160385,-9.6810791487747,1.4278684517431488,0.0,48.102176028008174,-10.015120523412516,1.2331156137411146,0.0,95.04509437434379,-37.147586682373515,-0.24309227337525918,0.0,61.19883011590055,-35.01116003616145,1.2155102043964963,0.0,59.939622549832336,-34.11010720702318,3.457171930952903,0.0
86.91472724568645,-15.703317208860355,0.46789174527147104,0.0,82.23577825517631,-9.632429120415008,1.4007848635147022,0.0,48.105414222309584,-9.99708266665166,1.2400164104552722,0.0,95.43735485995455,-37.47848808317777,0.16401841105289172,0.0,61.261016433842286,-34.97628229803509,1.2151012238471566,0.0,60.331962557101505,-33.85605565535678,3.1913437354354883,0.0
86.94510116902173,-15.715012008409731,0.482579454654644,0.0,82.26140705585587,-9.588121997371335,1.3881855783538644,0.0,48.1051619191411,-9.993955481802221,1.241662798092241,0.0,95.86819471834396,-37.78393708262325,0.6401123529218964,0.0,61.31750167153159,-34.946481286286826,1.2147534563654663,0.0,60.630573196070436,-33.64645106947497,2.970357469403064,0.0
86.97720168417149,-15.729244246860356,0.5020711135043836,0.0,82.2740024130691,-9.556505951848237,1.3837290799798367,0.0,48.1029754259844,-10.004367810965638,1.2371312024979915,0.0,96.318717880044,-38.00659529586417,1.1323190988098588,0.0,61.360922855212415,-34.93044333932009,1.2158436772447914,0.0,60.83601051725875,-33.49016137822011,2.798158386618434,0.0
87.00579851760655,-15.745834752367637,0.5257472291413414,0.0,82.28024399389429,-9.543604547458528,1.3810771418604393,0.0,48.10127402530398,-10.025688698481598,1.2266187472590566,0.0,96.76469021470047,-38.09310433192342,1.5749833148840118,0.0,61.38757101596771,-34.93127421676056,1.2191613219951964,0.0,60.9608568347499,-33.385054622163935,2.6714901978435908,0.0
87.02680241909074,-15.764123192793868,0.5517726030066257,0.0,82.28681120730059,-9.552511515070853,1.3748774388912306,0.0,48.102311346541306,-10.054634753575382,1.2113152944658356,0.0,97.17997751809811,-38.00706297825616,1.906619058941068,0.0,61.3977750296286,-34.946767442098356,1.2247202755765283,0.0,61.02550156771378,-33.320493511745504,2.5816633467727854,0.0
87.0381799719604,-15.78205764806168,0.5773759659903561,0.0,82.29836521496894,-9.582262407947933,1.3620413967943765,0.0,48.10735870863113,-10.087815805113655,1.1930577331749284,0.0,97.539239765246,-37.73924737733619,2.0885331326881875,0.0,61.3950033905632,-34.97135028396642,1.23195941968428,0.0,61.05287402206028,-33.28159393441667,2.5169901865217064,0.0
87.04030703751029,-15.795828491185844,0.5995006315531999,0.0,82.31611910380494,-9.627160846060834,1.3425191163788543,0.0,48.11632036595278,-10.12209905218484,1.174064273591517,0.0,97.82076459468605,-37.31281912245325,2.1170281229695274,0.0,61.38420526435159,-34.99864281484231,1.2401351451729568,0.0,61.06347554124859,-33.25379400655586,2.465580460670253,0.0
87.03570740829979,-15.80036303808411,0.6156074543444419,0.0,82.33788252337027,-9.677568993352319,1.3189547154929784,0.0,48.12784202849903,-10.154718495454615,1.1568786018592991,0.0,98.01115332202525,-36.782047802781776,2.0231746919778306,0.0,61.370176479620994,-35.02354025203522,1.2486137904988546,0.0,61.07188412739214,-33.22648817202441,2.417920169765228,0.0
87.02827737547805,-15.790662390502774,0.6244569125056234,0.0,82.35952984493291,-9.72251333108304,1.2952576183598072,0.0,48.139892958262756,-10.183218604008465,1.1443023642240746,0.0,98.11090720424488,-36.22257388431882,1.859774555757964,0.0,61.35661919362761,-35.043172480918365,1.2569069265896715,0.0,61.08550838499348,-33.19473605625248,2.368540495163659,0.0
87.02225260742598,-15.763638689164415,0.6267624913405978,0.0,82.37704414565823,-9.753266711611575,1.274833846976959,0.0,48.15065099432992,-10.205410601885312,1.1389482322693567,0.0,98.13649341710097,-35.7130706662783,1.6818136046012757,0.0,61.34599176671923,-35.05681871194579,1.2645228527061896,0.0,61.10558768022949,-33.158724085167854,2.316264498129879,0.0
87.02122419393194,-15.719857369256085,0.6255391635783738,0.0,82.38812913140848,-9.766200969934816,1.2593633852092605,0.0,48.1593182007657,-10.219433141788393,1.1423472245452473,0.0,98.11545932675018,-35.31403199560157,1.530244984593077,0.0,61.3396956949864,-35.06534367820396,1.2708316390461576,0.0,61.12960121969975,-33.1215922536735,2.2630980260879063,0.0
87.02742384043913,-15.664421597101736,0.6258373400954973,0.0,82.39278955868406,-9.76345520619197,1.2485465050636861,0.0,48.166433864705255,-10.22386718718608,1.1540461130795236,0.0,98.07679605902457,-35.05336291131835,1.4255393648264292,0.0,61.33811746870153,-35.070635138825004,1.275061604936159,0.0,61.153874450470575,-33.08686183806829,2.212437592822024,0.0
87.04135971633093,-15.606166031004165,0.6336201375301709,0.0,82.39285430795849,-9.751175727468482,1.2406992541241877,0.0,48.173463097727705,-10.217835039117872,1.1713341128861678,0.0,98.04237679680311,-34.92461967605951,1.370061117372595,0.0,61.340441485067,-35.075127608788186,1.276361234753951,0.0,61.17544885963897,-33.05661822579791,2.167379693047499,0.0
87.06180897339475,-15.55468821274471,0.6540176462950917,0.0,82.39085765829273,-9.736384280620525,1.233781789675728,0.0,48.18182878998364,-10.20111648999179,1.1899338540683555,0.0,98.02324533583455,-34.896154861956944,1.3543222452021997,0.0,61.3445321861704,-35.08127391316507,1.2737566078890659,0.0,61.19289588161094,-33.03096816102877,2.1295826806800786,0.0
87.08618490858494,-15.51601339537844,0.6897685948038337,0.0,82.38889472605192,-9.724111313341158,1.2263544663676242,0.0,48.1918740037888,-10.17437737207913,1.205426227574776,0.0,98.02057401490354,-34.9253049904124,1.3633621346461489,0.0,61.34728030590368,-35.09091306924235,1.2658881601772922,0.0,61.20625277712651,-33.00858558977995,2.098786751214176,0.0
87.11129492336492,-15.489297195031824,0.7406853524264498,0.0,82.38796737073723,-9.716012567822043,1.2180469752119176,0.0,48.20230279680757,-10.139506863556129,1.2147570611272922,0.0,98.0291395630598,-34.972013973523886,1.3819565971898893,0.0,61.345618685116236,-35.10472553350382,1.250577600738147,0.0,61.2164581397825,-32.98775384484603,2.0729499651590277,0.0
87.13440405081535,-15.467022382259792,0.8044241525580222,0.0,82.3879793389168,-9.710683833191016,1.2094146128037782,0.0,48.21043103770935,-10.099859590607402,1.2171405189490603,0.0,98.04122620475538,-35.00818785176224,1.3983106812246096,0.0,61.33805841967348,-35.1221826448613,1.2244724780190257,0.0,61.224661674969035,-32.967285188241654,2.0489129387616103,0.0
87.15437123431737,-15.4388405990542,0.8782920840208952,0.0,82.38815520809936,-9.705073185219952,1.2014027972207213,0.0,48.213207740140234,-10.060091128894548,1.2140004341507424,0.0,98.04968775003077,-35.02123301273881,1.4058503286915958,0.0,61.32628206298273,-35.14239887039361,1.1831430122906514,0.0,61.231707541710726,-32.94693607703626,2.0234275010865623,0.0
87.17256708984708,-15.396691855636124,0.9614127197412916,0.0,82.38750505363724,-9.696177604065436,1.194808696317338,0.0,48.2086185268125,-10.025401589811498,1.208048092807859,0.0,98.04970959999973,-35.01229508927671,1.4029930166428528,0.0,61.31624187397793,-35.1659358702351,1.1219507982589603,0.0,61.237978072125365,-32.92724837865832,1.994248240359049,0.0
87.19337853060955,-15.338520996303064,1.0562046387353377,0.0,82.38510251035049,-9.682411281748148,1.1900203013888753,0.0,48.19688374621346,-10.000301149703033,1.2019447859260772,0.0,98.03935420254895,-34.99113497506395,1.391510324394794,0.0,61.31829715450727,-35.19699690212767,1.0377147602580923,0.0,61.2436218431334,-32.90899316437501,1.9608617358236184,0.0
87.2242056658671,-15.269240139611547,1.1681181994181404,0.0,82.38021731339462,-9.664292037106467,1.187053253945919,0.0,48.1808790422519,-9.987308326667236,1.1971300531256137,0.0,98.01927471160894,-34.969986171781805,1.3745962224413528,0.0,61.34604728922611,-35.24496644010123,0.9307713091510701,0.0,61.24899757816267,-32.89254736227494,1.9244798240087686,0.0
87.27484291184746,-15.198669192254883,1.3033621188957625,0.0,82.37247569965022,-9.64431246568956,1.1857160292996571,0.0,48.16548943769237,-9.986135160791374,1.1933036427143264,0.0,97.99204291648186,-34.95838541902261,1.355530324385862,0.0,61.41381927395381,-35.32423946296157,0.8066902931409121,0.0,61.25501993720741,-32.877584913535,1.8873040231116853,0.0
87.35626930175147,-15.13686628312809,1.4658500570771622,0.0,82.36210712797042,-9.626110138197518,1.1857350731885372,0.0,48.156111428824474,-9.993754529634453,1.1887524145685227,0.0,97.96134262453715,-34.96026566518558,1.33709018191945,0.0,61.533435770069026,-35.451841499360135,0.6768234748634478,0.0,61.26312014004169,-32.86332241397548,1.8515634703950585,0.0
87.47924652158382,-15.08828608986046,1.655472852750476,0.0,82.35012891964907,-9.61325800458966,1.1867957075546673,0.0,48.15697086084427,-10.005262889763708,1.18131822605495,0.0,97.93106697718056,-34.973678751225066,1.3213279022888713,0.0,61.71154697262821,-35.643282521397126,0.5570873128623948,0.0,61.27479698066616,-32.849189057640125,1.8188807389533252,0.0
87.65322407711272,-15.047048526043255,1.868708591921978,0.0,82.33824159366202,-9.608057475894766,1.1885544092477378,0.0,48.17005286573736,-10.015020426845336,1.1695115103564309,0.0,97.9043997864441,-34.992546005128396,1.309410990557696,0.0,61.9487533622573,-35.90798164312796,0.4649680697023584,0.0,61.291040911637374,-32.835433925376336,1.7900688409355112,0.0
87.88566077561013,-14.995291322451559,2.10059405103293,0.0,82.32834698073492,-9.610713375381913,1.1906727310792107,0.0,48.19522026061372,-10.01762382558725,1.1532299847734429,0.0,97.88313100967432,-35.009274291999226,1.3015708288583454,0.0,62.24083355844053,-36.24593467970005,0.41554376150238603,0.0,61.31196751442534,-32.8232069243851,1.7651257045788107,0.0
88.18158993305099,-14.905458615912485,2.346566303939662,0.0,82.3218705298665,-9.619244739293336,1.192852406928047,0.0,48.231579674596205,-10.008688599539774,1.1337840042740979,0.0,97.86745913615299,-35.017175462630576,1.2972758071349855,0.0,62.58127864460745,-36.64685648353948,0.417870283306665,0.0,61.33679479257508,-32.814076174924736,1.7432832020610896,0.0
88.54343407068744,-14.746201972815824,2.603862128697637,0.0,82.31924400748821,-9.63027191606111,1.194824654447208,0.0,48.27940762405308,-9.985540205871128,1.1134307092558373,0.0,97.85633406726438,-35.012118619678425,1.295576399495392,0.0,62.96384052072133,-37.09207387691214,0.47298394797327337,0.0,61.36409903927061,-32.80935504210423,1.7231804428228035,0.0
88.97119787391249,-14.490494235685047,2.8729845848872664,0.0,82.31982125270254,-9.640388472516104,1.1963054460269493,0.0,48.34139592219012,-9.947521342860401,1.0951116351812296,0.0,97.84816780636444,-34.993282515919894,1.2954670615722144,0.0,63.38417829572489,-37.558468645413384,0.574123347436081,0.0,61.39222873788935,-32.809642346778816,1.7032531352599953,0.0
89.4628100502066,-14.123852630758746,3.158899787196617,0.0,82.32223897416347,-9.647477645156346,1.1969906456072419,0.0,48.42222988986606,-9.895329887679136,1.0830882599527776,0.0,97.84161783813586,-34.96306434219683,1.2961695802710107,0.0,63.84047790159779,-38.02315346679639,0.708945892090461,0.0,61.41977037303955,-32.81471697285404,1.6822725947539272,0.0
90.01404126601368,-13.65049006461004,3.4702055698649126,0.0,82.32501413502378,-9.651345450239466,1.19664800683522,0.0,48.52658088452246,-9.829236643756854,1.0844679833406818,0.0,97.83614926163972,-34.92624843449584,1.2973391473019618,0.0,64.3334588000704,-38.4674574895196,0.8628273424180639,0.0,61.4459491295138,-32.823686056636625,1.6598109595231811,0.0
90.61787453916075,-13.095303237941264,3.814723692107176,0.0,82.32710870128993,-9.653394429154645,1.1952770118095888,0.0,48.65669264199136,-9.746921662596582,1.1106542904292223,0.0,97.83218923571486,-34.88862509173147,1.2992012458673603,0.0,64.86615873089724,-38.879186690190615,1.022038199495145,0.0,61.47083169513464,-32.83521711890844,1.6363944266177093,0.0
91.26426113145179,-12.499846544278096,4.19266193080159,0.0,82.32825754936704,-9.65555496528438,1.1932197461384355,0.0,48.81107342343408,-9.642176599785452,1.1773584477222627,0.0,97.83086035506969,-34.855419472482986,1.3025512386540612,0.0,65.44351880612079,-39.25282163047568,1.1758436467301205,0.0,61.49524498289047,-32.84774781055434,1.6132535699975836,0.0
91.94154886693602,-11.912210527490066,4.5916848840809426,0.0,82.3289668667934,-9.659080008452023,1.1910960559582833,0.0,48.98524112873139,-9.505454340033001,1.3023985646964817,0.0,97.83344349584422,-34.830018927275795,1.308516152270391,0.0,66.07152789461387,-39.58798169429917,1.3172115590884719,0.0,61.5204327081072,-32.85967168675144,1.5917966808147597,0.0
92.63961894780033,-11.374283857104363,4.988271833803896,0.0,82.33021637267082,-9.66384701352453,1.1895454039911204,0.0,49.17443327352947,-9.326475801027113,1.50161167274495,0.0,97.84082205539183,-34.81340819026474,1.318084799413894,0.0,66.75577483865833,-39.886858695085714,1.4424038265072499,0.0,61.54757381536289,-32.86956355002194,1.5730637533124288,0.0
93.35300745948393,-10.912088753981749,5.35550257005179,0.0,82.33302773575205,-9.66844113784234,1.1889165526485979,0.0,49.377214380722876,-9.098269472846733,1.7839383323868763,0.0,97.8531732306722,-34.80440973306443,1.3315904414934288,0.0,67.49960352116679,-40.151421514814444,1.5499648396909826,0.0,61.577328054545774,-32.87648693588582,1.5573790909301266,0.0
94.08201689683187,-10.532912037238344,5.672727126629729,0.0,82.33812637950768,-9.670803395073566,1.189108159967848,0.0,49.598364861967234,-8.821357430978473,2.146811105629901,0.0,97.8700594191883,-34.80046617320795,1.3484068938121858,0.0,68.30242197948965,-40.38117763574225,1.6395567066214358,0.0,61.60955436355053,-32.880342533792266,1.544284693839824,0.0
94.83124627719076,-10.228757200436839,5.9318210252317005,0.0,82.3458444634433,-9.669010799060423,1.189661150770279,0.0,49.849559834553716,-8.506353736346119,2.572898454313737,0.0,97.89083452673492,-34.798545671159715,1.3670123429193435,0.0,69.1588577468359,-40.57219044183554,1.7109672803475737,0.0,61.64329039276962,-32.88213765529175,1.5327267702673666,0.0
95.6065147313546,-9.983096507605243,6.137644537138369,0.0,82.35623387471925,-9.661897440889547,1.190024570051614,0.0,50.14729946781479,-8.173266597492972,3.029545058205228,0.0,97.9150557011296,-34.79587516535399,1.3853820541462554,0.0,70.05923216267452,-40.717773780337524,1.7635816732882335,0.0,61.67699159403193,-32.88403069176181,1.521408786472577,0.0
96.41174528477433,-9.777913972952668,6.3036837120802485,0.0,82.36923697053297,-9.649453693348185,1.1898066817226844,0.0,50.509110558424794,-7.846938952449351,3.472471853208461,0.0,97.9425913733123,-34.790427579437534,1.4015421082749935,0.0,70.99128018018462,-40.810737401855725,1.7965619865538383,0.0,61.70891747807225,-32.889035074066236,1.5091905466154483,0.0
97.24711874022701,-9.59905994028417,6.445605340627898,0.0,82.38478467633891,-9.632999968667983,1.1888545010526528,0.0,50.95009926039698,-7.5503233010739965,3.8542224429764236,0.0,97.97336722671284,-34.781193143620776,1.4140985179623549,0.0,71.94245080275957,-40.84640169132712,1.809723142468357,0.0,61.73749421831198,-32.9003444477544,1.4954121523510278,0.0
98.10908557761992,-9.438918317636967,6.575529274400115,0.0,82.40278809598837,-9.615055034673931,1.1871372371413234,0.0,51.4811990502229,-7.298945692043114,4.1353105544223485,0.0,98.006949930457,-34.76825129873984,1.422594925310026,0.0,72.90186363383707,-40.82517243446044,1.8046416579874478,0.0,61.761554416907686,-32.92036802342366,1.480050439766151,0.0
98.99189372770306,-9.296337407944279,6.698860856892203,0.0,82.42305429113252,-9.598800636876732,1.1845475607403397,0.0,52.10843213068748,-7.09909222728318,4.294025376431318,0.0,98.0422208319157,-34.75265075153412,1.4276089206196243,0.0,73.86125391255479,-40.75352393039679,1.7852320156050556,0.0,61.78049537083238,-32.94972887401113,1.4636466166585205,0.0
99.8895516605195,-9.174719308723667,6.814166181541445,0.0,82.44515559139323,-9.587183409232011,1.1807985721464735,0.0,52.83152599183342,-6.949663722828035,4.331213744321628,0.0,98.07731090272692,-34.73612476758462,1.4305681714971286,0.0,74.81483131398997,-40.6428425962575,1.7572393490560447,0.0,61.794439887392386,-32.986600573670295,1.4470086304334728,0.0
100.79707480527289,-9.079655558407945,6.91535607573827,0.0,82.46826769306578,-9.5819181810071,1.1755372400157373,0.0,53.64152440617321,-6.845766503287335,4.268511567252391,0.0,98.10991067651509,-34.72066810356345,1.4333276726206847,0.0,75.75848481561584,-40.50655566855503,1.7267663323968723,0.0,61.80438052659858,-33.02674009114481,1.430818787102746,0.0
101.71050010004303,-9.017178220451001,6.994813966776613,0.0,82.49104707853904,-9.582805573057078,1.1686307594612835,0.0,54.519169818374536,-6.781960197829205,4.1409359936665595,0.0,98.13797505050209,-34.70800941601732,1.4376092480687497,0.0,76.68891023791898,-40.35681851254643,1.698551896348345,0.0,61.81217675766244,-33.064377833745375,1.4153640848823574,0.0
102.62599096545361,-8.992832843733835,7.046206312288367,0.0,82.5117179581094,-9.587734449466414,1.1604274758426492,0.0,55.43651157941326,-6.753849426427403,3.9867694758509007,0.0,98.16059713206809,-34.69910105776136,1.4444924258473257,0.0,77.60309187273022,-40.20217272040566,1.6748124334131678,0.0,61.82029087798273,-33.09378898849454,1.4005278768626184,0.0
103.53882409477245,-9.011042837402574,7.066301255443351,0.0,82.52851851728845,-9.59350058635716,1.1517979051495537,0.0,56.362504008781514,-6.757666062768484,3.8386546765791536,0.0,98.17858897888993,-34.69387331149065,1.4541691768075449,0.0,78.49830746677976,-40.04690250363394,1.6551026115463632,0.0,61.83127050248858,-33.11103827795639,1.385989134816782,0.0
104.4429475566447,-9.074083663393246,7.055748786829339,0.0,82.54044158704245,-9.597217417103751,1.1439278206600942,0.0,57.27057457299282,-6.788526868682679,3.718882376540833,0.0,98.19435659256916,-34.69148563396125,1.4660508143412638,0.0,79.37250800054012,-39.89185362206165,1.637163928996884,0.0,61.847094026956384,-33.11527946701383,1.3714558480075798,0.0
105.33132955038651,-9.180469510537868,7.019133993623065,0.0,82.54795588279127,-9.597748816447814,1.1379987862379704,0.0,58.1446749100055,-6.838807677790264,3.639253384888905,0.0,98.2110021385809,-34.69102953934733,1.47914828285567,0.0,80.22466432692758,-39.73590317837533,1.618332525544604,0.0,61.86854618756525,-33.10916407327453,1.3568024633245024,0.0
106.19684605220334,-9.323439684818961,6.964642673480203,0.0,82.55330136901435,-9.596444643209104,1.1349275103337977,0.0,58.98133640392882,-6.89798003494182,3.6035484010607224,0.0,98.23101769295715,-34.692234642907884,1.4925503725662903,0.0,81.0546848767375,-39.57730352300953,1.5969175420697947,0.0,61.89483430253292,-33.098192652872974,1.3420936484533872,0.0
107.03321563015689,-9.490874562595094,6.9034248698717935,0.0,82.56006607394212,-9.596695758480601,1.1352773375456238,0.0,59.78756621851679,-6.954338064317476,3.610199653652135,0.0,98.25522318120025,-34.69558840840963,1.5057955925909141,0.0,81.8628232458095,-39.41453930282573,1.573076688104459,0.0,61.92366731142651,-33.089107932059186,1.327535276367433,0.0
107.83554319980527,-9.667524836660874,6.848363902972453,0.0,82.57205255251327,-9.602422168839302,1.1393515069066407,0.0,60.57618483063431,-6.997964761154899,3.653942396609178,0.0,98.28254054819942,-34.70165880303945,1.518967305664244,0.0,82.64887000785345,-39.24675913334959,1.5489616982916932,0.0,61.95188150262732,-33.08775366369299,1.31339366706786,0.0
108.60038258270919,-9.838968953146981,6.811837933434846,0.0,82.591830186854,-9.616216202167308,1.147326063154333,0.0,61.360720834720475,-7.023653013023611,3.726593091395449,0.0,98.31073685422176,-34.71005213053433,1.5324432644302988,0.0,83.41159547504438,-39.07399678087478,1.5281298591352481,0.0,61.976425668683966,-33.09714493566327,1.299913036882419,0.0
109.32569864070184,-9.995564618597932,6.802489239028564,0.0,82.61958630847298,-9.638050998074046,1.159191894638937,0.0,62.15158527181726,-7.032495746448994,3.817707243567387,0.0,98.3376663270445,-34.71877292974775,1.5463831385986513,0.0,84.1487832832673,-38.89724936685663,1.514429913237345,0.0,61.995317103067364,-33.11652125003795,1.2872406278941657,0.0
110.01128414860833,-10.13482774160273,6.821819098022192,0.0,82.65274638294197,-9.665122477268977,1.1744444720687461,0.0,62.95441937349085,-7.031396338353966,3.9157284650531334,0.0,98.36223263208358,-34.72449002183492,1.5602111837304093,0.0,84.8578479581397,-38.718279218464986,1.5107742609179802,0.0,62.00819200092553,-33.14176054430689,1.2753472223696907,0.0
110.6597376262229,-10.261616543734476,6.862109023828409,0.0,82.6864732256979,-9.692797827150649,1.1918044542896293,0.0,63.77054052255435,-7.0305899231192,4.009771444421624,0.0,98.38453537364629,-34.7236175335291,1.5724495687437994,0.0,85.53668351904322,-38.53904057768724,1.5182569227411005,0.0,62.01624593188127,-33.166977594711256,1.2639538502644072,0.0
111.27728304385275,-10.386292595462255,6.907152099119563,0.0,82.71484663675892,-9.716147493006556,1.2093645465728287,0.0,64.59858384732324,-7.040064726594613,4.091687818044729,0.0,98.40526705823912,-34.71368183583183,1.5811467237847339,0.0,86.18429399766242,-38.36088309776059,1.5358827126938817,0.0,62.02157604775071,-33.186729686776125,1.2525328037696095,0.0
111.87327893480006,-10.52156664285959,6.936231991957933,0.0,82.7323719758455,-9.731353664649745,1.2252224340118865,0.0,65.43611798469793,-7.066195113874761,4.157698312788508,0.0,98.42492052854065,-34.694383260779006,1.5848078711746822,0.0,86.80097990819861,-38.183850005627576,1.5608786307389213,0.0,62.026159526421644,-33.19807488662327,1.2404549897955253,0.0
112.45777704574205,-10.67908847695088,6.930203805213607,0.0,82.73545238153861,-9.736470705593002,1.2381959047940132,0.0,66.28040725741658,-7.109812569135542,4.208826281515048,0.0,98.44342636032952,-34.66793696213687,1.5833620617622852,0.0,87.38820616327365,-38.00630011722337,1.5893559908005717,0.0,62.03091674767529,-33.20171142549944,1.2272599958118402,0.0
113.03770822735612,-10.866652353267497,6.877499108779452,0.0,82.72351765247004,-9.731414989996903,1.2481081045967262,0.0,67.12831078618606,-7.166446291229077,4.2497977658677115,0.0,98.46048003741328,-34.63851711627297,1.5785841791735287,0.0,87.94846598523824,-37.82488874232722,1.617050349621513,0.0,62.035376535967345,-33.20163485521539,1.212895334813199,0.0
113.61340974691093,-11.086206437271107,6.777911302979242,0.0,82.69951924703945,-9.717427267275752,1.2554669082093426,0.0,67.97592383620668,-7.22872140237407,4.2868222192420244,0.0,98.47630801180442,-34.610925398372295,1.5736629644330424,0.0,88.4853156110475,-37.63484749266758,1.6399601340324974,0.0,62.03819512309821,-33.20331892694224,1.197733744364676,0.0
114.17750841923059,-11.332627484552514,6.642652363160168,0.0,82.66947574487598,-9.696448423269999,1.2608121900992941,0.0,68.81857021623642,-7.290055619148066,4.325232039277221,0.0,98.49228754896212,-34.588962504367245,1.5720822029595087,0.0,89.00337940220824,-37.4305288332608,1.6548493116609375,0.0,62.0382488060969,-33.211199899267896,1.182309536803098,0.0
114.71720555673842,-11.594073076221063,6.490041754336846,0.0,82.64089420586599,-9.670872401625765,1.2642166957347722,0.0,69.6512875459816,-7.348116807237478,4.367905628332609,0.0,98.51089398753231,-34.57421926647678,1.5763294054370256,0.0,89.50784848967794,-37.206240820880986,1.6596637780189418,0.0,62.03563177207052,-33.22668336947393,1.166934680871547,0.0
115.21915665981422,-11.85535288590046,6.3377501825605576,0.0,82.62038493754623,-9.643918846355415,1.265278135957299,0.0,70.46951696558715,-7.406407443630478,4.414797287691252,0.0,98.53487296374503,-34.5658679568065,1.5869748887869868,0.0,90.00312855562457,-36.9574319300017,1.6538923001350287,0.0,62.03197468128739,-33.247597725621304,1.151447508968845,0.0
115.6748611537062,-12.10407716965479,6.19473247915438,0.0,82.61145946337554,-9.620347959867441,1.263536711541132,0.0,71.26971349141347,-7.473073705119564,4.463278953214028,0.0,98.56603423052438,-34.56151803793924,1.602439864994409,0.0,90.49079824958935,-36.68225492080482,1.6388138324417056,0.0,62.029942902202514,-33.26920335181519,1.135214495230942,0.0
116.08464109131197,-12.336370246945354,6.056935075319821,0.0,82.61378674744691,-9.606697076786219,1.258891749527045,0.0,72.04988468597297,-7.557404329741938,4.508836388444566,0.0,98.60427902004886,-34.55864008494285,1.619492961142484,0.0,90.96758385133779,-36.383366991172274,1.617454900858002,0.0,62.032216866594425,-33.28612979788619,1.117331602712678,0.0
116.45881730894641,-12.558839259045293,5.908793362205913,0.0,82.62458114428283,-9.610207377069104,1.251602133856963,0.0,72.81005581899585,-7.665841663330415,4.54587187997944,0.0,98.64728055898138,-34.55583643733158,1.6342956368066393,0.0,91.4243421180298,-36.06946151769985,1.5940099729205865,0.0,62.04045790074529,-33.294367253484005,1.0969439101701042,0.0
116.81499624049265,-12.78697482943187,5.728855571630958,0.0,82.64148113037346,-9.636394853850884,1.2418395594918987,0.0,73.55220865345187,-7.799752761302097,4.568472558693832,0.0,98.69088845407242,-34.55342263033645,1.6436615601438547,0.0,91.84693589125979,-35.75560188074952,1.5726283796006868,0.0,62.054677858252255,-33.29265222926818,1.0736311231271394,0.0
117.17165760394312,-13.042342446595107,5.496036072672284,0.0,82.66513027653693,-9.686350294648197,1.2291533476781655,0.0,74.27910369641,-7.956142861277555,4.5708942006013995,0.0,98.73014875650937,-34.55317361821306,1.6461204491211046,0.0,92.2192908430368,-35.4613498816827,1.5559535677596283,0.0,62.07317178269043,-33.28293943451682,1.04774357061034,0.0
117.54029279576442,-13.349042625497455,5.194418109785627,0.0,82.69963791059126,-9.755369953238635,1.2123041434348014,0.0,74.9921062270334,-8.130552931096245,4.547595059233297,0.0,98.7607720190438,-34.55746898670851,1.6424022403703304,0.0,92.52789174927729,-35.20646761798806,1.5442832357236718,0.0,62.0929352602521,-33.26989475100957,1.0204865665516074,0.0
117.91943272185006,-13.727644198642837,4.816861554739528,0.0,82.7503834719394,-9.833788339155552,1.1897365113329688,0.0,75.6890320227806,-8.320053205755684,4.493074394286024,0.0,98.78064673160587,-34.568311661101774,1.6350954988450663,0.0,92.76603063760194,-35.00552415217423,1.5360071600502732,0.0,62.11038985313547,-33.25953796909517,0.9936249961227421,0.0
118.29351415777454,-14.186191649391013,4.3680999049728495,0.0,82.82031514185243,-9.909466021072795,1.1606108974385574,0.0,76.36315774045406,-8.524434548351582,4.402068537880641,0.0,98.79069879967064,-34.586682391172715,1.6275776138435365,0.0,92.93601279018338,-34.86383573441459,1.5289808035222237,0.0,62.1222322825407,-33.2574708476564,0.9689528721807736,0.0
118.63771521418204,-14.711734799359125,3.8667462685672715,0.0,82.90666258424667,-9.970619903322946,1.1259841276683087,0.0,77.00386907235098,-8.744977546368732,4.270455438025117,0.0,98.79456279231418,-34.61241945997767,1.6227605359321196,0.0,93.0484370423442,-34.77659450998052,1.5217376711321329,0.0,62.12620637747895,-33.267394192237795,0.9478895044433653,0.0
118.92688247649659,-15.267784659591317,3.344708472574289,0.0,82.99954697955958,-10.008076452912128,1.0896066497646917,0.0,77.59862423526543,-8.98153508084372,4.096672773683771,0.0,98.79719326818355,-34.64447552112441,1.6222590354957962,0.0,93.11897702396347,-34.731203396787,1.5137950832405807,0.0,62.121587836162014,-33.29045089686575,0.9314073258241802,0.0
119.14421168198913,-15.80113193560842,2.8429824979235185,0.0,83.0832017218238,-10.01678090500322,1.0578763740004469,0.0,78.13550376390951,-9.22951272859992,3.8829958910963693,0.0,98.80311498057,-34.68124537746623,1.6261613683949872,0.0,93.16405736218776,-34.71129208617293,1.5052278990267691,0.0,62.10927655684113,-33.32533317893276,0.9200894532752812,0.0
119.28554323191526,-16.256725311119375,2.4042250141906907,0.0,83.13995540727898,-9.99670257838966,1.0386433430743658,0.0,78.60559154403784,-9.478501206851487,3.635985290835393,0.0,98.81508520198913,-34.72075421780954,1.633215956421168,0.0,93.19705335796714,-34.700601143053106,1.4961314556928915,0.0,62.09156531742106,-33.368692069588896,0.9139787002468456,0.0
119.35825668670236,-16.594467778797753,2.063702224926132,0.0,83.15624813498052,-9.95310544876459,1.0388678204679493,0.0,79.00457642825354,-9.713617303816294,3.3658376287280607,0.0,98.83357893849266,-34.760715058812885,1.641240118496352,0.0,93.2261571932732,-34.68564485808241,1.4863637046084524,0.0,62.071689671753354,-33.41563581279619,0.9122164840756337,0.0
119.37710491004957,-16.80040118433188,1.8406196626000755,0.0,83.12840979249509,-9.895817973607018,1.0617130464687836,0.0,79.33322263375031,-9.919158469211837,3.0849473837530113,0.0,98.85704146063978,-34.79861011313718,1.6477009368136528,0.0,93.25421070543915,-34.656986414236016,1.4755496530412842,0.0,62.05316905710719,-33.46053829677754,0.9128636447132674,0.0
119.35982124334149,-16.887962883298837,1.732250371570351,0.0,83.06493049779303,-9.837084592748297,1.1043823665991397,0.0,79.59672999953884,-10.082874195996768,2.8062658836003447,0.0,98.88261224637785,-34.831929708156984,1.6504671962390187,0.0,93.28006383123464,-34.60949182854358,1.4631524678759948,0.0,62.038982624875636,-33.498278044313835,0.9132537688519822,0.0
119.32374826847146,-16.89009238542206,1.7136823231747194,0.0,82.98332175634863,-9.788271207468188,1.1582769344385344,0.0,79.80335620676325,-10.199006363461605,2.5419009472691307,0.0,98.9070383629121,-34.85856823513791,1.6485881124794446,0.0,93.3006401300436,-34.542009330380864,1.4484784936525017,0.0,62.03082560762932,-33.52550992590505,0.9107872160291155,0.0
119.28393951808799,-16.84686713892223,1.7446806942855915,0.0,82.90310214333984,-9.756745654247968,1.2120083956200016,0.0,79.96283809930642,-10.269184630034278,2.3021051462059887,0.0,98.92755614645556,-34.877245694441825,1.6427604046077295,0.0,93.31288953608984,-34.45676633434983,1.4306346223571555,0.0,62.02878599197388,-33.54135033379439,0.9037128647287904,0.0
119.25291903491447,-16.79439076878966,1.781693797169,0.0,82.83891575771632,-9.744410620705501,1.2557936690239213,0.0,80.0850798813626,-10.301322812281436,2.094602121691592,0.0,98.9425169639039,-34.88778746976634,1.6351992091135497,0.0,93.315075191354,-34.358569096590095,1.4085838322725728,0.0,62.03159402230612,-33.547196218481915,0.8914975318052303,0.0
119.2410172208278,-16.75847830938188,1.7902012439577106,0.0,82.79706190223031,-9.748279932477143,1.2847150709392938,0.0,80.17930830122722,-10.307202683390988,1.924123252115594,0.0,98.95159239143156,-34.8911703667032,1.628954524529112,0.0,93.30723434362066,-34.2537624113231,1.3814605956989965,0.0,62.0372738669786,-33.54591353555563,0.8747206166867532,0.0
119.25552009706894,-16.753218085081166,1.752914645253675,0.0,82.77604110490665,-9.76235005060191,1.2993479824930763,0.0,80.25355940578432,-10.299556152754464,1.7920644253733151,0.0,98.95561608580358,-34.88935185548399,1.6269524057407718,0.0,93.29099499364204,-34.148973894004314,1.3491410370491561,0.0,62.043836265629736,-33.540880679062305,0.8547181720509425,0.0
119.29859191259261,-16.782401653493118,1.6716187700008733,0.0,82.76967988116876,-9.779775914600648,1.3041268177273064,0.0,80.31422314773299,-10.289431213755089,1.6963332863205558,0.0,98.95629931410076,-34.884939726650316,1.6310159405883695,0.0,93.26906211551777,-34.0498772431074,1.3127897397776902,0.0,62.04971950777539,-33.53526214234734,0.8332351037781542,0.0
119.3661453981263,-16.841796409832995,1.5626838643776733,0.0,82.77087566217251,-9.794706798154861,1.3048547330905294,0.0,80.36558539048706,-10.284440929632993,1.6316214547121142,0.0,98.95596167870181,-34.88072433014281,1.6411161636832823,0.0,93.24461664111448,-33.96032297075426,1.2749739612408657,0.0,62.05390982827101,-33.53161925438162,0.8121678675195341,0.0
119.44927431676308,-16.92139011614039,1.4484585138505208,0.0,82.77442557092095,-9.803450563454431,1.3066070826633958,0.0,80.40962892093322,-10.288095546629608,1.590294364410017,0.0,98.95721114153204,-34.87908774965068,1.6552368841568335,0.0,93.22075914079323,-33.88205915140749,1.2391290566260231,0.0,62.055857885627546,-33.531774768377026,0.7933004942057078,0.0
119.53714905859441,-17.007875208071695,1.3482949503259238,0.0,82.77816176696369,-9.80478862626305,1.3125884911622325,0.0,80.4463938534879,-10.300021359374597,1.563810131979567,0.0,98.96251917425317,-34.88139072085504,1.6701235806196504,0.0,93.20008582043057,-33.81501027672067,1.2085549936727205,0.0,62.05536519045351,-33.53680758201151,0.7779345913714355,0.0
119.61936114296113,-17.087942090707678,1.2725865130326302,0.0,82.7824448103312,-9.799459609173987,1.3239423821429117,0.0,80.47490596734238,-10.316755074232962,1.5442918993874493,0.0,98.97380921244635,-34.88753223226425,1.6826251597209527,0.0,93.18445566212174,-33.757885257586466,1.1853993532300624,0.0,62.05257473626999,-33.54709306051217,0.7664768360863317,0.0
119.68728644100699,-17.152046203210467,1.2214255709279342,0.0,82.78873936254975,-9.789156323458847,1.3402627833720633,0.0,80.49435472974898,-10.332936348601901,1.5258128382221923,0.0,98.99218436528905,-34.89587326066164,1.6908683391387616,0.0,93.17492315514772,-33.70882874334952,1.1700571694903488,0.0,62.048105040290906,-33.56235198382381,0.7582007563334034,0.0
119.73514921232471,-17.197057734994367,1.1873631280625556,0.0,82.79824286968346,-9.775635135446423,1.3604477514731688,0.0,80.50508046486422,-10.342825504098299,1.5050978398337946,0.0,99.0177823188653,-34.90366540363425,1.694677477676306,0.0,93.17172879104821,-33.66591407019931,1.1611901028666445,0.0,62.0432364049891,-33.58173142926539,0.7513933674465854,0.0
119.76095988540331,-17.226276939959465,1.1601140996158197,0.0,82.81125200241505,-9.760415183629643,1.3834538993472751,0.0,80.50900537622744,-10.341981121337867,1.481545656083398,0.0,99.04974584862373,-34.908095444137324,1.6951909441887079,0.0,93.1742693285933,-33.62743613208591,1.1563039181250758,0.0,62.039956807894,-33.60403372140761,0.7439501349424535,0.0
119.76673363579326,-17.246793105345777,1.13077489784472,0.0,82.82735767738988,-9.745053952267055,1.4085906060142275,0.0,80.50931304810528,-10.328734570705631,1.4566329694255913,0.0,99.08645036762675,-34.90797549775969,1.6939368426637458,0.0,93.18109074679028,-33.59206738669056,1.152595129242794,0.0,62.040703451528046,-33.62826156780927,0.7343255354449099,0.0
119.75741632877421,-17.265647620897873,1.0941854766598684,0.0,82.84605586209818,-9.731529926871008,1.435318882907593,0.0,80.50943564685613,-10.304991051680265,1.4328906096324836,0.0,99.12616433991363,-34.90586545381592,1.6916409718081518,0.0,93.19001925141768,-33.55892580894624,1.1476627445280148,0.0,62.04782060542532,-33.65451936403821,0.7226377357164946,0.0
119.73862623164466,-17.286676032379503,1.0494675168681358,0.0,82.86720510099573,-9.722201861949916,1.4629080469258167,0.0,80.51176357294733,-10.275980886339255,1.4127622697898765,0.0,99.16807573856254,-34.9100126781953,1.6870898289617813,0.0,93.19850108017897,-33.52755713401479,1.13981965473819,0.0,62.06297280803266,-33.68499328237409,0.711607800796676,0.0
119.7140625279843,-17.30920127215459,0.999501736014123,0.0,82.89096378827293,-9.719115800120992,1.4904521265472432,0.0,80.51675355510685,-10.248886642734673,1.3976978635568056,0.0,99.21330521442358,-34.935138522364,1.6766032347325321,0.0,93.20412208520945,-33.49785161272894,1.1280966568711737,0.0,62.08681927348549,-33.72447886163613,0.7069062038413687,0.0
119.68371750825055,-17.328591757205015,0.949986091259591,0.0,82.91725354479863,-9.722829713821136,1.5175269572725156,0.0,80.52295421633936,-10.230712382142642,1.3877130988942525,0.0,99.26551756132362,-35.001161129778595,1.6547527480217656,0.0,93.20519019717568,-33.46997089944836,1.1122647599672764,0.0,62.11911896285699,-33.78003838501471,0.7165452559909902,0.0
119.64373172842036,-17.337965023786634,0.9082568635736159,0.0,82.94517500095453,-9.731173667109635,1.545339284313071,0.0,80.52790224796144,-10.226146064156922,1.3814342362513745,0.0,99.33106378266213,-35.12960772332551,1.6164909130457268,0.0,93.20119253356697,-33.44437772476137,1.093021246663966,0.0,62.15923558669698,-33.85982043751879,0.7492763380457159,0.0
119.58807323989018,-17.330329382147028,0.8818088058020876,0.0,82.97290037575114,-9.738314756722074,1.5779044044531343,0.0,80.52932734760383,-10.236227342907757,1.3765145372410181,0.0,99.41881913396095,-35.33842202255804,1.559969188834561,0.0,93.1929093136158,-33.42201208580087,1.0721062660449068,0.0,62.20687864889263,-33.97149431542928,0.8123758680015598,0.0
119.51147505212539,-17.300720277903267,0.8765969367199666,0.0,82.99832169021624,-9.734256944276698,1.6227522518209092,0.0,80.52604111671862,-10.258287632636385,1.3702965141638632,0.0,99.53977489577782,-35.6365832698268,1.4886521418289647,0.0,93.18206523910504,-33.40454657277134,1.0520228975146253,0.0,62.262856501387354,-34.120850980188095,0.909499733901237,0.0
119.41246619932936,-17.247889755300193,0.8955129657687362,0.0,83.02034526802501,-9.704841801134645,1.69078429804164,0.0,80.51821022258477,-10.287100823477992,1.3605936291546747,0.0,99.70625449018267,-36.02022502606866,1.4113830857978318,0.0,93.17064169473761,-33.39451119842151,1.0353344191576337,0.0,62.32963602857511,-34.310906629623766,1.0393121092894138,0.0
119.29515000403852,-17.174997326990923,0.9375376766627124,0.0,83.0404611166626,-9.632586967780663,1.7950733876279976,0.0,80.50708694051166,-10.316761816845222,1.3464077352502102,0.0,99.93068057128023,-36.47185991630982,1.3399329728926404,0.0,93.16019549391861,-33.395009819817936,1.023859408644169,0.0,62.41160792561764,-34.54151440645019,1.1953528656627412,0.0
119.16883814856104,-17.088999349257158,0.9978575223668127,0.0,83.06414695310008,-9.498987955419757,1.94865511952443,0.0,80.49445618504838,-10.342603015761904,1.3283317064587337,0.0,100.22408484665652,-36.963712265491196,1.2850450591599127,0.0,93.15152601867523,-33.40887596902663,1.0181725245121953,0.0,62.515046386307574,-34.80928988740571,1.367214942358789,0.0
119.0456269754964,-16.99903051156398,1.0688886085407798,0.0,83.1016523059474,-9.288759766694202,2.161638591203337,0.0,80.48205320601383,-10.362463429211257,1.3084163983769415,0.0,100.59474998738106,-37.46464571028829,1.2531789032503529,0.0,93.14479962783322,-33.43741333160309,1.017655562467434,0.0,62.647740367814635,-35.10770476946846,1.5427003971963718,0.0
118.93694490903879,-16.91445536657958,1.1418814823217573,0.0,83.16764965397464,-8.995621078759905,2.4380704981281633,0.0,80.47113301672327,-10.376866008711279,1.2894744909901021,0.0,101.04728097954931,-37.94818521181417,1.2457871851442857,0.0,93.13998310778734,-33.47916098640269,1.021080792047636,0.0,62.81823821524642,-35.427357813120686,1.710318282850933,0.0
118.85046322431825,-16.843135220302553,1.208627809124195,0.0,83.27928115250404,-8.627648952277413,2.773015061025161,0.0,80.46232482529527,-10.388102657144989,1.2740783954960975,0.0,101.58210913779271,-38.39828112446612,1.2610421589228693,0.0,93.13732925513354,-33.52925946260397,1.0274501602126485,0.0,63.03471683751721,-35.75645471614551,1.861370865279028,0.0
118.78846147780239,-16.79014723928655,1.2627481307914739,0.0,83.45265560951884,-8.208778421843403,3.1507558315096054,0.0,80.45583335539922,-10.398689232610693,1.2636816831417796,0.0,102.19528699272637,-38.81072225089395,1.2962705424130938,0.0,93.13768930622636,-33.57990865854303,1.0366365304800755,0.0,63.30366064278668,-36.08141186481637,1.9910017742411625,0.0
118.74802267930062,-16.75710921849457,1.3001833722203848,0.0,83.69902147703016,-7.773632903276695,3.545840604165675,0.0,80.45185186001424,-10.409905076022602,1.2582108622019046,0.0,102.87859714089234,-39.19040416574743,1.3493986234277529,0.0,93.1425038919667,-33.62205817137905,1.0494237602693772,0.0,63.628707527366814,-36.38746582706009,2.0979243989657466,0.0
118.7226770674555,-16.742316200232754,1.318895039450739,0.0,84.02274188717602,-7.356762428776898,3.92837690890381,0.0,80.45084893778453,-10.421049064861586,1.2562250109587794,0.0,103.62020619251147,-39.54625675117174,1.4189158401171529,0.0,93.15341532103072,-33.647882186183836,1.0669189891369317,0.0,64.01007392795904,-36.659330324019216,2.183035062057865,0.0
118.70470696762025,-16.741732626758797,1.3182312275714025,0.0,84.42232252324636,-6.981762604968985,4.272350520546432,0.0,80.45348257152855,-10.429677267459166,1.255520787708754,0.0,104.4060255537054,-39.885951333910235,1.5028552364480134,0.0,93.17159059398506,-33.65307820173876,1.0897552786424463,0.0,64.44481149689031,-36.88213503189836,2.24761812192585,0.0
118.68737687178474,-16.75046838767528,1.2985812952073204,0.0,84.89347958976919,-6.655808796944548,4.562918854215493,0.0,80.46026740245445,-10.43264387680657,1.253945956286108,0.0,105.22161699345446,-40.21203390665593,1.5975054603258343,0.0,93.19703112558872,-33.63805237186299,1.117568279411632,0.0,64.9277934828306,-37.042887921309415,2.2921229780110988,0.0
118.66658773301873,-16.764102525972014,1.2616148438021195,0.0,85.43205037707204,-6.370930036431219,4.798990223732723,0.0,80.47134830320262,-10.42747673702516,1.2501400384358003,0.0,106.05416359164633,-40.52042657444455,1.696396012201074,0.0,93.22823242835734,-33.607635556254515,1.148915007700003,0.0,65.45298224248026,-37.1324670205149,2.316252485427091,0.0
118.64161356481564,-16.779413088117302,1.2107989088302276,0.0,86.03544046121043,-6.109729359008405,4.990536711002606,0.0,80.48656712007755,-10.413559460436398,1.2439346423384663,0.0,106.89391315458397,-40.80148260152406,1.7899836566979186,0.0,93.2624235559122,-33.569588486914604,1.1815420956169014,0.0,66.01440590159586,-37.14778207008217,2.3203453440930772,0.0
118.61471749337817,-16.79452057954242,1.1515086206031775,0.0,86.70269955681992,-5.85266777242945,5.152817106985983,0.0,80.50569290031414,-10.392693407032782,1.2362668483414634,0.0,107.73463607785409,-41.042954638666444,1.8663559038349007,0.0,93.29632586754882,-33.53243454247291,1.2129023399842875,0.0,66.60643655100104,-37.09343387196525,2.307203553072558,0.0
118.58973688726766,-16.808742155139896,1.0902515094032559,0.0,87.43380716321192,-5.584806851326699,5.300363270845244,0.0,80.52854772794795,-10.368804025012027,1.2286910547872019,0.0,108.57298085624748,-41.2335112575554,1.9128787281324708,0.0,93.32712005993562,-33.50324262479137,1.2408441809180903,0.0,67.2233543287013,-36.982100476953406,2.2831928624791598,0.0
118.57017770338227,-16.822425093121964,1.0331945892312486,0.0,88.22851006076263,-5.300376076075924,5.442778874411093,0.0,80.55486260346456,-10.346822996923615,1.2227707019420748,0.0,109.40705525576355,-41.36526706641856,1.9181530523805161,0.0,93.3532391150633,-33.486016902567584,1.2642785390660176,0.0,67.85863159551296,-36.83310542782086,2.2578595744125955,0.0
118.55769938572219,-16.83682725338785,0.9847409309421096,0.0,89.0848619850247,-5.003914113651476,5.583198741676881,0.0,80.58393147119205,-10.331092315908737,1.21961766563199,0.0,110.23488921840597,-41.43443727083596,1.8734362330534378,0.0,93.37471083810554,-33.48119031915996,1.2834846953641694,0.0,68.50459166226373,-36.66919179120872,2.2421530990465524,0.0
118.55170296245859,-16.85396166737329,0.9468660635419273,0.0,89.99778171340337,-4.707760587462548,5.719265115617512,0.0,80.61436050275994,-10.323889703563207,1.2196702662026428,0.0,111.05338690634763,-41.44028942443813,1.7731379213279368,0.0,93.39297081902623,-33.48629443540615,1.2997849853529395,0.0,69.15288251160288,-36.5122520240794,2.246047750947918,0.0
118.55002891293667,-16.87628862156921,0.9194036321138448,0.0,90.958216415604,-4.427166488987779,5.845761778478018,0.0,80.64425795442183,-10.324692037192571,1.2226683704973969,0.0,111.8579944207401,-41.38333573163052,1.6147235789825114,0.0,93.41026378052001,-33.497423594192796,1.3146537450898332,0.0,69.79569585311549,-36.37926871771096,2.2765479880142845,0.0
118.55014799034763,-16.90614533327448,0.9009397547516524,0.0,91.95342969272741,-4.175286359414137,5.957583016138947,0.0,80.67192930486185,-10.330480545114785,1.2277742744955606,0.0,112.64299680128299,-41.26385365681688,1.3986807626970457,0.0,93.42888462009894,-33.51085909495428,1.328727876782045,0.0,70.42722546474532,-36.27971193820134,2.336765746815164,0.0
118.55024118874958,-16.944870615014427,0.8897503035587171,0.0,92.9683343752708,-3.9600846899444386,6.051741117866793,0.0,80.69666834198586,-10.336901555622235,1.2338107547996824,0.0,113.40229879976596,-41.08146529751669,1.1289117461171543,0.0,93.4505373861524,-33.52419056692142,1.3413370377080565,0.0,71.04475098451502,-36.21513617028565,2.4262065960861747,0.0
118.5499356624025,-16.991816668049676,0.8843090720174747,0.0,93.98707171971749,-3.7838990574755442,6.127794398137258,0.0,80.7190213933204,-10.339744656462583,1.2395786390456287,0.0,114.13052278750233,-40.835945451583136,0.8133780477134476,0.0,93.4759989807534,-33.53647976149613,1.3509043648098942,0.0,71.64896324584994,-36.1809361573555,2.5418441812988615,0.0
118.55058897293537,-17.0437313744371,0.883192512141834,0.0,94.99398296995408,-3.6449562305311014,6.186995691161296,0.0,80.74025443620054,-10.336174294604595,1.2441990075313498,0.0,114.8241914239445,-40.52893572424521,0.46451069602509776,0.0,93.50511972659035,-33.5474960516815,1.3560318571890875,0.0,72.24352811450393,-36.16941653180933,2.679257674761491,0.0
118.55490547950302,-17.095014106470668,0.8845845539669845,0.0,95.97394501520014,-3.539447820265509,6.23098907355176,0.0,80.76140169726997,-10.325376263602472,1.2474051369360009,0.0,115.48271955274224,-40.16592621756539,0.09898779296358029,0.0,93.53707080531348,-33.55661483003996,1.3566275653713653,0.0,72.83415625731708,-36.17286278163667,2.833223086690772,0.0
118.56580565575695,-17.1389726679583,0.885875595872001,0.0,96.91294022725694,-3.463061878805809,6.260862033896341,0.0,80.78260233048792,-10.3085394038817,1.249659973786315,0.0,116.10884828782477,-39.75775052802062,-0.2632426157843639,0.0,93.57070486476067,-33.562219369531626,1.3543639112031212,0.0,73.42750394938318,-36.18549073424382,2.997636165440312,0.0
118.58492892778987,-17.169710066672998,0.8838441617392387,0.0,97.79966649538876,-3.411637141526805,6.2770065452878985,0.0,80.80313695141933,-10.28824553304202,1.2519656712795104,0.0,116.70816856848815,-39.320965248586695,-0.6006364453528121,0.0,93.60490333405909,-33.5621543487157,1.3521598531233874,0.0,74.03018118092726,-36.2038951473856,3.1652224143418675,0.0
118.61144956250585,-17.183976137731882,0.8755427826444979,0.0,98.62786004844246,-3.3812246040249523,6.279700387667231,0.0,80.82201107033393,-10.267441210991198,1.255374606173726,0.0,117.28778106444274,-38.876781169811565,-0.8922323769523697,0.0,93.63881977148645,-33.55505341276704,1.3530066262946168,0.0,74.6480475246254,-36.22638361324364,3.3277528759523207,0.0
118.64172751151328,-17.182332149669147,0.8595134491891496,0.0,99.3978443288858,-3.3680298613316726,6.269780164590826,0.0,80.83866214015278,-10.248318265981808,1.2604230721617569,0.0,117.85463535355181,-38.44858425156977,-1.1199456258486737,0.0,93.67201138094141,-33.54164914564532,1.358837553399324,0.0,75.28578108690434,-36.25195116780489,3.4771944152919065,0.0
118.66994119326449,-17.169213957868415,0.8367094431447732,0.0,100.11585283782286,-3.368564073205345,6.248651613525049,0.0,80.8534731867224,-10.231571671460603,1.2667732680630177,0.0,118.41416685451726,-38.058509834152254,-1.2705072841028962,0.0,93.70453592283027,-33.52505429835554,1.3699959085009823,0.0,75.94649945328091,-36.27959940076073,3.607561469560723,0.0
118.68954167532422,-17.151774583418643,0.810662527576655,0.0,100.79106380139483,-3.380063001893488,6.217381489819438,0.0,80.86789909002901,-10.216435355711065,1.273223254079154,0.0,118.96954583275357,-37.723869211903455,-1.3367463060544083,0.0,93.73704168817657,-33.5096671147652,1.3853900968782327,0.0,76.63124019977532,-36.30832831781065,3.716630018469486,0.0
118.69516033856038,-17.13767588112984,0.786792289765355,0.0,101.43195228921432,-3.400993126781019,6.175378761704996,0.0,80.88402247260586,-10.201533228561194,1.2780780360447022,0.0,119.52159047635585,-37.45427827759698,-1.3181903515732873,0.0,93.77069319572195,-33.49930190489421,1.4030661913199118,0.0,77.33843831631337,-36.337554085730524,3.806509075689151,0.0
118.68445608659853,-17.132404195714795,0.770979299605667,0.0,102.0441404359971,-3.431370318894059,6.119614353150509,0.0,80.90353630899948,-10.186093198511664,1.2797669329642325,0.0,120.06932455797586,-37.25011019841703,-1.221158907024785,0.0,93.80671024357096,-33.49564467191485,1.4208496820914203,0.0,78.06386617419768,-36.367306504043896,3.882560365935424,0.0
118.65927563773886,-17.137198618651187,0.7676429419520119,0.0,102.63083203064632,-3.4727221506939676,6.045156725657492,0.0,80.92659973312851,-10.17078801460035,1.2775056021099402,0.0,120.61104510198646,-37.102565657997836,-1.058493092276196,0.0,93.84555112095819,-33.49786536751039,1.4368202991553272,0.0,78.80142095013909,-36.397763545144464,3.9511179906052867,0.0
118.62549431695807,-17.148815633774316,0.7779369928425481,0.0,103.19495441973517,-3.5276743667911523,5.947121092703949,0.0,80.95132012120646,-10.157639451611967,1.2717191118047957,0.0,121.14549089667167,-36.99537743476428,-0.8488155790391207,0.0,93.88616835021143,-33.50343757329472,1.4495627732639171,0.0,79.54462525329181,-36.428360086736845,4.0171919165115515,0.0
118.59131292216571,-17.16148430823062,0.7991581408652699,0.0,103.7409817561978,-3.599154569087542,5.823312632999429,0.0,80.97435670758898,-10.148989724397236,1.263968568472615,0.0,121.67253272167872,-36.90794369803595,-0.6149759938307184,0.0,93.92591956609823,-33.50947946851582,1.4582793752341576,0.0,80.28822428385892,-36.457134646133326,4.083243486558166,0.0
118.56465295352103,-17.16985045056319,0.826119240870204,0.0,104.27502600555964,-3.6892209888461727,5.676329697981224,0.0,80.99244128566329,-10.146129825757715,1.2563335774834012,0.0,122.19298529743023,-36.81942477546875,-0.3813993075127122,0.0,93.96142375374058,-33.51373537310628,1.462864335458434,0.0,81.02925992694973,-36.48066535275883,4.149339705641198,0.0
118.55087718029611,-17.1709680084407,0.8538123266560955,0.0,104.8033804285702,-3.797813783939734,5.513911797607935,0.0,81.00399409435823,-10.148380816563034,1.2504980765691869,0.0,122.70754222944336,-36.71304636464871,-0.17049198321033998,0.0,93.9900787884811,-33.51476720597972,1.4639407702710479,0.0,81.76734370496503,-36.49434663992019,4.2142159538908395,0.0
118.55168262679976,-17.164378203296693,0.8795893467540523,0.0,105.33079307541075,-3.9221743373590066,5.346840745584055,0.0,81.00990595956843,-10.153144382767831,1.2469848766858167,0.0,123.2151765830252,-36.579675438006745,0.0011347011903630744,0.0,94.0114901092134,-33.51159994134322,1.4627806243704722,0.0,82.50410439305057,-36.49267169967166,4.276512669089524,0.0
118.56511098469007,-17.150984756214335,0.9035998106078811,0.0,105.85968334642598,-4.057742029872795,5.184673435231744,0.0,81.01304398096731,-10.156891079942858,1.2449575855485122,0.0,123.71153558613314,-36.419769701963396,0.12545904819338993,0.0,94.02802184586376,-33.50338430204115,1.461055108392351,0.0,83.24186641598645,-36.46961894852927,4.335642455782317,0.0
118.58617594574156,-17.132156097516706,0.9277092876717639,0.0,106.3907075137992,-4.200617840985972,5.030811918364027,0.0,81.01684295169409,-10.15657426650605,1.2427296902137428,0.0,124.18793315282628,-36.24303781296939,0.2037840264381856,0.0,94.04410392221595,-33.48943600618637,1.4604481629235782,0.0,83.98177163951517,-36.41946835144735,4.392042553665066,0.0
118.60790188118543,-17.10985636832165,0.9540858437439255,0.0,106.92419545675551,-4.350518366691615,4.879240660882015,0.0,81.02391142858353,-10.150787759179735,1.2387074536759872,0.0,124.63149606064184,-36.06563498847209,0.2449698558406812,0.0,94.06456370347225,-33.4696146065206,1.4622314904756806,0.0,84.72187426192158,-36.33806462026859,4.446783770389292,0.0
118.62300120213239,-17.087434408329596,0.9844547442417486,0.0,107.46141191989268,-4.512487654573385,4.714906330299634,0.0,81.03543804670439,-10.140171726143606,1.2322222283134199,0.0,125.02679387701615,-35.90550188406586,0.2617082602808054,0.0,94.09274490334856,-33.44477195969953,1.4669335139912079,0.0,85.45599658668041,-36.224113018229545,4.500654382950126,0.0
118.62626853077674,-17.069999712715738,1.0201249005329043,0.0,108.00457550152238,-4.69608697975165,4.518198901705697,0.0,81.05145564345715,-10.126964435885677,1.2238078385823101,0.0,125.35885311887705,-35.777293601345846,0.2662989441383701,0.0,94.12926271467062,-33.41698549521993,1.4742301265937954,0.0,86.17407511722318,-36.07992513599861,4.5529706834051,0.0
118.61700914951328,-17.063567896159014,1.0621297098204572,0.0,108.55522042781301,-4.911943126947356,4.272205972333117,0.0,81.07137714097645,-10.113969838622758,1.2148616490496327,0.0,125.61686782519631,-35.6887121068795,0.267631969205155,0.0,94.17188191186551,-33.38941735491949,1.4831175910120624,0.0,86.86423249575138,-35.91110327811314,4.600524028823152,0.0
118.6001639563982,-17.0731085242051,1.1108529737860184,0.0,109.11153132827545,-5.166625329625284,3.9701968882788066,0.0,81.0941887878031,-10.10341801537731,1.2069738877903617,0.0,125.79741101301026,-35.639527518206314,0.27031796881153625,0.0,94.21641854056726,-33.36586641023356,1.4923185511592063,0.0,87.51599495820436,-35.72495553671915,4.637158253699983,0.0
118.58505219663732,-17.100519776844262,1.165302210084148,0.0,109.6660717555225,-5.457554376110623,3.6204436955477455,0.0,81.11819369339744,-10.096204198155458,1.2013077790637343,0.0,125.90590357578299,-35.62330282855482,0.2756208890592031,0.0,94.25812081940435,-33.35025472995497,1.5007812806625456,0.0,88.12339249951108,-35.52801446176851,4.654259324761606,0.0
118.58195783721312,-17.14371813051432,1.2229036826522552,0.0,110.20533689765715,-5.770083054388948,3.2461485701066977,0.0,81.14073945214483,-10.091798047270952,1.1982744795652405,0.0,125.95566371310075,-35.63059117271075,0.28303350419364115,0.0,94.2929504047003,-33.34617027134606,1.5080963002903278,0.0,88.6866497466847,-35.323579790642306,4.642017145252828,0.0
118.59820527462148,-17.19740444114546,1.2803987729466986,0.0,110.71172900123929,-6.078715621909716,2.880024728365802,0.0,81.15847716723717,-10.088769099205233,1.1975155843514784,0.0,125.96479082393132,-35.65195424636569,0.2915053680504123,0.0,94.31849853120427,-33.35626738890849,1.5146656641349878,0.0,89.21180493465857,-35.11029530002015,4.591138402614694,0.0
118.63564337488268,-17.25507388402438,1.3352935815172362,0.0,111.16733219698828,-6.353037344150956,2.5553751535657954,0.0,81.16830508416965,-10.085569643320632,1.198080412016397,0.0,125.95199197130007,-35.679712272467114,0.3000558195317229,0.0,94.33453667109092,-33.38132485012083,1.5215008602623588,0.0,89.70837214298975,-34.88243060785459,4.494858109733508,0.0
118.69045478444069,-17.311071989996464,1.3866428559463966,0.0,111.55801590249304,-6.566518668777164,2.296977299054273,0.0,81.1686143077177,-10.081163986936762,1.1987383544557204,0.0,125.93282533375621,-35.70833425667874,0.30801091877511766,0.0,94.34313339395841,-33.41931610754837,1.5296405298130207,0.0,90.18569969319695,-34.632088532910835,4.35112984605354,0.0
118.75498204735523,-17.361589945400084,1.4345444728613561,0.0,111.87642255489808,-6.704535627398714,2.1148764670943896,0.0,81.16022562615535,-10.075288027824508,1.198412112436321,0.0,125.91749960910111,-35.734087596763885,0.31510244165275303,0.0,94.34809430170418,-33.465379512908264,1.539422690637677,0.0,90.64902786996272,-34.353076755209564,4.1644254730153865,0.0
118.82058251949492,-17.404436723851195,1.4788625352427438,0.0,112.12307785497664,-6.76819940811305,2.0028545671362874,0.0,81.14654276483789,-10.06835389785694,1.1965802112176576,0.0,125.91055022247227,-35.75463495546766,0.3214650996689148,0.0,94.35363019670973,-33.51327093184444,1.5500770533976596,0.0,91.09656856477967,-34.04547021673767,3.9460431678459518,0.0
118.8803561920071,-17.438282520961376,1.5181978499452384,0.0,112.30557847566669,-6.772672411597183,1.9418009576325845,0.0,81.1327214780682,-10.061118062857586,1.193350107027813,0.0,125.91197335123388,-35.76886256228464,0.3275096251391254,0.0,94.36265725641529,-33.55774754200261,1.560026323772087,0.0,91.51901613989253,-33.71895021137114,3.7120516370885994,0.0
118.93079108700836,-17.462092060695536,1.5498244555619891,0.0,112.43623161947178,-6.7411173620840215,1.9067236643910528,0.0,81.12400095282312,-10.054255021596212,1.1890737482664395,0.0,125.91910381202298,-35.77679119096395,0.33371873817517894,0.0,94.37554095743313,-33.596395170371075,1.5678281135079573,0.0,91.90220967278815,-33.39259402066677,3.4793281607315265,0.0
118.97192685534107,-17.474950252573755,1.5708106687634267,0.0,112.52882342225794,-6.697069390810308,1.8748130963142122,0.0,81.12378853402264,-10.04803881514324,1.1838305795186184,0.0,125.9285637805455,-35.779303577146315,0.3404400036256856,0.0,94.3899911418662,-33.62967726822606,1.573186887704395,0.0,92.23207035811554,-33.09009964699046,3.261610810139672,0.0
119.00634708822335,-17.476120083203018,1.5800266161043055,0.0,112.5955646366034,-6.658293628299324,1.8314978726391864,0.0,81.13237265331605,-10.042353598338487,1.177329811739309,0.0,125.93773936187239,-35.77763065378686,0.34771729298302567,0.0,94.4022255444472,-33.65928857261854,1.5773468748609556,0.0,92.49949542632466,-32.8323092656076,3.0674480924634917,0.0
119.03773929131059,-17.465217746298112,1.5800820271406746,0.0,112.64535042405176,-6.634076181194603,1.7724775174065552,0.0,81.14690660148149,-10.037045197770109,1.1694053039800902,0.0,125.94544148920852,-35.77281055898832,0.3551921096932116,0.0,94.40885073706691,-33.68606920303781,1.5825497114592277,0.0,92.70305768612178,-32.63087657758749,2.9002619357631474,0.0
119.06961658267647,-17.442515003921446,1.5778120154865611,0.0,112.68380757120978,-6.626030699754358,1.7018076342443402,0.0,81.16263182380035,-10.032307829851687,1.1606623886767355,0.0,125.95173778295133,-35.765414787327074,0.3621254085035144,0.0,94.40855451730212,-33.70888002913861,1.590845479874309,0.0,92.8489628048699,-32.485951065999615,2.7593810407275097,0.0
119.10433466546658,-17.409180305368547,1.582327695028427,0.0,112.71450021169554,-6.63097944958534,1.6278212997589998,0.0,81.1746741867027,-10.028766007671202,1.1526922084840958,0.0,125.95727545063386,-35.75568011004073,0.3675835141966157,0.0,94.40281333089925,-33.72508100307124,1.6029835640366255,0.0,92.94903083059229,-32.388071136957926,2.6411503599349793,0.0
119.14236794739635,-17.367027843368515,1.6009630030267434,0.0,112.7400581195092,-6.644018555609536,1.5590349539165036,0.0,81.17953690327533,-10.027229357405728,1.1476866053519572,0.0,125.96254925689624,-35.743926839252225,0.37076456169394234,0.0,94.39533395543974,-33.73224411297954,1.6180734139597295,0.0,93.01766168232757,-32.322619191712505,2.54010335773582,0.0
119.18211089342385,-17.317766776239445,1.6351396394978508,0.0,112.76237695461093,-6.66044741754196,1.5014468551652111,0.0,81.17570058131659,-10.028378916036644,1.1477303051489969,0.0,125.9674548783926,-35.730965983552,0.3713461633462618,0.0,94.39060110757761,-33.730016329820174,1.6341893030520964,0.0,93.06855237161682,-32.274839977715054,2.450390960918126,0.0
119.22066383414825,-17.26249480933854,1.6790555064798323,0.0,112.78202303213666,-6.6763195952248156,1.4575868376610828,0.0,81.16334957687162,-10.032608650764859,1.1541483373033845,0.0,125.97124363339339,-35.718210230900425,0.3696914212408675,0.0,94.39227071845404,-33.7209765919728,1.6494822647184009,0.0,93.1119826468028,-32.23378190717752,2.3672424515313786,0.0
119.25557570601146,-17.201957661590153,1.7228820663263065,0.0,112.79773981587893,-6.688322976189268,1.4268989589887031,0.0,81.14378160515534,-10.040038612083135,1.1671392959713476,0.0,125.97283438307198,-35.707384962588186,0.3668062295906136,0.0,94.40202136771481,-33.709961811293525,1.6631348808751039,0.0,93.15347952158683,-32.19414221387017,2.287938262633274,0.0
119.28672969213744,-17.137082839275454,1.759104687575741,0.0,112.80693374946264,-6.693954219550017,1.4067481966334956,0.0,81.1190963152026,-10.050570287517512,1.18573738403005,0.0,125.97135545066966,-35.69996671446876,0.36405563296071364,0.0,94.4191119430433,-33.70223046081393,1.6757306516060826,0.0,93.19419905964048,-32.155844228748556,2.211958537740882,0.0
119.31733698497092,-17.069106541735962,1.7882090847826433,0.0,112.80727224170133,-6.692362930267548,1.393484007688551,0.0,81.09226486880395,-10.063814568323831,1.2080181159985273,0.0,125.96669508703141,-35.69662371443223,0.3627387548036882,0.0,94.44068967053906,-33.70138741336718,1.6889707887294474,0.0,93.23260463325639,-32.12201419269038,2.1404036322261817,0.0
119.35349143994898,-16.999207601753582,1.8202917391816804,0.0,112.79864634436585,-6.685311350344228,1.3833199707839778,0.0,81.06715581220868,-10.078800681075776,1.2314432554444181,0.0,125.95977358238697,-35.69692502219649,0.36365691121504184,0.0,94.46287193951721,-33.708033908170954,1.7048847761134098,0.0,93.26651542135792,-32.09644887863161,2.075097099925822,0.0
119.40243912618435,-16.92769811363355,1.8717869318864526,0.0,112.78435865951477,-6.67723674080773,1.3730392425828128,0.0,81.04805777074162,-10.093608213940689,1.2533059530258122,0.0,125.95233434350388,-35.69944582792327,0.3668288278501688,0.0,94.4824730902257,-33.71986085190609,1.724789018528913,0.0,93.29465973238673,-32.08153014479214,2.0178154230534595,0.0
119.47035656067266,-16.85282285634066,1.9591764815814745,0.0,112.77070035000264,-6.673804477606574,1.3606146253241018,0.0,81.03868102056146,-10.105299183450915,1.2712530592516398,0.0,125.94629195113887,-35.70221877799371,0.3715043874289403,0.0,94.49886149470063,-33.7335113862489,1.7483571387626515,0.0,93.31733258764916,-32.077103114268425,1.9698653507609958,0.0
119.56081149401292,-16.769903742806584,2.092810220849758,0.0,112.76487955647679,-6.679294011935234,1.3457553654922574,0.0,81.04107042737714,-10.110489910747608,1.2837758371519037,0.0,125.94293653411233,-35.70336804083037,0.37649718763464435,0.0,94.51516866050007,-33.74789738840272,1.7732186234525713,0.0,93.3362316381315,-32.08043606488024,1.9319122001128903,0.0
119.67474628925113,-16.6719166088334,2.2734467259092206,0.0,112.772165995215,-6.694025082438078,1.3301982585830228,0.0,81.05494699171209,-10.106550781360534,1.2905083834540783,0.0,125.94237899703735,-35.701748720927775,0.3806267024149186,0.0,94.53827195639018,-33.76781484702588,1.7953942949480375,0.0,93.35378110336187,-32.08714244089533,1.9038125827223755,0.0
119.81183985331225,-16.551412211864722,2.4924316269482247,0.0,112.79364228790371,-6.7132697651874516,1.3174115015490369,0.0,81.07775334845277,-10.092988851083431,1.2922314759204099,0.0,125.94346830851659,-35.69743411055984,0.3829898133007976,0.0,94.57749503452224,-33.806143860071145,1.8106240850763005,0.0,93.37227366026642,-32.09275375396008,1.8843644936920043,0.0
119.97238016166078,-16.40222358338876,2.7347427909962967,0.0,112.82571827480824,-6.728511159419864,1.3115459167266525,0.0,81.10538475338876,-10.07232070026691,1.290547325427454,0.0,125.94419345638794,-35.69188723317454,0.38297424616887277,0.0,94.6424465681473,-33.88317371616659,1.8163360128257828,0.0,93.39311276544717,-32.094385411938404,1.8711756690503059,0.0
120.15890506943444,-16.219534895467465,2.9832906711605514,0.0,112.86160849803501,-6.730757199290024,1.3159284015155048,0.0,81.13340638454802,-10.049828870726401,1.2872461808635443,0.0,125.94244544391489,-35.68766642471291,0.38015871579175986,0.0,94.74072510034038,-34.02265782777123,1.8136953534412257,0.0,93.41639229963548,-32.09178158146753,1.8609346684231518,0.0
120.37734812439793,-15.998309874709173,3.2229786869672967,0.0,112.89387258528507,-6.714536972217881,1.3316799564460222,0.0,81.15845833939385,-10.032008759525507,1.283541426559582,0.0,125.93689338784795,-35.68764462995149,0.37429081080408544,0.0,94.87637343978821,-34.245518741142035,1.8089020373939775,0.0,93.44096026460873,-32.08722029022892,1.850155490039315,0.0
120.63748173108827,-15.731270740289418,3.4436232554353587,0.0,112.9166472524235,-6.6808162817830405,1.3568741917566403,0.0,81.17947163324534,-10.024098925017858,1.279553347038327,0.0,125.92760295963248,-35.69396491658386,0.36539853067795036,0.0,95.0497935972885,-34.56311162180465,1.8128420193209127,0.0,93.46495584291593,-32.08429404935296,1.8361548601732416,0.0
120.95212260066585,-15.408024602463934,3.6415327503834547,0.0,112.92667287130297,-6.637496177096294,1.3864079180588895,0.0,81.19832298937416,-10.0275990388354,1.2744173291816594,0.0,125.9160771983184,-35.70714011181195,0.353940365679275,0.0,95.25918266049754,-34.97235645435464,1.8386161468248368,0.0,93.48664436848948,-32.086120084558004,1.817833420168471,0.0
121.33461151055718,-15.01677804849572,3.820125320556267,0.0,112.92317243354313,-6.5971136233127625,1.4128113294629454,0.0,81.21973632486632,-10.038851447899772,1.2670741551355853,0.0,125.90469684539366,-35.725668608730615,0.3408721618915962,0.0,95.50275485651306,-35.45476611392019,1.8974450672537166,0.0,93.50524797644104,-32.09378154282611,1.7958893161600038,0.0
121.7948729928607,-14.549194510323652,3.989752229706321,0.0,112.90729054400025,-6.572519994740062,1.4282216676751656,0.0,81.25049899609417,-10.04941742195669,1.2574029472740929,0.0,125.89584469629987,-35.74632068035376,0.3275695885490215,0.0,95.7806861340313,-35.98029515598713,1.9945738859842859,0.0,93.52140947759415,-32.105706307148765,1.772374181089912,0.0
122.3353567316186,-14.00701268428371,4.165816919175761,0.0,112.8817549383926,-6.572236840675679,1.4271303347268987,0.0,81.29819158004523,-10.048200559997714,1.2472125824789337,0.0,125.89110053819675,-35.765005426328976,0.31559361561559207,0.0,96.09605694260102,-36.51508240912931,2.1272531903861163,0.0,93.53701419310477,-32.11833074099061,1.7498016460712993,0.0
122.94866163285523,-13.406931306360937,4.364019992518287,0.0,112.8508656918828,-6.597359883735143,1.4086050312500884,0.0,81.36962980735895,-10.024454197746245,1.240785065377958,0.0,125.89082306057846,-35.77794127186784,0.3063418362177046,0.0,96.45469059955853,-37.030292614878284,2.2859997812321637,0.0,93.55437432123786,-32.12785288746534,1.7301578495211398,0.0
123.61839836422931,-12.779978955754633,4.593529181801864,0.0,112.82031839780649,-6.641239565169351,1.37654711820125,0.0,81.4692699041996,-9.97040541272651,1.2449237300100666,0.0,125.89424717647967,-35.78274787754707,0.3007220261803436,0.0,96.86421645747106,-37.50860147883665,2.4584700696908897,0.0,93.57514260706367,-32.132288094089375,1.7141751113348604,0.0
124.32372286292124,-12.164248482965435,4.851644090271831,0.0,112.79624781047376,-6.692075001051427,1.3377034874432567,0.0,81.59799029467781,-9.882423154593436,1.2685642628344684,0.0,125.89994420325863,-35.779090484921426,0.299003109629183,0.0,97.33280075079398,-37.946040474895,2.6337739577674517,0.0,93.59953675050427,-32.132711821731064,1.7011700251636093,0.0
125.04604955695824,-11.594044092425866,5.123892072004082,0.0,112.78346853931204,-6.737315651328768,1.298739343929265,0.0,81.75278281941065,-9.760359703591323,1.3219926829833017,0.0,125.90633658144485,-35.768646473700485,0.30086304521926444,0.0,97.8679217909171,-38.34916795848114,2.8050776907688357,0.0,93.62632405424421,-32.1328830279415,1.6895340069753981,0.0
125.77480399698787,-11.090844498392979,5.390209653144932,0.0,112.78370788426675,-6.7678707466051655,1.2641594436463386,0.0,81.9277368867164,-9.605613115660919,1.4157335796445132,0.0,125.91206638217848,-35.754398909571165,0.30554250146038164,0.0,98.47543860969657,-38.72938182386654,2.969671657733789,0.0,93.65356834797257,-32.1373573036594,1.6776047929413789,0.0
126.50931338134177,-10.660000840993352,5.6335971789108665,0.0,112.7948515617372,-6.780327683293766,1.2358726353844371,0.0,82.11618483309275,-9.419121734966362,1.5592364250377564,0.0,125.91617557893987,-35.73953220752835,0.31207206939974697,0.0,99.159008167143,-39.0967398559027,3.127112443478536,0.0,93.67968791990108,-32.14910749232502,1.664405815475396,0.0
127.25621359998875,-10.293380363280624,5.846232298492096,0.0,112.81166447952637,-6.776631138820617,1.2139545945470296,0.0,82.31327041489656,-9.200490386826294,1.759538938896437,0.0,125.91812338950332,-35.72637805891393,0.3195970333710978,0.0,99.91965265145853,-39.4551036081924,3.2767057363543888,0.0,93.70422321124111,-32.16793940817998,1.6498475526238785,0.0
128.02425317656736,-9.975472419656656,6.030284838419703,0.0,112.82765233423187,-6.761960389278583,1.1977733327001054,0.0,82.51799796577949,-8.94877366025202,2.0200919208413683,0.0,125.9177407865277,-35.71581011382967,0.3277105015497561,0.0,100.75513566034593,-39.799561401180775,3.4154724460824664,0.0,93.72790837619432,-32.190529395029394,1.6343487414082762,0.0
128.81933994860273,-9.690015359000569,6.194120022155994,0.0,112.83724038543188,-6.74208899563648,1.1869304429547753,0.0,82.73417666082507,-8.664555186701556,2.33982730645924,0.0,125.9152862620528,-35.70723714126594,0.3365743313240408,0.0,101.65900874551136,-40.11647573322697,3.5372794789270614,0.0,93.75203991814558,-32.21203255105008,1.61818350057343,0.0
129.64191417201044,-9.42496515507111,6.346697465305738,0.0,112.83742560475208,-6.721335808930789,1.181784775799013,0.0,82.97020686140138,-8.352368040803704,2.712372735033977,0.0,125.91166208885895,-35.69907304515137,0.3466976912704336,0.0,102.61971066875475,-40.38605317708677,3.63336203089651,0.0,93.77755363804508,-32.228352088162,1.6009881599761489,0.0
130.48712250688456,-9.174600942277518,6.493127766959185,0.0,112.8284072773998,-6.701670043431123,1.1834580400316774,0.0,83.23793881633814,-8.0223940573287,3.125308523095649,0.0,125.908602679925,-35.68944692514774,0.35849039735876964,0.0,103.62050391234838,-40.58674553036262,3.694079861264849,0.0,93.80440843846392,-32.2378304208159,1.5817195790076095,0.0
131.34681784466113,-8.938623516349125,6.633138190386985,0.0,112.81319340044143,-6.68295303160891,1.1933271924702034,0.0,83.5508982275581,-7.690592061627621,3.559731234079411,0.0,125.90852285669541,-35.6769540545969,0.3718336237127744,0.0,104.6408416018323,-40.70022038851445,3.711393132400895,0.0,93.83164046788696,-32.24160643306935,1.559072719045922,0.0
132.21178996335018,-8.719172313896632,6.762458108171753,0.0,112.79656103651867,-6.663925608947443,1.2121678433976886,0.0,83.92226448614825,-7.3767530926910565,3.990954240865536,0.0,125.91389104205719,-35.66127564220338,0.38584985208907163,0.0,105.65902641087938,-40.715572231259365,3.6812982343048457,0.0,93.8579521064774,-32.242785529232684,1.5321465475980869,0.0
133.07303302483552,-8.517296345601775,6.875707970030479,0.0,112.7838484650763,-6.643444575907401,1.2392676642288567,0.0,84.36310623265335,-7.100562168349844,4.391327744862972,0.0,125.92631881974322,-35.643448660791826,0.3989715850545359,0.0,106.65534466772569,-40.63194561319555,3.6054719819874137,0.0,93.88239021026342,-32.24509224818331,1.5010837377719852,0.0
133.92193495742987,-8.330303980263713,6.968992668751763,0.0,112.7798609014952,-6.621534976944163,1.2719118078130034,0.0,84.8812709467575,-6.8766414970969265,4.735303800101368,0.0,125.9457859354998,-35.62559344455626,0.40934296864833364,0.0,107.61474404873032,-40.4593271403443,3.4916122498515154,0.0,93.90478208215161,-32.251555021303304,1.4674281126395918,0.0
134.75023021923496,-8.150903660828742,7.041153651678719,0.0,112.78784923619045,-6.599945759879435,1.3055923622055978,0.0,85.48084987028324,-6.710324320981778,5.005277998413588,0.0,125.97043339374552,-35.6101286078985,0.41544313300469504,0.0,108.52850240068823,-40.21753001098177,3.3523171554919617,0.0,93.9258688377479,-32.263514617005384,1.4339687828963612,0.0
135.55063698969442,-7.968550757726163,7.093765772961761,0.0,112.80841295685553,-6.582061338409142,1.3350448459470137,0.0,86.16169784011663,-6.595901608073396,5.19566640745337,0.0,125.99710871944123,-35.59880052043826,0.4166450691525796,0.0,109.39474679456227,-39.933432896999065,3.202760719070426,0.0,93.94714916741948,-32.28025020074125,1.4039469016899506,0.0
136.31828624052716,-7.77296861987513,7.130458392519576,0.0,112.83855539739669,-6.572260219487625,1.3557940160880406,0.0,86.91875740486162,-6.51822584567806,5.313165305479174,0.0,126.02242175446794,-35.59198463842534,0.4134041880156687,0.0,110.21786283453193,-39.63667829492537,3.057823229619924,0.0,93.97039421144488,-32.29948187014912,1.3798069542171323,0.0
137.05218498762449,-7.559196183540939,7.155618429603752,0.0,112.87170707671315,-6.575036162291163,1.365528036549362,0.0,87.74179390114907,-6.457347020524386,5.3730058731346055,0.0,126.04378280851198,-35.588576420362735,0.4069657722725868,0.0,111.00693996651088,-39.354422657892336,2.929530101010428,0.0,93.99690934664841,-32.318581978372556,1.3620634614246523,0.0
137.7558937271878,-7.3326437592242355,7.171715281968656,0.0,112.89950152902404,-6.594202498594795,1.364642745276015,0.0,88.61648258449681,-6.394709791842127,5.393090220132983,0.0,126.05998880077941,-35.58649769315127,0.3987576354422835,0.0,111.77360058351961,-39.1061714113757,2.825479437418288,0.0,94.02686994430023,-32.33582480601627,1.3489866822764967,0.0
138.43722875243503,-7.111774391172095,7.174739221814082,0.0,112.91504359176315,-6.632236136737381,1.3557550168031653,0.0,89.52694882944822,-6.318685040558256,5.388824007094961,0.0,126.07122408334558,-35.58358934745085,0.3898215931589224,0.0,112.52972315609398,-38.89991843292157,2.748447607880099,0.0,94.05914067140678,-32.350977098610464,1.33741936828228,0.0
139.10723669650943,-6.925988484187477,7.14927659492616,0.0,112.91618792208202,-6.689560180139516,1.3424940369644354,0.0,90.45866609329786,-6.22730583217125,5.370622405288422,0.0,126.078561094857,-35.57852450800688,0.3806371526621479,0.0,113.28549442568955,-38.73061710926276,2.6968595814479492,0.0,94.0917637282838,-32.36498181788769,1.3242503417693108,0.0
139.77839141375773,-6.8083069100257845,7.067044669751312,0.0,112.9071197181275,-6.763666095288219,1.328098922967282,0.0,91.40035375556059,-6.127199399036054,5.344194126772919,0.0,126.08320800157566,-35.57135325877151,0.3714774237757883,0.0,114.04797002097035,-38.581539253948826,2.6656513274777343,0.0,94.1228986012758,-32.37899894747875,1.3075658563609291,0.0
140.46154325163903,-6.78616620388649,6.891909961710631,0.0,112.89738741133627,-6.848444469526784,1.314347549039562,0.0,92.34437614051355,-6.029384099122366,5.312257881181868,0.0,126.08592488704225,-35.56341520685266,0.36308234252551586,0.0,114.82010214759396,-38.428418700634744,2.6473054755515406,0.0,94.15166036809684,-32.39338519514395,1.2868579536666918,0.0
141.1617776918098,-6.875314736127492,6.589923991127024,0.0,112.89868853155096,-6.934437318191409,1.3012615357146053,0.0,93.28613679015747,-5.9440051223458,5.276122365327906,0.0,126.0869948006621,-35.55664349588009,0.35713129941602517,0.0,115.60013025737283,-38.24546765714463,2.6331339064010795,0.0,94.17830722053094,-32.407239187396186,1.262515114993608,0.0
141.8747920434642,-7.078725733640375,6.139609986118182,0.0,112.92061209413384,-7.0103858531911705,1.2877632701990311,0.0,94.22321196041064,-5.876467730572034,5.236257732960118,0.0,126.08673448200088,-35.552604204010386,0.35596941097342416,0.0,116.38131047041985,-38.0116334265981,2.6147640128568828,0.0,94.20366142962997,-32.418820149313,1.2352614695237918,0.0
142.58587851207554,-7.388173521109925,5.539186397130107,0.0,112.96698720898578,-7.065581524508318,1.272936759386182,0.0,95.15460191562525,-5.826536673796387,5.19190016609517,0.0,126.08604763082553,-35.55176387719853,0.36143114125983544,0.0,117.15210266964601,-37.715291250718565,2.5853952733415824,0.0,94.22819174549048,-32.42658847436068,1.2059711714018224,0.0
143.2723831548997,-7.785409413869324,4.810413215804724,0.0,113.03426135859601,-7.092037620729803,1.2571258224616901,0.0,96.08013366365272,-5.790312282387919,5.14040863948474,0.0,126.08645198762562,-35.55336070494274,0.3732713185758296,0.0,117.89701887483275,-37.35622443437469,2.540374181220894,0.0,94.25136984837435,-32.4302319915039,1.1758201452596246,0.0
143.90881334951027,-8.242248705225354,3.999129355988029,0.0,113.11248199175927,-7.085900464188567,1.2422223363305047,0.0,96.99995245464396,-5.7635672921278065,5.077297032532517,0.0,126.08951015596048,-35.5559636532438,0.38811492779323054,0.0,118.59823308453528,-36.94493342294158,2.4772054886365247,0.0,94.27166266994153,-32.4310750596266,1.1464809082621432,0.0
144.47278552918397,-8.721250937750531,3.171007589572998,0.0,113.18841676459394,-7.048212787462315,1.2310522931319916,0.0,97.91397575226021,-5.744515692299442,4.997491086598869,0.0,126.09619447783864,-35.55849898635485,0.3995261175869409,0.0,119.23776798827159,-36.50029309857721,2.395621428785761,0.0,94.28714225519607,-32.431586896973215,1.1200692639286345,0.0
144.94978183138863,-9.179291741154596,2.400924951878621,0.0,113.249590287203,-6.985259873939982,1.2262412179273365,0.0,98.82108138383828,-5.7347432311856945,4.8975842576223805,0.0,126.10674022565136,-35.561287857613365,0.3990902075540479,0.0,119.79982842119703,-36.046694795913574,2.298062571607373,0.0,94.29638955086835,-32.43418543174748,1.0987252463522417,0.0
145.33502623172942,-9.574881992105222,1.757073905514627,0.0,113.28780313617403,-6.908280360202802,1.2290333583906872,0.0,99.71793249658855,-5.738209093926044,4.778123328198701,0.0,126.12099727189333,-35.56652830586188,0.3780429183422367,0.0,120.27285036728648,-35.61106649582255,2.1901158617117034,0.0,94.29917568872415,-32.44005660633145,1.0839826475984662,0.0
145.63201133565076,-9.877389204545569,1.2846806524591177,0.0,113.30100472059775,-6.831995849530061,1.2384417012799656,0.0,100.5978432549501,-5.759256837948649,4.6446852189818095,0.0,126.13884804462876,-35.577817002922984,0.3291027484972062,0.0,120.65099964608798,-35.2193335614534,2.0800271136341983,0.0,94.29648215815308,-32.448816776011256,1.0762876396027075,0.0
145.8490309319676,-10.074267563777502,0.9956979176348177,0.0,113.29299988765932,-6.771671135175971,1.2511102032310468,0.0,101.45051923939901,-5.800967050343584,4.506943470629546,0.0,126.16029674079978,-35.59879871753633,0.24828009771357706,0.0,120.93495949781675,-34.89192533217115,1.9768590138016844,0.0,94.28987628875883,-32.459195914214654,1.0749564884033962,0.0
145.99604659082163,-10.172834920605329,0.8685567756624861,0.0,113.27125668291636,-6.7392307692099855,1.2622324791534698,0.0,102.2632469694226,-5.864753633713255,4.375926379006481,0.0,126.18515642284983,-35.631576225968864,0.1363295211591513,0.0,121.13184374925096,-34.63901962546046,1.887841617734841,0.0,94.2807606258203,-32.47004722146113,1.0785307608387278,0.0
146.08343636480598,-10.19592417707628,0.8576037492543822,0.0,113.24388784606948,-6.739847515828389,1.2673808311918489,0.0,103.02321681780849,-5.951125178309015,4.260635104764853,0.0,126.2125611063026,-35.67568977203332,-0.0005990055395486138,0.0,121.25413130426386,-34.45744080264972,1.8161949246432627,0.0,94.27005341004275,-32.480818657069804,1.0852175536901,0.0
146.12244877285542,-10.173747700685233,0.9080361579611731,0.0,113.21719388250631,-6.770570001979099,1.2643393097271307,0.0,103.7199709141784,-6.060742140757842,4.165417864356227,0.0,126.24066597611063,-35.72813474610589,-0.1514616958148416,0.0,121.31776072325346,-34.33130216338133,1.760589580397621,0.0,94.25838555552596,-32.491282755077094,1.093174360298411,0.0
146.1259403306422,-10.135538630736031,0.9706546904595612,0.0,113.19462882628584,-6.821634641493357,1.2538730880501276,0.0,104.3471482925472,-6.19486896908669,4.088934014075111,0.0,126.26684320680647,-35.7842760361396,-0.30204220084161193,0.0,121.33981950740977,-34.23711843381828,1.716474457828765,0.0,94.24642501534576,-32.501030330803566,1.1006778187195678,0.0
146.10796737731425,-10.103729974636344,1.0118333220031097,0.0,113.17713025738324,-6.879814771795047,1.239116805020311,0.0,104.90339301342793,-6.354842756373582,4.024850333240504,0.0,126.28842532591138,-35.83906350692533,-0.4376216865164402,0.0,121.33636430585973,-34.151821811137154,1.6784181989387204,0.0,94.23493363458253,-32.509299317902254,1.1063308121406017,0.0
146.08181307185762,-10.091667878028932,1.0169031700407052,0.0,113.16417414908513,-6.93240047709949,1.2241465958747035,0.0,105.39251401180518,-6.540703198664084,3.964036624610557,0.0,126.30367867888202,-35.88791711816306,-0.5460377089236879,0.0,121.32075767781409,-34.060302403936184,1.642119006894168,0.0,94.22453710452594,-32.51524718595439,1.1093153959370223,0.0
146.05724891444368,-10.104189565026115,0.9879792260650264,0.0,113.1548598728945,-6.970377457929676,1.2125520135700807,0.0,105.82259534408742,-6.74945445189758,3.8977142793711916,0.0,126.31248623846255,-35.92698015060552,-0.6203605854073722,0.0,121.30268053318753,-33.95906209767349,1.6051294647736523,0.0,94.21547813070917,-32.51837116986988,1.1095319718489947,0.0
146.03852581811455,-10.13942209396914,0.9386286723936719,0.0,113.14855951184313,-6.989856639307497,1.2065274015888718,0.0,106.20376923650636,-6.973607463561843,3.8205260820195193,0.0,126.31636719719548,-35.95292599344971,-0.6603897147808571,0.0,121.28784857180098,-33.854579325890164,1.5663566882012727,0.0,94.20758321145588,-32.518747173679515,1.107485560671929,0.0
146.02440489218586,-10.19034122627896,0.8874074496557487,0.0,113.14498214793389,-6.991591327396495,1.2066248843881002,0.0,106.54529674689691,-7.200690375417297,3.7322356527325766,0.0,126.3178184208702,-35.962915323749854,-0.6724508517377892,0.0,121.27841143911657,-33.75785719850179,1.5252269807221417,0.0,94.20046854033963,-32.51696307629031,1.103951233460231,0.0
146.01043666940274,-10.246046685673242,0.851326963064059,0.0,113.14381132638613,-6.979214432161233,1.2120684011471,0.0,106.85343256571534,-7.4143268919031255,3.637246864409173,0.0,126.31930804876362,-35.95539398641811,-0.6674938237443371,0.0,121.27391663158932,-33.678391106107284,1.481331590599888,0.0,94.1938538369719,-32.51383859115961,1.0995989989147095,0.0
145.99221888947216,-10.294052389090922,0.8402865620773214,0.0,113.1442623782437,-6.957236784920925,1.2213781518950473,0.0,107.13113098810511,-7.597178337532498,3.5422189520590983,0.0,126.3224427600862,-35.93205279844878,-0.6580193108150496,0.0,121.27255130172117,-33.62033357805601,1.4346446325474336,0.0,94.187788983402,-32.51013662088167,1.0947618253480726,0.0
145.96774594428538,-10.324164809558349,0.8542862364788206,0.0,113.14489983701912,-6.929674892634768,1.2329851124509688,0.0,107.37931087905423,-7.7353075368876185,3.452965275096698,0.0,126.32775755124446,-35.900541875710296,-0.6546631388193962,0.0,121.27228425360195,-33.581765269056646,1.3858998310249202,0.0,94.18263065750901,-32.50644420206787,1.0894140797444045,0.0
145.93789942675107,-10.332195735721946,0.88479476262148,0.0,113.14388767635553,-6.8995942543943505,1.2455914082995623,0.0,107.59845562347648,-7.822502175722446,3.371901256845602,0.0,126.33525340103422,-35.876788411619366,-0.6632334298935181,0.0,121.27163863900336,-33.55632818514489,1.3367809523733563,0.0,94.17876108429091,-32.50325619062646,1.0833074615352185,0.0
145.90554545211958,-10.321025824542305,0.9193662363076172,0.0,113.1396167983403,-6.869266472820752,1.258231426885711,0.0,107.78951753331732,-7.8625896006367455,3.2967065783126888,0.0,126.34544909582536,-35.88542103794991,-0.6827242332286172,0.0,121.27004582659038,-33.535810473988406,1.2898609060119366,0.0,94.17624864162994,-32.50112862012211,1.0761712210261791,0.0
145.87418906484055,-10.298518839340884,0.946769511797168,0.0,113.13145225589922,-6.840436083598471,1.2701626330091784,0.0,107.95398924409419,-7.86849377108684,3.220354770460794,0.0,126.36056049776715,-35.95712864393686,-0.7045687949198793,0.0,121.26788172640761,-33.51240035735183,1.2483455790415423,0.0,94.17471936127805,-32.50072000381558,1.0679107418029137,0.0
145.846795227764,-10.2739034661209,0.9602918835276313,0.0,113.12023660090084,-6.814448506513338,1.2807558694275638,0.0,108.09365865467015,-7.8583575353561415,3.132608904766583,0.0,126.38546478219834,-36.12274254608317,-0.7133729357127603,0.0,121.26630041363259,-33.479897432473805,1.2156486267381617,0.0,94.17352988352086,-32.502656985288084,1.0587619634760959,0.0
145.82503726282764,-10.254512566079248,0.9585576566411955,0.0,113.10824524069724,-6.792336848915757,1.28949469800998,0.0,108.21050420084353,-7.850301206282725,3.0230065016416443,0.0,126.42812156136154,-36.405117634889265,-0.6894985115204761,0.0,121.26693000423946,-33.433940687872706,1.1948230924258088,0.0,94.17206549429532,-32.50731866137598,1.0493478060444392,0.0
145.80909224256945,-10.24389756617622,0.9444989552238816,0.0,113.09852373818637,-6.7749924799139585,1.296102119941855,0.0,108.30674849189639,-7.8576410742319425,2.8847415691725757,0.0,126.49906686840089,-36.81118009769732,-0.6137050004106044,0.0,121.27148629762455,-33.3719357694441,1.1879444810676745,0.0,94.16991297000493,-32.51467468047559,1.0405864035521457,0.0
145.79797184626779,-10.241523584361818,0.9234663259343936,0.0,113.09383381348508,-6.763299375003186,1.300714362605012,0.0,108.3848859622986,-7.885966284425505,2.7180089201618536,0.0,126.60979355108263,-37.32740378324302,-0.47316713124093646,0.0,121.28142107959755,-33.29337262511185,1.1955848537481248,0.0,94.16683338007559,-32.52424619371325,1.0334592836758354,0.0
145.79018545908298,-10.243763661869831,0.9012029124540195,0.0,113.09563274816745,-6.75798675661747,1.3039576948129348,0.0,108.44765858371156,-7.932841279100109,2.531166325473386,0.0,126.77052170453113,-37.92151199136893,-0.26674941423076426,0.0,121.29777448440115,-33.20048848064475,1.216519039623119,0.0,94.16266867487617,-32.53520182781858,1.0287242283301996,0.0
145.78440434458196,-10.245613704838073,0.8820805892648647,0.0,113.10351654167843,-6.75915427616503,1.3068233894409769,0.0,108.4980501169727,-7.990077191976533,2.338910024658592,0.0,126.98860483537644,-38.55050973110417,-0.0066849542426759,0.0,121.3213181615855,-33.098418130341216,1.2478135762394977,0.0,94.15736086775158,-32.54658492666811,1.0266940522879668,0.0
145.77985235185483,-10.242443690297158,0.8679478686784279,0.0,113.1153711817159,-6.765758289884163,1.310361806299431,0.0,108.53917145496092,-8.047521584284672,2.1580496802722173,0.0,127.26867864747463,-39.171505060753915,0.2848105654437241,0.0,121.35282838289933,-32.994121485522655,1.2854065163484698,0.0,94.15113555436535,-32.55763376088166,1.027171900218164,0.0
145.77632864010317,-10.231241413142005,0.8579802545447279,0.0,113.12817369765577,-6.77547992865506,1.315323750707039,0.0,108.57380124844725,-8.09668921081644,2.0025375113444994,0.0,127.61439845614656,-39.750404503597984,0.5825410896665204,0.0,121.39306854375813,-32.89458164050233,1.3250432733787392,0.0,94.14471917593147,-32.56808152174188,1.0295522140640578,0.0
145.77392092555672,-10.211142303753991,0.8496112874344366,0.0,113.13910991625211,-6.785180150993257,1.3218972386216787,0.0,108.60368218245794,-8.132867133198701,1.879668929037095,0.0,128.03033931310873,-40.26574111915246,0.8656046718518411,0.0,121.44205826113746,-32.8056921642159,1.3630841385601524,0.0,94.13937280095469,-32.57826728239667,1.0330181251111537,0.0
145.7725670841597,-10.183357385662012,0.840038324031033,0.0,113.1465779071521,-6.791759121707119,1.32964563982663,0.0,108.6291011384568,-8.155376055736998,1.7888254591434887,0.0,128.52257722663035,-40.70811766801304,1.1221283960443582,0.0,121.49764071355786,-32.73267325746019,1.3966711102931697,0.0,94.13661434271175,-32.58893299305677,1.0367344405601244,0.0
145.77169775490975,-10.150701694434087,0.8275275943207614,0.0,113.15075152928469,-6.792999459829875,1.3377018967935612,0.0,108.64924031729389,-8.166607201432457,1.7230222276901461,0.0,129.09751366112224,-41.077262500530175,1.3504777430108454,0.0,121.55408052429745,-32.68128906539239,1.4232554291280977,0.0,94.13769540692878,-32.60075629717396,1.039946919026729,0.0
145.77016077735058,-10.116850352037485,0.8120009473048455,0.0,113.15356901767,-6.788034679285258,1.345227270638178,0.0,108.6632930248624,-8.170683355289974,1.6723469627853031,0.0,129.7596091221441,-41.37844468406209,1.5574737978705038,0.0,121.60193283677151,-32.65817236731154,1.4401576851833937,0.0,94.14306318851153,-32.613891412016436,1.041936773251809,0.0
145.7664438638887,-10.085418381963427,0.7948501731695323,0.0,113.15817561061259,-6.777311897948822,1.352080020703534,0.0,108.6718138097824,-8.172261462083359,1.6277253027333565,0.0,130.50916608811178,-41.61930848673532,1.7548770845733532,0.0,121.63019265539354,-32.66903602529979,1.4450212190957519,0.0,94.15210209658562,-32.62787610229977,1.041856564502881,0.0
145.7590444316516,-10.059017017016542,0.7783211383694884,0.0,113.1680010634,-6.762100030977729,1.35954857617614,0.0,108.67752703697855,-8.175612633064855,1.5835737102992784,0.0,131.341142847848,-41.807694120557656,1.9555110723606806,0.0,121.63057174159357,-32.71508959817127,1.4373279295715164,0.0,94.1633955526043,-32.64210225777815,1.0385925171465828,0.0
145.74687497093416,-10.03847153027657,0.7649735603402501,0.0,113.18582663673746,-6.7436574066921695,1.3709165386906292,0.0,108.68499453297196,-8.183951794372488,1.5385988972164295,0.0,132.24542864455242,-41.950563305864016,2.1701119296565317,0.0,121.60206311524539,-32.78970524974822,1.419837717291383,0.0,94.1755577493145,-32.656744129103366,1.030884595136902,0.0
145.72973928268803,-10.022351488281688,0.757468549865079,0.0,113.21329473646665,-6.722172490914488,1.3915986509118152,0.0,108.69914510324074,-8.198960319652691,1.4948549221804956,0.0,133.20831784507402,-42.05368272753944,2.4054698139952215,0.0,121.5529048661688,-32.87815371449478,1.3982154472393624,0.0,94.1883941774587,-32.673796738650644,1.0178776675006382,0.0
145.70887309330988,-10.00695859816044,0.7584704077534159,0.0,113.25117723597286,-6.695613034775768,1.4286686733372918,0.0,108.7233759798925,-8.220447280899828,1.4557968617054957,0.0,134.21442125795681,-42.12149088228393,2.663863387006719,0.0,121.49800539196319,-32.961878538258134,1.3785274822592175,0.0,94.20390857476724,-32.69780906489472,1.0000698309315617,0.0
145.68726767803636,-9.986947839303435,0.7703462140941788,0.0,113.3003166644445,-6.658740509176463,1.4898216898839447,0.0,108.75819116261232,-8.246188480748511,1.4242689657762142,0.0,135.2482392585355,-42.15677920697076,2.9434053141202074,0.0,121.45281285408716,-33.02554693749514,1.3645272991517317,0.0,94.22665421926524,-32.73598874122115,0.9804061323519466,0.0
145.669338357925,-9.956631890529493,0.794685876301573,0.0,113.36268586412687,-6.602772911297593,1.5821182392789916,0.0,108.80091999334618,-8.272187593877689,1.4011739935255054,0.0,136.29504675923934,-42.16031277579149,3.238871068114772,0.0,121.42719830928922,-33.062734707650144,1.3567888225552824,0.0,94.2631528355026,-32.797537309784516,0.9651596735172294,0.0
145.65974756534249,-9.911670764857181,0.831857560705151,0.0,113.44182704789242,-6.516309159625966,1.7110336308183403,0.0,108.84640848115936,-8.293680622749687,1.3851795093035868,0.0,137.34123747142078,-42.130882085629736,3.5428075375972856,0.0,121.42268835936571,-33.07713078939437,1.3536684600686915,0.0,94.32044892205235,-32.89224517559374,0.9642447996520662,0.0
145.661671021206,-9.850544075430317,0.8806067384054224,0.0,113.54227462654518,-6.387863947082008,1.880120971603997,0.0,108.88829291632727,-8.306839177210687,1.3733891677304726,0.0,138.37453130190198,-42.06616476709168,3.846924037924574,0.0,121.43378136488693,-33.07941822177769,1.3527015278941015,0.0,94.4042011034343,-33.028476673395595,0.9906802832895139,0.0
145.67514283153727,-9.775210222031102,0.9376001569571404,0.0,113.66827896593703,-6.209651012475465,2.0909970176213646,0.0,108.9205821969039,-8.310432956806606,1.3625590591509518,0.0,139.38440022701954,-41.96424542157297,4.143732937930525,0.0,121.45171949431153,-33.082281642155266,1.351585892046435,0.0,94.51696034021091,-33.210821293601796,1.0590778619682037,0.0
145.69617347980687,-9.690686689618534,0.997165985788989,0.0,113.82272597220167,-5.981332802344445,2.3428870156931243,0.0,108.93935736277719,-8.306368668291066,1.3503157688637693,0.0,140.36276827519234,-41.82514474353314,4.428158402667345,0.0,121.46845869082736,-33.096041534087355,1.3488595852088263,0.0,94.65737066075873,-33.437999359607105,1.1832880435167894,0.0
145.7170913227093,-9.603784308484942,1.0518611868727845,0.0,114.00716094659876,-5.711719736875592,2.6313206867919865,0.0,108.94419810819527,-8.298600132284427,1.3359769072767858,0.0,141.30466373857135,-41.651679905153706,4.69855305102488,0.0,121.47928693048466,-33.126166273755594,1.3445111037020308,0.0,94.82083977849702,-33.70186983369249,1.3736235782391741,0.0
145.72809777356892,-9.521611379354491,1.094255798664694,0.0,114.22320235036375,-5.416612681949824,2.946776428178066,0.0,108.93869410978198,-8.291051347965233,1.3207816017421106,0.0,142.2083985252163,-41.44938903801235,4.9565012926127885,0.0,121.48362270231743,-33.172629289221746,1.3403360843581176,0.0,95.00170701458329,-33.98816991806467,1.6342601812706743,0.0
145.71966914476917,-9.450448408286194,1.119444402255878,0.0,114.47467905066613,-5.112906364052191,3.2749574411884863,0.0,108.92949507567604,-8.285872759817943,1.3074140068130031,0.0,143.07515800113393,-41.22564628582119,5.20515982494319,0.0,121.48431440085749,-33.230470955186945,1.3395905490183821,0.0,95.19623941563243,-34.27890886547015,1.961379255301262,0.0
145.68539555988937,-9.395252852729277,1.1269633018868959,0.0,114.76916979105232,-4.811892449905761,3.5995863562043153,0.0,108.92394738624077,-8.282977398629631,1.2988063339459988,0.0,143.90820430356945,-40.988209045450645,5.446587996288382,0.0,121.48606361434639,-33.29108217152422,1.3457645974423897,0.0,95.40529832066542,-34.55567049686633,2.3424338853873294,0.0
145.62473106801224,-9.359737494342184,1.1207557410620623,0.0,115.11782713702985,-4.5157802701182845,3.906508965829955,0.0,108.92719163643635,-8.280839592647927,1.2966089300477481,0.0,144.71185776000584,-40.743525750770296,5.679082457268689,0.0,121.49359094732993,-33.34416263769293,1.360966487011698,0.0,95.63559009853331,-34.80288702750817,2.756781643782917,0.0
145.54457858785221,-9.346798614166559,1.106849802972068,0.0,115.53330658668871,-4.219332817920044,4.186706954796233,0.0,108.94011093590446,-8.277839068821294,1.300200251662293,0.0,145.49030905176468,-40.49536070202757,5.895581386157721,0.0,121.5100889794613,-33.38033938528397,1.3848382618712645,0.0,95.8990277742417,-35.010324853183945,3.1778764244598214,0.0
145.45833268855256,-9.358886221657016,1.0900767412196473,0.0,116.02656617476879,-3.915067444322811,4.436787395235899,0.0,108.95925239372718,-8.273352811111842,1.306979821242173,0.0,146.24651066992683,-40.24429044084252,6.0837900527987285,0.0,121.53637742316563,-33.39389699167867,1.4146109543766148,0.0,96.2104735650317,-35.174238707542735,3.5770067659082656,0.0
145.3819862842093,-9.397725046388842,1.0722808866383975,0.0,116.60377316217932,-3.5985990823570626,4.657356852116212,0.0,108.97881812886644,-8.268117218392648,1.3137444271859664,0.0,146.98162629055128,-39.98808172011259,6.228019664286792,0.0,121.57091061024327,-33.38454306517444,1.446138221605798,0.0,96.58457917541702,-35.296874137017205,3.928040854413675,0.0
145.32888764255472,-9.46285749259843,1.0535477517798348,0.0,117.26462127309365,-3.2712698161126603,4.8506393891257735,0.0,108.99367250656417,-8.263792544237573,1.3181198614310627,0.0,147.695286909271,-39.72237810070123,6.312091058909911,0.0,121.61047960409475,-33.35728752641037,1.4752474444713712,0.0,97.03251518826458,-35.384449148166155,4.2120426838401634,0.0
145.30595446335792,-9.54917032335378,1.034876475183525,0.0,118.00300606241036,-2.939217936757771,5.018567685894177,0.0,109.00179353542765,-8.261998906639137,1.319177656897633,0.0,148.38629775707903,-39.441244558606584,6.3223563555607445,0.0,121.65127270875693,-33.3204183642957,1.4988205026186918,0.0,97.5593053005355,-35.44436583259182,4.420413018251118,0.0
145.3129852557643,-9.645354510309941,1.0186545470508186,0.0,118.80989705688263,-2.6102229029998787,5.1620061980709995,0.0,109.00498553695529,-8.263290122683161,1.3171869879881566,0.0,149.05312355508528,-39.1376997168648,6.250048955192006,0.0,121.68993813327351,-33.28256339650422,1.5153767583985474,0.0,98.16241627930384,-35.482749127819915,4.555579975490973,0.0
145.34424535355006,-9.736021183182181,1.0061471349805213,0.0,119.67669525440678,-2.2907908705910573,5.281117492498894,0.0,109.00767136733103,-8.266549062805893,1.3130506120419003,0.0,149.69387680376352,-38.80457057223358,6.0926533603479225,0.0,121.7243642448794,-33.25016472581057,1.525170300708922,0.0,98.83209562497441,-35.50318260057025,4.629063048883582,0.0
145.3907227370625,-9.80705389063948,0.9955755839472769,0.0,120.59679950775622,-1.9851965375617215,5.376380766337667,0.0,109.0145937408755,-8.269111306805637,1.3079209296455776,0.0,150.3061831218426,-38.43574758978005,5.854486686316452,0.0,121.75402408172876,-33.226222857803016,1.5298534525052663,0.0,99.55352218075225,-35.50687764039898,4.657613379348703,0.0
145.44231147076553,-9.850513480035014,0.9833375177645394,0.0,121.5644666519182,-1.6962821190107613,5.449621515239115,0.0,109.02871148162147,-8.267620548748052,1.3030680469552038,0.0,150.88742883664898,-38.02765390033435,5.546799220942124,0.0,121.77988333272015,-33.21044014267789,1.531806252385822,0.0,100.31023411829845,-35.493868470570675,4.658716798541899,0.0
145.4899202558651,-9.866306093141342,0.9667747325048612,0.0,122.57220772513777,-1.4265853431732216,5.50454428401566,0.0,109.05025180273836,-8.259321449915301,1.2997889857235432,0.0,151.43543772055983,-37.58068728061549,5.187371839438399,0.0,121.80395551028786,-33.20043577679811,1.5333472376988624,0.0,101.08785580853143,-35.46447410920331,4.646824746494719,0.0
145.52746817349052,-9.86062026232583,0.9457483614624334,0.0,123.60884440157389,-1.1787471895214177,5.54648589926526,0.0,109.07705486223101,-8.24329765566049,1.2991908739239957,0.0,151.9492404073742,-37.10040841450912,4.799300964133305,0.0,121.82858205654009,-33.19355195217055,1.5360651986350113,0.0,101.87706179923866,-35.42028655029615,4.631292098703323,0.0
145.5531254100294,-9.842670374050392,0.9223837556921008,0.0,124.65936753556751,-0.9552727344448009,5.58138728522384,0.0,109.10566755556825,-8.221109818748767,1.30187570078742,0.0,152.42970883477088,-36.59805033373249,4.4088483187868235,0.0,121.8555330576242,-33.188699557098126,1.5404309394222189,0.0,102.67494328070653,-35.36423478080561,4.616340424837626,0.0
145.56899614815515,-9.821302968124595,0.900209292468146,0.0,125.70629539197579,-0.758268724481562,5.61429193632239,0.0,109.13255292910405,-8.196437744913906,1.307670730268283,0.0,152.88001408454113,-36.089685578976976,4.042679160244251,0.0,121.8851573993491,-33.18760457899811,1.5457936139578923,0.0,103.48438182605224,-35.29973658456422,4.6026634210501065,0.0
145.57929974710024,-9.802490280775631,0.8836220985425562,0.0,126.73184221419272,-0.5894785970645051,5.647900986626216,0.0,109.15507519763709,-8.17374146981087,1.3155398619043126,0.0,153.30574809731016,-35.59370794363754,3.7250680221555283,0.0,121.91596462152202,-33.194829320341455,1.550833323010071,0.0,104.31163682587218,-35.22946264212608,4.589781791282171,0.0
145.58816380349975,-9.788250731947075,0.877229855634404,0.0,127.72073368983165,-0.4504547176027751,5.681779408199791,0.0,109.17212084000528,-8.156511927908515,1.3237709765327317,0.0,153.71447608019926,-35.127182078613004,3.47560057845027,0.0,121.94498962271489,-33.216232839660314,1.5544157698097933,0.0,105.16298887002812,-35.15450540341729,4.5781187236143595,0.0
145.5982851795302,-9.777176973114646,0.8841734628631581,0.0,128.6635915150134,-0.3425834268322312,5.712684740276737,0.0,109.18424419381125,-8.145976603389895,1.3304569296659583,0.0,154.114746650068,-34.70234789590844,3.3076024864906577,0.0,121.96896456435519,-33.25613622728978,1.5565200181498806,0.0,106.04164677681977,-35.074488619992096,4.570037447122758,0.0
145.61086784110014,-9.766249316390246,0.9036877172499054,0.0,129.55983516765707,-0.2668191499419148,5.736097460840697,0.0,109.193323187359,-8.140834778178721,1.3340926398313773,0.0,154.51485746688468,-34.3244903696737,3.2271369829242262,0.0,121.98582281802292,-33.31419379054752,1.558624136923875,0.0,106.94594685493533,-34.988502424146205,4.569579827968635,0.0
145.62625763424367,-9.752987922034416,0.9295689680579038,0.0,130.41808398783436,-0.22315066786140036,5.748395267460493,0.0,109.20190629032808,-8.137955688503109,1.333946052924933,0.0,154.92164605109926,-33.99155617466179,3.2322730130192694,0.0,121.99574894667685,-33.38351090168322,1.5630433744634118,0.0,107.8692698495707,-34.89619064310176,4.581107687452491,0.0
145.64440984703134,-9.73694001714096,0.9512201707919861,0.0,131.2526102440092,-0.21001092264018695,5.748558442437307,0.0,109.21252332053626,-8.133537678370399,1.3300104088842275,0.0,155.33942215561189,-33.6950417447671,3.3125636637697333,0.0,122.00120536267174,-33.4514297537216,1.571471526479117,0.0,108.80151103256965,-34.79820618010115,4.6073921233786965,0.0
145.6648470741666,-9.720273788123109,0.9574610734077105,0.0,132.07658192902008,-0.22402204023032368,5.738284679318249,0.0,109.22714312212423,-8.12422827255417,1.3227144220275715,0.0,155.76915493312566,-33.421479623671054,3.4490271783675315,0.0,122.00599896550585,-33.503267662161946,1.5837794587708842,0.0,109.73156287917486,-34.69558587557767,4.647946656442521,0.0
145.68642349014684,-9.707870479836973,0.941519778082105,0.0,132.89512127868588,-0.2604078055892698,5.720099807623436,0.0,109.24680438317517,-8.107933945622051,1.312715725888994,0.0,156.20811127299396,-33.154244913495525,3.6151494760873195,0.0,122.01395461465748,-33.52755718685649,1.5980000543951842,0.0,110.64998930697021,-34.58821328337871,4.698389683082068,0.0
145.70737850600335,-9.70697972741944,0.9047330436603644,0.0,133.7018900710499,-0.3140524468484056,5.694111499320653,0.0,109.2713578098045,-8.084250163398554,1.3008943888824422,0.0,156.65010367335788,-32.87580255226812,3.779450114107134,0.0,122.02776942627298,-33.52028156930598,1.6114040881885323,0.0,111.55096494035675,-34.47318370139601,4.751167649549805,0.0
145.72590239301678,-9.725809890460752,0.8569834554015987,0.0,134.4813327153418,-0.3808948700801613,5.654901099367487,0.0,109.29929643126971,-8.054546038952925,1.288399445772411,0.0,157.0863647295177,-32.57051583445338,3.909869853584321,0.0,122.0483240541749,-33.486103210133145,1.6217433672141333,0.0,112.43287229312756,-34.344151675540644,4.797275287325604,0.0
145.7410710077068,-9.770508983914858,0.8133956082372364,0.0,135.2156501935493,-0.45935922679621743,5.590285603966616,0.0,109.32778555234265,-8.021754567179007,1.2765439970352173,0.0,157.50695391590136,-32.22776125598855,3.979589115262301,0.0,122.07453064968814,-33.43616766385043,1.6278776925040201,0.0,113.29757010898776,-34.19231752405254,4.828139179376008,0.0
145.7536030262532,-9.841430982516393,0.7884580603582432,0.0,135.89296235673288,-0.5515113275475905,5.483036320359737,0.0,109.3531182949187,-7.989876827983032,1.2664959925043284,0.0,157.90251318068204,-31.84468967423792,3.973012198061589,0.0,122.10378768669645,-33.38364209458387,1.6297616367423515,0.0,114.14881115970753,-34.00880183070564,4.836917870965978,0.0
145.765704365662,-9.931344616259754,0.7900391278145111,0.0,136.51265088325195,-0.6633523607143514,5.315308331676586,0.0,109.37174099078776,-7.963213471270306,1.2589271274325284,0.0,158.26603299836898,-31.42787796913715,3.8899031555551193,0.0,122.13301793022046,-33.33904963202857,1.6282665981336777,0.0,114.99033211791526,-33.787407770452745,4.819034172497892,0.0
145.77983944199855,-10.027781983493101,0.8162644525717067,0.0,137.0855738519045,-0.8035605796156702,5.0743853656425815,0.0,109.38163700661678,-7.945469189241774,1.2538458772025844,0.0,158.5941220252699,-30.993239904063103,3.7456441542751033,0.0,122.15992204778604,-33.30740536384146,1.625097306398624,0.0,115.82388837260294,-33.52672671004323,4.772235994031984,0.0
145.79728558157493,-10.118431291613817,0.856990590883532,0.0,137.62930530513236,-0.9805035324771891,4.758011276711781,0.0,109.3834639625448,-7.938991906274707,1.2506645082561523,0.0,158.88725098588915,-30.563702442380013,3.566819601702832,0.0,122.183807994247,-33.28806614988244,1.6225472902527454,0.0,116.64732053171993,-33.231158745925995,4.696395850053543,0.0
145.8175775690453,-10.1957596012112,0.8987433778751175,0.0,138.16053060936028,-1.198165504119335,4.377765569152991,0.0,109.3807927735088,-7.944321074188629,1.2483849835981076,0.0,159.1486264781949,-30.16462297588446,3.383362145176932,0.0,122.2056045424352,-33.27663650110619,1.6228134572634243,0.0,117.45290037014428,-32.911003134925295,4.5929377692558635,0.0
145.83916169358687,-10.257798426337983,0.9296833800634747,0.0,138.6876793724289,-1.452265227780332,3.959183265243839,0.0,109.37914220907271,-7.960037639486676,1.2458642964529894,0.0,159.3818093011497,-29.81802599939969,3.2200128602974853,0.0,122.22721195342358,-33.26740448293008,1.6270781560822751,0.0,118.22656231345512,-32.58176896841548,4.463889760579921,0.0
145.8606363259991,-10.30504334904689,0.9415972606869456,0.0,139.20660977319363,-1.7281875935750595,3.5378358172910804,0.0,109.38401145871016,-7.9828820456244145,1.2422117157845527,0.0,159.5879393607077,-29.537729436049908,3.089986710913509,0.0,122.25056321489963,-33.25521730899887,1.634893655301635,0.0,118.94870072605055,-32.26259574826734,4.31098186042472,0.0
145.88161979673873,-10.33598190475787,0.9288901388369339,0.0,139.70086468811388,-2.0023220285048122,3.151827705232593,0.0,109.39865425810206,-8.008242286283073,1.2371962519104986,0.0,159.76401697928281,-29.32716319616238,2.9927315568278168,0.0,122.2766750492975,-33.236680958847685,1.6442883631952743,0.0,119.59680820849795,-31.97373038076392,4.135341092069959,0.0
145.9027548680402,-10.344372702212093,0.8873367591125927,0.0,140.146290513846,-2.247448562752302,2.832830325446344,0.0,109.42263709157973,-8.0311535909925,1.231308725374836,0.0,159.90346382831564,-29.180266791316257,2.9162093862963676,0.0,122.30495684427288,-33.21096489292678,1.6526299753911466,0.0,120.14960308708115,-31.733322069300566,3.938048157644511,0.0
145.92514892613735,-10.320070155814598,0.8151779660912801,0.0,140.5182886469393,-2.4407416536915907,2.5986984754153566,0.0,109.45187718579871,-8.047674589955408,1.2252768495306068,0.0,159.99905900742252,-29.08452275956562,2.8427058970097363,0.0,122.33308683197914,-33.180185365105615,1.6578430187644404,0.0,120.5917033622237,-31.554052343133716,3.721384390231334,0.0
145.94975708299128,-10.253142029027206,0.7161743414263064,0.0,140.79916046123472,-2.570977797812901,2.450053799002789,0.0,109.48003589125985,-8.056058295291137,1.2193619019567983,0.0,160.04699362677846,-29.02472141436537,2.7560583151753306,0.0,122.35760831252321,-33.149013731759965,1.6593539505146886,0.0,120.91748603292227,-31.44030369345422,3.490192573577179,0.0
145.97673181409922,-10.1396347993002,0.6014912486828319,0.0,140.98311329474103,-2.641430658125077,2.3715953270589303,0.0,109.50055714839223,-8.057022802578517,1.2130856944882122,0.0,160.05006950342735,-28.986306784758735,2.647642530524381,0.0,122.37507877535157,-33.1233012861734,1.658303359309203,0.0,121.13280119911424,-31.386687225315065,3.2525625236507434,0.0
146.00456964445533,-9.986593040365351,0.487704124853364,0.0,141.07737785888736,-2.6671231705370877,2.3374757176403946,0.0,109.50860451726604,-8.052938620467119,1.205695957975104,0.0,160.018394969959,-28.95763971155743,2.5188991860188903,0.0,122.38333404815023,-33.108030527004246,1.6569759364697543,0.0,121.25390002049271,-31.37857897763176,3.0192712170038263,0.0
146.02948206066856,-9.81346836203623,0.39142686473450006,0.0,141.0993518505357,-2.6681580442092185,2.3190791605973207,0.0,109.50236214234538,-8.046470731379017,1.196955111309327,0.0,159.9671230468573,-28.93095843351257,2.379761046406724,0.0,122.38234559381863,-33.105374849645706,1.6577555666692323,0.0,121.30396973967285,-31.394806229947974,2.8020090473203556,0.0
146.04594941542413,-9.64791955189208,0.3238796596561784,0.0,141.07135930069305,-2.662707382800754,2.2927509903011343,0.0,109.48340299490614,-8.039462093119274,1.1874932318472702,0.0,159.9122067161273,-28.902244799901226,2.2442682971373635,0.0,122.37430585441547,-33.113726937288575,1.6620849015343673,0.0,121.30841778551823,-31.412047400120183,2.6110105319975734,0.0
146.04888262230938,-9.51691481353404,0.28852865615293766,0.0,141.01551352564562,-2.6626700694043146,2.2449899108691005,0.0,109.45616495538182,-8.03251033274306,1.1783935888727797,0.0,159.86605402327046,-28.870526728293196,2.1256420105380087,0.0,122.36292438073397,-33.1281931455953,1.6699041440131994,0.0,121.29022612667187,-31.410092609163428,2.452975506607517,0.0
146.0364371982634,-9.437213316763904,0.2821243347711775,0.0,140.95042015524683,-2.672642604586689,2.1738438819272217,0.0,109.42689171459004,-8.025197345010033,1.1704043353616047,0.0,159.8348883651699,-28.8370654490363,2.032692611388569,0.0,122.35226568179505,-33.1424314711176,1.6798332799763989,0.0,121.26651034945056,-31.376776260097923,2.330008634708994,0.0
146.0116273152306,-9.410040161007462,0.29702246643842756,0.0,140.8897127568148,-2.690831674600112,2.086981851922891,0.0,109.40239303501703,-8.01662165781311,1.1634506304437977,0.0,159.8186424809883,-28.80445358627197,1.9683493018288036,0.0,122.34561956080414,-33.15107602486762,1.6899748986597425,0.0,121.24706293658215,-31.311013425206404,2.239781160591665,0.0
145.98151724079577,-9.42237380608311,0.323107996028849,0.0,140.84146680328394,-2.710495317667573,1.9978117238693986,0.0,109.38872994088636,-8.005837667152319,1.156810172645681,0.0,159.8129395825225,-28.775427523336194,1.9301520524714526,0.0,122.34481613726669,-33.15164737921249,1.6988692743553653,0.0,121.23506405548912,-31.22240066597036,2.1766141068860705,0.0
145.95446512907557,-9.45349221936695,0.3497060994614003,0.0,140.80813118330636,-2.7219187214680565,1.9208658967193424,0.0,109.38983970673863,-7.99200404219619,1.1497983434158972,0.0,159.81190698302015,-28.751490841508733,1.91204060422438,0.0,122.35015491816308,-33.14509559364441,1.7060904643148884,0.0,121.22933632472123,-31.12704279948089,2.1330687931448242,0.0
145.9370888063278,-9.482940640196976,0.3682558573908885,0.0,140.78754082661763,-2.715759110483699,1.8673522544228254,0.0,109.40633281814061,-7.974358669462371,1.1424670752618358,0.0,159.81059665856006,-28.731927121496895,1.906603375271592,0.0,122.36084306217721,-33.13489216485926,1.712263704763756,0.0,121.22695281557527,-31.04127887673956,2.1017271553739345,0.0
145.93235981426227,-9.496433974379915,0.37487999583568943,0.0,140.7753749769156,-2.6876078854576306,1.8417717001628153,0.0,109.43495065017781,-7.952351601750828,1.135850841177346,0.0,159.80635998573808,-28.713879121661588,1.9070171646010845,0.0,122.3756545495856,-33.125339082835985,1.7186502027827686,0.0,121.22513927231425,-30.976140900993375,2.0767819914514494,0.0
145.93918736661914,-9.488375074335334,0.3710544140163794,0.0,140.7682405309819,-2.641781975524651,1.8404993225133381,0.0,109.46914825699919,-7.9262112585123,1.1316739903387933,0.0,159.79908813725024,-28.693674495566523,1.9081749615652015,0.0,122.39349256400097,-33.1199901202572,1.7266022498750573,0.0,121.22208083649896,-30.934736396649168,2.054977656240327,0.0
145.9532049093788,-9.461409223435009,0.361792406959081,0.0,140.76566539924306,-2.591622508607373,1.852925354306664,0.0,109.50086554760891,-7.897851139778898,1.1318245452590237,0.0,159.79055983425712,-28.668797339378695,1.9068780121699707,0.0,122.41365368804281,-33.12077512515582,1.7371098389402073,0.0,121.21684670054219,-30.913115253523284,2.035683852992289,0.0
145.96838525874875,-9.423925560666897,0.3525999897727843,0.0,140.7696107944919,-2.5550098280077282,1.8651629649880812,0.0,109.52294015337542,-7.871501318415386,1.1378890745278145,0.0,159.78331247477556,-28.63942047107977,1.9013366705150982,0.0,122.43578067598342,-33.127937831253256,1.750510243708236,0.0,121.20886965539171,-30.90376706881651,2.020308689116492,0.0
145.9790514784994,-9.386411125156046,0.34702322204966407,0.0,140.78165830591658,-2.5467623955091305,1.8652792493112935,0.0,109.53118118451597,-7.85319574265032,1.150713368531168,0.0,159.77950445553768,-28.608629815731856,1.8904515889498548,0.0,122.45964374224643,-33.14054555022419,1.7663481851694556,0.0,121.19741106387599,-30.90009720024691,2.0114434227112223,0.0
145.98165155943587,-9.357700574138677,0.34577681546857697,0.0,140.79983085599392,-2.5719100536406554,1.8477641466710297,0.0,109.5252223942692,-7.848739840681358,1.1698658820676968,0.0,159.78016048980797,-28.58124437979319,1.873337101754636,0.0,122.48492840396746,-33.15719371542849,1.783352123115586,0.0,121.18137291810184,-30.90000896608136,2.01200071318563,0.0
145.97562483136468,-9.342285757432872,0.3473569117629438,0.0,140.81750558798214,-2.623471902543675,1.8149183356709564,0.0,109.50791456176039,-7.860959666159615,1.1932452994297993,0.0,159.78502407525096,-28.561885859242548,1.8493286337931139,0.0,122.51113635204081,-33.17655889151779,1.7994857985454065,0.0,121.15962428913794,-30.907102880305168,2.024463613990184,0.0
145.96304569458525,-9.339559288801961,0.34949123700250695,0.0,140.82543429216636,-2.6856112588783754,1.774739250166701,0.0,109.48380385244843,-7.887916489353237,1.2173406880115856,0.0,159.79296177243307,-28.55323350297001,1.818427342367876,0.0,122.53760831375051,-33.1975698644941,1.8120598343211007,0.0,121.13163332708623,-30.92892304373212,2.0503865641282157,0.0
145.94734048939998,-9.345106115729127,0.35065130645702247,0.0,140.81579163618517,-2.7402202498591812,1.737007556907316,0.0,109.45760940337198,-7.923291242838696,1.2383203557569953,0.0,159.8025354264281,-28.555198787994673,1.7818991220159024,0.0,122.56362391754948,-33.21913556917785,1.8179647860737482,0.0,121.09783919309156,-30.97280048936897,2.0902861501870635,0.0
145.93179612239757,-9.353281009440892,0.3508675163880941,0.0,140.78616651883598,-2.773882495654794,1.7096110237545235,0.0,109.43330008254004,-7.958619863352239,1.2534845464389743,0.0,159.812291026382,-28.565252609312147,1.7426348711363566,0.0,122.58851983741143,-33.23959316217867,1.81412789135417,0.0,121.05915505763842,-31.040807031950184,2.14383309840923,0.0
145.91851671736387,-9.359839877234364,0.35143523697199797,0.0,140.7417445965692,-2.7825963278698067,1.6961044295363221,0.0,109.41378041157222,-7.9859954888148295,1.2622886744518542,0.0,159.82065620367658,-28.57954561524815,1.7049825293329768,0.0,122.61177208738007,-33.25624967561545,1.7981868128511493,0.0,121.01532168534129,-31.126022666135285,2.2100308800559514,0.0
145.9081184163923,-9.363569949542228,0.3538260223570493,0.0,140.69467242951126,-2.772611758156331,1.6947976287191997,0.0,109.40093332431131,-8.0000398084722,1.2663535809171087,0.0,159.82576325303597,-28.594135127345833,1.6740150429007201,0.0,122.63301971933184,-33.265429719947846,1.769166163547153,0.0,120.96236552844955,-31.212560453930415,2.287255433871106,0.0
145.90014612665308,-9.366438447378913,0.35861219616774953,0.0,140.66028603344773,-2.7569756876309057,1.6996815160128511,0.0,109.39585187749351,-7.99877458003074,1.268432424927882,0.0,159.82560134266458,-28.605850136693235,1.6543769978169554,0.0,122.65204177210335,-33.26323067163829,1.7278547856113438,0.0,120.89001883671578,-31.280863263001915,2.373586371986887,0.0
145.8939887745246,-9.37238602854893,0.3650081000282679,0.0,140.65107068308902,-2.749149902068308,1.703192603829736,0.0,109.39911883664755,-7.983609030426163,1.270874473874203,0.0,159.8185849256558,-28.612833253091303,1.6489229238102308,0.0,122.6686675401632,-33.24684282161837,1.6767413846637087,0.0,120.78049709270306,-31.317077224451094,2.4680491853980904,0.0
145.88983742239216,-9.3853541785946,0.37105579799673905,0.0,140.67108181415975,-2.7568078078546385,1.6996284291197137,0.0,109.41090053331176,-7.958753618161155,1.2744198236751973,0.0,159.80426128675413,-28.61499560761533,1.657462900431712,0.0,122.68255198454446,-33.21599809737822,1.6196224377324882,0.0,120.61009698363416,-31.322039401034704,2.572660468891822,0.0
145.88913110061182,-9.407337516757144,0.3741527496606718,0.0,140.71436494744725,-2.7791281107754155,1.6871797485583366,0.0,109.43070895273132,-7.93024284529448,1.277984747925112,0.0,159.78384452276387,-28.614335204476706,1.6760576164124146,0.0,122.6928505177055,-33.17396199870856,1.5610834025262488,0.0,120.35420947748763,-31.314520263339606,2.694202437837074,0.0
145.89420389987237,-9.437113200292831,0.37172492544931934,0.0,140.76866998511863,-2.808861863814448,1.6675204969389181,0.0,109.45700782852148,-7.904663236288495,1.2794886421223772,0.0,159.7604398866413,-28.614750619922518,1.6973031060864852,0.0,122.69805248427238,-33.12754288831497,1.5059243018383164,0.0,119.99484577837144,-31.326246475038232,2.8444907113160927,0.0
145.9073400574095,-9.46997046834807,0.36204404610418983,0.0,140.82192393650436,-2.8374978542664593,1.6438324122179102,0.0,109.48706857128528,-7.887681057282201,1.2771128854838327,0.0,159.7388039157059,-28.621090817651993,1.7118278130279823,0.0,122.69630012082638,-33.085897052583945,1.4584889731547648,0.0,119.52874759588262,-31.3906488909622,3.038224425607906,0.0
145.92975179567068,-9.498534748567458,0.3451199471439548,0.0,140.8673237159636,-2.860229165189466,1.6188644099101266,0.0,109.51732466165274,-7.882571105330233,1.270182641531008,0.0,159.72432421660008,-28.637643794213282,1.7108572605469998,0.0,122.68624543450555,-33.05833186519287,1.4219543362201392,0.0,118.97385043555407,-31.529985637019077,3.2875588983300545,0.0
145.96090342585163,-9.514655069740506,0.32333913489293487,0.0,140.90458939529273,-2.878035815793612,1.5939252874815848,0.0,109.54400759197597,-7.8892081169742685,1.2592486313482532,0.0,159.72115475945662,-28.666582899466007,1.689266593943488,0.0,122.6680457064544,-33.051668789974585,1.3978087698004007,0.0,118.37120649156616,-31.7459708748734,3.593366502080059,0.0
145.99829015118206,-9.511970595928446,0.30133432211348676,0.0,140.93761192666886,-2.896166148253676,1.5689610848599242,0.0,109.56357773475922,-7.904164511569141,1.2455479811715975,0.0,159.73021402744283,-28.70681503842994,1.648024275585282,0.0,122.64388403400095,-33.06797038075988,1.3857227320816392,0.0,117.7789309328208,-32.01820761146534,3.936581894920552,0.0
146.03760651930418,-9.488217998312972,0.2847313829745257,0.0,140.97048636123915,-2.920309352918003,1.5434930227519423,0.0,109.57283915941805,-7.922231379693616,1.2304001819970836,0.0,159.74826332011776,-28.75354418933352,1.5946572286471845,0.0,122.61768647324077,-33.103488865420424,1.3837976000846517,0.0,117.25766629793465,-32.31148746870295,4.2769991984410325,0.0
146.07336312069094,-9.446195513021207,0.27808891554319004,0.0,141.00433218930357,-2.9528670828886545,1.5177755220503002,0.0,109.56925179396976,-7.938820390274891,1.2149990922612304,0.0,159.76881074058687,-28.798954742111626,1.5410970080922102,0.0,122.5942310676387,-33.14936533025522,1.3890417879616859,0.0,116.85364833050284,-32.58747209081138,4.564580824351694,0.0
146.10013134472064,-9.392895848889507,0.2830565157453293,0.0,141.03648038390148,-2.9914276651449114,1.4933058967892219,0.0,109.55190420734851,-7.951954024981025,1.2005673668297803,0.0,159.78444509666772,-28.834330538232727,1.4998591559591166,0.0,122.57809546920137,-33.193902001179296,1.3979495077016608,0.0,116.58844833256099,-32.81387688336992,4.758427079139926,0.0
146.11430863066306,-9.3371966624,0.2977172287990868,0.0,141.0620193053895,-3.0300473890345847,1.4722710381829005,0.0,109.52279314061194,-7.962643234895639,1.1884358400678607,0.0,159.78938521029298,-28.85313319077972,1.4804393763541892,0.0,122.57276348441502,-33.22554637140336,1.4071057014156967,0.0,116.45925458626218,-32.968309708527066,4.841554777995853,0.0
146.1157156845094,-9.286980082806547,0.3172390684941231,0.0,141.07637725884044,-3.062281896126793,1.4563181726670695,0.0,109.48739044867324,-7.973438805265776,1.1797470027141674,0.0,159.7811539722927,-28.85354416006473,1.4871731826905155,0.0,122.57999906439376,-33.235552090528095,1.4137344756526034,0.0,116.4464186721224,-33.03884642038754,4.823526936026299,0.0
146.10811747648827,-9.246516825529389,0.33525086217325395,0.0,141.07744253757787,-3.084148647491059,1.4454256728049186,0.0,109.45369626101127,-7.98609086625264,1.1749537255869722,0.0,159.7610267668029,-28.838963413174078,1.518619830492577,0.0,122.5995041317202,-33.21967809216806,1.4160731069174375,0.0,116.52282397213031,-33.02390650045609,4.732113194259435,0.0
146.0983105293858,-9.214805071923532,0.3454427246740881,0.0,141.066452210727,-3.0956119102202555,1.4374528370540807,0.0,109.42989949429919,-7.999726632470976,1.173505677195653,0.0,159.7334333602705,-28.81629158735922,1.5680844255984105,0.0,122.6289001354217,-33.17880034067477,1.4134675442880038,0.0,116.6613798001806,-32.93187238127926,4.600650764175805,0.0
146.09425098280562,-9.185544044174655,0.34343524701293227,0.0,141.04758546995876,-3.1001862510301486,1.428585555993414,0.0,109.42164022387928,-8.010571838305067,1.1739310030292867,0.0,159.70459295642203,-28.793217825987227,1.6251221313014135,0.0,122.66408602684349,-33.11853834503998,1.4062029938461595,0.0,116.83911873489127,-32.77973405702725,4.457539583880392,0.0
146.10294598349353,-9.149222350643196,0.32913230733347376,0.0,141.02648786627043,-3.10309906853025,1.414650530702855,0.0,109.43009015348963,-8.01339924409967,1.1742938767507383,0.0,159.68078922512007,-28.775847424259247,1.6780263119217835,0.0,122.69991364128863,-33.04802873830739,1.3952118338528958,0.0,117.03803833903794,-32.590313274722995,4.321067138472484,0.0
146.12838570745816,-9.097008689663372,0.30909660134311956,0.0,141.00825690029453,-3.108892890725607,1.3929614078108923,0.0,109.45160555278065,-8.004034435779037,1.172953313226106,0.0,159.6668137250459,-28.767318389091685,1.7169397380568228,0.0,122.73100322580699,-32.97806880543693,1.3818081497373242,0.0,117.24407949342805,-32.38829059782173,4.199471043651307,0.0
146.16957787746188,-9.025096340402209,0.29742699849711585,0.0,140.99584138435634,-3.119532815375533,1.3638904453447056,0.0,109.47896236154028,-7.981705334136028,1.1694441831888884,0.0,159.6649028611419,-28.76770599528603,1.736514570814176,0.0,122.75258124540066,-32.919003179823534,1.3675270998753923,0.0,117.44601157924343,-32.19584630422041,4.094185263256556,0.0
146.21940208665882,-8.937603148354658,0.3135390413831569,0.0,140.98966655692655,-3.1339182335526132,1.331220466748424,0.0,109.50362388393523,-7.950021533075143,1.1650136529035127,0.0,159.67433695821958,-28.775105237724727,1.7368886988619554,0.0,122.76132871392662,-32.87878773539804,1.3540798477500022,0.0,117.63528401109848,-32.02906057342696,4.003658593147854,0.0
146.26566497335585,-8.846181996777997,0.3770114245921299,0.0,140.98844475390226,-3.1489738894145036,1.3009351439435566,0.0,109.5183355423853,-7.915922470695351,1.1622327657139433,0.0,159.6918713830749,-28.787022422324444,1.7226958569232735,0.0,122.75615612560753,-32.86158688966459,1.3433307981329747,0.0,117.80681698839871,-31.896000356082894,3.9257053943697695,0.0
146.29516166966474,-8.765539894150201,0.5022234984699896,0.0,140.99041610713485,-3.1615725976276217,1.2789965608984453,0.0,109.51937414853518,-7.886868132414247,1.163571087737921,0.0,159.71290093838513,-28.801153446699132,1.700928865243526,0.0,122.7386567633627,-32.86710835200945,1.337115799758939,0.0,117.96005511946814,-31.79672903645243,3.857680276953932,0.0
146.29967589802044,-8.706533777544694,0.6961300556149013,0.0,140.9942373132294,-3.1701088151429984,1.2691335062046791,0.0,109.50773781683233,-7.867603156107631,1.169664297509522,0.0,159.7329156043957,-28.815422764009547,1.6786948525572907,0.0,122.71295435520123,-32.8907673560919,1.3368080973262604,0.0,118.09947817008097,-31.724856584727096,3.795207113897499,0.0
146.28104109276634,-8.670440627819461,0.9595785562257326,0.0,140.9991791870233,-3.174908227890337,1.2715797148148926,0.0,109.48871563761482,-7.858373710310095,1.1784534571639398,0.0,159.74874074606058,-28.82780876521685,1.6614888108154364,0.0,122.68483905558571,-32.92473920163814,1.3427933564947097,0.0,118.23391090386575,-31.67003371016006,3.7310459878287876,0.0
146.2522881661027,-8.646958179624,1.2891212243226118,0.0,141.00483827156077,-3.1775238891283504,1.2832129056950574,0.0,109.46994380692625,-7.855760361731919,1.1859086787475341,0.0,159.7591684373672,-28.83650536030849,1.652195661455906,0.0,122.66039659338755,-32.95986446622597,1.3541882480127274,0.0,118.37437597719624,-31.6208380492341,3.655582768409655,0.0
146.23381605051836,-8.6159348249713,1.6769681633511269,0.0,141.01089772920213,-3.1796289269968296,1.2988664458860093,0.0,109.4587725384953,-7.855589899503146,1.1880106468946128,0.0,159.76479403253995,-28.840542334798947,1.6508196399783266,0.0,122.64457585374717,-32.988061166936376,1.3690192660711755,0.0,118.53085179739655,-31.567571317069138,3.559379628508843,0.0
146.24630638494602,-8.551560822532648,2.11064340851833,0.0,141.01727011812307,-3.182208853276564,1.3131550112534924,0.0,109.45987889122001,-7.856080052339452,1.1828582303858521,0.0,159.76721651176598,-28.840426187409918,1.6548952860460595,0.0,122.64013562500789,-33.004502193914625,1.3847821131288018,0.0,118.70886218919104,-31.50450320621474,3.4367285706499953,0.0
146.30388678889614,-8.42772737550704,2.5756037825349036,0.0,141.02435247801606,-3.1853022805614675,1.3221610032275093,0.0,109.47373385394481,-7.85933192965656,1.1716727461035692,0.0,159.76808528173206,-28.838090387028817,1.6605469168134697,0.0,122.6471803367786,-33.00872827575898,1.3991025507971209,0.0,118.90708954606816,-31.43106892875411,3.2882321301820756,0.0
146.41032585778854,-8.223583695460945,3.0612595974807224,0.0,141.03289988292187,-3.188156294634209,1.3244575619551444,0.0,109.49633511972016,-7.870256118002631,1.1580791705825568,0.0,159.76842680788735,-28.835913771094532,1.6640329947047832,0.0,122.66328188288485,-33.00428537820164,1.4102321598594632,0.0,119.11705811015291,-31.351594769312637,3.1209171501112305,0.0
146.55872614799847,-7.928945593571535,3.5664080843966293,0.0,141.04351318250207,-3.1896340660438502,1.3211155012942823,0.0,109.5205131595332,-7.893457213385204,1.1460782361651791,0.0,159.76833025893467,-28.835480092258873,1.6632470508813668,0.0,122.68417523217319,-32.99710703130023,1.41728588512626,0.0,119.32527386639009,-31.27351429532907,2.9459145646811375,0.0
146.7339200942736,-7.549299242835466,4.098545900798541,0.0,141.05616512839467,-3.1888046569173563,1.3147515486408494,0.0,109.53857974866801,-7.929909245984732,1.1379828870824884,0.0,159.76706672594645,-28.836879752367725,1.6584643900259763,0.0,122.70499449886286,-32.993295752909496,1.4203100956131287,0.0,119.51712991509346,-31.204688753050224,2.775027779960439,0.0
146.9172326708876,-7.108524050892054,4.6653814662698085,0.0,141.07000582449655,-3.1854822927975786,1.3081841269138135,0.0,109.54519097218977,-7.975500645042763,1.1336108344754834,0.0,159.76385603934173,-28.83867416067736,1.6520059223396881,0.0,122.7217310369849,-32.997092494666276,1.42027490088679,0.0,119.68100908802366,-31.150917051271595,2.61772795484719,0.0
147.0931746215638,-6.645793133837476,5.263722173158786,0.0,141.08337687600624,-3.180278218237355,1.3034325209271573,0.0,109.5389949764017,-8.022287538631144,1.131090316594431,0.0,159.75887450765953,-28.838521323691204,1.6470271593537458,0.0,122.7323037410902,-33.009708127194166,1.4189533807300077,0.0,119.81102331438416,-31.114594025987405,2.479513515575981,0.0
147.25572515377752,-6.205478107659353,5.874458616906773,0.0,141.09394490760016,-3.1739550486295256,1.301473282883685,0.0,109.52244947062253,-8.061541720020989,1.1284561732796892,0.0,159.7534601338489,-28.834532955780567,1.6460310415637078,0.0,122.73674634799576,-33.02934721217202,1.41861471406302,0.0,119.90766538078627,-31.09477198133566,2.3618204905646767,0.0
147.410788897316,-5.82458714971757,6.468209696203729,0.0,141.0989778446425,-3.166430506412058,1.3026513624260714,0.0,109.50036293363496,-8.086843773285096,1.1247796946632107,0.0,159.74923132652592,-28.82665022578994,1.6499119728391243,0.0,122.73650549138966,-33.052284667258455,1.4215690490820858,0.0,119.97660541613548,-31.08812530341227,2.263126079619637,0.0
147.5735683594034,-5.52424031315322,7.017646251309666,0.0,141.09583362627234,-3.1561333669428784,1.3073073559871693,0.0,109.4781710998023,-8.095878978683295,1.1201988161691698,0.0,159.74697754940001,-28.816959945933455,1.6579494502166838,0.0,122.73332992393435,-33.07442190969176,1.4296813437319837,0.0,120.02638437042845,-31.090092882457682,2.1805711198821047,0.0
147.76272648819744,-5.307533859791132,7.508193507024963,0.0,141.08269648616638,-3.1402882554462757,1.3161710956033748,0.0,109.46056445485186,-8.090496678733793,1.1152018269338804,0.0,159.74611303892175,-28.808753616993545,1.6685120640574738,0.0,122.72839342610908,-33.09251746140641,1.443928747594006,0.0,120.06582973541667,-31.09579612172153,2.1113265552866505,0.0
147.99424375044333,-5.161996162456769,7.9417305082608625,0.0,141.05950194244073,-3.1162353358368886,1.3302565678393474,0.0,109.45053864403529,-8.075344144432213,1.1099824653324557,0.0,159.74494868655557,-28.80484257911569,1.6801078676279388,0.0,122.72206725546087,-33.104483093223834,1.464040831708564,0.0,120.101896003979,-31.100708493820246,2.053171079746452,0.0
148.27712041352402,-5.064592457686815,8.333210681650453,0.0,141.02880721731478,-3.083314983787682,1.35019802818824,0.0,109.44883920337637,-8.055883688776673,1.104405069859844,0.0,159.74165046568586,-28.80589786057034,1.6924715539136468,0.0,122.71436175936373,-33.108809962467056,1.4883392549963297,0.0,120.13844523757332,-31.101168710035726,2.0043388152678556,0.0
148.6121616983153,-4.988379401702245,8.703377315475127,0.0,140.99610737789337,-3.044378164951545,1.3752197034998286,0.0,109.45396055335578,-8.036768060567779,1.0984874049498519,0.0,159.7352287057677,-28.80996464574589,1.7070402307534298,0.0,122.7057767377028,-33.10394357756236,1.5139757452034157,0.0,120.17621410106742,-31.094820024760338,1.9631764912905325,0.0
148.99413772449162,-4.9097813541236555,9.071294825746037,0.0,140.96903717140958,-3.005923728737155,1.4022807783414049,0.0,109.46282987853509,-8.021171303495562,1.0928684239992208,0.0,159.72587416720006,-28.813841426613816,1.7261987106883474,0.0,122.69819598203456,-33.0887036602741,1.5377031549682787,0.0,120.21384141017543,-31.081061237430266,1.9280521975440745,0.0
149.41611913215496,-4.814592947838014,9.449184277596672,0.0,140.95537180448355,-2.976453163364141,1.4261092646832596,0.0,109.47198253399546,-8.010943438424153,1.088806603877254,0.0,159.71462304087407,-28.815431116242678,1.7516474052984972,0.0,122.69545940802308,-33.06436011832563,1.5571105477098577,0.0,120.24941486400749,-31.061441738161246,1.8975666737867254,0.0
149.87371454695915,-4.7008445224737185,9.840278358469659,0.0,140.9605415706374,-2.9636394256602783,1.4404880554904338,0.0,109.47875899665529,-8.00697967391273,1.0877058380953848,0.0,159.7027783817732,-28.815319266804437,1.7829512733703883,0.0,122.70334524650305,-33.03786690079128,1.5720064705237604,0.0,120.28177061737298,-31.039605555181165,1.870925530689279,0.0
150.3674358409914,-4.577789086435474,10.239237348695225,0.0,140.98576726868689,-2.9716199806268246,1.4404254981685085,0.0,109.48205349825689,-8.00926594467948,1.0904922154352743,0.0,159.69136461919715,-28.816750987077988,1.816917584197295,0.0,122.72888674101328,-33.02460149324648,1.5854544240450341,0.0,120.31101616805061,-31.02037236678766,1.8481939727120409,0.0
150.90271707660565,-4.46167754262592,10.634432219145857,0.0,141.0275993799515,-2.999601379019885,1.4242447301215106,0.0,109.48244502465582,-8.016463529502971,1.097103445453877,0.0,159.68073543024659,-28.824438625792595,1.8478507157090647,0.0,122.77919127629391,-33.04853882870166,1.6040101645443485,0.0,120.33830241784176,-31.008114951585473,1.8300064097581696,0.0
151.4877264516866,-4.370118213335788,11.011453093584532,0.0,141.07902796139834,-3.0421683212639667,1.3945346212172494,0.0,109.48201368667185,-8.025305145219303,1.1061704456933796,0.0,159.6707082966674,-28.842729184661188,1.8688293919984424,0.0,122.86020868763492,-33.138553554413704,1.637032369995019,0.0,120.36521438491474,-31.005190232140666,1.8166802689623154,0.0
152.1292176725685,-4.317025010668946,11.356927261799182,0.0,141.13170949631842,-3.0908877777001242,1.3574218661707391,0.0,109.48437602174765,-8.030270610228316,1.1149795775485156,0.0,159.6612484084988,-28.87358509629457,1.874252661768546,0.0,122.97604781980992,-33.321252258725956,1.6952656327056026,0.0,120.39309501306286,-31.011140552472522,1.8074565891889982,0.0
152.8278200471942,-4.309414491120345,11.661629706743085,0.0,141.17829636891744,-3.1365096176546388,1.3205180249861348,0.0,109.49508302401765,-8.023904608279077,1.1199399262509058,0.0,159.6527782467968,-28.915453648925297,1.8627411288606535,0.0,123.1291596522375,-33.61253357915334,1.7888898143439036,0.0,120.42251832203219,-31.02286135043958,1.8005889333674823,0.0
153.57555495175842,-4.346502427874573,11.922361619334115,0.0,141.21381560916763,-3.1711660848339234,1.2905664370201313,0.0,109.52182302835925,-7.997849614511909,1.1178028398454654,0.0,159.64569041323313,-28.96375696231915,1.8382572006266074,0.0,123.3210733512008,-34.01102288962934,1.9250425281851182,0.0,120.45314328101927,-31.035541109118835,1.7940859411528418,0.0
154.357189083287,-4.420877568527722,12.142540627694201,0.0,141.23575849852,-3.190018824401628,1.271794376752311,0.0,109.57363297183933,-7.944333811102499,1.107628783182271,0.0,159.63976232638385,-29.01248322077051,1.808478057197009,0.0,123.55302097995269,-34.49621670750206,2.1050300829984803,0.0,120.48404878946693,-31.044111241927595,1.7863971579237568,0.0
155.1542540773337,-4.520982182645761,12.331511372004247,0.0,141.24340569980825,-3.1918714017778047,1.2654047169582059,0.0,109.6588206494565,-7.857556726082266,1.093034961375098,0.0,159.6340414111886,-29.055966615837644,1.7817823837834386,0.0,123.82614557673736,-35.03267569895942,2.3221961709963184,0.0,120.51432627434923,-31.044910259746516,1.776689421582569,0.0
155.94945965291004,-4.634036512478752,12.502574423365463,0.0,141.23725603329223,-3.178718938819764,1.270010077533728,0.0,109.78209878345939,-7.734386652287212,1.0839281172714266,0.0,159.62726346416613,-29.090275833821952,1.7646975765658226,0.0,124.14167240896323,-35.57919911758189,2.5619366038865214,0.0,120.54350415346799,-31.037072385387347,1.7648087350900887,0.0
156.73004595962843,-4.74876421561919,12.669994942049932,0.0,141.21911902846756,-3.1547785130594637,1.2824805751570771,0.0,109.94203124009572,-7.574202982520426,1.0969644078987386,0.0,159.6184797916325,-29.114053540130737,1.7604614385002009,0.0,124.50159226751103,-36.09950048329185,2.8046503927563533,0.0,120.57152575702914,-31.023018180162357,1.7510869679110908,0.0
157.4896113220202,-4.857499270072895,12.845669697513681,0.0,141.19272058452975,-3.1255985127091384,1.2987372710891396,0.0,110.1300873340914,-7.378265849526361,1.1542228374345775,0.0,159.6072987357885,-29.12875380287363,1.7685828198788105,0.0,124.90974128899879,-36.57012731669677,3.0306681606040975,0.0,120.59837099801639,-31.00767865716549,1.7360508857588552,0.0
158.22834942216687,-4.957381978235606,13.036327539114808,0.0,141.16401128876944,-3.097348617277321,1.314363786776866,0.0,110.33228003222813,-7.14919761551779,1.2798867630493316,0.0,159.5936091824948,-29.137904580499573,1.7854202379404214,0.0,125.37238109313962,-36.98303109259328,3.2249195946049785,0.0,120.62367090256019,-30.996671138521755,1.7200720637750617,0.0
158.95171523385883,-5.050351572167904,13.242008670858551,0.0,141.14026576731803,-3.075955329635093,1.3252427434435452,0.0,110.53343805174033,-6.891002475353581,1.4952325231141899,0.0,159.57736486125216,-29.145154990223368,1.8059289760758848,0.0,125.8973958487305,-37.34299389216762,3.379487216238382,0.0,120.64661762619464,-30.994183901638795,1.7030788456674948,0.0
159.6678162875692,-5.141820496826444,13.456294652279643,0.0,141.12777652743392,-3.065861550411131,1.3284270547361094,0.0,110.72288810243526,-6.609749010671366,1.812893633420467,0.0,159.5588517558342,-29.15198139680988,1.826140944429266,0.0,126.49202570990775,-37.66206042456123,3.4936973990900935,0.0,120.6662105589917,-31.00151906294274,1.6845279438520553,0.0
160.384351515096,-5.2385233907339455,13.668435669297335,0.0,141.12912368524536,-3.0687381980734294,1.3230979570978976,0.0,110.89941236207079,-6.314601519997083,2.231845509899472,0.0,159.53914153301648,-29.156741586873345,1.8449731146300667,0.0,127.159926047423,-37.95354310802226,3.5725761025568348,0.0,120.68163420176549,-31.01701997668038,1.6637044108390846,0.0
161.10600236905208,-5.346394171742389,13.866997930138025,0.0,141.14165947189073,-3.0828514052711737,1.3111194885639526,0.0,111.07342473078013,-6.018380195059953,2.7346627200096947,0.0,159.52023562546353,-29.15583321713421,1.864087873026664,0.0,127.89873860481386,-38.22756021387145,3.6246603634171777,0.0,120.69249669446124,-31.03750485757487,1.640121981478563,0.0
161.83267891222812,-5.468942548556452,14.04393463327345,0.0,141.15823884385063,-3.1035295236797147,1.2967054008117458,0.0,111.26542830441488,-5.736654497379364,3.2884330062870664,0.0,159.50477414655046,-29.145935956516457,1.8860578416038223,0.0,128.69922448323143,-38.48897304700516,3.6597202181998156,0.0,120.69880445657576,-31.060491657850456,1.6137605330854363,0.0
162.55884650938097,-5.606217849193438,14.197488135350916,0.0,141.1698156922382,-3.1245595107169057,1.2851234998865424,0.0,111.50144184049951,-5.484889206004794,3.8500621054335884,0.0,159.49548698611204,-29.125685389316708,1.9121936200087823,0.0,129.54645413808862,-38.73746194547513,3.6866282830522454,0.0,120.70081556003589,-31.0858471186373,1.5851859113863345,0.0
163.27437471363666,-5.754562482623787,14.332560582203763,0.0,141.16852875720795,-3.139950564944436,1.28099853923624,0.0,111.80729383532247,-5.274271708411167,4.375181354517929,0.0,159.4945346944569,-29.095984814477315,1.9412203033198523,0.0,130.4227091475008,-38.96887743395324,3.711667909844116,0.0,120.69906017797344,-31.115618938782642,1.5557466449678667,0.0
163.96705157500892,-5.907497899666572,14.458224414925557,0.0,141.149968087011,-3.1454817060244986,1.287011927753409,0.0,112.20371569947817,-5.107907168099848,4.827951041615728,0.0,159.50279880936324,-29.05932882038791,1.9693686795766752,0.0,131.31097614584166,-39.17714469706927,3.7376699074988498,0.0,120.69465676731805,-31.15194146161015,1.5277626448976758,0.0
164.62611899459688,-6.0577568744244505,14.583379282516388,0.0,141.11409986029642,-3.1396468623611176,1.3033759151242137,0.0,112.70317475355077,-4.979270511290207,5.188183819170693,0.0,159.51928625233398,-29.019013842994454,1.991775856690202,0.0,132.1977309836112,-39.356403475160704,3.7641850528010643,0.0,120.689697404513,-31.19437472037902,1.5042593474689383,0.0
165.24574314556767,-6.199813611570204,14.712436920832586,0.0,141.06510330581224,-3.12382159524879,1.3280182988596279,0.0,113.30840266210143,-4.873930861382828,5.45332085879148,0.0,159.54097116154995,-28.978778301311973,2.004471517772574,0.0,133.07427805856884,-39.50308218495044,3.7885233452910496,0.0,120.68722831570227,-31.238645574106755,1.4878959771675557,0.0
165.82738448089137,-6.331876833769693,14.842800507754806,0.0,141.0105729171645,-3.101596294408388,1.3572916147825893,0.0,114.01239698614454,-4.774177441713734,5.635211754243905,0.0,159.56342774271033,-28.94268425635513,2.0060994280610576,0.0,133.9367213765343,-39.61729365476715,3.8071614142535504,0.0,120.69048770449277,-31.277870609171366,1.479441965828988,0.0
166.38018941249658,-6.45662345716977,14.964818091720991,0.0,140.96018750682248,-3.077427346895716,1.3869688880359679,0.0,114.79999344501759,-4.665004568458858,5.753833578422714,0.0,159.58233671517885,-28.914704905384845,1.9987579988317794,0.0,134.78506927184497,-39.702935437827605,3.8169120580963574,0.0,120.701630809816,-31.305545159160644,1.476903661546718,0.0
166.91898781971153,-6.580742346432793,15.063542051205104,0.0,140.9237138852586,-3.055113372916445,1.4132286673910546,0.0,115.65100802384835,-4.539353510173365,5.8308695437561,0.0,159.5952050188064,-28.897895673316057,1.9874917163637615,0.0,135.6218952698873,-39.76639754537679,3.8154553883509204,0.0,120.72074048673319,-31.31836318932909,1.4762420402213756,0.0
167.46044618032545,-6.713863446505858,15.121173141568978,0.0,140.9085740542113,-3.0367246386271907,1.4334285484404452,0.0,116.54422957487276,-4.400671017138716,5.8852241152017175,0.0,159.6021318623086,-28.8935973284416,1.9783069584759332,0.0,136.45075268174162,-39.814364159046754,3.8011651834380755,0.0,120.7458047169599,-31.31737310479097,1.4733612526084237,0.0
168.0186165678035,-6.86721678323804,15.119733127751319,0.0,140.91772799503403,-3.0222942227562077,1.4466088436350812,0.0,117.46104796571223,-4.261729110391235,5.930891471801877,0.0,159.6052135962171,-28.901033302630832,1.975478522308709,0.0,137.27455269680274,-39.85140734522497,3.772382241789532,0.0,120.77353193801342,-31.307469644631524,1.4659280653688977,0.0
168.6011726890195,-7.051922559361959,15.044025626438085,0.0,140.94859803283995,-3.0102719640784885,1.4535823326511217,0.0,118.38786438318903,-4.14013717347898,5.976485117911183,0.0,159.60733863655048,-28.917244916079156,1.9796135110696067,0.0,138.0943156923675,-39.87799315400408,3.7264808546009265,0.0,120.80027947211705,-31.296083590749213,1.453881975417593,0.0
169.20755571260594,-7.276808213343121,14.884602157509766,0.0,140.99325585811886,-2.998707924455916,1.4563781906699855,0.0,119.3170794857525,-4.052516704906587,6.025771688065211,0.0,159.61110748346894,-28.937417708027986,1.987484889016205,0.0,138.9086664597956,-39.8895485349027,3.659346299790246,0.0,120.82264842894651,-31.29151375583238,1.4387599898644918,0.0
169.82984723578673,-7.546127343907879,14.6398848884856,0.0,141.03975592038918,-2.9869690600838137,1.4571098911856204,0.0,120.24658395156291,-4.009847135201586,6.078962074115939,0.0,159.61794480098976,-28.95593314426106,1.9935673730468242,0.0,139.71407847689105,-39.87735529392553,3.5659666333347557,0.0,120.83797627410802,-31.30072718878099,1.4226822264756063,0.0
170.45598591445247,-7.858132787327513,14.316477356258535,0.0,141.0745294827424,-2.9773933348677497,1.4567429333539508,0.0,121.17764708778066,-4.0154636364243315,6.134436541915196,0.0,159.62741546298506,-28.968100024852852,1.992480222121273,0.0,140.50558136081398,-39.831617224056586,3.442373069933147,0.0,120.84509747707907,-31.326795081580205,1.4075342612114436,0.0
171.0736230300186,-8.205440843709074,13.927279671248108,0.0,141.08571827927204,-2.9760183284037387,1.4543038516426332,0.0,122.11176307181627,-4.0655087259347855,6.190228902255296,0.0,159.63712938562773,-28.97181947207712,1.9813385458586907,0.0,141.27764068017112,-39.74586374690342,3.28810943529526,0.0,120.84518366982022,-31.367069451213588,1.394377687344674,0.0
171.67274404373535,-8.577239967738137,13.488080482104632,0.0,141.06685347937568,-2.99154954277067,1.4469138561062014,0.0,123.04801175702815,-4.150777410838894,6.244651053153122,0.0,159.64362082224383,-28.96828020612055,1.961180210210678,0.0,142.02508583130287,-39.62067185674511,3.107431605324477,0.0,120.84197708962742,-31.41340485622419,1.3830760491808771,0.0
172.24642343496714,-8.962433766209815,13.014010108350323,0.0,141.01965070369653,-3.032169373038398,1.4308743075436468,0.0,123.98251654163546,-4.259183226068953,6.296014516383449,0.0,159.64402457906988,-28.961325362465185,1.936961076888922,0.0,142.74413671136978,-39.46443488007027,2.907660193470207,0.0,120.84092943982441,-31.454702837452263,1.3722985329394515,0.0
172.79048041514977,-9.35262412315928,12.516995255899033,0.0,140.95459231782252,-3.100887126508657,1.4037328471608541,0.0,124.9102458901528,-4.378616931176477,6.341997907320609,0.0,159.6376489981168,-28.955879056686904,1.9160453294604132,0.0,143.433531030777,-39.28999350891459,2.694933807970102,0.0,120.8474449943259,-31.480712664323818,1.3600219025037816,0.0
173.3030904542796,-9.744216966885709,12.004514623423642,0.0,140.8886576092872,-3.1916248581887157,1.366561547726377,0.0,125.82781880613678,-4.499938741054594,6.379333748747426,0.0,159.6263914199133,-28.956211172553104,1.9057953011629873,0.0,144.0953879108069,-39.10820887516227,2.469765567961179,0.0,120.86496319873343,-31.485462563251694,1.3443781950626317,0.0
173.78469217228664,-10.13923454121225,11.479393382542632,0.0,140.84061976050538,-3.2888099048436246,1.3250031574520786,0.0,126.73542464158879,-4.619365825713079,6.404125313894841,0.0,159.61379708194502,-28.96463194908821,1.9114178944323665,0.0,144.73514742563864,-38.92178301112788,2.2253531977861787,0.0,120.89365878510247,-31.46912069293151,1.3244740820462475,0.0
174.23783859795935,-10.544600929800405,10.940457433148296,0.0,140.8253502567576,-3.3715547455315473,1.2881490494141268,0.0,127.6366590025498,-4.739302763283741,6.412604650186932,0.0,159.60366110115382,-28.980786266390417,1.9349162532776312,0.0,145.36015361082147,-38.722904290923985,1.9500794538882573,0.0,120.93018843324465,-31.437944428767562,1.300832074416828,0.0
174.6665336074628,-10.969893719505047,10.384159338794785,0.0,140.84922182379023,-3.420475219709326,1.2657705502679617,0.0,128.53629032323573,-4.867093835892754,6.40185436742944,0.0,159.59913314272322,-29.00160773031788,1.9750698828993976,0.0,145.97708922345205,-38.496190766464295,1.6334252342657294,0.0,120.9684769585975,-31.402640912033856,1.2753240190765087,0.0
175.07487351726536,-11.423749911467135,9.807246383456999,0.0,140.9084140536124,-3.4237772747863726,1.265217905439198,0.0,129.43699174159534,-5.012015081793933,6.370044654865644,0.0,159.60240198754164,-29.022134529307777,2.0279273044422563,0.0,146.5890764921068,-38.22571723040944,1.272929244764173,0.0,121.00128613435075,-31.375649105753016,1.2506818682059038,0.0
175.46527779519698,-11.909367590417482,9.210122346594094,0.0,140.99064337647744,-3.3804658200684967,1.2891271775402577,0.0,130.33662920424428,-5.1816077995209096,6.315971158459774,0.0,159.6144669734587,-29.037233873191564,2.0876358617678115,0.0,147.19357029944263,-37.90335797492314,0.8792069866619254,0.0,121.02224507619057,-31.36780913869272,1.2297358747515066,0.0
175.83710434587448,-12.420087760869219,8.600030721080682,0.0,141.07932463335533,-3.3003820397826846,1.3345505206665305,0.0,131.2276070335117,-5.37882610658823,6.23799818157277,0.0,159.6348214249053,-29.043666142805606,2.1477162172298954,0.0,147.78209643309012,-37.535292268995825,0.476437729760141,0.0,121.0278690842478,-31.385096969231576,1.2145106954268208,0.0
176.1865475586321,-12.936702082677822,7.992858068447498,0.0,141.1583344355673,-3.201527912899312,1.393690907341222,0.0,132.09875733598227,-5.601223637257477,6.132873699736512,0.0,159.66142860742082,-29.041385090700235,2.2025556395896757,0.0,148.34229496096276,-37.14380747295033,0.0973002945995951,0.0,121.01880863096332,-31.426544333567154,1.2053776641643719,0.0
176.50802187735457,-13.42828066942752,7.412470882175879,0.0,141.21575013264314,-3.1053040306568542,1.4560866819737157,0.0,132.93862371395664,-5.842502118042123,5.995148572025956,0.0,159.69134162322175,-29.03322172210836,2.248497773533094,0.0,148.86164382137156,-36.76285345563627,-0.2261397876014808,0.0,120.99961571765367,-31.48443501013228,1.200631965123863,0.0
176.79618135686408,-13.857449166553454,6.887109603750647,0.0,141.24579148852928,-3.0308616801916246,1.511566415434431,0.0,133.73799564257476,-6.095483466477192,5.817859109877869,0.0,159.72171281817356,-29.023136150114087,2.284112840591966,0.0,149.33124207126772,-36.42858203202913,-0.47183891289320457,0.0,120.97701011568924,-31.546953497242182,1.196880287887156,0.0
177.04734803696087,-14.189322939881931,6.443338990697008,0.0,141.24899571483988,-2.990384910619622,1.5528480161141323,0.0,134.49021337901732,-6.354703852053721,5.59465710459796,0.0,159.7504816829733,-29.01416518381234,2.309796789481098,0.0,149.74797463327596,-36.16902869739797,-0.6334511008031463,0.0,120.9574872033225,-31.602223023920843,1.1902593448070373,0.0
177.25975515188145,-14.401438662260027,6.0991802596314555,0.0,141.2310199284618,-2.986843421139305,1.5768907965507957,0.0,135.1895295766743,-6.617093102191249,5.322869098100435,0.0,159.77636177322594,-29.007219492777846,2.3271510312270873,0.0,150.11438032736118,-35.99760222120952,-0.7202877417981011,0.0,120.94537408022435,-31.64202051464573,1.1779673987448813,0.0
177.43295956939733,-14.49092803572788,5.858777789126299,0.0,141.2004993130124,-3.014649027027687,1.584878038213259,0.0,135.82917443655035,-6.880474120446481,5.006291002595091,0.0,159.79853278200252,-29.00116507600965,2.338495762847078,0.0,150.43675073716878,-35.91244602826006,-0.7522827599763318,0.0,120.94200066423612,-31.663757287306673,1.1593491200295496,0.0
177.56734032888147,-14.47576273778043,5.7106452610375005,0.0,141.1664133710832,-3.0625490943274922,1.5812443455806537,0.0,136.40082496259282,-7.1410148346441,4.656253348865157,0.0,159.816657212296,-28.99391198214995,2.346616794411098,0.0,150.72256194445188,-35.9003241008638,-0.7523057142543657,0.0,120.94600008756359,-31.670264324397767,1.1360310773276492,0.0
177.66444479450595,-14.389334143177546,5.630311542971924,0.0,141.13558366057384,-3.1175189125911658,1.5721498080517797,0.0,136.89611111230414,-7.391486387473708,4.290063826751805,0.0,159.83124060541527,-28.983880833353552,2.3546398064338945,0.0,150.97819879155847,-35.942090166540126,-0.738506960422253,0.0,120.95433326982968,-31.667910142882,1.1111510461392555,0.0
177.72806852092629,-14.270636335250291,5.586702202402147,0.0,141.11108993240387,-3.1683754619058337,1.563650224447903,0.0,137.30940124642268,-7.6218031383359,3.9272629344041405,0.0,159.8437664580014,-28.971125418729606,2.3658044952411217,0.0,151.20747011166395,-36.01752956867694,-0.7190296900864048,0.0,120.9635340266895,-31.664075449354478,1.088154238976804,0.0
177.76504248413627,-14.154047435821026,5.550292791268273,0.0,141.09220609627693,-3.208158802416567,1.559950208451629,0.0,137.64032472021344,-7.821875062179862,3.5853049719332457,0.0,159.85617884254077,-28.95749267107611,2.382913686550813,0.0,151.41100979906838,-36.10901412219439,-0.6905363027691536,0.0,120.9707674977584,-31.66489028561267,1.0696900823723556,0.0
177.78466282724176,-14.062297711720147,5.500290638730165,0.0,141.07586894440175,-3.2348111667837562,1.5624159220586709,0.0,137.89483857961218,-7.98517066827595,3.276398968671316,0.0,159.87001562610823,-28.945607180176836,2.407482639173912,0.0,151.58649890762086,-36.20416227960066,-0.6405633012125538,0.0,120.97445654532811,-31.673721090499573,1.0569343188045028,0.0
177.79658294604937,-14.004246785011198,5.428345493841131,0.0,141.05907347967226,-3.2502474562629295,1.5699137096076994,0.0,138.08467920550007,-8.11088542419612,3.0064000007523486,0.0,159.88597663189165,-28.937171203806013,2.438997317025869,0.0,151.72970658163632,-36.2969929160566,-0.552428197913331,0.0,120.97438608986056,-31.69058307827508,1.049440161250626,0.0
177.80793558970157,-13.97691654383204,5.337755266977431,0.0,141.04113392746774,-3.2584394431247183,1.5801577352431515,0.0,138.2256561348588,-8.203620161492594,2.7756110528131064,0.0,159.90427325288002,-28.931659201682567,2.474790771027278,0.0,151.8363499983659,-36.386345515094376,-0.4110557761482152,0.0,120.97133681457692,-31.712541413092524,1.045491176335771,0.0
177.82075149381035,-13.969912897237855,5.239114063523438,0.0,141.02461299432645,-3.263354188843186,1.5907898304558774,0.0,138.33505635245572,-8.271027088793232,2.5806998024559853,0.0,159.925226481451,-28.926346307067206,2.5106976236657985,0.0,151.90443991438823,-36.471350649553706,-0.2083601732188498,0.0,120.96644647704912,-31.735016749851013,1.0428151847871856,0.0
177.8305221447265,-13.97011313630387,5.14469012847757,0.0,141.01451888722954,-3.267505460519625,1.5995823035424195,0.0,138.42828063042413,-8.32081314449311,2.416781592136898,0.0,159.9493940636914,-28.91768919098685,2.5421803457747743,0.0,151.93634672657745,-36.5460345059507,0.053021690156500156,0.0,120.96060895975153,-31.753586098650327,1.039405598129358,0.0
177.82655558322404,-13.96511595927868,5.063964900040322,0.0,141.01645300111306,-3.2715034901487963,1.60448064474061,0.0,138.5154495271113,-8.358496967633721,2.278976903648948,0.0,159.97714539916026,-28.90315681078818,2.565437253357141,0.0,151.93979736680853,-36.59640932552962,0.3587355320192902,0.0,120.95420531789726,-31.76558394851041,1.0341773390552618,0.0
177.79465244932342,-13.945181514617694,5.001979088330915,0.0,141.03446572846113,-3.274447893270879,1.603958296506172,0.0,138.59946990895057,-8.386736956304384,2.163176450960032,0.0,160.00808947488312,-28.88248850887344,2.578202317672913,0.0,151.92742564945766,-36.60215343685146,0.6850290649626114,0.0,120.94726895207381,-31.77086405663062,1.0272675486564236,0.0
177.72219184440186,-13.904309344792795,4.960735234922361,0.0,141.06912072271115,-3.274786807778457,1.597518999621359,0.0,138.67680704894804,-8.406211797513325,2.06611203507134,0.0,160.04062951866425,-28.857966165975153,2.5802672331384926,0.0,151.91496562301597,-36.54227091193576,1.0039600512844977,0.0,120.93989326510567,-31.771501121247464,1.019890806834674,0.0
177.60478080879335,-13.84067420045425,4.941974821366832,0.0,141.11639006165728,-3.271313919710744,1.5861337968872542,0.0,138.74087378321974,-8.417253686231374,1.9850711657893232,0.0,160.0717670403315,-28.833798069095273,2.573709178907624,0.0,151.91845736206102,-36.402260460948085,1.28988929142119,0.0,120.93249449068689,-31.770715751117116,1.0137680939561768,0.0
177.45210189074723,-13.755305997471208,4.948282534946712,0.0,141.1680836102174,-3.264002959282541,1.5724231873601768,0.0,138.78651235055167,-8.421145931155007,1.917665186184884,0.0,160.0975770301676,-28.814747235087555,2.562450593232956,0.0,151.950946953802,-36.18020406890407,1.5248984898576214,0.0,120.92565373283297,-31.771580960204485,1.0103257796836278,0.0
177.28893226635898,-13.647907338588073,4.980945954244227,0.0,141.21403662610334,-3.254355135074288,1.5603402792369145,0.0,138.81341769287224,-8.420377372286225,1.8618914672072098,0.0,160.1147880909801,-28.80436418011935,2.5509666534562143,0.0,152.01924883741177,-35.88971571249695,1.7010792922142368,0.0,120.91966345241255,-31.77600497870337,1.0100474843262326,0.0
177.14835912239766,-13.511664324390528,5.037214451671911,0.0,141.24537131401215,-3.2449741142674995,1.5542712906721885,0.0,138.82682808857726,-8.417882088164232,1.8163807332184767,0.0,160.1227610354579,-28.80371330222486,2.54276206068373,0.0,152.121516710415,-35.558103177461064,1.819195870402126,0.0,120.91421871057824,-31.784240180549386,1.0123397158287855,0.0
177.0601191612356,-13.332053290033546,5.1115254944637005,0.0,141.25750479462712,-3.2383866348655523,1.5578932889018118,0.0,138.8352183832173,-8.415902645054505,1.7804349006651368,0.0,160.12420994223507,-28.811222354085785,2.5394309759956695,0.0,152.24657945992837,-35.21933723707264,1.8852757710997583,0.0,120.90854914618436,-31.79497761728365,1.0159381090578918,0.0
177.04156309825834,-13.092709404804879,5.2009247184675615,0.0,141.25164781625347,-3.2357128469061616,1.573293287367882,0.0,138.84638409190183,-8.415271525718246,1.7535158795412205,0.0,160.12399650084515,-28.823390102124595,2.5404885764794933,0.0,152.3759371754401,-34.90416934055468,1.90761272492629,0.0,120.90186767255071,-31.80597576939944,1.0195161355787423,0.0
177.09522909595444,-12.785080347954366,5.309525666706188,0.0,141.2341822180116,-3.2361721888516293,1.60042700903833,0.0,138.8641142416103,-8.415565637804857,1.7343175323095785,0.0,160.1269366871591,-28.835832665722272,2.5437866777757483,0.0,152.48854904661968,-34.63205991353065,1.8955041324615376,0.0,120.89382644339608,-31.81501269475611,1.0221305815521582,0.0
177.2111949691885,-12.415403958016707,5.447701589253054,0.0,141.21417875585004,-3.2380146273867343,1.6366067903233246,0.0,138.88702667635604,-8.416010166065243,1.7201518104096998,0.0,160.13591318128152,-28.844450013300214,2.5463856707937156,0.0,152.56710659440438,-34.40867790537966,1.8590675275714705,0.0,120.88481163456419,-31.820777413133968,1.0234011575459814,0.0
177.3716761213296,-12.005611112739027,5.626896051484296,0.0,141.200147814884,-3.2403583137992973,1.6760898985723864,0.0,138.90969854665505,-8.416562221650555,1.707430053020751,0.0,160.15092728985698,-28.84656198006985,2.5456946679818904,0.0,152.6033708500008,-34.229037853069926,1.80880754769119,0.0,120.87602972518569,-31.82329841643604,1.023521719370308,0.0
177.55698237963372,-11.58904133759041,5.854467428562248,0.0,141.1975283088651,-3.2445027991625626,1.7106411384603915,0.0,138.92515673265655,-8.418527002792203,1.693080603883601,0.0,160.16909276794627,-28.84167792807408,2.5405060686306955,0.0,152.60043579851322,-34.0832965426864,1.7544163490269025,0.0,120.86924978160485,-31.82372154034099,1.0231618712917694,0.0
177.7513404517806,-11.203193346112231,6.131998715224197,0.0,141.2079575828088,-3.2535516592403058,1.7319461555222588,0.0,138.92758400869107,-8.424340021210176,1.6757145869421795,0.0,160.18556764358277,-28.83151408705249,2.5315221946153503,0.0,152.57120017980165,-33.961962541095005,1.703197060726934,0.0,120.86604624143726,-31.823626500682323,1.0232108831112736,0.0
177.94600565181156,-10.881217291054579,6.456683352110172,0.0,141.23027314402796,-3.270336796469965,1.735361456041053,0.0,138.91431870257674,-8.43659590137707,1.6556501208748298,0.0,160.1955081736619,-28.819156905345857,2.5210792041077212,0.0,152.5337421144391,-33.85887643144789,1.6588735453250578,0.0,120.8668187200702,-31.82433445601527,1.0243922049467606,0.0
178.13858816384572,-10.644040686443173,6.823296234920619,0.0,141.26243501687603,-3.294534610326858,1.7229945141588452,0.0,138.88652244682578,-8.456797115336428,1.6341654825133194,0.0,160.19624874622156,-28.807814934326437,2.5121156628834918,0.0,152.50520823082596,-33.77192718629172,1.6215184228239963,0.0,120.87040629022287,-31.826521310898634,1.026966940855985,0.0
178.33008725292228,-10.495882565201239,7.2252844316601434,0.0,141.30340758339815,-3.320209864123685,1.7044455425791725,0.0,138.84841372295986,-8.484449360522198,1.6128352870919809,0.0,160.18813446593398,-28.79985650200198,2.5069824311729043,0.0,152.49635984187495,-33.70212926070243,1.5887211089809483,0.0,120.87480293276396,-31.830141820814383,1.0307139873063988,0.0
178.5220009161141,-10.425360271209623,7.654746104702537,0.0,141.35426198265455,-3.335047216682333,1.6953884356004094,0.0,138.80564788747205,-8.516948032441695,1.5931564079189986,0.0,160.17365691426744,-28.796446189858223,2.5067781867291608,0.0,152.50881396056388,-33.65162150264288,1.5572876746148463,0.0,120.8784028501336,-31.834586036433908,1.0351041828760792,0.0
178.7148978455403,-10.411770750719501,8.101189685472052,0.0,141.41834397089534,-3.32193454265761,1.7152224995686032,0.0,138.76372311685003,-8.550310690514793,1.5762078756147595,0.0,160.1561000878139,-28.797612765974044,2.5113516824686997,0.0,152.536010842057,-33.621180292029656,1.5246776391242172,0.0,120.88074748182709,-31.838998797907195,1.0394558217249994,0.0
178.90842556694074,-10.433532038330608,8.549434908973419,0.0,141.5007610421044,-3.2624412575059987,1.7844482166841633,0.0,138.72697447647428,-8.580446398656932,1.5623563223905759,0.0,160.13865154156696,-28.802458663601527,2.519605454853602,0.0,152.56734558921445,-33.608267008052415,1.4898973053134892,0.0,120.8823913938759,-31.8426137108255,1.0430114338610537,0.0
179.1018122556411,-10.475138531571348,8.978073960496804,0.0,141.60736668576084,-3.1410715567539587,1.9217039053994966,0.0,138.6982015124666,-8.604431915148433,1.5512867420972754,0.0,160.12399586865783,-28.809391166598218,2.5297570333465185,0.0,152.5934129241949,-33.606665383762056,1.453836633424256,0.0,120.88424575128256,-31.844945465522635,1.0450370056791805,0.0
179.29372787977945,-10.530142239075996,9.360087723811075,0.0,141.7433541154642,-2.949315053905626,2.1406472784783013,0.0,138.67870102270064,-8.621260057879843,1.5424529245107195,0.0,160.11410900816395,-28.816489844078525,2.5396255368449854,0.0,152.6097734181941,-33.60788838279041,1.4189954995962708,0.0,120.88690085686912,-31.845811555025104,1.045022375204777,0.0
179.48102415207381,-10.59964489756902,9.66601614986774,0.0,141.91148312110516,-2.688819535538417,2.4469943005963053,0.0,138.6684761690416,-8.631791023468779,1.5356546361074965,0.0,160.11009857567117,-28.822102657551955,2.5471791703588984,0.0,152.61756035134812,-33.60360667604748,1.3885806216532615,0.0,120.89022112608055,-31.845276321357957,1.0429361427472656,0.0
179.65707931998742,-10.68785103204042,9.868627362166253,0.0,142.10998951630788,-2.373069782779953,2.835764112721405,0.0,138.66648892664773,-8.638033490735955,1.5312921742230579,0.0,160.1120717080252,-28.825459631034867,2.5512617089733673,0.0,152.62113760144362,-33.58819975990683,1.365206282685726,0.0,120.89330928294285,-31.843610092052725,1.039391679916685,0.0
179.81128345263375,-10.797548342660416,9.947430255861946,0.0,142.33085340129045,-2.026900072574737,3.2893180664094164,0.0,138.67090301894825,-8.642149091061558,1.530109856781234,0.0,160.11909937631063,-28.826916624105856,2.552117235366735,0.0,152.62463368977353,-33.56071354892984,1.3497359767763069,0.0,120.89480229424018,-31.841256911500558,1.0355813870791621,0.0
179.93077168094962,-10.928039600067134,9.89172767894242,0.0,142.5594741109226,-1.6833057845155839,3.7771368793215485,0.0,138.67931442441542,-8.645613172616194,1.5326353176237255,0.0,160.12940748136117,-28.82764765171595,2.5514134598923963,0.0,152.6294303893625,-33.525434840191444,1.3408328290777032,0.0,120.89334773646051,-31.838751568937738,1.032950915404875,0.0
180.00400473184433,-11.076099481338058,9.701714569543824,0.0,142.77618494727918,-1.3774596499941714,4.25756344434458,0.0,138.6889990522318,-8.648853991387773,1.5386632730354304,0.0,160.1408908525923,-28.828990015084543,2.551741240331154,0.0,152.63360193536906,-33.49041607172783,1.3354447688326267,0.0,120.88805866750192,-31.836600134909947,1.0327488911296872,0.0
180.02438766406962,-11.238371192837596,9.387917696997203,0.0,142.96002730875708,-1.139620557871246,4.6826689413909905,0.0,138.6972209284523,-8.651488969451329,1.5470201283564027,0.0,160.15180599193832,-28.83186189730963,2.5557642996808774,0.0,152.63301814044772,-33.46419906701197,1.3299815759172944,0.0,120.87880103727865,-31.835226367484836,1.0356660811820664,0.0
179.99204971129814,-11.41285383292194,8.96982489850139,0.0,143.09425126859017,-0.9904563785381608,5.0067399691209165,0.0,138.7016322703237,-8.652992400607545,1.555704729717899,0.0,160.16121332607565,-28.83653738272343,2.565230684232084,0.0,152.62332258161936,-33.452117349116264,1.3216248298322935,0.0,120.8662813431893,-31.83504195564229,1.041701057344559,0.0
179.9132482819947,-11.598125379342843,8.47468974586668,0.0,143.17090687765793,-0.9406837657904239,5.195594975083118,0.0,138.70075503308382,-8.653359118168526,1.5624002529337844,0.0,160.1688489490511,-28.842748502402046,2.5800951185644916,0.0,152.60213747941307,-33.45379792132912,1.309215066790248,0.0,120.85196640925574,-31.836546481418047,1.050237214105998,0.0
179.7984046304891,-11.790662605845846,7.9368398976848145,0.0,143.19221766383689,-0.993543297664174,5.233591926190697,0.0,138.6944507845161,-8.653280686643106,1.5652154241541396,0.0,160.17462192344126,-28.849921858022213,2.5981368098664888,0.0,152.5709755491661,-33.462685060040236,1.293469870632162,0.0,120.8378272401442,-31.8402867454202,1.0602203630057314,0.0
179.66026006081847,-11.981974424005516,7.396423352411479,0.0,143.1686322762063,-1.1469348612844623,5.12714715503424,0.0,138.6841732574598,-8.653668500001716,1.5633523801422875,0.0,160.17823392478712,-28.85740784013825,2.615426510538571,0.0,152.5362528960431,-33.467424966108766,1.276627492262154,0.0,120.82586321193108,-31.846617980059374,1.0703414964103288,0.0
179.51265733201436,-12.157943641143802,6.895710061550632,0.0,143.11507598632528,-1.3928229157335839,4.90463828326577,0.0,138.67274077383058,-8.654873387821835,1.5573900808263321,0.0,160.17914005852535,-28.864655372484915,2.627621847185834,0.0,152.5087569662155,-33.45452961788751,1.2617496505904633,0.0,120.81750995550767,-31.85539078970298,1.0792185285553106,0.0
179.36898951485696,-12.302099408291022,6.47233858827003,0.0,143.04705812926278,-1.7139189936585115,4.612166860623452,0.0,138.66348938341451,-8.656216211709017,1.5490958219596358,0.0,160.17665984273427,-28.87133515106199,2.631631917751399,0.0,152.50120287796358,-33.411785205237365,1.2519248924237,0.0,120.8132560305723,-31.86575894835093,1.0856376377655774,0.0
179.2394859194428,-12.401868945547475,6.151552813789544,0.0,142.97766660141428,-2.0805186036594554,4.304715228342252,0.0,138.65898879220694,-8.656191951265704,1.540907576791545,0.0,160.17007324380734,-28.877402763353864,2.6269813948386087,0.0,152.52421979962182,-33.331809307163795,1.2495512239498705,0.0,120.81270378170143,-31.876258678628353,1.088866888723329,0.0
179.12836515049565,-12.454144528957059,5.940810354501668,0.0,142.9162191217201,-2.4515822846254434,4.034431260538733,0.0,138.65982992699887,-8.653196008249731,1.5352823257125614,0.0,160.15885567953433,-28.88305585098383,2.6162553889958673,0.0,152.5820549613887,-33.214854738668635,1.2557146274345303,0.0,120.81491569922427,-31.885187811301037,1.0889337765075613,0.0
179.03261271395348,-12.466801049835002,5.829184762515805,0.0,142.86928065320242,-2.7815918320307675,3.8406263547378474,0.0,138.66407188148634,-8.646310725177646,1.5341058963691712,0.0,160.14326107117725,-28.888585917258844,2.604325997235785,0.0,152.66987617649,-33.0698647559967,1.2696427881593824,0.0,120.81870843336566,-31.891115992958888,1.0867096312932052,0.0
178.94265428754545,-12.45581064988077,5.792082779750472,0.0,142.84378234698977,-3.0301998650531843,3.745777761109127,0.0,138.6677023541457,-8.635740131665985,1.5383714264086468,0.0,160.12507894082137,-28.894239977624046,2.59658130826641,0.0,152.77425361212332,-32.91318900751333,1.2885123963438865,0.0,120.82278357890142,-31.89325012132022,1.0837130194298599,0.0
178.84427752062365,-12.440202594130975,5.79972373913928,0.0,142.85040781072738,-3.1700958520595544,3.757728244396314,0.0,138.66606376308172,-8.622730325812919,1.5482103233917677,0.0,160.1079363650838,-28.900230616647935,2.596844080158222,0.0,152.87726038321992,-32.764984759369796,1.308191270097451,0.0,120.82583537518852,-31.891531716002948,1.0816645310818682,0.0
178.72226210836425,-12.437260002371165,5.825989540343059,0.0,142.90483695866618,-3.190946583999489,3.874510953912904,0.0,138.65579359812713,-8.6090874025071,1.5631248990355573,0.0,160.0965641109324,-28.906944452391585,2.6058768475090375,0.0,152.96308927777656,-32.6438911942673,1.3251628977699834,0.0,120.82676946266594,-31.88658521382561,1.0819372191251713,0.0
178.56644211998244,-12.45887604061271,5.85393326314134,0.0,143.02528254532575,-3.0999070550559926,4.088087238485349,0.0,138.63653009993058,-8.596590230039682,1.5821677505460912,0.0,160.0952085322227,-28.915272989031774,2.621219445843014,0.0,153.02456466239872,-32.56132037152324,1.33878798578354,0.0,120.8250174572511,-31.879669196738302,1.085101211984263,0.0
178.37818015528956,-12.509144559589028,5.875956065409411,0.0,143.2263635941207,-2.919294517898021,4.386099005661501,0.0,138.61158105879494,-8.586579091280978,1.6039540604774203,0.0,160.10613774460768,-28.926830051678117,2.6385200579636496,0.0,153.0661222012444,-32.51768513454131,1.3521791041276163,0.0,120.82081671997695,-31.872602901763926,1.0907268983359248,0.0
178.17274997357845,-12.583551103247487,5.889534989721951,0.0,143.5112255641942,-2.6813444941867584,4.7536360094426895,0.0,138.58709491309745,-8.579786102581373,1.6266166992301674,0.0,160.1290297575922,-28.943775066133153,2.6537884162203333,0.0,153.10078595703405,-32.50309621062675,1.3705960861981605,0.0,120.81528552362339,-31.8675140023685,1.097520103432041,0.0
177.9751719308701,-12.670247502026568,5.891999793211339,0.0,143.86446460660665,-2.4217993538845537,5.174886162225596,0.0,138.56994314100893,-8.57625627307988,1.6478776139994018,0.0,160.16121393744308,-28.968200530940614,2.665634353596918,0.0,153.141749699435,-32.503308796317896,1.3980849903830315,0.0,120.8101742380581,-31.866357096677334,1.103757436055533,0.0
177.81186560470508,-12.753286600408464,5.878127154421278,0.0,144.24881897749532,-2.1741745619456356,5.632388776445384,0.0,138.56515034973611,-8.575184056686943,1.6652984279487395,0.0,160.19830793884194,-29.001388167252674,2.676639076288783,0.0,153.19285257108007,-32.50835164787619,1.4341438809419387,0.0,120.80732585834993,-31.870363514045994,1.1078809427532263,0.0
177.70253362422292,-12.817005836336847,5.841625199328292,0.0,144.60962732689822,-1.964644532193983,6.1065626590600175,0.0,138.57391015427243,-8.574647981741064,1.6766829317129819,0.0,160.2349747452724,-29.043474795870395,2.6933517276338286,0.0,153.24376204809144,-32.51873678724592,1.471909954941248,0.0,120.80804331424326,-31.87964853714992,1.1090292474824786,0.0
177.6548302082186,-12.850486681957914,5.778742876985917,0.0,144.88720572734488,-1.8093663654245375,6.577189550586956,0.0,138.59290696115713,-8.571434280201215,1.6805834823437795,0.0,160.26571098459615,-29.09412515440208,2.7248995856685685,0.0,153.27328054682417,-32.545044882370725,1.4990918889999243,0.0,120.81261534520455,-31.893078873463026,1.1072952212014258,0.0
177.6623896159372,-12.85101573891683,5.691542016138991,0.0,145.03246429203742,-1.7151719685651177,7.026212734429669,0.0,138.6150426902438,-8.561296587658168,1.6767798995313772,0.0,160.2855190111638,-29.154446528381072,2.780573026476162,0.0,153.25904360383743,-32.6010651028341,1.502451851513765,0.0,120.82020180993743,-31.90840726735516,1.1036316702811142,0.0
177.70654279859912,-12.82541730600289,5.589059267646135,0.0,145.01992295132905,-1.6818273896929172,7.441323381682584,0.0,138.63116586291883,-8.5399800510354,1.666477466317744,0.0,160.29043838644705,-29.229580777286984,2.8668729324676807,0.0,153.1881150718251,-32.69485468110748,1.4744463195004123,0.0,120.82914067663982,-31.922730306052884,1.0994892125107452,0.0
177.7617313886891,-12.788328612247547,5.485635551630875,0.0,144.85411086355168,-1.703509102500682,7.819346079629157,0.0,138.63235078823158,-8.505017332645707,1.6520401571213732,0.0,160.27835659672297,-29.330827276819797,2.984754389997528,0.0,153.06359192199162,-32.82245999557106,1.4180353894908304,0.0,120.83750275166854,-31.933311156521306,1.0963494718996039,0.0
177.80327702821728,-12.757449108934814,5.396848644935503,0.0,144.5681044943906,-1.7687230026425027,8.167862674467695,0.0,138.61249129641766,-8.457767963405033,1.6363964178024268,0.0,160.25066438722857,-29.476328889821776,3.1281407396632943,0.0,152.90510513240946,-32.966896983862796,1.346037301364369,0.0,120.84358792487862,-31.938534018700526,1.0953082413170705,0.0
177.81483770766255,-12.747342196694479,5.334465548641139,0.0,144.2151696853538,-1.8599936731560849,8.503737131320817,0.0,138.57087584769096,-8.404738553178042,1.6225072982834536,0.0,160.2146940151093,-29.690047841662796,3.284609034062978,0.0,152.74291535430962,-33.10321561353776,1.2751491522978018,0.0,120.84621975386825,-31.938493710623035,1.096824498428992,0.0
177.79252263986018,-12.764541072824224,5.3024378443523,0.0,143.85596197665973,-1.955658945567305,8.848459362818705,0.0,138.51379288830026,-8.357146907177952,1.6131252555320383,0.0,160.18591266154104,-29.99935413758452,3.438476068936888,0.0,152.60719092112222,-33.20826167101968,1.2187914128267803,0.0,120.8449141121167,-31.934890045920962,1.1006935431784832,0.0
177.74388517539057,-12.806274363808479,5.295857375832775,0.0,143.54489182809877,-2.0349612094072063,9.22202489420799,0.0,138.45371585329747,-8.328094277033644,1.6106254738370094,0.0,160.1883545544312,-30.431536794140577,3.5759392082052432,0.0,152.51714747067734,-33.27030481321698,1.1833284364320704,0.0,120.83997094573613,-31.930349521748557,1.106218282461759,0.0
177.6826146102499,-12.863069843111697,5.303574089682389,0.0,143.31975565849442,-2.084764701188246,9.638021780269181,0.0,138.40530585015125,-8.327742626568787,1.6165141798930271,0.0,160.25202357738146,-31.00877341899012,3.6912872775009884,0.0,152.47578698305546,-33.29277083806745,1.168526181210023,0.0,120.8324126424375,-31.92755452570307,1.1124677457143761,0.0
177.6218021540664,-12.923500165292968,5.313275204665262,0.0,143.19741147099685,-2.1041816792191046,10.10128453451401,0.0,138.3796424363871,-8.358441097184716,1.6306221007529622,0.0,160.40673443299727,-31.74054134415553,3.7917983544885665,0.0,152.47242543491384,-33.29043169453215,1.1699231101023635,0.0,120.82376576641236,-31.928487925932973,1.118495408745808,0.0
177.56871371897734,-12.97880194304092,5.3166129426233235,0.0,143.1754074452026,-2.1043567152805513,10.607220234227803,0.0,138.3800534585815,-8.412662979296263,1.6505719218157573,0.0,160.67325028307553,-32.614304267261595,3.897342288591542,0.0,152.49018122533906,-33.28156188448231,1.181166543444018,0.0,120.81584714975993,-31.933927476360857,1.1234620877777868,0.0
177.52277810636207,-13.025685237154303,5.3122281838633825,0.0,143.2376449640818,-2.1036340758301426,11.142201442892567,0.0,138.40212477219342,-8.475403607480786,1.672196624929379,0.0,161.05489032863764,-33.58995312338942,4.031723122562989,0.0,152.51358818728463,-33.280939587894075,1.1959866077933388,0.0,120.81063323799276,-31.94326249795643,1.126676485391819,0.0
177.4772897866027,-13.066487577945836,5.305563791993809,0.0,143.36193699022743,-2.120823533624548,11.685445570333771,0.0,138.43720790704356,-8.52985266057339,1.6909762303505236,0.0,161.53452177475071,-34.60578665191292,4.208966908259489,0.0,152.53303527312715,-33.29631576475337,1.2098185201573077,0.0,120.81004952791412,-31.954701530991358,1.1275681394471881,0.0
177.42410035344034,-13.10680889334586,5.305459981301454,0.0,143.52734017473935,-2.1696418402205415,12.212086662422653,0.0,138.47650655099292,-8.563299286759323,1.703749919186393,0.0,162.0800032624216,-35.59703526809936,4.4247163858662155,0.0,152.54542457571856,-33.328172404517694,1.2206919653960213,0.0,120.815542132902,-31.965800460398473,1.1256009656834571,0.0
177.3590729265637,-13.151787199988075,5.318695273555065,0.0,143.71944408409283,-2.255964312804723,12.696754571847961,0.0,138.51355957264795,-8.570765812621156,1.709730509184686,0.0,162.65570451206287,-36.51631784250108,4.660478208340262,0.0,152.55223153829868,-33.37132059545367,1.22908663178295,0.0,120.82760909856454,-31.97403940055691,1.120173512923543,0.0
177.2854898034647,-13.202629141962566,5.344827812844882,0.0,143.9325575995913,-2.3779381149692282,13.117234410533976,0.0,138.5448570538185,-8.555560814709336,1.7103596381286525,0.0,163.23384479143377,-37.34331010705386,4.8968089618912405,0.0,152.55665529981331,-33.4171540469634,1.2369565475074022,0.0,120.84563168770816,-31.97723103373044,1.1106072592896652,0.0
177.21383308537497,-13.254804453548116,5.374209269060403,0.0,144.16870669305015,-2.528136738516796,13.457766214500273,0.0,138.56927695371542,-8.527212573083208,1.7082401304483419,0.0,163.80073051853637,-38.080923601929875,5.1244873639874715,0.0,152.56127449138825,-33.456104683261024,1.246463556461947,0.0,120.86812428464795,-31.97385996920623,1.0963323839316779,0.0
177.15812260650404,-13.298974376811,5.390991637620977,0.0,144.43430496359184,-2.696621579651274,13.711315184615765,0.0,138.58699299673768,-8.497825751553606,1.7058102039683884,0.0,164.35685785140677,-38.74445146875031,5.346891238857928,0.0,152.5669815876964,-33.48015081630328,1.2589377087871032,0.0,120.89318133972755,-31.963588501838476,1.0772816823041964,0.0
177.12989993881195,-13.32510926771365,5.380593205601337,0.0,144.73599676591016,-2.8738016397286783,13.880168990278834,0.0,138.5983757729695,-8.478151659996296,1.7044479777130164,0.0,164.91251364133575,-39.35080731209245,5.574443899967596,0.0,152.57318378365576,-33.484969724809055,1.2743620648491127,0.0,120.91880511160703,-31.94785854560285,1.054318937886464,0.0
177.1319490031272,-13.328415070311776,5.338775856201014,0.0,145.07728168862843,-3.052300720690238,13.974659734925314,0.0,138.60339465240463,-8.47466120612707,1.7043250542070112,0.0,165.48134073576568,-39.91131401379782,5.815792109476076,0.0,152.57866994833287,-33.4710164834019,1.2914258776352483,0.0,120.94300499158544,-31.93011846579805,1.029405236198441,0.0
177.15549561111823,-13.313327217326933,5.2781903456871735,0.0,145.45712512142126,-3.2275446385315565,14.010435910212514,0.0,138.6017525949285,-8.488509116510532,1.7048186054905852,0.0,166.07415838461628,-40.42865160935069,6.070210732573111,0.0,152.5824371878514,-33.44302130784092,1.307988840455641,0.0,120.96381992692092,-31.915219932423486,1.0052992448537452,0.0
177.18317008559498,-13.292824669127185,5.228830514366551,0.0,145.8710048718212,-3.3972734897416252,14.005184734681475,0.0,138.59343696793508,-8.516482469861087,1.7050348796825912,0.0,166.6947515045,-40.89741491120537,6.324051133963488,0.0,152.58407044739033,-33.40812306524721,1.321692571786297,0.0,120.97946788644062,-31.90803315773788,0.9848586287856147,0.0
177.19447252805637,-13.285569904052831,5.230711042953149,0.0,146.3138656742461,-3.560540314804097,13.975802726168181,0.0,138.57909014792816,-8.55318226554173,1.704130793884806,0.0,167.3385709207465,-41.307125840918424,6.552240210813348,0.0,152.58366307365858,-33.373501047687476,1.3304528778720837,0.0,120.98866518890183,-31.91188769763732,0.9702311574178033,0.0
177.16860125571324,-13.31618526151859,5.319165435693924,0.0,146.78351149831207,-3.7169017598112823,13.936668864360911,0.0,138.55990527171647,-8.593290151648986,1.7014210541562438,0.0,167.99431685439234,-41.64594301459969,6.724056638693055,0.0,152.58152957763394,-33.34443182675144,1.3327112545925957,0.0,120.99098457743062,-31.927558105499653,0.9622400190667371,0.0
177.08723213820636,-13.418559457186857,5.507561582970543,0.0,147.2826006061811,-3.86635800597014,13.899023393891408,0.0,138.53723547265798,-8.63304689796451,1.6964475776205798,0.0,168.64747809089317,-41.903275802908155,6.810764227168047,0.0,152.57801724771497,-33.32329951618827,1.3275976950458919,0.0,120.98708129346383,-31.953116164448392,0.9601437169935121,0.0
177.14838296471447,-13.463256926161701,5.631855492857659,0.0,147.81796033058768,-4.010168814180815,13.870898745986334,0.0,138.51226005448126,-8.670713592067576,1.689170894189255,0.0,169.2844983433601,-42.07060646672991,6.791955386819724,0.0,152.57356794585954,-33.30965506313433,1.3152687542612291,0.0,120.97869571825483,-31.984510176621402,0.9618035910459284,0.0
177.42674951559226,-13.445864858703509,5.736355585419091,0.0,148.3970942600179,-4.152085509423067,13.8570095623978,0.0,138.4859368002515,-8.706199076434102,1.6802525026115251,0.0,169.8961585573788,-42.14124288366566,6.658450744845117,0.0,152.5689161438697,-33.30113825587116,1.2973832468353201,0.0,120.96842786827986,-32.01658224486617,0.9641671909062381,0.0
178.26384608964418,-13.160616717790493,5.86104105825252,0.0,149.0229973192959,-4.299040401880832,13.858428923026029,0.0,138.45937501048328,-8.739976791485885,1.6711721375652893,0.0,170.47872242425282,-42.10992513753662,6.4117084750382425,0.0,152.56514654953344,-33.29487529593069,1.2772687527204898,0.0,120.95930104135823,-32.044281724855935,0.9639143630789171,0.0
179.66945465154814,-11.931114704356325,5.834866756162732,0.0,149.68944869424632,-4.460331306583296,13.872278162430128,0.0,138.4345666671678,-8.771430520387398,1.6639206782467149,0.0,171.03216957420332,-41.97245825749115,6.061102883336908,0.0,152.56344740489052,-33.288811823629594,1.2593427871318603,0.0,120.95413837640109,-32.06384924228608,0.9581388699747357,0.0
179.7198259335816,-11.767306166928808,5.822662591869241,0.0,150.37936997528593,-4.645133764027122,13.891753226618915,0.0,138.41490934756922,-8.797429432763078,1.6603224799745036,0.0,171.55648259254556,-41.725628665722155,5.6205259468162705,0.0,152.56470295713885,-33.2824101022623,1.2478139532929937,0.0,120.95485444186279,-32.07373192648721,0.9449894680431772,0.0
178.23122689461826,-13.120598727364328,5.803783086723113,0.0,151.06788051325805,-4.859472689124262,13.90672188430591,0.0,138.40464875430453,-8.812543867839262,1.6613773498183644,0.0,172.04770293026044,-41.368368498215176,5.105470221761767,0.0,152.5692297549921,-33.27635093156193,1.2452310260874384,0.0,120.9618974721381,-32.0749829888044,0.9241816063232129,0.0
177.34281950010853,-13.344429833347993,5.619421635311659,0.0,151.7292831189306,-5.104565544060444,13.904986873646491,0.0,138.40704503223418,-8.811517684309987,1.6670184059066653,0.0,172.49548605126134,-40.90473970851468,4.531416195389223,0.0,152.57677127980847,-33.271407780421804,1.2517073231967863,0.0,120.9741226189626,-32.070913432831965,0.8972235623575369,0.0
177.04659114221528,-13.438456714754546,5.505511810750615,0.0,152.3447390451024,-5.377739896934842,13.874118889191715,0.0,138.42236301710216,-8.792659021733748,1.6763543130138103,0.0,172.8842668805517,-40.34759931777078,3.913939450501646,0.0,152.58658820294787,-33.26727432348712,1.2652617880702408,0.0,120.98921908282189,-32.06595067003026,0.8671929816512165,0.0
176.9746304488416,-13.481844291012756,5.3043229326819885,0.0,152.90683500663542,-5.675281996912877,13.803596563164113,0.0,138.44724515775695,-8.759736263258961,1.6881037719701837,0.0,173.19845920987262,-39.72077318563312,3.270172394245119,0.0,152.59749981429073,-33.26223895279957,1.282813589489093,0.0,121.00452063509847,-32.064097751108854,0.8380249541505869,0.0
177.00175677718678,-13.494114447244716,5.0168161335131884,0.0,153.4192006160418,-5.995261944852118,13.686913725530125,0.0,138.47603282652597,-8.720957041139414,1.700880262929033,0.0,173.428349163606,-39.05877387972265,2.620028345919856,0.0,152.60797367997762,-33.253935506136045,1.3009811930146373,0.0,121.01780165265177,-32.067717276136975,0.8134826058664455,0.0
176.96919802670334,-13.545996987259267,4.892356553224645,0.0,153.89218771205708,-6.33871318512803,13.523270022485072,0.0,138.503179806727,-8.685631724545383,1.713280006177044,0.0,173.57332874833725,-38.40414724328469,1.9859277606393366,0.0,152.61643347837867,-33.240582446614425,1.3164846632648963,0.0,121.02769063162152,-32.07710686768656,0.7961593875236588,0.0
176.92466636446676,-13.568097736069696,4.937217894536802,0.0,154.33730257061333,-6.708815182799358,13.318420815333013,0.0,138.5252777234975,-8.660468720834293,1.7239918985193672,0.0,173.6422863909735,-37.80221536764405,1.3915652761108177,0.0,152.6217552052254,-33.2219384178175,1.3266223008815885,0.0,121.03362307454981,-32.09074036212623,0.7868749605175829,0.0
176.8448379558546,-13.581316696089832,5.138747192991014,0.0,154.76294578632402,-7.1086510767216025,13.084241697873058,0.0,138.5416411569221,-8.647391167872998,1.7320684301597264,0.0,173.65189775027267,-37.293656074688485,0.8603902518737705,0.0,152.6237250764227,-33.1996093489506,1.3300826588512926,0.0,121.03555655495332,-32.10585832755695,0.7846421371602652,0.0
176.68678833315101,-13.64260738488619,5.422959981697623,0.0,155.1727166599317,-7.53847758846391,12.836609762480848,0.0,138.55339388927393,-8.643673768330958,1.737210927488304,0.0,173.62306984999637,-36.90670988960896,0.41323916668642546,0.0,152.6232372331089,-33.176728178637006,1.3276793141587486,0.0,121.03373599321431,-32.11931084424154,0.7871548250669758,0.0
176.73825321749302,-13.445049610603203,5.447648937707838,0.0,155.56609945515635,-7.993736738105809,12.591508294900798,0.0,138.5618863674488,-8.643922734419865,1.7397835379200348,0.0,173.57631279267545,-36.65118470019421,0.06456923805033732,0.0,152.62212600235216,-33.1571022420017,1.3223134919384947,0.0,121.02863657978513,-32.12859613076145,0.791615696721875,0.0
176.57430557364557,-13.126241276702444,5.54772920577041,0.0,155.94049488351925,-8.46516077137522,12.360001246954848,0.0,138.56756524151186,-8.642675619159876,1.7404344823610263,0.0,173.52754485642734,-36.51618125349354,-0.18172485685609274,0.0,152.62262891785127,-33.14395243785921,1.3178970120995892,0.0,121.02101619766938,-32.132812576617525,0.7956600755259302,0.0
177.12356245941686,-11.246462283560332,5.958228657715482,0.0,156.29335991049484,-8.941665142745215,12.143692684182975,0.0,138.57001632000723,-8.63642357432912,1.7395766727110402,0.0,173.48559058402213,-36.47294083419452,-0.33466255104862874,0.0,152.62660658278418,-33.13860281698007,1.3177658435694948,0.0,121.01193384736776,-32.133107206880815,0.7980858834002067,0.0
177.86388961442412,-10.510651731410082,5.903473993236589,0.0,156.6234339693074,-9.415154401847731,11.932797172175585,0.0,138.56907474667426,-8.624429046612264,1.7371956991601287,0.0,173.4518174670238,-36.482655042225225,-0.414846290096369,0.0,152.6348321968002,-33.13973996952463,1.3235483605482443,0.0,121.0026428076472,-32.132334294740446,0.7991165652451819,0.0
176.68002546671957,-11.748483691912808,5.942764718891266,0.0,156.9305886378234,-9.884762372921376,11.708291004870329,0.0,138.5661008018345,-8.608363794122875,1.733138446828967,0.0,173.42166956839745,-36.50674121146544,-0.44946886899908733,0.0,152.64670034945547,-33.14379754567694,1.335076860224989,0.0,120.99435683814188,-32.133964541545375,0.8000813680284207,0.0
176.32210993733793,-12.982122291779625,5.553287692349291,0.0,157.21461874227933,-10.357821906591978,11.44785249504234,0.0,138.5642808693462,-8.591206149098204,1.7275407141127506,0.0,173.387255334835,-36.51590651689544,-0.4656174386145686,0.0,152.66044517146142,-33.14649767241341,1.3511384486962665,0.0,120.98794834016512,-32.14065935335898,0.8026590755398484,0.0
176.4274128134605,-13.400986865858327,5.394277662221805,0.0,157.4739188028072,-10.846509752503023,11.133434512032117,0.0,138.56739804821186,-8.57598120264038,1.7210459612731288,0.0,173.33970604832956,-36.49531559214014,-0.4844822825141275,0.0,152.67365454600198,-33.14484321594708,1.3704107189049388,0.0,120.98367134661822,-32.15314396600943,0.8080357236061442,0.0
176.4264016893284,-13.647823083075142,5.335745489776438,0.0,157.70513322375263,-11.361497403958122,10.757380025886775,0.0,138.57759463259845,-8.56484299189918,1.7147912444059976,0.0,173.27040200063797,-36.44515481549128,-0.5182621295376837,0.0,152.68382523086626,-33.13846995223993,1.3920652264414848,0.0,120.98102231272992,-32.1698943667224,0.816342031060536,0.0
176.38994692619693,-13.83476040007789,5.31048777765917,0.0,157.90440385294414,-11.905631960776375,10.324389116948106,0.0,138.59347069504204,-8.558722399064965,1.7102460297144066,0.0,173.17134985759728,-36.37732121267001,-0.5701333874861358,0.0,152.688853739695,-33.129636061430205,1.4158932753525821,0.0,120.9788340272763,-32.187728207262424,0.826581355386633,0.0
176.44168510797869,-13.884271980805524,5.200872550230778,0.0,158.06980323870062,-12.471160946662916,9.848434993335415,0.0,138.60986119995553,-8.557446759912745,1.7088905473897427,0.0,173.03577904637686,-36.309540707882356,-0.6364685669309953,0.0,152.68744638066505,-33.12197916040236,1.4420865691828144,0.0,120.9756154802548,-32.20294708843407,0.8370408297781928,0.0
176.4958311298877,-13.909125071161457,5.0846143714558725,0.0,158.20349552747825,-13.042904420080411,9.346536265405904,0.0,138.61977908186938,-8.56007811310261,1.7117288374046407,0.0,172.85963745238058,-36.25849417233211,-0.7099439586465905,0.0,152.67938983910787,-33.11882940266511,1.4709320086977957,0.0,120.97003093547556,-32.21251403072934,0.8459890538047183,0.0
176.53838246344293,-13.933408813376442,4.970045925354311,0.0,158.3122023869024,-13.606566986805133,8.833453733035903,0.0,138.6177505156626,-8.565274034907748,1.7188205740441553,0.0,172.64366177795003,-36.2338652198567,-0.7823783178641417,0.0,152.66558562151158,-33.12192439133031,1.5026156378086402,0.0,120.96133554164493,-32.214903099238384,0.8523669608032431,0.0
176.57642084049283,-13.955467391260747,4.8376511522934225,0.0,158.40597969886718,-14.157431804332804,8.320626393561135,0.0,138.60281020241527,-8.571605390794863,1.7291440984929238,0.0,172.39499008787845,-36.23525378491369,-0.8467972164843633,0.0,152.64782597141016,-33.130948837222626,1.5371236921025222,0.0,120.9496169776224,-32.21050528847612,0.8562025119122616,0.0
176.60780040392618,-13.982248555879076,4.68138889000716,0.0,158.49663508346538,-14.703321403877847,7.819149931754762,0.0,138.57942329942622,-8.577805372753264,1.7409292010488642,0.0,172.1272229519523,-36.25309878867853,-0.8987167966586416,0.0,152.62840838463643,-33.14383228601314,1.5741396209668874,0.0,120.93580271101847,-32.201589762381516,0.8585964584439303,0.0
