LF_x,LF_y,LF_z,LF_w,LM_x,LM_y,LM_z,LM_w,LH_x,LH_y,LH_z,LH_w,RF_x,RF_y,RF_z,RF_w,RM_x,RM_y,RM_z,RM_w,RH_x,RH_y,RH_z,RH_w
-80.79948695322818,-3.4401978962528785,3.936405716706437,0.0,-121.71040240332927,-3.8228797047993055,2.1862043139602925,0.0,-125.46564326104846,-4.35369085591444,3.7315632804243517,0.0,-95.02371825786348,-37.47037058576417,4.710007447788946,0.0,-106.16911562926194,-35.3574863578703,3.811609574087262,0.0,-147.99586343273185,-35.69751291441318,3.663919152021929,0.0
-80.85196591869412,-3.43008821585465,3.8874561479989787,0.0,-121.64900632207676,-3.6473820576211002,2.3007814073393806,0.0,-125.4678677867509,-4.337980247199178,3.7281008302676106,0.0,-95.07043268335057,-37.51642126936022,4.734906820857681,0.0,-106.15683627197863,-35.369084846679236,3.7947665702933726,0.0,-147.98383046341587,-35.72368881969904,3.646510933737657,0.0
-80.90242329128851,-3.4179214655958092,3.8489899996159416,0.0,-121.60246303499297,-3.523199446290165,2.3901202663489354,0.0,-125.46872926605212,-4.325085086125643,3.7248393108448674,0.0,-95.11269254148473,-37.550791170632785,4.763940781124878,0.0,-106.14733343030258,-35.38047298423572,3.7779183670727097,0.0,-147.97078719147194,-35.74984507365412,3.627020073629412,0.0
-80.94766869414568,-3.402857082088412,3.826415945980367,0.0,-121.5826937379594,-3.4916766570054723,2.4335743913104135,0.0,-125.4685071630523,-4.317216039060939,3.7214917438652186,0.0,-95.14589945914844,-37.56417727475092,4.799143227844821,0.0,-106.14216343256696,-35.39030293256936,3.7618134561402066,0.0,-147.95650405064686,-35.77550183927521,3.6047644646071024,0.0
-80.98628642296634,-3.3863453633903418,3.819941323627612,0.0,-121.59081952305796,-3.5504740588767305,2.4313081529282172,0.0,-125.4696512356498,-4.315577904516413,3.7171357715183326,0.0,-95.16447308319023,-37.56550148306964,4.840743917981014,0.0,-106.14138339199853,-35.39752999351484,3.7472941951643115,0.0,-147.9407618233724,-35.79966199853328,3.5813782652861743,0.0
-81.01942153692869,-3.3714997607458836,3.825136653417001,0.0,-121.61796009495727,-3.6572284028011683,2.4037131857059517,0.0,-125.47631066261032,-4.320184404495726,3.710321659836449,0.0,-95.16255788469788,-37.58467290538028,4.887878561520136,0.0,-106.14341272937082,-35.40129415781941,3.735182575885286,0.0,-147.9234839548118,-35.82117128647437,3.5603059987725434,0.0
-81.05073737535038,-3.361400542532942,3.8351574334903624,0.0,-121.65098765064478,-3.747989101379516,2.381101721773353,0.0,-125.49289874588361,-4.329991723902717,3.699576145889882,0.0,-95.13549938650408,-37.667927393396226,4.94018080972503,0.0,-106.14561318631695,-35.400716908047706,3.726274565094913,0.0,-147.90510946139366,-35.83933181720306,3.5451920626050555,0.0
-81.0855397479434,-3.3573175885600826,3.8436622821767266,0.0,-121.67685831427012,-3.758983285255363,2.3943708096677465,0.0,-125.52220454237884,-4.343323656503218,3.6841227473682903,0.0,-95.08142405165073,-37.867041249049535,5.000389247310743,0.0,-106.14528431785521,-35.39505484485816,3.721126883372147,0.0,-147.88700626420612,-35.85432930133653,3.537911815970965,0.0
-81.12939515766314,-3.357708029312148,3.847388186314312,0.0,-121.68248702261835,-3.6428226593025954,2.4719492780062247,0.0,-125.56382521913787,-4.358434010867617,3.664480617429664,0.0,-95.00208492760932,-38.22573385157706,5.07720421790302,0.0,-106.14067915318323,-35.38438446421998,3.719580840290435,0.0,-147.8715566788083,-35.86720526621632,3.5372277784829436,0.0
-81.18660394040526,-3.3582752627231502,3.847526966052639,0.0,-121.65216091813816,-3.3766721904065298,2.6397801862113965,0.0,-125.61366781822016,-4.373939829859886,3.642597394173672,0.0,-94.9023809418152,-38.76719994960351,5.186387004316309,0.0,-106.13171239254837,-35.37050905277347,3.720352640643309,0.0,-147.86157076833686,-35.87942340115112,3.538813852969499,0.0
-81.25881181438545,-3.35293096442663,3.849457059250801,0.0,-121.56629421948232,-2.9637116102493852,2.919209652689206,0.0,-125.66489980548118,-4.388892125899082,3.6213524134204764,0.0,-94.7884511897443,-39.486234179892705,5.348071636842475,0.0,-106.12010109386405,-35.35748326269627,3.721053507309012,0.0,-147.85898384029105,-35.89229481222572,3.5367925037452164,0.0
-81.34417682623253,-3.3353797859224144,3.8609890403654994,0.0,-121.40403372166504,-2.429017926017229,3.32193725263917,0.0,-125.71010891700217,-4.402497342012072,3.6035841055945657,0.0,-94.66475186968373,-40.34858971429645,5.58027053930137,0.0,-106.10882384991453,-35.351190475302666,3.7187856730831292,0.0,-147.86333917180767,-35.90660037103574,3.5262441004858562,0.0
-81.43766186571632,-3.3009828703224726,3.8898499540025977,0.0,-121.14945164746227,-1.811013554969903,3.8457399731095965,0.0,-125.74381626904986,-4.413770951083494,3.591066287827923,0.0,-94.53099148949069,-41.298607929127705,5.89157093264598,0.0,-106.10101033922126,-35.35772829484941,3.711205865515238,0.0,-147.87099522450214,-35.92268294849313,3.505690085725689,0.0
-81.53263376693926,-3.2483527061857282,3.941337151929938,0.0,-120.79828289600519,-1.1516924614975936,4.474552592883748,0.0,-125.76420117538501,-4.421424182138216,3.5838965791838024,0.0,-94.38020109313673,-42.27303548184241,6.277470365595054,0.0,-106.0985465462053,-35.3808570019047,3.6976895448694886,0.0,-147.8758221568395,-35.941025864020546,3.4785726113713693,0.0
-81.62306886618362,-3.179988636962392,4.016798490284897,0.0,-120.36115579735842,-0.4893297591810306,5.182423124413536,0.0,-125.77321458805349,-4.424065903269395,3.5805619071304875,0.0,-94.19920225662524,-43.215851877165704,6.722775491613135,0.0,-106.10077679957934,-35.41932419287845,3.6800246598948583,0.0,-147.87132795509953,-35.96302026496799,3.4532436660511214,0.0
-81.705172327328,-3.1015110168441935,4.113113236735677,0.0,-119.86081423314259,0.14523782353688475,5.938264579688391,0.0,-125.77512465384713,-4.420597390552829,3.578653450081129,0.0,-93.97180311454558,-44.08866522128382,7.208359085166077,0.0,-106.10380491361165,-35.46530028779049,3.6621368434492787,0.0,-147.85326689623017,-35.99153531489105,3.4416226666156637,0.0
-81.7776912525101,-3.0197202250301434,4.223135296947111,0.0,-119.32401860415624,0.7299478471377903,6.70943417971823,0.0,-125.77439739213315,-4.410632202003458,3.5759374859509165,0.0,-93.68343766130462,-44.87407471715299,7.717951735779902,0.0,-106.10099387097995,-35.505164541205,3.648812878777669,0.0,-147.8213812829502,-36.03100783079201,3.4570929122654697,0.0
-81.84114306188263,-2.9403635324402413,4.337161702949574,0.0,-118.77186764852546,1.2515893314938396,7.464297766611901,0.0,-125.77403310811187,-4.39481302976921,3.5713286065377137,0.0,-93.3249199058173,-45.572841315288436,8.241418706631238,0.0,-106.0850509319865,-35.52322482523158,3.6439723525175385,0.0,-147.77916535896546,-36.08680658817474,3.5121759414377367,0.0
-81.89662629683173,-2.866551781218461,4.445262636585211,0.0,-118.21321444975229,1.704889493927043,8.174604872623915,0.0,-125.7749901622787,-4.374929946620488,3.56534799706092,0.0,-92.89353562728263,-46.19752052255295,8.773849052576152,0.0,-106.05134123070226,-35.507659451647356,3.6492568301154034,0.0,-147.73143821333028,-36.16374391293293,3.6161904893746835,0.0
-81.94468150784827,-2.7983052355390727,4.539689634710507,0.0,-117.64386365408957,2.090718836764223,8.817876709493646,0.0,-125.77662312845423,-4.353770893949006,3.5598962913303804,0.0,-92.39140025718353,-46.76510482465278,9.312233466475062,0.0,-106.00101362208765,-35.456494124060896,3.6633928481907336,0.0,-147.68079376607696,-36.264116910623045,3.7729540992360278,0.0
-81.98453311172669,-2.7333364885625597,4.616443688772549,0.0,-117.05088153816786,2.413839574414947,9.379361639701344,0.0,-125.77762324043437,-4.334679734875912,3.557477480747872,0.0,-91.82246205487331,-47.29033437373492,9.852070166291666,0.0,-105.94194303972485,-35.38057456194619,3.682372206248745,0.0,-147.62481808420108,-36.38624954780658,3.978930139334989,0.0
-82.01413069301877,-2.6688512137668328,4.6755217699585465,0.0,-116.41909521844507,2.680739953369189,9.852959207891548,0.0,-125.77692182303353,-4.3208650104209285,3.560190953719191,0.0,-91.18982342605372,-47.78078029765673,10.385324423352674,0.0,-105.88631419722532,-35.30115897218323,3.7004651840245195,0.0,-147.55562384616434,-36.52451972050234,4.22265744266105,0.0
-82.03127424577076,-2.6036849920300895,4.719906545439464,0.0,-115.73674531148892,2.8979902592094984,10.24072404303947,0.0,-125.77426810180077,-4.314595005685986,3.5688220533744204,0.0,-90.49438884959712,-48.23459655591785,10.900026208684011,0.0,-105.84578486565296,-35.24233394568038,3.71210909361716,0.0,-147.461987301097,-36.67118069670858,4.486161560614899,0.0
-82.03554631011824,-2.5398540280501947,4.75389033356748,0.0,-114.9985165143872,3.071394912345129,10.551005225051878,0.0,-125.7704589305496,-4.31651008247815,3.5822881360631413,0.0,-89.73493779926383,-48.641327425448196,11.381142917793055,0.0,-105.82688097316506,-35.2217084950373,3.714112665860089,0.0,-147.3330951243226,-36.81933562533842,4.748324370265062,0.0
-82.03004456472169,-2.482767809410717,4.781546615321108,0.0,-114.20559578089156,3.205949071778143,10.795757677244668,0.0,-125.76728363724504,-4.325328282833248,3.597609179816402,0.0,-88.90910901164949,-48.98521019596967,11.81220132472612,0.0,-105.82895578112712,-35.244067057633046,3.7068730983262235,0.0,-147.1623614821227,-36.965690575013895,4.989538439057103,0.0
-82.02162954558574,-2.4397945549814954,4.805903040500192,0.0,-113.3634422387063,3.306267620853788,10.987836483199565,0.0,-125.76718571653295,-4.338156538415659,3.6104756688222874,0.0,-88.0146484845303,-49.2495820002077,12.17720011678139,0.0,-105.84519543232922,-35.300667837084845,3.6937043419275017,0.0,-146.9499747676428,-37.111711486716665,5.19683963460694,0.0
-82.01900198773143,-2.4174763465654143,4.828905212526145,0.0,-112.47858269883048,3.376971348582506,11.139037312535269,0.0,-125.7726353730627,-4.351398093369832,3.6163368262438613,0.0,-87.05049316879764,-49.420836272654185,12.462454932327969,0.0,-105.86558241333348,-35.37361086150203,3.678813912401038,0.0,-146.7032756370307,-37.26277346708673,5.36876407677379,0.0
-82.02912640302962,-2.4183431563443825,4.851808558245356,0.0,-111.5559290799395,3.422674198145492,11.25929843452017,0.0,-125.78538410782431,-4.36189129188541,3.6117145176539402,0.0,-86.01754819350815,-49.49091985754445,12.658125030228193,0.0,-105.88028156144537,-35.442700054272855,3.665385082991781,0.0,-146.43454342593367,-37.42614651133109,5.518921660196982,0.0
-82.05364311973327,-2.4387431665336416,4.87535959101206,0.0,-110.59765484336316,3.4475952554794382,11.356976834547337,0.0,-125.8060653318235,-4.367625452236895,3.595268050252905,0.0,-84.91913601645605,-49.4581803945121,12.759338108970267,0.0,-105.88222499221551,-35.49203217296365,3.6547922647207916,0.0,-146.15654028215602,-37.609009157061955,5.676997935456957,0.0
-82.08731686953581,-2.4690315594898116,4.8993772063669905,0.0,-109.60369819300269,3.4550649597975855,11.439686223253288,0.0,-125.83479269134395,-4.367457835880757,3.5681951945165533,0.0,-83.76103929200181,-49.32694454401189,12.766973890296999,0.0,-105.86823716143977,-35.51429962731262,3.646893789853772,0.0,-145.8771665946828,-37.8168177585578,5.886139313966258,0.0
-82.1197723426601,-2.4965590592427143,4.9221768590903245,0.0,-108.57317831726665,3.4471391084842242,11.514991479631059,0.0,-125.873119842582,-4.359851383134503,3.533969592152875,0.0,-82.5510566562527,-49.106342303220856,12.688126124393158,0.0,-105.83864985464399,-35.511797452673086,3.640704884969079,0.0,-145.59512731529443,-38.05141518118828,6.196170643044064,0.0
-82.13988174826426,-2.5103888701933497,4.9408877633096395,0.0,-107.5059704265621,3.424414191316833,11.590315523383756,0.0,-125.92655987185273,-4.341563392968432,3.497934058848905,0.0,-81.29826443930385,-48.808796269951394,12.536058940204917,0.0,-105.79592314424224,-35.4942348706252,3.6349310471943816,0.0,-145.2469339891828,-38.27632160679945,6.6399073904081165,0.0
-82.140386068453,-2.5054133233785665,4.952998637399434,0.0,-106.40408598049495,3.3862146253313092,11.671792925820826,0.0,-126.00524021707594,-4.3077520758925285,3.467176305948694,0.0,-80.01251036043841,-48.448539550891525,12.32933701610281,0.0,-105.74312827940717,-35.474511080216594,3.6283241444152026,0.0,-144.85497490004013,-38.507136164690245,7.276121483380839,0.0
-82.12011251653936,-2.483574620355033,4.957682978256296,0.0,-105.27269166368127,3.331391269487572,11.762422816733181,0.0,-126.12015466945168,-4.254203489579842,3.4499469984210904,0.0,-78.70457671630344,-48.04051548891468,12.089910163723454,0.0,-105.68302552738113,-35.46416968735365,3.6199707434721873,0.0,-144.42999107226646,-38.74527921113976,8.075196192628463,0.0
-82.08288019182662,-2.451714241094739,4.955178870212874,0.0,-104.12046394537379,3.259513749071413,11.860094085367917,0.0,-126.27555572204798,-4.18055334718853,3.453223234755928,0.0,-77.38686234216598,-47.59983297274813,11.840228496243933,0.0,-105.61792959112292,-35.46999338228805,3.609510998356141,0.0,-143.9590378664437,-38.97554912221055,8.99262286641152,0.0
-82.03460315069897,-2.418212781012379,4.945408280166834,0.0,-102.95886216969727,3.171513425717345,11.955652156478564,0.0,-126.4622075978334,-4.092637497967084,3.4796044406974413,0.0,-76.07382652425179,-47.14154180019399,11.599853316208833,0.0,-105.54999190700785,-35.49245785389823,3.59727330215447,0.0,-143.4300637421313,-39.18345134418844,9.962032293059297,0.0
-81.98056978416378,-2.3907206391932907,4.927679399107225,0.0,-101.80006717758656,3.069110754732776,12.031472419931081,0.0,-126.65628615201881,-4.002819485759585,3.5267485188643803,0.0,-74.78138392288095,-46.68019829824129,11.382395434967691,0.0,-105.48133398758327,-35.52616587507247,3.584211881581977,0.0,-142.83535329287866,-39.36047233673156,10.910127866124398,0.0
-81.92370524299221,-2.3749835967490336,4.900409957646158,0.0,-100.65387368852325,2.9534330440921543,12.061879195560788,0.0,-126.82426501874365,-3.9273912568226406,3.5887843329612092,0.0,-73.52497168306957,-46.22891658049931,11.19368026518246,0.0,-105.41378818956467,-35.56205695036762,3.5713906809208904,0.0,-142.17250011331006,-39.50613100885407,11.775413563724133,0.0
-81.86431285175827,-2.374176503496445,4.860510136904619,0.0,-99.5245789058668,2.823464912273746,12.015938807435408,0.0,-126.93081784906153,-3.8815556259765813,3.6573970130563183,0.0,-72.31677878292847,-45.798102493678755,11.031586696406306,0.0,-105.34853721326698,-35.590753982150794,3.5591205281197595,0.0,-141.43927568884064,-39.62364672736815,12.52445818479499,0.0
-81.80126752969153,-2.3887715353124066,4.803764443562148,0.0,-98.40922279971377,2.674616326181688,11.861398997612948,0.0,-126.9466207115309,-3.874675547021374,3.7228812264981013,0.0,-71.16335687735864,-45.394255746178004,10.88722138029094,0.0,-105.28604856762794,-35.60589039255132,3.5464028611197698,0.0,-140.64001036050576,-39.72351422665002,13.118649829972489,0.0
-81.73356252462041,-2.417034726280903,4.7267311084989565,0.0,-97.29802114897551,2.4977066272030672,11.56833780786766,0.0,-126.85441034806365,-3.9080488212533684,3.7759479168275654,0.0,-70.06485000231612,-45.01911140327913,10.74650184494693,0.0,-105.2262883115917,-35.60617671322787,3.531247601048845,0.0,-139.77015359773728,-39.80799614207844,13.576386022210876,0.0
-81.6610246247594,-2.45584765322235,4.629226736567272,0.0,-96.17713065520313,2.2788304813417746,11.112302802190504,0.0,-126.65310854104838,-3.9753422712302777,3.809875217586441,0.0,-69.01600719738164,-44.66920708755949,10.591308684333848,0.0,-105.16887403312545,-35.59551473330218,3.5117613913626577,0.0,-138.8251022204799,-39.874930506938156,13.95219072306022,0.0
-81.58390005930825,-2.501324058392128,4.515875992423647,0.0,-95.03350799325726,2.000581758947302,10.477755703291555,0.0,-126.3598186208742,-4.064569025408601,3.822057705911579,0.0,-68.00810013855579,-44.33573497263443,10.399995742135596,0.0,-105.11295024868448,-35.581264500063554,3.487300317421168,0.0,-137.8127257662516,-39.927241801944476,14.267467360084922,0.0
-81.50177568198501,-2.5490259628156173,4.3956309925765815,0.0,-93.86122952507819,1.6450771790691299,9.662670107293943,0.0,-126.00840513790047,-4.160663907114488,3.8142357243515264,0.0,-67.03089642577694,-44.00451186454705,10.147693829561383,0.0,-105.05689535469304,-35.57135290198064,3.4589740032130987,0.0,-136.73776114372907,-39.960349382107054,14.533653897080255,0.0
-81.41258816340118,-2.594120602722698,4.279256049727438,0.0,-92.66785982261473,1.1991320421763518,8.684138735134486,0.0,-125.64324202687784,-4.248354477759734,3.7914107852770123,0.0,-66.07445518857605,-43.656265839299486,9.807283073168982,0.0,-104.99813255350618,-35.5712644497678,3.429231309833625,0.0,-135.6056789882496,-39.966582264185966,14.748809550644337,0.0
-81.31245148623869,-2.631968171112417,4.1759474079646814,0.0,-91.47847875248145,0.6613457320164553,7.583139095853545,0.0,-125.30877163045011,-4.315156657449841,3.760245818865558,0.0,-65.13090824886066,-43.26792172954427,9.352088891907743,0.0,-104.93331962341988,-35.58213551114085,3.4006841231229465,0.0,-134.4221103620885,-39.9374512889716,14.900475649246992,0.0
-81.19671712776007,-2.659261098936322,4.090760247161045,0.0,-90.33461154458638,0.049165424593221374,6.425012486967582,0.0,-125.03827707052038,-4.353855293656495,3.7277170643146,0.0,-64.19641237753564,-42.815723194163155,8.761070607109845,0.0,-104.8591823455563,-35.600856917409004,3.3746530691610523,0.0,-133.1929096248804,-39.866773227321666,14.971950429827167,0.0
-81.06209808449698,-2.6752980092405454,4.023919981783877,0.0,-89.28675600398306,-0.5983163073635716,5.292344873228412,0.0,-124.84611690364903,-4.36354110961468,3.6998978692035074,0.0,-63.27318687109497,-42.280613094032084,8.02630428987877,0.0,-104.77405821551473,-35.62209776069602,3.3501892700799107,0.0,-131.9243701939003,-39.753551656375045,14.948561453635143,0.0
-80.9090406945601,-2.6826915807875116,3.971941780306528,0.0,-88.38261782985323,-1.2262472345935498,4.270230656643031,0.0,-124.72610380894128,-4.348748211842581,3.6803789906854156,0.0,-62.371023352451736,-41.65534831503025,7.160999953690281,0.0,-104.6796330349576,-35.6410584462683,3.3242602075871552,0.0,-130.62310257006533,-39.603594851492765,14.821709888958322,0.0
-80.74309652659191,-2.6869200342485264,3.9297111236045303,0.0,-87.65586085923366,-1.7779925170735504,3.428835802491305,0.0,-124.65632177223172,-4.317154518821646,3.6687442347753993,0.0,-61.50718158907286,-40.951552325550296,6.20472736647157,0.0,-104.58179128271564,-35.65542428888351,3.293171170584248,0.0,-129.2953728260585,-39.429182926768625,14.59007131771622,0.0
-80.57420143556494,-2.694550571755092,3.892551408754761,0.0,-87.118760841595,-2.209770639758167,2.8095113067482282,0.0,-124.60851207701083,-4.276956238674597,3.6605436749289275,0.0,-60.703804851231574,-40.20365799052282,5.222020496794158,0.0,-104.48965756162993,-35.665667262603776,3.2545064690669854,0.0,-127.94620447598737,-39.24663391124772,14.25881206141145,0.0
-80.4137798667563,-2.710578308549366,3.857537192611396,0.0,-86.75942818756829,-2.5003147504896326,2.4170499317501815,0.0,-124.55840332205341,-4.234979073678718,3.649653085925319,0.0,-59.98319817911409,-39.466291580167834,4.29219895535693,0.0,-104.41284797797609,-35.67392020090194,3.208525159072451,0.0,-126.5789747945704,-39.07228527534787,13.838265230468213,0.0
-80.27100582692077,-2.735947115230432,3.8237458165269853,0.0,-86.54522569644911,-2.6554345545791573,2.2201601072223713,0.0,-124.49280315375779,-4.195943600732555,3.6318665556229046,0.0,-59.36274953811032,-38.803376927623326,3.492138094229764,0.0,-104.35803159390716,-35.68236123597632,3.158217685456634,0.0,-125.19624965943702,-38.918061584928694,13.343033413853378,0.0
-80.1501904618779,-2.766585329776797,3.791764349449908,0.0,-86.43231176416212,-2.704485996949847,2.1623043867637346,0.0,-124.41084004864362,-4.162599890216185,3.607151348241869,0.0,-58.85158359664694,-38.271339213483664,2.877804184266319,0.0,-104.32644359015028,-35.69208160476158,3.1079445029474524,0.0,-123.8020586390284,-38.78818490410098,12.79147362195157,0.0
-80.0504724757912,-2.794756973467754,3.7630839437692742,0.0,-86.37705253754103,-2.68874294230398,2.179028507335188,0.0,-124.31987216050211,-4.136190045775906,3.578941342794108,0.0,-58.449921018978934,-37.90282540453782,2.471670179781073,0.0,-104.31365023271677,-35.70289316317944,3.061441002842871,0.0,-122.40487394572474,-38.67839370109557,12.204750672065394,0.0
-79.96761727378392,-2.812217314270309,3.73937271519795,0.0,-86.34514062486716,-2.648077183313684,2.214829686897499,0.0,-124.2292518186083,-4.116882768387812,3.551310973686091,0.0,-58.15071196109213,-37.69788473436284,2.26061345546454,0.0,-104.31170564010252,-35.71386268784589,3.0204240015814303,0.0,-121.0196609901845,-38.57811134626823,11.60463169803353,0.0
-79.89690801062389,-2.8136270352853323,3.7213729688165937,0.0,-86.31611898552157,-2.6116638991722425,2.2341222238044587,0.0,-124.14563587225736,-4.104092619510127,3.52643604929664,0.0,-57.942303647492224,-37.62595781821943,2.2042366729974656,0.0,-104.31251381449862,-35.72401267449048,2.9845609920959024,0.0,-119.66719604566072,-38.47460090663075,11.009984507611883,0.0
-79.83574762994245,-2.798797718120758,3.7085322651446067,0.0,-86.28287212396181,-2.594608722195897,2.22383109502187,0.0,-124.07180613457038,-4.096726025817965,3.5041725132838906,0.0,-57.810848539201764,-37.636943199652215,2.249438391813639,0.0,-104.31066142258938,-35.732746567995946,2.952538637064972,0.0,-118.36997644589435,-38.35705360213457,10.433079666799047,0.0
-79.78488821841562,-2.7727577050973196,3.699490115205956,0.0,-86.24749687121181,-2.599519768108445,2.188690196769448,0.0,-124.00839709912204,-4.093414736376587,3.4836673680747676,0.0,-57.74187067923581,-37.67610699201368,2.345510567842977,0.0,-104.30455100796628,-35.739861257785634,2.9233379813077107,0.0,-117.14613724198237,-38.21867128532453,9.877437408240523,0.0
-79.74806351589137,-2.743236314269939,3.691332472311082,0.0,-86.21595770967828,-2.6208083277226333,2.142870596267082,0.0,-123.95622901642633,-4.092763936253593,3.465306362851619,0.0,-57.72120681002572,-37.697184394179025,2.4550644068247287,0.0,-104.29575602650232,-35.74523537620878,2.8969499502505087,0.0,-116.00436521037884,-38.05615707848233,9.33848226352866,0.0
-79.73072603513882,-2.716216469997925,3.675303446640788,0.0,-86.19364504129484,-2.649475943777837,2.101840582107279,0.0,-123.91712173018948,-4.0935719292830814,3.4512250329969945,0.0,-57.73568129077216,-37.67011803721177,2.5584029959632186,0.0,-104.28733124494434,-35.7484036975476,2.8742994940127975,0.0,-114.94257500267527,-37.86761441223007,8.806958349462194,0.0
-79.7372293297476,-2.682639233808791,3.63583258786551,0.0,-86.18293262784816,-2.6768645893033263,2.076872574867057,0.0,-123.89275596972078,-4.094933691841729,3.4440092139020066,0.0,-57.77358220982884,-37.58273484195532,2.651555541555634,0.0,-104.28201070677382,-35.74828607438471,2.85664971818845,0.0,-113.95127987250564,-37.65065856053997,8.273850503073776,0.0
-79.749243962251,-2.6569552026494647,3.6389116469728275,0.0,-86.18279844011262,-2.6968050571696853,2.072779079229104,0.0,-123.88282450089194,-4.096197737444407,3.4447302393753407,0.0,-57.82488329611377,-37.437861363002085,2.740251902945209,0.0,-104.28096574109843,-35.74329566075164,2.8449665558378427,0.0,-113.02037919390372,-37.40234938328626,7.735046242852443,0.0
-79.76878530020414,-2.641513669766435,3.644049064374661,0.0,-86.18989519873818,-2.706321170641975,2.0882455625444436,0.0,-123.88406269043772,-4.0968646154597845,3.451803809806364,0.0,-57.88131856217584,-37.24836399662491,2.832886773023043,0.0,-104.28338861304313,-35.73187204885453,2.839572784746183,0.0,-112.1464851014208,-37.1215781930826,7.194088848967995,0.0
-79.78649931077638,-2.631226838787751,3.6509974079887897,0.0,-86.20019441796396,-2.7053647230098354,2.117698009063126,0.0,-123.89084678424625,-4.096560267476638,3.4613620145544637,0.0,-57.93655512406824,-37.03235913941574,2.9349413801772712,0.0,-104.28685509336337,-35.71326535411253,2.8400596872474626,0.0,-111.33736696271127,-36.81298999357687,6.661962143888605,0.0
-79.79437326952548,-2.618734802683602,3.6601376606495624,0.0,-86.21040774958234,-2.6960640452687175,2.153721916103665,0.0,-123.89697615202695,-4.095127237977673,3.468810294274057,0.0,-57.986575507092624,-36.80971768211838,3.0461240041956277,0.0,-104.28827168315753,-35.68828385838667,2.8451714826841794,0.0,-110.61099935096163,-36.4899717439235,6.154045504066291,0.0
-79.77856289755469,-2.582352099298699,3.7225911954434885,0.0,-86.21869044850835,-2.6818100103774665,2.189309245964461,0.0,-123.89781673663389,-4.092743562846145,3.4707007213379626,0.0,-58.03002511617336,-36.599708799000034,3.160381312419,0.0,-104.28507679867832,-35.659661849175286,2.8525642383580134,0.0,-109.98922737771561,-36.174018306682584,5.6859268974427675,0.0
-79.76225281599051,-2.5247085626163486,3.7447682512420215,0.0,-86.22453210911665,-2.6663198760940094,2.21945756062658,0.0,-123.89208786483908,-4.089940032975604,3.4660874536752893,0.0,-58.068022124607204,-36.41896006174457,3.2681522220556953,0.0,-104.2761274799976,-35.63161278707192,2.858901909200698,0.0,-109.48908067120327,-35.88983272766483,5.270362050400989,0.0
-79.74448618998369,-2.46355586157531,3.764174913582533,0.0,-86.22811135896983,-2.6527427633112035,2.241862992487917,0.0,-123.88271895962956,-4.0874801200259165,3.4568898502154077,0.0,-58.10308808428265,-36.27919373739874,3.359750012440017,0.0,-104.26181577776538,-35.60849570041869,2.860749306834439,0.0,-109.1159679563651,-35.6584756499416,4.916278418699131,0.0
-79.73258853218228,-2.4083790728878958,3.7866584800220444,0.0,-86.2295852200449,-2.6429182005351777,2.2567019005190687,0.0,-123.8762473826334,-4.086199791466824,3.447192464365937,0.0,-58.13741174608193,-36.18511341792374,3.4285576596217524,0.0,-104.24361132070102,-35.593385310305614,2.855820958409602,0.0,-108.8613650366069,-35.49197612450549,4.628625799357319,0.0
-79.73332411381563,-2.3649275570239263,3.810552551923676,0.0,-86.2287084996426,-2.6369676958084405,2.2657719307141537,0.0,-123.88050291506164,-4.086938578825611,3.4417224075901185,0.0,-58.1712077161365,-36.1335316684948,3.4728889196959205,0.0,-104.22349249748123,-35.58740478886681,2.8437616307736455,0.0,-108.70491722159231,-35.39133734744351,4.407601168312455,0.0
-79.74965271822951,-2.3342872839289157,3.8304077497976987,0.0,-86.22490149869606,-2.6333819880438285,2.2714291852566664,0.0,-123.9010629145005,-4.090573767393474,3.443947849566131,0.0,-58.20203533777642,-36.11462386923018,3.4959686932464464,0.0,-104.2034139667294,-35.58989920993354,2.826155088482162,0.0,-108.61931882546729,-35.34783158165551,4.247552986379715,0.0
-79.77870812169579,-2.31401133471739,3.841738304260403,0.0,-86.21760101677279,-2.6296353957702854,2.275714998197383,0.0,-123.93790009696134,-4.097993239812663,3.4543799542732483,0.0,-58.22547275180547,-36.115149459931615,3.5043305018144135,0.0,-104.18479316381729,-35.59905532782778,2.8059278654745707,0.0,-108.57611640513392,-35.34648740464291,4.13714347141927,0.0
-79.81082365428419,-2.300341225489089,3.8452500399270217,0.0,-86.2066117386367,-2.6231705282084974,2.2798673728843095,0.0,-123.98413779652078,-4.109813006063442,3.469804302953797,0.0,-58.236821956138954,-36.12242937862552,3.5055606522228473,0.0,-104.16811609819297,-35.61261288767018,2.786460907705532,0.0,-108.5508466864387,-35.37044128073561,4.061577221418787,0.0
-79.83072512114241,-2.2893375262268623,3.843833043653744,0.0,-86.19225120283768,-2.612444728047368,2.2842015608629893,0.0,-124.02823938255172,-4.125878969464992,3.4841973590192588,0.0,-58.233051216853134,-36.12755663080568,3.5063887144362695,0.0,-104.15285718344961,-35.62847092987723,2.770714620402778,0.0,-108.52637744995394,-35.404814152715694,4.006183364892266,0.0
-79.81983079269841,-2.2764958938282165,3.8390852508503883,0.0,-86.17524462230114,-2.5976697828609234,2.2882355580702303,0.0,-124.05916401941397,-4.1448931689138595,3.49153927224509,0.0,-58.214164191294245,-36.126823572484334,3.5116923051812474,0.0,-104.13781796783873,-35.64509855834191,2.760572024139984,0.0,-108.49397418838416,-35.43911896597992,3.9598191077069327,0.0
-79.75777459984566,-2.256035944099092,3.8380918152973162,0.0,-86.15645142239313,-2.5809272339708054,2.2909532613958454,0.0,-124.07187245421717,-4.164496325998496,3.4894061489653296,0.0,-58.18348286518585,-36.12122904307117,3.524411932239383,0.0,-104.1217780238252,-35.661740302683015,2.756476640885399,0.0,-108.45228876025055,-35.4679290510578,3.9166827950419343,0.0
-79.62670052613929,-2.2189772281230145,3.8546411196520687,0.0,-86.13655783432397,-2.5655314264346867,2.2911631947794238,0.0,-124.06970739758802,-4.181784089821207,3.481032656322565,0.0,-58.146755654429924,-36.11466901930532,3.545995986072773,0.0,-104.10415287056131,-35.67843580310905,2.757406336888332,0.0,-108.40495964817066,-35.490185972214526,3.8759634500813824,0.0
-79.41827837359432,-2.151218213437936,3.903418401472244,0.0,-86.1158766624734,-2.5548236045919763,2.2879179728408676,0.0,-124.06176513846316,-4.193967237398467,3.473997362531785,0.0,-58.11042542599743,-36.11173647934882,3.5769266241438,0.0,-104.0852685942776,-35.69580572186446,2.7612692489937984,0.0,-108.35771524591318,-35.5077500726177,3.8398106668923617,0.0
-79.13998646342161,-2.0337613088977773,3.9947376136015027,0.0,-86.09435798635762,-2.5508666316780095,2.2808991488152675,0.0,-124.05669075897404,-4.198966812534356,3.475922622837123,0.0,-58.079694523863594,-36.11594994242026,3.6170317801989764,0.0,-104.06601385341128,-35.714559562461865,2.765709204687406,0.0,-108.31580131987762,-35.52371543616103,3.810781858302933,0.0
-78.81716838442912,-1.8457478242700036,4.132273295068845,0.0,-86.07181430385275,-2.553589938060755,2.2706320586534936,0.0,-124.056917051361,-4.1958895927443445,3.4897195729539625,0.0,-58.0570929140932,-36.128848437884244,3.6655281065907115,0.0,-104.04704267535277,-35.73492108483453,2.7689942244576837,0.0,-108.28231745067691,-35.54089064137757,3.7899345338072727,0.0
-78.48817875457786,-1.569232473130453,4.313729038748837,0.0,-86.04824132434761,-2.5607567494974237,2.258428759326817,0.0,-124.05708118074807,-4.185325822657021,3.5111482181104705,0.0,-58.042043487582816,-36.149949866879105,3.7209371886629974,0.0,-104.02805243422945,-35.75635793051095,2.770497418438742,0.0,-108.25771776095071,-35.560760908127165,3.7761899830984973,0.0
-78.19231510187115,-1.1934554147349137,4.533510093020961,0.0,-86.02406230850113,-2.5687757502085073,2.2460360760469804,0.0,-124.04739105365736,-4.169410049438675,3.5299056957787194,0.0,-58.03150610005895,-36.17727844477421,3.7810765876520662,0.0,-104.00762807892119,-35.77782458635622,2.7705335595313425,0.0,-108.24035089285198,-35.58312159748543,3.766856656090427,0.0
-77.95388896391499,-0.7164210099387655,4.786150476617724,0.0,-86.00017276457199,-2.5739999701948557,2.2350680863060504,0.0,-124.01947262611434,-4.1516629520832105,3.533474303230296,0.0,-58.02136764912761,-36.20811786527209,3.84323786465367,0.0,-103.98380921519968,-35.79834793333201,2.7697377792277855,0.0,-108.22758800956032,-35.60637046266224,3.758710684065891,0.0
-77.76891226571179,-0.14297704000551148,5.069501976419641,0.0,-85.97775761535172,-2.5739292706207344,2.22642645020035,0.0,-123.9710951530844,-4.136595627615304,3.5118214914600134,0.0,-58.00801263967093,-36.23975217391796,3.904526392995278,0.0,-103.95514866716996,-35.817533273411,2.7683913000035556,0.0,-108.21695950669664,-35.62823977821542,3.749005674258406,0.0
-77.60118358738481,0.5191926302788232,5.38715083092943,0.0,-85.95793358455583,-2.5678149871707143,2.2199879236939584,0.0,-123.9075518109724,-4.1288869112411835,3.4612888924164835,0.0,-57.98951398033071,-36.27006121742732,3.9622692788114993,0.0,-103.92176024489773,-35.83558452234218,2.7660187939566825,0.0,-108.20684952079645,-35.64665568964479,3.7360571177668316,0.0
-77.39086184424536,1.2625223921410593,5.749443936314368,0.0,-85.94132234688989,-2.5565185303534177,2.2147519264016484,0.0,-123.83980159520007,-4.13188844285224,3.387138231071109,0.0,-57.96607696388941,-36.29788566090073,4.014404640779567,0.0,-103.88580224138914,-35.85268329627593,2.7613744396270157,0.0,-108.19660085771518,-35.660457272544775,3.7193426456543204,0.0
-77.07248409713408,2.0787672028698125,6.172059146474796,0.0,-85.9276949623099,-2.5418490815278343,2.2093957663155024,0.0,-123.78085863932873,-4.1454240603123855,3.304962491264563,0.0,-57.93966230240633,-36.32310630519336,4.059767867469223,0.0,-103.85105165263603,-35.86798489439059,2.752796349830165,0.0,-108.18618975911012,-35.669797788930516,3.6992472938586936,0.0
-76.5947507048683,2.954544767878464,6.671417353470087,0.0,-85.91584243833135,-2.52577534329472,2.2029483805747585,0.0,-123.74178588142999,-4.163282548326023,3.2407679211714537,0.0,-57.91301546871786,-36.34642660586227,4.098178744116598,0.0,-103.82163287680584,-35.87895392016711,2.7388918427760167,0.0,-108.175780546384,-35.676107375081635,3.676651023283318,0.0
-75.93424445592825,3.866385678255833,7.257760781635827,0.0,-85.90378922142658,-2.5098653146825782,2.1952367815205402,0.0,-123.72795769653584,-4.171365156756112,3.228664944800471,0.0,-57.88854125511133,-36.368914738265985,4.130292040317613,0.0,-103.80038747790678,-35.88199003509519,2.7195391788273344,0.0,-108.16541997581339,-35.68157443095582,3.652534318298226,0.0
-75.09898084393386,4.779409546981623,7.928287105161564,0.0,-85.88934377127646,-2.495154667802197,2.1869042087825843,0.0,-123.73608312537081,-4.147920639997447,3.305033524924596,0.0,-57.86749188341234,-36.391453199054446,4.157310085033011,0.0,-103.78755870169805,-35.87487182449312,2.6971197753798286,0.0,-108.15496768721323,-35.68829252438462,3.627718676383907,0.0
-74.1223025183704,5.651827552567575,8.663216377562227,0.0,-85.87080659964039,-2.482416027851132,2.1790290080328667,0.0,-123.75283232149077,-4.067188713809458,3.4991696725324584,0.0,-57.8497628771686,-36.414321704660196,4.180734512993773,0.0,-103.7802994220884,-35.86040863576212,2.677638709339277,0.0,-108.1442083129211,-35.69744546181525,3.6028047296718206,0.0
-73.05073740138101,6.443834887531731,9.42680059823344,0.0,-85.8475435808047,-2.4725421452603342,2.1725529990727157,0.0,-123.75607382917909,-3.9066291813367204,3.8222180556773893,0.0,-57.83430075753722,-36.437123715462,4.202257592641908,0.0,-103.77313236085878,-35.84948585899686,2.6710943495041857,0.0,-108.13301898839099,-35.70894075535561,3.57831413499364,0.0
-71.93052383439503,7.126484292615139,10.173241135831198,0.0,-85.82018617543714,-2.4666425661403837,2.167789054975394,0.0,-123.71928898450221,-3.655880204495781,4.257947514481014,0.0,-57.81986299706712,-36.45911626680203,4.2237397763421765,0.0,-103.75912803276493,-35.86134429978002,2.6904875985774783,0.0,-108.12147290178467,-35.72165191973955,3.5549479129274975,0.0
-70.79695319601146,7.686078623816021,10.855113457107908,0.0,-85.79042717301121,-2.465654407386027,2.1642206491175404,0.0,-123.61863669995016,-3.323580751502278,4.760058592791731,0.0,-57.80574742362744,-36.47978264483772,4.247135071849515,0.0,-103.73135224075088,-35.91981441476379,2.7493629798597308,0.0,-108.10981574073848,-35.73406993605429,3.5337583269866144,0.0
-69.66891624610048,8.122543588821731,11.43081402091707,0.0,-85.76058599470109,-2.4696626637440513,2.160669225584753,0.0,-123.44035724215458,-2.9377440220486095,5.260244474371615,0.0,-57.79216536986553,-36.49934002277629,4.274257568772965,0.0,-103.68413803308098,-36.04593836159649,2.858398261570139,0.0,-108.09832617740318,-35.744963825655184,3.51599413072627,0.0
-68.54882437340179,8.44367161414393,11.86861214042698,0.0,-85.73315861621433,-2.4773661276835224,2.155747296570304,0.0,-123.18449711173734,-2.5377965261172486,5.687687770587427,0.0,-57.78012704228271,-36.51890598317353,4.306386210833509,0.0,-103.61398428710768,-36.24932759583032,3.0219695919816054,0.0,-108.08714568547522,-35.753720346036424,3.50254698748245,0.0
-67.42646947914739,8.658585100974992,12.14713143879657,0.0,-85.71044680705015,-2.4860438841670334,2.1484033171412893,0.0,-122.86178809670511,-2.1607945373494477,5.994229329573173,0.0,-57.770930230073745,-36.54023595199795,4.343828852126768,0.0,-103.52024417740567,-36.52220650253162,3.236005412862326,0.0,-108.0762088446587,-35.760272322819475,3.4932794874060544,0.0
-66.28489971957708,8.773009907005983,12.253739019556848,0.0,-85.69422721781169,-2.4921231656279037,2.1383394969202207,0.0,-122.48507748018584,-1.8275028861327378,6.174256804850395,0.0,-57.76548353764348,-36.56515556224736,4.385662758623916,0.0,-103.40578832856407,-36.84029915392032,3.488923842191255,0.0,-108.06536428439024,-35.764754374777596,3.4867469911254254,0.0
-65.10666995467324,8.787386854305744,12.182567299051126,0.0,-85.68538401696817,-2.4921973278585137,2.1261442896588267,0.0,-122.06116097417251,-1.534148398711194,6.269421897098552,0.0,-57.76371275094904,-36.59492555662632,4.429866282818134,0.0,-103.27711293542922,-37.171721228177645,3.76694789173861,0.0,-108.0546372511912,-35.76713894434474,3.4806151947302464,0.0
-63.87926136182087,8.697617054647353,11.933180619893548,0.0,-85.68349885975576,-2.4841536772356214,2.1130983618327104,0.0,-121.58829676573984,-1.2537372356780665,6.355535940198049,0.0,-57.764230664043836,-36.62976602442149,4.4739019586783275,0.0,-103.14273272075681,-37.489552392702585,4.06224357869632,0.0,-108.04445787102611,-35.76709419862422,3.4725875828387363,0.0
-62.5988020408015,8.497496097725138,11.510035956016962,0.0,-85.68653457179907,-2.468007107392669,2.100729744406056,0.0,-121.05971682760565,-0.9475604861368989,6.517561789024301,0.0,-57.764357320679245,-36.66868043333185,4.515556849259232,0.0,-103.00952870333789,-37.78084451499717,4.378831405969021,0.0,-108.03568492878672,-35.76419175642682,3.4613539195652763,0.0
-61.27157857307785,8.181531307684901,10.922362301026473,0.0,-85.69087949138945,-2.4461267310470003,2.090260596222837,0.0,-120.46935868397453,-0.5827575713163462,6.823462370525664,0.0,-57.7604980824276,-36.70961442715385,4.553663513956542,0.0,-102.87844139839237,-38.04777159357683,4.731402953304081,0.0,-108.0293699675842,-35.75842187260759,3.4470876503368597,0.0
-59.9132838211041,7.746983391424234,10.184094215280934,0.0,-85.69198761192118,-2.4227044733131633,2.0821199603172644,0.0,-119.81607748691131,-0.14774235321316986,7.306465598903348,0.0,-57.74881631882846,-36.74988953120145,4.5883660587839294,0.0,-102.74164067406437,-38.30204471784741,5.1368498553038195,0.0,-108.02632281500075,-35.750806858744596,3.4312332482924894,0.0
-58.54638814402632,7.194692802777858,9.313977226042114,0.0,-85.68556812202743,-2.4025023190371106,2.0757148952367164,0.0,-119.10498844130188,0.34231484014780555,7.9598534341750895,0.0,-57.72604570517079,-36.78678086340807,4.6208286874056075,0.0,-102.58268741518036,-38.556791916122364,5.603226273586511,0.0,-108.02662072779002,-35.74378633816691,3.4156818432074196,0.0
-57.196397181925896,6.529275508292592,8.336387977367211,0.0,-85.6688936961676,-2.3891974632903272,2.069594486146922,0.0,-118.34616240923434,0.8523105795037882,8.743064431180146,0.0,-57.69019481183873,-36.81807652487857,4.652537928297978,0.0,-102.38002474742555,-38.82002175147461,6.122181047529123,0.0,-108.02926334711765,-35.741035910091824,3.4018078124148836,0.0
-55.88800311407954,5.760064213630429,7.283064841142796,0.0,-85.64163116474253,-2.3839471297350308,2.061967284865462,0.0,-117.55121870654229,1.3418561107165683,9.59511033638864,0.0,-57.64090009134972,-36.842482974019134,4.68450058395565,0.0,-102.11275150238262,-39.09202606478667,6.6685107104597225,0.0,-108.03216270581495,-35.746570479333045,3.38987154142529,0.0
-54.6419988198327,4.903947920850854,6.194767212089037,0.0,-85.60581946470975,-2.3848150363657634,2.051357716541691,0.0,-116.72880490817644,1.7796219771680821,10.450213225734085,0.0,-57.579330714835514,-36.859815492723676,4.7166658400799815,0.0,-101.76635523626445,-39.36687668695682,7.206567593068711,0.0,-108.03252638696948,-35.76337229614224,3.378908327469569,0.0
-53.473318554005914,3.9894947244646755,5.120881703754039,0.0,-85.5650470313906,-2.3873026502266157,2.037154394819492,0.0,-115.88074286309013,2.1508778111067706,11.250557672544478,0.0,-57.5077353636302,-36.87097650622372,4.7478017385171185,0.0,-101.33582691496986,-39.63643720184939,7.700100558582333,0.0,-108.02752485299972,-35.792128495463146,3.366923507603369,0.0
-52.390119675132254,3.0593423035760967,4.115528802875568,0.0,-85.523213004776,-2.3857034939706745,2.019892248074699,0.0,-115.00065051853623,2.4566962115449,11.95287668042753,0.0,-57.42880431899118,-36.87772619235837,4.775844273319398,0.0,-100.8248992500692,-39.894687328715065,8.121119730361986,0.0,-108.01504369396147,-35.830697495323385,3.3512312466863303,0.0
-51.393589739863174,2.1672437585925177,3.2309223534356395,0.0,-85.4833727760233,-2.3747567354967183,2.0012012308256253,0.0,-114.07565521281313,2.707587302280807,12.528826314173829,0.0,-57.34499659451168,-36.882228465559294,4.798503966551886,0.0,-100.2422340139237,-40.14062993272756,8.4546825791212,0.0,-107.99433640766135,-35.87463805166198,3.3287513244944176,0.0
-50.4783846356878,1.368469216904833,2.5102434177049204,0.0,-85.44708226478777,-2.3511968489834256,1.983404545986792,0.0,-113.09029655247913,2.9156889043516685,12.96169939985782,0.0,-57.257954385373246,-36.88640095451164,4.813819917292223,0.0,-99.59672840659672,-40.37902513811492,8.698957209052958,0.0,-107.96659380247567,-35.91892012981717,3.295194828385414,0.0
-49.634412275851346,0.7059999264264629,1.9812339644855559,0.0,-85.41437942608108,-2.3150047882663056,1.968805166802861,0.0,-112.0309744178883,3.08866863172571,13.242646174212293,0.0,-57.168134909724316,-36.891222905495425,4.820467525995722,0.0,-98.89401365492205,-40.6190867471179,8.861944157160135,0.0,-107.93716282634077,-35.96265848768576,3.237406740855878,0.0
-48.84983714051671,0.19884475778357213,1.651318246067314,0.0,-85.38419310866838,-2.2701704065850805,1.9587960202563135,0.0,-110.88954213627098,3.2267835803660088,13.368539000800972,0.0,-57.0747749426425,-36.89626258002488,4.817829978013309,0.0,-98.13517957873833,-40.87184054502356,8.956955733482237,0.0,-107.89844223998142,-35.98575111483869,3.215610688550303,0.0
-48.114127788887494,-0.16134282357017504,1.505757841526778,0.0,-85.35483165640137,-2.224577107486849,1.953048057520805,0.0,-109.66534908472013,3.3231108909152063,13.34193702995185,0.0,-56.976226715869004,-36.89966768085242,4.805945846265924,0.0,-97.31764599487136,-41.147074991936066,8.998565348467956,0.0,-107.85805279429383,-35.99695145677617,3.190909143404985,0.0
-47.42086183908759,-0.404049905633034,1.5099831675933029,0.0,-85.3244365052711,-2.1885687431858463,1.9491177508299717,0.0,-108.36564286697973,3.366120800127419,13.172139604303187,0.0,-56.87059595444213,-36.89869755917551,4.7854029459920735,0.0,-96.4373849146841,-41.45078163640437,8.99992331569025,0.0,-107.81826884040535,-35.998379081774424,3.1645513842766118,0.0
-46.770034745605834,-0.5673846041162669,1.6164309242028931,0.0,-85.291648109721,-2.1722545114360097,1.9427744942054073,0.0,-107.00454855679557,3.3433961901020446,12.875656817302573,0.0,-56.7565199707153,-36.89064024463841,4.757174659320537,0.0,-95.4914383728001,-41.78375371672037,8.97157963323555,0.0,-107.78036641436834,-35.99401068261852,3.1377400042523593,0.0
-46.16895889142085,-0.6850262634931976,1.7744320477189994,0.0,-85.25676377529233,-2.182489855381191,1.9290915272509395,0.0,-105.6009553248534,3.245191742792972,12.474783189989687,0.0,-56.63387128745904,-36.873770927720145,4.7223969024632275,0.0,-94.47982457617253,-42.14160688821148,8.921436140943866,0.0,-107.74459372889898,-35.98821030980143,3.111387943783088,0.0
-45.630859498114155,-0.7780121152516841,1.9400209000540904,0.0,-85.22314197883671,-2.220877634113296,1.9039750997971723,0.0,-104.1757454465803,3.066667122080039,11.994053231644076,0.0,-56.50417249625067,-36.8479714186387,4.682158728193285,0.0,-93.40636993127518,-42.51596854748596,8.855209244139605,0.0,-107.7105769562879,-35.98427480571221,3.086012554352898,0.0
-45.17112990828621,-0.853664761535283,2.08262581335007,0.0,-85.19781584625714,-2.2835230269214755,1.8656128309783693,0.0,-102.74896349510702,2.808179263096674,11.455552941727765,0.0,-56.370564914392574,-36.81477429898443,4.637426631656286,0.0,-92.27850520680944,-42.89618057836729,8.776824969959048,0.0,-107.67787934041927,-35.983513493479265,3.061698726229803,0.0
-44.80237609067877,-0.9102650911302526,2.1872200656860947,0.0,-85.19000835249474,-2.3622582464305584,1.8153970870174003,0.0,-101.33764279810487,2.473886284019315,10.874744517274273,0.0,-56.23728206053629,-36.77685594144748,4.589151082431442,0.0,-91.10636044947151,-43.270825623070756,8.68843542503502,0.0,-107.64637440102005,-35.98518676129102,3.0381101181615264,0.0
-44.53005739925939,-0.9438694852941367,2.2523473282312345,0.0,-85.20725751137957,-2.4465646793874,1.7579858908070918,0.0,-99.95495694319756,2.069625353487959,10.258399594334547,0.0,-56.10872728896552,-36.73723834447653,4.538465272082334,0.0,-89.90150978072903,-43.628716735736255,8.590108730887014,0.0,-107.61626795829437,-35.98727905052965,3.014604873111786,0.0
-44.35019508711826,-0.9537622688812855,2.2856246199684627,0.0,-85.25087544874361,-2.5256342215587635,1.7002203888992664,0.0,-98.61108615265759,1.6011924615233273,9.605614643574011,0.0,-55.98841423243895,-36.698556514263416,4.486822747651599,0.0,-88.67558079833177,-43.959408524436185,8.479544478020161,0.0,-107.58785566050446,-35.98773183783476,2.9905090675853216,0.0
-44.24953085523749,-0.944724956397212,2.298686781385218,0.0,-85.31376464235437,-2.590404731884842,1.6489741371723383,0.0,-97.31565815354637,1.0738666954457425,8.911967908731073,0.0,-55.878135893479765,-36.66268951268037,4.435969394048758,0.0,-87.43884222490524,-44.2534867333696,8.352256258761088,0.0,-107.56124335770537,-35.98559241536293,2.965493213088987,0.0
-44.207533916120354,-0.9262214172904368,2.3031550483825107,0.0,-85.38249324624958,-2.635396213709293,1.6088030024397266,0.0,-96.08097575345451,0.49359917919814755,8.175805744656913,0.0,-55.77770135003771,-36.630862137705385,4.387728017391018,0.0,-86.19894932707233,-44.502787352859805,8.20245498170793,0.0,-107.5362324104789,-35.981607955738625,2.9398724934868845,0.0
-44.19940913477338,-0.9097776311695078,2.308353102993653,0.0,-85.44251416954707,-2.6597347030329876,1.5807530470829487,0.0,-94.92476538483055,-0.13019226887034918,7.404582794905233,0.0,-55.68537775211273,-36.60403693674466,4.343652476625355,0.0,-84.96021841972811,-44.700491301053425,8.024449764309008,0.0,-107.51244347715553,-35.97804752485837,2.914634414289809,0.0
-44.199597425772566,-0.9060728557820923,2.3206107976862445,0.0,-85.48328808737276,-2.66661226655419,1.5630294729227074,0.0,-93.8709720272706,-0.7810520464442163,6.618552625648158,0.0,-55.59885959445566,-36.5831905870693,4.3046971816036415,0.0,-83.72385796779024,-44.841004770219826,7.814044628736546,0.0,-107.48960125703434,-35.97786063007057,2.8911356369050427,0.0
-44.18557813809731,-0.9227825253764523,2.343482884064999,0.0,-85.50075820310379,-2.661223223954286,1.552888674082718,0.0,-92.94725729075358,-1.4330993566108905,5.849648059230896,0.0,-55.516323369710356,-36.56914790389226,4.271094695749133,0.0,-82.48927955189346,-44.91969121587841,7.569409378421462,0.0,-107.46779863413532,-35.98355159282472,2.8706131937762294,0.0
-44.141687571517885,-0.9634258614076634,2.3781630345782165,0.0,-85.49690422530406,-2.6483276645014087,1.548395818585849,0.0,-92.17887607471002,-2.0523670762702224,5.135548831575214,0.0,-55.43709712324606,-36.562047832373395,4.242541767388493,0.0,-81.2560836686231,-44.93266245288963,7.291220500226384,0.0,-107.44755761319573,-35.996235209423936,2.853762568630973,0.0
-44.06220354341428,-1.0269185655299724,2.423657505855351,0.0,-85.47761501824405,-2.6308202107582748,1.5490800010026238,0.0,-91.58073806931495,-2.6029490472211823,4.511575077026066,0.0,-55.36171895848217,-36.56089174928521,4.218585962756027,0.0,-80.02595032934303,-44.87681594341162,6.982245757102695,0.0,-107.42961980075823,-36.01521223229334,2.8405692067383512,0.0
-43.95250341095539,-1.1076214831577307,2.4767367777652183,0.0,-85.45020506913728,-2.6098482800074683,1.555397262091704,0.0,-91.15124555500415,-3.055852990564217,4.003765844065329,0.0,-55.29150184022493,-36.56362031165084,4.198955264173177,0.0,-78.80370227523488,-44.750165226497614,6.646743907937242,0.0,-107.4145718265364,-36.038167982252574,2.830423485444591,0.0
-43.827245642922946,-1.1961812113299866,2.532114984582554,0.0,-85.4213746988114,-2.5859970170875988,1.5675546172430828,0.0,-90.8709919046349,-3.3964226040146643,3.6247457562023975,0.0,-55.22792535485184,-36.56780350947562,4.183622660559136,0.0,-77.59718224952785,-44.55234742264415,6.289993423239249,0.0,-107.40252438460716,-36.06187942424195,2.822428976565172,0.0
-43.70556990624041,-1.2815773185330404,2.5833775206495755,0.0,-85.39595062361138,-2.56057261935762,1.5844207935969479,0.0,-90.7068932960712,-3.6271756005893683,3.372185183533807,0.0,-55.172143847314345,-36.571617827073865,4.172601664343194,0.0,-76.41608048119905,-44.285050220621535,5.918038925313273,0.0,-107.39303429276376,-36.083169071093614,2.8157573494656045,0.0
-43.60483615787863,-1.3540945927131238,2.6246716325533743,0.0,-85.3764357206187,-2.53617225628794,1.6030721290319523,0.0,-90.61996233536797,-3.765416600661532,3.229626389985871,0.0,-55.12473005893569,-36.57458585312183,4.165647865160867,0.0,-75.27026886426174,-43.95205273694009,5.537534557199486,0.0,-107.38531399772455,-36.09977427647321,2.8098869177387,0.0
-43.535365088936224,-1.4080504964779141,2.652464966582899,0.0,-85.36320233258326,-2.516241445134935,1.619210272683297,0.0,-90.57394851881364,-3.8369672624663314,3.170026542549646,0.0,-55.08562427173865,-36.5776493374546,4.162061735831584,0.0,-74.16838550087785,-43.55874598697445,5.155519187438374,0.0,-107.37860707473757,-36.11082706181124,2.804620111678261,0.0
-43.498187076831336,-1.4429990669854194,2.6664639264907404,0.0,-85.35509971384165,-2.5038499663331857,1.6283782055963858,0.0,-90.5421301406068,-3.8684958642396126,3.161843809656993,0.0,-55.05421287145337,-36.58248227969751,4.160679599747818,0.0,-73.11725923940406,-43.11137052877174,4.7790676204573925,0.0,-107.37251158607639,-36.11679296160212,2.7999213230261155,0.0
-43.48624083461264,-1.4629473635189134,2.6692667239010497,0.0,-85.35026146368297,-2.5002784425186846,1.6275886320884325,0.0,-90.51023683818477,-3.8812635470675625,3.176046554268865,0.0,-55.02948116712191,-36.59036137578631,4.160039957499501,0.0,-72.12231177366155,-42.61650542579381,4.414881721356386,0.0,-107.36706760089243,-36.118961587133676,2.795736117538201,0.0
-43.4879169180802,-1.4741384892494924,2.665034569419584,0.0,-85.34689307260581,-2.504131246900516,1.6166927086191674,0.0,-90.47490113018354,-3.888189383994728,3.191585742876333,0.0,-55.01019669991181,-36.60117189876951,4.158690393982088,0.0,-71.1885544844616,-42.081277921116104,4.068924765399208,0.0,-107.36258042060149,-36.118778719259666,2.7919249029392184,0.0
-43.49120201515746,-1.4824956524779047,2.657882967064351,0.0,-85.34380955642312,-2.5115094648915894,1.598772757445392,0.0,-90.43891622649478,-3.8943311690902944,3.1975825693092172,0.0,-54.99506416339343,-36.61308652895862,4.155588294278068,0.0,-70.32151044059403,-41.5143533933575,3.7462028905414844,0.0,-107.35931443348376,-36.11732848926953,2.788311342837117,0.0
-43.48697344645668,-1.49176420455749,2.6506755699665323,0.0,-85.34057389318352,-2.5172980743169644,1.5792258306071698,0.0,-90.40589261891807,-3.8994785640271217,3.192145032957816,0.0,-54.98280113663131,-36.62313006068512,4.150474570164093,0.0,-69.52752642320037,-40.927306785096555,3.450793446296224,0.0,-107.35723972477905,-36.1151267801227,2.78475560012577,0.0
-43.47071139548465,-1.5029398113321397,2.644571127361642,0.0,-85.3372584385122,-2.517062453728956,1.5638574825544982,0.0,-90.37676840161866,-3.9012721951953466,3.1790671496939424,0.0,-54.97214431526043,-36.62839048788363,4.14402549660457,0.0,-68.81339283021687,-40.33574510383138,3.186142455084683,0.0,-107.35593497108147,-36.11220722973101,2.7811806051724446,0.0
-43.442577095510615,-1.5149498437843167,2.639272349655407,0.0,-85.33401539846142,-2.508741907268096,1.5567995929511014,0.0,-90.34921821764716,-3.897715039604693,3.16406175472088,0.0,-54.96186113418553,-36.627281263680295,4.137637931145161,0.0,-68.18558641290161,-39.75957680030529,2.9554626720330894,0.0,-107.35464875032243,-36.1083795454081,2.777539251519018,0.0
-43.40625459540408,-1.525994008334023,2.6336967840665313,0.0,-85.33071999080373,-2.4934377163888746,1.5591117625359345,0.0,-90.31935126459732,-3.888522530455055,3.1518257832822645,0.0,-54.95084437919656,-36.62022028767903,4.132886987217599,0.0,-67.6494719455999,-39.22197369447242,2.761890029565807,0.0,-107.35248368884666,-36.10352339949818,2.773736430395914,0.0
-43.36714671855975,-1.5347179459298514,2.6267907408660918,0.0,-85.32689747444635,-2.4749974636549767,1.5685930565514834,0.0,-90.2841432796794,-3.875242694674527,3.144564271105331,0.0,-54.93830069037812,-36.6094313375753,4.130883438394823,0.0,-67.20850190057084,-38.74679277479992,2.6081037437618786,0.0,-107.34866841097958,-36.097804948420695,2.769529955897582,0.0
-43.330494318115605,-1.540624906408838,2.6182651569138073,0.0,-85.32195069956842,-2.458553520179535,1.5808527458984454,0.0,-90.24312241359142,-3.8604738446724602,3.141935122146828,0.0,-54.92395617042926,-36.59806975758025,4.131817453080641,0.0,-66.86321971532873,-38.35463291656854,2.4954285867275523,0.0,-107.34284883713526,-36.09174116228652,2.7644734659881145,0.0
-43.29986735213161,-1.543693953764282,2.609007285352078,0.0,-85.31547733509092,-2.4485274823847742,1.591211954260869,0.0,-90.19863651313315,-3.846754915320087,3.1419218940413742,0.0,-54.90815469827727,-36.58917147273642,4.134874475275705,0.0,-66.61002738385535,-38.0583689734226,2.4228157039867426,0.0,-107.3352724717866,-36.08608517700877,2.757993729214263,0.0
-43.27637833519795,-1.5437253438124605,2.6009385720417306,0.0,-85.30740918019062,-2.4468146026948805,1.5966499281415967,0.0,-90.15496201081055,-3.8356870381842643,3.1419856133613084,0.0,-54.891758882494585,-36.584872168061196,4.138525512376985,0.0,-66.44014281531965,-37.85967740806891,2.386253949967564,0.0,-107.32674345027256,-36.08156212545411,2.749635334210467,0.0
-43.2588436273819,-1.5400783811496552,2.596336091315351,0.0,-85.29788376313499,-2.451856952858816,1.5969706946559103,0.0,-90.11699168779641,-3.8275809842726396,3.1399750658737453,0.0,-54.875861411599026,-36.586081161696605,4.141041702311764,0.0,-66.33949882736148,-37.748165019805704,2.378969594806094,0.0,-107.31833153623333,-36.078553015480445,2.7393705616112047,0.0
-43.24478904121746,-1.5320413157360493,2.5969838132058367,0.0,-85.28698330565318,-2.4590252093691083,1.5947574110104448,0.0,-90.08909193944375,-3.8216053204696623,3.134573983918644,0.0,-54.861403287958886,-36.59254247429281,4.141022440774751,0.0,-66.2901251366759,-37.70383454783927,2.392379461186769,0.0,-107.31095642049411,-36.07688608465665,2.727778408657569,0.0
-43.231735216519816,-1.519438994762008,2.60360526901688,0.0,-85.27453902438835,-2.4622145259822625,1.594281067337846,0.0,-90.07428443486928,-3.816233333448009,3.125351599176639,0.0,-54.84882532197011,-36.603098439901885,4.137752712689922,0.0,-66.27284533137995,-37.70211540287848,2.4174549676959867,0.0,-107.30503610416417,-36.07588365810622,2.715939697222101,0.0
-43.21803051256673,-1.5028817821242235,2.615759004400731,0.0,-85.26011397814912,-2.4560682862598853,1.5999335789769678,0.0,-90.07364128205165,-3.809794962845844,3.112618042803982,0.0,-54.8378562659401,-36.61599266487415,4.13129917233227,0.0,-66.27038423070738,-37.71952715460658,2.446068224531384,0.0,-107.30034558111097,-36.074681960091,2.705055840611026,0.0
-43.20286947663335,-1.4834559160487064,2.632066679837635,0.0,-85.24318732482328,-2.4380175098709493,1.6147780067368966,0.0,-90.0858576520193,-3.801023119879764,3.097250961061265,0.0,-54.82748938402802,-36.62913902753794,4.122381447153495,0.0,-66.26975432388745,-37.73797718982837,2.4719734358454044,0.0,-107.29611920341698,-36.07265894988435,2.695971093175551,0.0
-43.18572511588818,-1.4621543387057434,2.6505603376556426,0.0,-85.22351353150967,-2.4094270632415524,1.6395985379397917,0.0,-90.10720637653766,-3.7895071042469604,3.080538847940499,0.0,-54.816145910312194,-36.64036829457985,4.112139250877341,0.0,-66.26323268359009,-37.74659828137201,2.491270594026144,0.0,-107.29131792392621,-36.06971425730424,2.688849158108418,0.0
-43.16575357584748,-1.4394742970001833,2.6690357579779924,0.0,-85.20157004260554,-2.3754884636032028,1.672612834366788,0.0,-90.1321676949736,-3.7759070581912466,3.0639934010822856,0.0,-54.80199358163658,-36.64770490942638,4.101905537676998,0.0,-66.24798313767205,-37.741171927886946,2.5024509401766846,0.0,-107.2849309313105,-36.06623258099745,2.683173091776549,0.0
-43.14166325021438,-1.4153980458512265,2.685429675805892,0.0,-85.17890461047675,-2.343938320208597,1.7098518860325562,0.0,-90.15476984738957,-3.7617730466196146,3.0490892286205646,0.0,-54.783369872473415,-36.64970496765046,4.093029758060453,0.0,-66.22485988337084,-37.72195487074956,2.5062726805019153,0.0,-107.2762067698338,-36.062774450845566,2.6780510827761663,0.0
-43.11222663289847,-1.389705700203975,2.6982970847168577,0.0,-85.15808072229056,-2.323025555772836,1.7460728741795037,0.0,-90.1702055764342,-3.748976563563182,3.036969477059973,0.0,-54.759219416205895,-36.64580599305158,4.08674064470709,0.0,-66.19692202894393,-37.69099227403344,2.505612585253477,0.0,-107.26477272135669,-36.059717082296615,2.672641444699563,0.0
-43.0772151305365,-1.3624034704087737,2.7073681521428448,0.0,-85.14189937792734,-2.3192527869760236,1.7759451938177744,0.0,-90.17600638231353,-3.739008754309301,3.028219054027467,0.0,-54.72941139514006,-36.63655457370868,4.084017489094981,0.0,-66.16794888299573,-37.649894708916975,2.5051658033272,0.0,-107.25064785267124,-36.057077356607934,2.6664615559325746,0.0
-43.03819435113866,-1.334005811518768,2.7139282273981884,0.0,-85.1317787987431,-2.3352703274902034,1.7952388383899045,0.0,-90.17225069590825,-3.732493644451512,3.02279577815359,0.0,-54.69481759632769,-36.62357112655972,4.085441753582733,0.0,-66.14112052143078,-37.59872318281094,2.510684251246241,0.0,-107.23416884994893,-36.05459590415638,2.659437102496021,0.0
-42.998533915682614,-1.3054911442402792,2.720613969981354,0.0,-85.12560739138544,-2.3680875695849446,1.801916707616261,0.0,-90.16082102171085,-3.7291276926948616,3.0201411112614576,0.0,-54.657119594658596,-36.60920992781846,4.091019413486917,0.0,-66.11806263772104,-37.53616527355388,2.527551785498858,0.0,-107.21585297566818,-36.05198212354305,2.651717455243846,0.0
-42.96234021344129,-1.277955371734036,2.730424217645778,0.0,-85.11585219279273,-2.4077462408104244,1.7972502091913007,0.0,-90.14419881857955,-3.728032441606164,3.0194115305957183,0.0,-54.61841896965878,-36.596019981658685,4.1000107060689714,0.0,-66.09845817301124,-37.46070235919499,2.5588725709133655,0.0,-107.1962398286604,-36.049143597501896,2.643420815447154,0.0
-42.93271365331135,-1.2522042611332909,2.745270333134144,0.0,-85.08892530561553,-2.436867076160363,1.7870740666906482,0.0,-90.12441008541533,-3.728352705633144,3.0197139110616718,0.0,-54.58078901628711,-36.58622191801476,4.110870662773776,0.0,-66.08028690609268,-37.37210281684507,2.603682841971457,0.0,-107.17577220262285,-36.046268972623984,2.634486568335488,0.0
-42.910295972261956,-1.22856056900631,2.7648194874240026,0.0,-85.02658900493073,-2.431825394199774,1.7829748246204105,0.0,-90.10253112183189,-3.729877321188609,3.020223915761015,0.0,-54.54590758469053,-36.58141798040368,4.1214175888485425,0.0,-66.06054220271572,-37.27246110934659,2.6561123180894324,0.0,-107.15476283185923,-36.0437355489382,2.624706339198264,0.0
-42.89301189509038,-1.2069697542455549,2.7863104089744937,0.0,-84.90949045600034,-2.366307642715097,1.8027669319189377,0.0,-90.07883377205741,-3.733434306864222,3.0201430047572515,0.0,-54.51485500985853,-36.58261249660613,4.129252575307749,0.0,-66.03613174685489,-37.1662219022292,2.706137598242112,0.0,-107.13343214334562,-36.04190362788951,2.613873672831712,0.0
-42.877223469230685,-1.1872668085700786,2.8054693274017524,0.0,-84.72195512967393,-2.217283799397455,1.8693441339124153,0.0,-90.05337796545749,-3.7407933982582007,3.0185872904035183,0.0,-54.48807756856675,-36.5904034763761,4.132325451703812,0.0,-66.00467610493124,-37.05914757193351,2.7419866127183017,0.0,-107.11193994447626,-36.04090860146077,2.6019215339049584,0.0
-42.85973911701169,-1.1694199097492568,2.8180483621913908,0.0,-84.45637538238704,-1.9720756963510766,2.007107075971134,0.0,-90.0267169022638,-3.753925223182181,3.014597059335099,0.0,-54.46544572154916,-36.60507953769389,4.129490236879121,0.0,-65.96504481181535,-36.95675888058564,2.753496146519744,0.0,-107.09034754619962,-36.04055768635469,2.588940269759359,0.0
-42.83973300881269,-1.15368705876381,2.821277294345345,0.0,-84.11541260822509,-1.633915025770496,2.2358430095253157,0.0,-90.00034306843419,-3.7738331117691226,3.007394582052429,0.0,-54.446310721450885,-36.62643687387555,4.120910054855814,0.0,-65.91760542611145,-36.863036843292626,2.7351959460994113,0.0,-107.06853261305893,-36.04037816462397,2.575076924318358,0.0
-42.819661456792545,-1.140748610944732,2.8147153595647882,0.0,-83.71097217330333,-1.2231179120727198,2.563297696252974,0.0,-89.97657091928413,-3.7995843492889847,2.996808825061253,0.0,-54.429499734683986,-36.65335672538462,4.108198043927146,0.0,-65.86421799234176,-36.779943435297795,2.687940036102537,0.0,-107.04614723213365,-36.03978366030472,2.5604350346782923,0.0
-42.804593669345955,-1.1318653669583485,2.8003113003727655,0.0,-83.26020105162922,-0.7723100024803182,2.979346167359089,0.0,-89.95779972372517,-3.8281886578658355,2.98359407442085,0.0,-54.41327728966082,-36.68338798500172,4.0942198272654124,0.0,-65.80798207812855,-36.70778942300143,2.618528016524264,0.0,-107.02269565160364,-36.038285832039385,2.5451096570040868,0.0
-42.80004225366351,-1.1289531692521098,2.7816990132261292,0.0,-82.77997632106374,-0.3168437121807912,3.455335772015869,0.0,-89.94549751833163,-3.8554735328877348,2.969373995512928,0.0,-54.39539759903666,-36.712643818858076,4.082555946762911,0.0,-65.75271488071421,-36.64603581852072,2.5375847547459536,0.0,-106.99772424191966,-36.035687794990665,2.5293760330810695,0.0
-42.80924260758153,-1.134335617273305,2.7629654741601026,0.0,-82.28188345570915,0.11556475770204244,3.950342200961007,0.0,-89.93951665324381,-3.8774956998841805,2.9561590255884873,0.0,-54.37342203550298,-36.736236628561635,4.076719541868028,0.0,-65.70220698986601,-36.594014592949954,2.4565651013654026,0.0,-106.97102776166666,-36.03220013415902,2.5139006479154897,0.0
-42.83129178094035,-1.1500454583640427,2.747418507545923,0.0,-81.76932168948954,0.5111558928063147,4.422176195003094,0.0,-89.93822198221623,-3.8917940721580253,2.9456560737495323,0.0,-54.34542046084824,-36.749304142417124,4.079329743114057,0.0,-65.65945949796537,-36.55125227646241,2.3849271272026265,0.0,-106.94276745576212,-36.02840776666794,2.499787965991075,0.0
-42.861130196303726,-1.176876776476341,2.736986035574507,0.0,-81.2374227790252,0.870086772166319,4.83816268443226,0.0,-89.93943700087243,-3.8979954770798315,2.9387274188242394,0.0,-54.31098322541658,-36.748478500798875,4.091487886822854,0.0,-65.62618903359368,-36.51737347277936,2.328312865830119,0.0,-106.91348665474412,-36.025037097672026,2.4883604838932714,0.0
-42.89134198317194,-1.2136623342803468,2.732485547759678,0.0,-80.6754183514621,1.201486857203772,5.181508159618355,0.0,-89.94170134784808,-3.8976548295076894,2.9352651372483596,0.0,-54.272199948324115,-36.73342520391448,4.112520234272894,0.0,-65.60275976458087,-36.491787095184385,2.288118113341655,0.0,-106.88409808592294,-36.02255336509946,2.4807247763397635,0.0
-42.9149282562428,-1.2572106401980525,2.734343995732017,0.0,-80.07037871961342,1.5170011772283107,5.452203055074035,0.0,-89.94510989586408,-3.89351754208841,2.934480807554248,0.0,-54.234052707687006,-36.707844968434756,4.1401338283247675,0.0,-65.58845636097628,-36.47343068842287,2.2623075257843457,0.0,-106.85589857095354,-36.020719281801036,2.4772837342753746,0.0
-42.92793857419063,-1.303025879102131,2.7430369364610385,0.0,-79.41110007737221,1.8256271426503137,5.663880136955295,0.0,-89.95123514367127,-3.888559513617075,2.9353618143880453,0.0,-54.20367353835724,-36.67924109588382,4.171009595744643,0.0,-65.58187450844477,-36.46075335561477,2.2469558439968367,0.0,-106.8305623328442,-36.018310759958226,2.477374591432265,0.0
-42.93096279108242,-1.346568880370441,2.7588184659260886,0.0,-78.69120405379513,2.1310199209978204,5.838636785600138,0.0,-89.96219080269455,-3.8851616853454454,2.9370081434166195,0.0,-54.18824740344498,-36.657053582331294,4.2018266564232185,0.0,-65.58125815045882,-36.45194894139285,2.2378846106935057,0.0,-106.80998306326548,-36.01317984787329,2.479208977370166,0.0
-42.92883032530968,-1.3845554187186058,2.7809163355750925,0.0,-77.91087736089591,2.431153716580031,6.001310983646402,0.0,-89.97938964748744,-3.8846308397274054,2.9387324430309096,0.0,-54.192034810631014,-36.64952200362643,4.230496616030884,0.0,-65.58473782575413,-36.445331528575814,2.2318775794338155,0.0,-106.79585421019645,-36.00279833888167,2.4803111542236964,0.0
-42.92850858611499,-1.4157234578934905,2.8067883319646274,0.0,-77.07691212147236,2.719663549986171,6.174179253220267,0.0,-90.0026486731721,-3.8870957492293297,2.939999715029188,0.0,-54.213798608995816,-36.66053066836724,4.257071990614113,0.0,-65.59049504634257,-36.439704419462046,2.2272014395929993,0.0,-106.78899885627584,-35.985352391448814,2.478633517402474,0.0
-42.93604665878736,-1.4407176141920917,2.8320341535375437,0.0,-76.20095917454205,2.9880642728544924,6.372851361969708,0.0,-90.02999544797659,-3.8916952544879297,2.9403577126533698,0.0,-54.24621007017238,-36.68803369115382,4.283743045460394,0.0,-65.59688637929547,-36.434573619393184,2.2234444512473246,0.0,-106.78864618839094,-35.96134934085957,2.4743804143518533,0.0
-42.95397704794614,-1.4611953630821901,2.851209329796065,0.0,-75.29643571866413,3.228024726828359,6.603965255225265,0.0,-90.05812156031458,-3.8969344475426757,2.9394595385692757,0.0,-54.278020225727275,-36.72495941838654,4.313781472840178,0.0,-65.60255894729389,-36.4300943394172,2.2209312312945233,0.0,-106.79202478377856,-35.93542055370426,2.4722821553470933,0.0
-42.98039966729771,-1.4787042833579451,2.8593429626388556,0.0,-74.37520061745862,3.4329883340104352,6.8648914587622984,0.0,-90.08320454877874,-3.9010771313599957,2.9371717899091454,0.0,-54.29825000644105,-36.762119267816836,4.349914305710122,0.0,-65.6065787294906,-36.4267515644448,2.2200858326964266,0.0,-106.79467035607301,-35.91756644715164,2.4837421579839196,0.0
-43.010092304496176,-1.4939977517148475,2.8536373525987866,0.0,-73.4453470896325,3.5988200807760506,7.14519474034867,0.0,-90.10182588626391,-3.9024758161194093,2.933675700462013,0.0,-54.30049175826125,-36.79164210304433,4.3928808728072255,0.0,-65.6085405466469,-36.42494106482951,2.2210356862078804,0.0,-106.79161138344892,-35.92278370111315,2.5281007377037366,0.0
-43.03695115470894,-1.5071315054400238,2.834707161940633,0.0,-72.51089005230223,3.723653912821188,7.429339493175242,0.0,-90.11179521059499,-3.899821776574246,2.929469798786462,0.0,-54.285342750692486,-36.80946117591051,4.440775066686674,0.0,-65.60856554266451,-36.42470043351204,2.223536112522069,0.0,-106.77913862567056,-35.9682540959886,2.632325039011331,0.0
-43.05646689655717,-1.5181254908428494,2.806786083552238,0.0,-71.57309216092331,3.8073592459272145,7.7000717265306395,0.0,-90.11272481643626,-3.892365623755368,2.9252581338463877,0.0,-54.25981550049652,-36.81613741539456,4.489502530004806,0.0,-65.60711206144894,-36.425728791424056,2.227113085174926,0.0,-106.75640519669415,-36.06822725978727,2.8287048848153304,0.0
-43.06709565645253,-1.5275832565605167,2.7766200955746054,0.0,-70.63242307657724,3.850964159384551,7.941877593418139,0.0,-90.10619127656403,-3.880140503344699,2.921772009898902,0.0,-54.23384196495636,-36.81627450642073,4.534357081015992,0.0,-65.60464456998453,-36.4276162797803,2.2312628424221828,0.0,-106.72592308773181,-36.22805593874295,3.1504498968885475,0.0
-43.070134708799635,-1.5367472164812588,2.751348901058778,0.0,-69.69011680981474,3.8562027213554693,8.1438617717068,0.0,-90.09534019101082,-3.864127008799702,2.9195766651855806,0.0,-54.21537609438189,-36.81759344821673,4.5722633595521085,0.0,-65.601312400897,-36.43008459103374,2.235574072888669,0.0,-106.69230834518113,-36.43978318574498,3.625330144270812,0.0
-43.06855519452373,-1.5469881436769128,2.736315230980665,0.0,-68.74881015674949,3.825276231256714,8.301476845881718,0.0,-90.08390517306239,-3.8462288377080522,2.9189006209486372,0.0,-54.20650572895508,-36.83091513982579,4.603838312112021,0.0,-65.59678412201123,-36.43309475685005,2.239704867788806,0.0,-106.65941365045451,-36.6815504873425,4.267849863841246,0.0
-43.06562127613681,-1.5591719587428146,2.7337915067111656,0.0,-67.81231049981899,3.76087224690254,8.416847355484895,0.0,-90.0748585921006,-3.828966696585071,2.919538828306191,0.0,-54.20259222367838,-36.8713695865174,4.634458208484649,0.0,-65.59028687900467,-36.436808664496425,2.2432364264065434,0.0,-106.62707596689211,-36.92182501275263,5.07134955368678,0.0
-43.063868254776196,-1.573273739491952,2.7429282522654983,0.0,-66.88481656852079,3.666355796006707,8.497786044419469,0.0,-90.06918826368467,-3.814927585495198,2.9208903458347777,0.0,-54.19466851122504,-36.9594641356562,4.674041104934995,0.0,-65.58080762720057,-36.44147714385918,2.245504951601067,0.0,-106.58944258615664,-37.12756870317892,6.00298249335197,0.0
-43.064536596366096,-1.5882758215448467,2.760581142469162,0.0,-65.96993815859393,3.545889172984019,8.55577664281995,0.0,-90.06537244993379,-3.8061276062564993,2.9221492327188123,0.0,-54.17338428041858,-37.1197211633486,4.735852638475055,0.0,-65.56737629357232,-36.44734023198676,2.245540604337739,0.0,-106.53622512754592,-37.273651977526676,7.005446284568625,0.0
-43.06732807243779,-1.6022539896605594,2.7825193923806957,0.0,-65.06983331199018,3.4042283114664524,8.603214195925233,0.0,-90.05986875024195,-3.8034810667024974,2.9225847996331993,0.0,-54.132285617600196,-37.3758264823685,4.834801323341878,0.0,-65.54935679887177,-36.45459351775696,2.2422082910443386,0.0,-106.4561382716335,-37.349773965835226,8.007514434502529,0.0
-43.070422675284874,-1.6126472729086117,2.804592277364998,0.0,-64.18478436501945,3.246157253134637,8.650246789104429,0.0,-90.04845763400043,-3.806524057484884,2.9217834540949514,0.0,-54.069329618368975,-37.74401923919956,4.985346102196157,0.0,-65.5266917649296,-36.46342561160687,2.2345682783952174,0.0,-106.34002251645713,-37.36186916028408,8.940634800049388,0.0
-43.07087251082943,-1.6168005653904611,2.8235578401624792,0.0,-63.3134691168727,3.0758067317669386,8.701758702739015,0.0,-90.02786735287674,-3.813467262962111,2.9197353908749903,0.0,-53.98679750353505,-38.22833385127293,5.198893114710643,0.0,-65.50006319842912,-36.47407773640915,2.2223851667238144,0.0,-106.18176797504952,-37.3277089847257,9.754795145985554,0.0
-43.06550577298166,-1.6128013474525038,2.8374674241513294,0.0,-62.45392394620707,2.8962111228036207,8.755239711735182,0.0,-89.99698651291007,-3.8215711838535045,2.9167357381874286,0.0,-53.89000666958997,-38.820436030209635,5.481067010556066,0.0,-65.47093498090285,-36.48683897462787,2.206636632933664,0.0,-105.97742048357392,-37.269448971522685,10.427360968240801,0.0
-43.05217994884732,-1.6004039481114005,2.845673968683368,0.0,-61.604779200957026,2.70927426783442,8.80023432051703,0.0,-89.95718995601764,-3.827749020296218,2.9131660369332018,0.0,-53.78493359784954,-39.50387633194834,5.830127303306494,0.0,-65.44141434367633,-36.50193110439722,2.189785540877226,0.0,-105.72412111610139,-37.20689944550155,10.962829238879982,0.0
-43.030821706005746,-1.5816057626860016,2.848609707528089,0.0,-60.76604862398099,2.515957964013568,8.819621086175788,0.0,-89.91171950543401,-3.8292492678275982,2.9092760861442084,0.0,-53.675066460271594,-40.25994863582251,6.237797203759257,0.0,-65.41380169830407,-36.519408981288464,2.175431714768063,0.0,-105.41987017824155,-37.1538629745846,11.385472214564388,0.0
-43.003605323379055,-1.560427312389864,2.847485427815805,0.0,-59.938904931989356,2.3162574582392335,8.792308525202223,0.0,-89.86444856905366,-3.8242877440060195,2.9050965876074226,0.0,-53.558419087323955,-41.07178651658748,6.692436949013278,0.0,-65.38972307317572,-36.53934371882816,2.1669636134540315,0.0,-105.06382425066789,-37.11760536873594,11.72857690847381,0.0
-42.974026245373565,-1.5417690254708276,2.8440230606646093,0.0,-59.12450318396802,2.108640529761006,8.69646684890004,0.0,-89.81855035545506,-3.8125275925638107,2.900552885097172,0.0,-53.42583668414371,-41.924930427483474,7.182928013709537,0.0,-65.36913462647017,-36.56217119091933,2.165669377641988,0.0,-104.65628706999311,-37.10017644133926,12.023963900256843,0.0
-42.94525633519602,-1.5297417711855688,2.840214836633587,0.0,-58.32261082296919,1.889102802625377,8.512461512599897,0.0,-89.77555674635785,-3.795267711645387,2.895692165894035,0.0,-53.26125350170734,-42.80502494350336,7.701124142778681,0.0,-65.34996723498845,-36.58839356714945,2.170012087310539,0.0,-104.19801305725319,-37.10027365827814,12.294593504766356,0.0
-42.91857600239325,-1.526239323744516,2.8379752073221134,0.0,-57.531040305879706,1.6505079714343438,8.225132788242107,0.0,-89.7351118226696,-3.77516294212415,2.8907966597130414,0.0,-53.04387056156562,-43.69502520483884,8.241566139435632,0.0,-65.32874082320551,-36.61744275613089,2.1768348747452713,0.0,-103.68925372720435,-37.11491619557653,12.551647656712518,0.0
-42.89260738524787,-1.5304226429418364,2.8386074986479297,0.0,-56.74649402155427,1.3830218431881107,7.825582631622293,0.0,-89.6954513988117,-3.755419884266077,2.8862270425737258,0.0,-52.75168982816035,-44.574422525885126,8.798859631989679,0.0,-65.30166102264737,-36.6469083284497,2.183037475790936,0.0,-103.12926590576788,-37.14063857339948,12.795833655730167,0.0
-42.86363522188938,-1.5392580036886687,2.842268742325233,0.0,-55.966713894151795,1.0760694757288753,7.312830268329581,0.0,-89.654333977449,-3.7386911049733937,2.8821028016901646,0.0,-52.36546993654765,-45.421498144641205,9.364658466828113,0.0,-65.26578264253757,-36.67310490856625,2.186472730591749,0.0,-102.51657599144453,-37.1741046429605,13.021372936772343,0.0
-42.826825379194176,-1.5486926009684887,2.8477846525135178,0.0,-55.19318209289107,0.7215984385783187,6.695502491722698,0.0,-89.60996012591674,-3.7261066504620564,2.8780856632591405,0.0,-51.871948696390255,-46.217414228443886,9.926330096299756,0.0,-65.22009414188778,-36.692707423231745,2.186182486724242,0.0,-101.84972071118662,-37.21223165859044,13.220619663429149,0.0
-42.7778775464656,-1.554863215682385,2.8529971055460646,0.0,-54.433275479879484,0.31788720918066815,5.993289739539737,0.0,-89.56150168774539,-3.7168425134684835,2.8734017994922567,0.0,-51.265337756171284,-46.949676639980325,10.467835986545229,0.0,-65.166216537022,-36.70434913099616,2.1823929441725145,0.0,-101.12794974606265,-37.252149210435036,13.387526083896448,0.0
-42.71460230056963,-1.5549700561816486,2.8555217328900344,0.0,-53.70082048897117,-0.127199602104052,5.237415932699901,0.0,-89.50915146732318,-3.7083958632959844,2.867027073238825,0.0,-50.54675067805673,-47.61311947511915,10.971561552148948,0.0,-65.10828086099261,-36.709066716070865,2.1763215133684515,0.0,-100.33402957445459,-37.27988288033322,13.512030645204355,0.0
-42.63795117188443,-1.547779106022952,2.853659178931766,0.0,-53.01447280999087,-0.594828843214346,4.469075879588461,0.0,-89.45384918709016,-3.697490308546933,2.8579362507040322,0.0,-49.72205401830371,-48.2083037388789,11.419434364535862,0.0,-65.05181881984207,-36.70937467028444,2.1696243071948764,0.0,-99.4706297239385,-37.29334387999708,13.608597133318268,0.0
-42.55207589790392,-1.5337930986660178,2.84716557817422,0.0,-52.3942064592399,-1.0569384301430187,3.735079277252016,0.0,-89.39689780852704,-3.6813195164035406,2.8454102305587234,0.0,-48.79915814560781,-48.73851236670062,11.792720710807805,0.0,-65.00200876867761,-36.70784942365171,2.163472471390918,0.0,-98.55420075460636,-37.3018752027276,13.67888749205499,0.0
-42.463229736507316,-1.515017998084288,2.8375095975963447,0.0,-51.85708157174579,-1.4814997395318343,3.0809735256955184,0.0,-89.33961311787675,-3.6586719316167144,2.829383271896212,0.0,-47.785789991901474,-49.20666495937431,12.071148618233892,0.0,-64.9619851961796,-36.70624140062214,2.15771262491784,0.0,-97.58454012330685,-37.305629627701265,13.721739876592085,0.0
-42.37787260662951,-1.494288014538407,2.827314602639662,0.0,-51.41374417112366,-1.8400258634028717,2.543165759301652,0.0,-89.28306402127443,-3.6304829758887625,2.8106691923394624,0.0,-46.68841772356813,-49.612940835846004,12.232523376974655,0.0,-64.9318900427464,-36.70531063892662,2.1508675426800554,0.0,-96.5652124203607,-37.308750935126604,13.735077703559758,0.0
-42.30084739661348,-1.47435908126596,2.8190702273360984,0.0,-51.06652108363286,-2.1145351799037826,2.142186832096204,0.0,-89.22792023506575,-3.5996029311337843,2.7908180300995085,0.0,-45.512459700070345,-49.9533823273468,12.253697655535184,0.0,-64.90892307219153,-36.705079952113536,2.1411139477984644,0.0,-95.50153546580756,-37.31698618880421,13.713859699216915,0.0
-42.23444412247882,-1.4571325137260684,2.813678235666382,0.0,-50.80914097298798,-2.3012278850798253,1.878977637825587,0.0,-89.17441732767499,-3.5699145339383804,2.771515530755888,0.0,-44.263425814566546,-50.21946580242274,12.112983898993159,0.0,-64.8882167108874,-36.70535608937286,2.1273731582286928,0.0,-94.39988790947427,-37.335562254749384,13.650622546126144,0.0
-42.17857689866691,-1.4432488528186074,2.809615703109273,0.0,-50.627941886559235,-2.409905849761552,1.7354011335135118,0.0,-89.12243821642926,-3.5451740658289106,2.7537993213984926,0.0,-42.94835759595305,-50.398428838574745,11.793297538853057,0.0,-64.8642293909619,-36.7063160427754,2.1096688122189526,0.0,-93.26721886553229,-37.36723759669172,13.53708508002006,0.0
-42.131688299898364,-1.4320836391173164,2.803288102588054,0.0,-50.50463936661332,-2.4599291703567667,1.679368877686855,0.0,-89.0716930404987,-3.527982105568083,2.737588808086942,0.0,-41.57694050081046,-50.47400252117491,11.28492729412115,0.0,-64.83232517172542,-36.708721271300284,2.0887316687085047,0.0,-92.11072783602845,-37.41114448867421,13.366188262343002,0.0
-42.09177102861781,-1.4220811604936876,2.7905743312731737,0.0,-50.42024003132762,-2.4741675458796433,1.673511761649495,0.0,-89.02197434989293,-3.5191498631535376,2.7218399598217484,0.0,-40.16193147774191,-50.42729923769487,10.58708307782475,0.0,-64.7901083873105,-36.71352593469809,2.065381091685955,0.0,-90.93763420114404,-37.46279039006925,13.134180020235828,0.0
-42.057040666548225,-1.411316976903,2.768910369047303,0.0,-50.35881483416712,-2.472840689404153,1.6845364922242076,0.0,-88.97343944608711,-3.5175428355647425,2.70519933358589,0.0,-38.71889696112827,-50.237964391086614,9.70813528182321,0.0,-64.73806720609959,-36.72117129969235,2.040183982932442,0.0,-89.75501443644318,-37.515193908628355,12.842452624211319,0.0
-42.02609915854715,-1.39809124384946,2.738897123311853,0.0,-50.3097752137151,-2.46929116016213,1.6899364148579101,0.0,-88.92680528345733,-3.5203790234126826,2.686734123189021,0.0,-37.265493078473256,-49.886049860850946,8.665217199859892,0.0,-64.6792982934369,-36.73113494847944,2.013545707948847,0.0,-88.5698295215128,-37.560783648354494,12.498670882969089,0.0
-41.99774416525058,-1.3813322316277443,2.704603603643074,0.0,-50.26809031745306,-2.468853337243357,1.6801369229304584,0.0,-88.88331885964223,-3.523931789706987,2.6663490325199923,0.0,-35.820603098640674,-49.35513537546386,7.484063980006292,0.0,-64.61845354735897,-36.74209179724362,1.9860322034085076,0.0,-87.38919752527023,-37.593477413310154,12.11652409495887,0.0
-41.97077654199972,-1.3607309066584166,2.6723939502201386,0.0,-50.23283236561712,-2.470561939463437,1.6563448900267428,0.0,-88.844461982816,-3.5245402262041994,2.6447560622002175,0.0,-34.40367418881343,-48.636943545478964,6.199502026885904,0.0,-64.56035835670838,-36.75256124904281,1.9586046103383037,0.0,-86.22063497338108,-37.610293472036176,11.713620240752775,0.0
-41.944101794821144,-1.3366857160592194,2.6488261840930534,0.0,-50.20498475585475,-2.4704134853464765,1.6259660759423298,0.0,-88.81149064968187,-3.519711827612517,2.623109839478005,0.0,-33.03458411217837,-47.73717148518737,4.856233690461988,0.0,-64.5088227849821,-36.76153887857352,1.9326020243199196,0.0,-85.07175439187145,-37.61193784766671,11.307763101895747,0.0
-41.91712313683821,-1.3101470392263928,2.638519982598428,0.0,-50.185459771439994,-2.464643306787467,1.5977977900861884,0.0,-88.78498816626218,-3.508975920759328,2.6025276574650533,0.0,-31.734153911544354,-46.681514388454104,3.508830334553231,0.0,-64.46598338197268,-36.7686445477545,1.909504702820552,0.0,-83.94914303325379,-37.602114127152774,10.912748660462043,0.0
-41.89011716049752,-1.2823814328234262,2.642782766943327,0.0,-50.17392634848498,-2.4518729661029637,1.5785355645661845,0.0,-88.76462217543576,-3.4941307858363047,2.58370911591264,0.0,-30.52492578325779,-45.51977967002149,2.2194304289729576,0.0,-64.43222958343141,-36.773749077995646,1.8905741466861379,0.0,-82.85678557947416,-37.58576848670752,10.53527409207103,0.0
-41.86423319488088,-1.2546666971851879,2.659415719766473,0.0,-50.1685869083441,-2.4336727465177566,1.571157079680912,0.0,-88.74924419548371,-3.478695034095682,2.566822906512723,0.0,-29.431348933077203,-44.32499151381663,1.0520782068931105,0.0,-64.40656973142502,-36.77649225612939,1.8764579072496392,0.0,-81.79492684863179,-37.56687780054115,10.174200924263534,0.0
-41.841019505046404,-1.2279893035746219,2.6836659197950166,0.0,-50.16665939237651,-2.4137545725736995,1.5749976831891015,0.0,-88.7373116048998,-3.4666829790360376,2.551731388271664,0.0,-28.4784855940466,-43.18475939039364,0.0642617760947708,0.0,-64.38723886287991,-36.776194771389235,1.8668680203416503,0.0,-80.76024200495652,-37.54648340633341,9.82241446922942,0.0
-41.821751240296834,-1.2028707539316537,2.7098609885417986,0.0,-50.16515036859748,-2.3964467135993255,1.5869277930780008,0.0,-88.7274193787187,-3.461134193968981,2.5384404969804635,0.0,-27.688776288533788,-42.184993316797176,-0.7019416191330947,0.0,-64.3723713096253,-36.77235228672648,1.8604822331831574,0.0,-79.74757472832472,-37.521504943287866,9.470415103203939,0.0
-41.80701623496862,-1.1794292936237143,2.73304829129723,0.0,-50.16155909108383,-2.3851935177962043,1.602909887961447,0.0,-88.71870222763769,-3.462990938428038,2.5274712926270766,0.0,-27.07699449322926,-41.390326591592085,-1.2263093182839402,0.0,-64.36055869426994,-36.76543210756952,1.8551985953616992,0.0,-78.752680278085,-37.48466244709523,9.110081728973924,0.0
-41.796839240250954,-1.1576675657543376,2.7500972289038597,0.0,-50.15431570161353,-2.3816095292902553,1.6193083877074557,0.0,-88.71102795251825,-3.4708391477483023,2.519847793853412,0.0,-26.64428436757293,-40.82849194450155,-1.5128838129989468,0.0,-64.35109684187746,-36.757398645631994,1.848736940303091,0.0,-77.77480782206585,-37.42565605019722,8.73703898722508,0.0
-41.79119452353701,-1.1378242310970754,2.760067811611652,0.0,-50.14291500652069,-2.3852671824514804,1.6336088597331813,0.0,-88.70503170148346,-3.481679424299224,2.5166533801137856,0.0,-26.37329707497268,-40.48509826463469,-1.5878658090843878,0.0,-64.34381194379729,-36.7514923035722,1.8393574491311835,0.0,-76.81791731199655,-37.33345673979177,8.350769528715494,0.0
-41.790384522448704,-1.1205283757288484,2.7639216446410924,0.0,-50.12781261397602,-2.394081679925776,1.6445499028876718,0.0,-88.70202940458168,-3.4924020300417356,2.518420875860812,0.0,-26.227320830225274,-40.310936016851514,-1.4930139145599224,0.0,-64.33858627162019,-36.751214834048255,1.8263276824746182,0.0,-75.88998061577631,-37.19914183465679,7.952784738431868,0.0
-41.794767809002096,-1.1065057543217047,2.7637654658820328,0.0,-50.110182283299295,-2.404974632590518,1.6519099865833837,0.0,-88.70381709331791,-3.5013118128563843,2.5247312742043153,0.0,-26.15545868646662,-40.23856568279335,-1.2757387815157575,0.0,-64.33490425072537,-36.758925928419,1.8098956256191574,0.0,-75.00086841735362,-37.018454660222986,7.544226782309707,0.0
-41.80378673669737,-1.0957637387066543,2.7618831080365958,0.0,-50.09159643105947,-2.414504030911914,1.6562181228764423,0.0,-88.71239228616636,-3.5090824344008276,2.534248422717937,0.0,-26.103150194650475,-40.20148075803243,-0.9789409981009243,0.0,-64.33170334198806,-36.774686991700484,1.7908686654135622,0.0,-74.16008619287103,-36.793442014706685,7.124571908366301,0.0
-41.814896680135256,-1.086573048022422,2.759901116119895,0.0,-50.07364092599815,-2.4193262725843088,1.658515046184169,0.0,-88.72963899651387,-3.5187818559074096,2.5451512266207956,0.0,-26.024705572650127,-40.14906797976749,-0.6341417501789355,0.0,-64.327569020508,-36.795942759456636,1.7701707285769412,0.0,-73.3755404257961,-36.53299181954473,6.692375983688498,0.0
-41.82332927830067,-1.0749890673627454,2.7584907418476217,0.0,-50.057482152094906,-2.4165753253742777,1.6601356545368748,0.0,-88.75690690253329,-3.5348741151910925,2.555712811381582,0.0,-25.893652891735204,-40.05346445154274,-0.2597815065131748,0.0,-64.32110228551927,-36.81830779677792,1.7486994744476174,0.0,-72.6536722719912,-36.25239780263725,6.2476637892924,0.0
-41.82327182945857,-1.0556524267030658,2.757871724764076,0.0,-50.04348015116615,-2.4043276375581537,1.6624410580799118,0.0,-88.7942903729234,-3.5613497376482597,2.5647113311673273,0.0,-25.707578871326906,-39.90823622949892,0.1359411698420736,0.0,-64.31127996716339,-36.837187648753925,1.7274733672374811,0.0,-72.00032202712798,-35.971920759848416,5.794517469384333,0.0
-41.810158953054994,-1.0239131315988568,2.75889078369314,0.0,-50.03100952548767,-2.3821784590594177,1.6664984411256079,0.0,-88.83961124731039,-3.599512160395032,2.571467240482031,0.0,-25.48610741222735,-39.72151349207561,0.5499824163458875,0.0,-64.29774210921829,-36.849480248674425,1.7077634165161086,0.0,-71.42126386299834,-35.71401211124811,5.342406958218028,0.0
-41.78295880524402,-0.9783742564152644,2.7638822579587785,0.0,-50.01861678086487,-2.3516711734597138,1.6728015851159004,0.0,-88.88775825060287,-3.646409241412429,2.57557444838514,0.0,-25.262933270819023,-39.50715333320069,0.9795218126831013,0.0,-64.28099437585942,-36.854526077938296,1.6909390219133602,0.0,-70.92173378154831,-35.49914250290776,4.905718201199415,0.0
-41.74518405759274,-0.9225355047831676,2.776569370906037,0.0,-50.004498604270985,-2.3161485574888254,1.6811676984247352,0.0,-88.93145480079863,-3.694994624077231,2.5766808468476707,0.0,-25.07468788243989,-39.27712226059863,1.4186523771510604,0.0,-64.26245549150582,-36.85390124656945,1.6780762139349452,0.0,-70.50509862342555,-35.34121725061379,4.501836386876899,0.0
-41.70402146657576,-0.8645729478473394,2.800866386132821,0.0,-49.9871087614586,-2.2797875184927108,1.690902633354467,0.0,-88.96378233228023,-3.7363610354010577,2.5746747104607053,0.0,-24.95026220827784,-39.03723936323822,1.8571402045124223,0.0,-64.24423246444077,-36.85028881468579,1.6696221026421245,0.0,-70.17137839851749,-35.24442010218371,4.148277018297302,0.0
-41.66799375133198,-0.8150360090309301,2.8389438318435793,0.0,-49.96559938723004,-2.24611787090073,1.7011957930080754,0.0,-88.9812220907349,-3.7631023509755277,2.5702094001630655,0.0,-24.903725564929015,-38.787071545388415,2.281104426423589,0.0,-64.22860376637007,-36.84611164713047,1.665325982438599,0.0,-69.9162870566651,-35.20292511007045,3.8591123216630567,0.0
-41.64413751150839,-0.782939816685531,2.8892976796311345,0.0,-49.93987339529717,-2.216813935148775,1.7115418491641243,0.0,-88.98521920008322,-3.772082669248923,2.5650140944219935,0.0,-24.932383844548433,-38.5233090364929,2.6751489778691973,0.0,-64.21738615614798,-36.842629702188276,1.6643981292092622,0.0,-69.73111303694665,-35.2034710114125,3.6412743189120036,0.0
-41.63550445631294,-0.7711357002309381,2.9457236377076796,0.0,-49.910285222753075,-2.191522177641406,1.7219043426523477,0.0,-88.98119443219029,-3.7652777841996627,2.5614657006391646,0.0,-25.01959903851096,-38.24469699665849,3.0251863274572734,0.0,-64.21146379442246,-36.839846880140634,1.6657472427916353,0.0,-69.60354145526956,-35.229538016642195,3.4921845134564773,0.0
-41.639302683983054,-0.7720478567264413,2.9978178770558124,0.0,-49.87731008720364,-2.168893614717535,1.7324339253946057,0.0,-88.97564328915412,-3.748477330636078,2.561500337648793,0.0,-25.140612789730273,-37.95607644600035,3.3209875034593797,0.0,-64.21066437059447,-36.83710728239943,1.6682048596475063,0.0,-69.5193508906913,-35.26553986913029,3.400261445312923,0.0
-41.64574055760026,-0.7650835056569756,3.0331420528463777,0.0,-49.841541355038224,-2.1482477348882694,1.742810070919301,0.0,-88.97308200175195,-3.7286664215983105,2.565553395011902,0.0,-25.26917923657335,-37.6696072082057,3.5576313742860144,0.0,-64.21395505911921,-36.833955157614994,1.670707905753865,0.0,-69.46458542879853,-35.29983437232104,3.34847106493633,0.0
-41.63778596649371,-0.7171406792765306,3.040771935889399,0.0,-49.804088775670294,-2.130907106441041,1.751549405784532,0.0,-88.9745002525992,-3.711394523308674,2.57226862752494,0.0,-25.383160030559424,-37.40258559235657,3.7355738632152313,0.0,-64.2197787381922,-36.83079126528298,1.6724119140268172,0.0,-69.42751806272298,-35.326011492057525,3.319322376277281,0.0
-41.592302327102374,-0.5872687982251805,3.0156533741430707,0.0,-49.767062207207644,-2.1204131735879344,1.7557528850547328,0.0,-88.97787407810324,-3.6992675218755497,2.5791846238892937,0.0,-25.467975615722576,-37.17279024504731,3.8596871162317417,0.0,-64.22637664917738,-36.829020363712075,1.672707392201712,0.0,-69.39979555906623,-35.34255159978866,3.2990813045789587,0.0
-41.48290492405117,-0.33543106297639186,2.962861626822761,0.0,-49.73365866208252,-2.121413393402446,1.7516504608331172,0.0,-88.9799951242878,-3.691974466987764,2.5839617328368725,0.0,-25.517611020662756,-36.99328733805571,3.9378819386726303,0.0,-64.23207535957195,-36.83063180761806,1.671161840714495,0.0,-69.37653429075046,-35.35137816450057,3.279732756688933,0.0
-41.2842611897241,0.06635492448615854,2.9002371740016883,0.0,-49.70755797689112,-2.1376676677997954,1.7359465991770975,0.0,-88.97830729481288,-3.687425186610647,2.5854543694120764,0.0,-25.533543872665188,-36.86870411315803,3.9797309179517697,0.0,-64.23557661954209,-36.8374143635955,1.6674695052301072,0.0,-69.3555680855249,-35.35598644647796,3.2585831978425404,0.0
-40.976803667486614,0.6238816222984771,2.857224587857427,0.0,-49.69174781113818,-2.1700542612888043,1.707484459338687,0.0,-88.97182384964319,-3.6831503531551633,2.5841571129629877,0.0,-25.522382229512523,-36.79424037036869,3.995193904588115,0.0,-64.23622467469599,-36.85019112121814,1.6614819721923588,0.0,-69.33632963799604,-35.35976336041052,3.2364322167281134,0.0
-40.55044451067825,1.3159010594545903,2.8683431755268938,0.0,-49.68729198662098,-2.2154999858503768,1.668377333679265,0.0,-88.96096607621942,-3.677254440118652,2.581954839763668,0.0,-25.493118057700006,-36.757574276080035,3.9934643454209233,0.0,-64.23414752677022,-36.86843795538608,1.6533098443285663,0.0,-69.31886195066016,-35.36491035746135,3.2154731236949914,0.0
-40.00605110878001,2.09801155169505,2.9626140294850067,0.0,-49.692690100384866,-2.2674087233696953,1.623834133271881,0.0,-88.94674656130161,-3.668670492410304,2.581374445765011,0.0,-25.4547538930228,-36.74280497762195,3.9821031805863747,0.0,-64.2301841585082,-36.89041292209076,1.6434113813875157,0.0,-69.30322524992332,-35.3721057833471,3.1976805924171625,0.0
-39.35405373335626,2.9152193366158556,3.153958550110694,0.0,-49.70421257427283,-2.317509454551417,1.58057796350365,0.0,-88.92993920981618,-3.6569100568291004,2.5846179557557054,0.0,-25.414745955325312,-36.73498487486743,3.966716417632192,0.0,-64.22560343271263,-36.913657947394256,1.6325922426820032,0.0,-69.28927367070322,-35.380777474963736,3.183918393181461,0.0
-38.61057534229865,3.717948791783077,3.438184924266894,0.0,-49.71704086564778,-2.3583171969427505,1.5446459978099583,0.0,-88.91076348051834,-3.6417196443503075,2.592670044541217,0.0,-25.37833616183169,-36.723758807795924,3.951239729011151,0.0,-64.22170377245824,-36.93561356211164,1.6219128897473656,0.0,-69.27663152806237,-35.389698423205346,3.173704448436787,0.0
-37.79266226558255,4.473681654081605,3.7979561096093573,0.0,-49.72660008104503,-2.385045846557174,1.5197279033212556,0.0,-88.88924624589475,-3.6230022288576835,2.604773200285864,0.0,-25.34853358583407,-36.705089180674605,3.938539421294349,0.0,-64.21940977403759,-36.95414365522646,1.6125426402885843,0.0,-69.26473547281716,-35.39760751216588,3.1654984922798253,0.0
-36.91466847830171,5.169427603040798,4.211794079733462,0.0,-49.729494218617916,-2.396193939444308,1.5067252372779976,0.0,-88.86599147641624,-3.6011173188238175,2.618498118830658,0.0,-25.326376708723824,-36.68080342234948,3.9308731737404923,0.0,-64.21896784484129,-36.96791249720913,1.605564925330004,0.0,-69.25290267418573,-35.403652750401356,3.1573437854108377,0.0
-35.986981666828015,5.806083276175744,4.661564982658872,0.0,-49.723843593451,-2.392894772319755,1.5043718870364504,0.0,-88.84282749886435,-3.5773630339017277,2.6304862811957417,0.0,-25.311210229378194,-36.65646236478984,3.929947927567749,0.0,-64.21979212970362,-36.976620531859055,1.601720145638966,0.0,-69.24042975792818,-35.407586690359736,3.1476051022212594,0.0
-35.016756820160545,6.389352205111897,5.135201413289437,0.0,-49.70918817935728,-2.3777750819706096,1.5102419443989792,0.0,-88.82285770250628,-3.554218651304425,2.6377905261265795,0.0,-25.30094652054582,-36.638528192652494,3.936675266894385,0.0,-64.22043024644267,-36.98100097574591,1.6011634411005051,0.0,-69.22671804363759,-35.40975005673376,3.135493607981516,0.0
-34.00934112199818,6.921837794146963,5.624614807654815,0.0,-49.686239164713925,-2.3540727685235,1.5215305456123875,0.0,-88.8097541598631,-3.5349195490074568,2.6396437184448907,0.0,-25.292466499302638,-36.63186128209632,3.950939389724752,0.0,-64.21862089615422,-36.982448410052605,1.6033936962116329,0.0,-69.2113979559967,-35.41091995821224,3.121177525032781,0.0
-32.96909945894734,7.398975090829786,6.120903782947053,0.0,-49.65667644684133,-2.3252858838204213,1.5354007998270909,0.0,-88.8064970853915,-3.522164296525429,2.6393609210777758,0.0,-25.282305431883625,-36.6382636463475,3.9716252601272473,0.0,-64.21158490226267,-36.982441173283604,1.6074327702183524,0.0,-69.19441253522359,-35.41208335532519,3.105498694601904,0.0
-31.899124028916095,7.809272530866576,6.609820520365259,0.0,-49.623011695625856,-2.2951076350991673,1.5490815803359883,0.0,-88.81397409055339,-3.516104695954046,2.64581962127499,0.0,-25.267566877690218,-36.656310362039655,3.9969271391032795,0.0,-64.19679452184924,-36.98218423362591,1.6122297107462629,0.0,-69.17602496601033,-35.41417351154163,3.0894789239732514,0.0
-30.800347238361965,8.137539274519263,7.069997382838537,0.0,-49.588377055179286,-2.267203541015243,1.560026486102533,0.0,-88.82985673932505,-3.5121163696746898,2.67367169361105,0.0,-25.24676781231799,-36.68225328421518,4.024790276218225,0.0,-64.17325207927182,-36.98270893068639,1.6172351913714742,0.0,-69.15674757899069,-35.41780812189281,3.073825273864717,0.0
-29.671285345148867,8.368890430815062,7.4748307644257785,0.0,-49.55608528560917,-2.244608528548551,1.5662775744564836,0.0,-88.8480680501394,-3.4991123565662434,2.741499067003815,0.0,-25.22024473683601,-36.71147193029991,4.053328597364867,0.0,-64.1429097027903,-36.985235280646535,1.6230122356115633,0.0,-69.13724239861688,-35.42308250856064,3.058593409408317,0.0
-28.509496342596144,8.491750299606291,7.797144945124886,0.0,-49.52897042193008,-2.2289595131789284,1.5668980476266938,0.0,-88.8590419367935,-3.4592690899358747,2.8678749143307734,0.0,-25.189931093925722,-36.73987374221704,4.081129494567364,0.0,-64.11157258504933,-36.99137853495472,1.6316121678466384,0.0,-69.11826814682087,-35.42947439859402,3.0431192128193576,0.0
-27.314819150787795,8.499406125895947,8.014961602872525,0.0,-49.50871700475738,-2.2200382835682495,1.5621941751539072,0.0,-88.850840641113,-3.3698424906898676,3.0665681857685616,0.0,-25.15863298090732,-36.764813220776524,4.107402972302836,0.0,-64.08863409463612,-37.00290912881986,1.6464326575372468,0.0,-69.10069659209933,-35.43589393749393,3.026275752794442,0.0
-26.093227861142815,8.3908259137228,8.11698538388238,0.0,-49.49544702306788,-2.2159439404096464,1.553553873753481,0.0,-88.81099981215561,-3.2071353886915777,3.3431723840927106,0.0,-25.12915736636243,-36.78538285546945,4.131958739897916,0.0,-64.085330353747,-37.02109990868456,1.6714898390130113,0.0,-69.0855231082116,-35.440871377180514,3.0070005419199664,0.0
-24.859530092210072,8.171689204728022,8.106911250942014,0.0,-49.487734620146746,-2.213816548503285,1.5429737482584915,0.0,-88.72873886885263,-2.951757079628633,3.695387227890575,0.0,-25.103645633219323,-36.80216693900334,4.155038337928092,0.0,-64.11177093158321,-37.04599352876855,1.710349729019569,0.0,-69.073758952198,-35.4428412797853,2.9848721665338847,0.0
-23.637474079329404,7.855937866818218,8.005697125997926,0.0,-49.48306340861731,-2.210758317982083,1.5325136605345158,0.0,-88.59694566179296,-2.593570738368337,4.117638092127888,0.0,-25.083280687947592,-36.81667305145069,4.177073384072164,0.0,-64.17356256666619,-37.076064296803786,1.7651497382193977,0.0,-69.06617604528701,-35.44047362515072,2.9604224168751454,0.0
-22.456762643538987,7.467101946564053,7.850763889683153,0.0,-49.47861439269073,-2.204598232643533,1.5238915818553842,0.0,-88.41317613614895,-2.134717710092369,4.608020241720376,0.0,-25.068325711381398,-36.83069110085449,4.198449891905495,0.0,-64.26909798222823,-37.108662605272684,1.836104378926322,0.0,-69.06301428215119,-35.433005354844,2.9349819202255993,0.0
-21.347557827088053,7.037782818017336,7.691420457065007,0.0,-49.47217926711447,-2.1943074776311375,1.5182667503037077,0.0,-88.17902289995247,-1.589948944993309,5.172994709373693,0.0,-25.058343117730825,-36.84580299935097,4.219333605295484,0.0,-64.38840699670723,-37.14128488522923,1.921710043766991,0.0,-69.06383966199341,-35.4205132740565,2.9101372442946705,0.0
-20.334026804069467,6.605757659070687,7.580960286231516,0.0,-49.46291485186684,-2.180051590544676,1.5161219376845114,0.0,-87.8978906358066,-0.9845733503315479,5.825003075175345,0.0,-25.052446347862396,-36.863168756513645,4.2395817468757055,0.0,-64.51407357945071,-37.17323652566668,2.0196920154951776,0.0,-69.06769336881769,-35.40403827914294,2.8871261277781333,0.0
-19.42893981141825,6.206668566510293,7.567188220948212,0.0,-49.45162360275349,-2.1629913039191027,1.5171689882952322,0.0,-87.5723181305293,-0.3507750384240911,6.571747470927344,0.0,-25.049491884959902,-36.88356069692489,4.2587547653324584,0.0,-64.62438532226615,-37.20695505351965,2.1286857873472567,0.0,-69.07350770082843,-35.38545887241852,2.866516209774275,0.0
-18.630865714431877,5.86541006053616,7.6836391578761525,0.0,-49.44035415966771,-2.1449727551882467,1.5203208854933674,0.0,-87.20258745998025,0.27732859661598575,7.401927207055628,0.0,-25.048176196000796,-36.90748040913171,4.276247862022004,0.0,-64.69846603932035,-37.24836496778701,2.2505792903580826,0.0,-69.08056394400968,-35.36707458535456,2.8482697721433716,0.0
-17.924367043984944,5.589519701703118,7.943292565273868,0.0,-49.43140072391079,-2.128173351216329,1.5238446557534573,0.0,-86.78744114560762,0.869730272963178,8.276370631395514,0.0,-25.047055749000805,-36.93516451772815,4.291559364556351,0.0,-64.72216657419243,-37.306068345040806,2.3928920392821826,0.0,-69.0886719124452,-35.351008527222206,2.8320036526995676,0.0
-17.28269672739586,5.3672791386965635,8.335904871135916,0.0,-49.42610842573583,-2.1146741897113457,1.525741975747982,0.0,-86.32566368126064,1.4065329878319535,9.131731297901844,0.0,-25.04455140155295,-36.96640333270041,4.304654651503315,0.0,-64.69210242959124,-37.389652862860615,2.5695150633168247,0.0,-69.09788341266231,-35.338673975395864,2.817187184449576,0.0
-16.672359515928925,5.171373713587403,8.829638161418629,0.0,-49.424036880000315,-2.1059344425806423,1.5242627133761832,0.0,-85.81626429954011,1.8814219543385544,9.896597245824287,0.0,-25.039004885536404,-37.00029296680163,4.316269804905222,0.0,-64.61501668459535,-37.50766023984574,2.7979892507232034,0.0,-69.10787091118787,-35.330531635447116,2.8032001703123512,0.0
-16.059031285182922,4.966844122366293,9.37705419627484,0.0,-49.42287848665149,-2.1022789626858116,1.5183780111886076,0.0,-85.25663794636233,2.3005865947957105,10.512378601164606,0.0,-25.028814309534365,-37.03516432264076,4.32793102475369,0.0,-64.50205826231085,-37.66571451345595,3.0935475314388956,0.0,-69.11738279000642,-35.326191931970705,2.789356632080123,0.0
-15.414018369459335,4.720576418163061,9.924312143591731,0.0,-49.41916096341445,-2.1026527889397317,1.5080651878627531,0.0,-84.64075257969992,2.6775794025586865,10.949305338450053,0.0,-25.012621945949146,-37.06886769635143,4.341560872515663,0.0,-64.36110087705943,-37.86515126172973,3.4627325184553577,0.0,-69.12420043654458,-35.3247502919504,2.77501741849337,0.0
-14.719752838967413,4.409347145420929,10.421028776019533,0.0,-49.40940359603651,-2.104877779026856,1.4943119070506015,0.0,-83.95989936849003,3.026831172507558,11.211587851212641,0.0,-24.989505362046643,-37.09937457965916,4.358780319297759,0.0,-64.19145526720621,-38.102470609302614,3.8996443480032417,0.0,-69.12573464536203,-35.32519905289235,2.759806610198023,0.0
-13.972543974225825,4.024403869502365,10.827809060210196,0.0,-49.39124019413181,-2.106420255106346,1.4787987893811092,0.0,-83.20622858352075,3.3586707536244784,11.331279305522257,0.0,-24.959128930540682,-37.12544441903228,4.380227590219549,0.0,-63.98327893816411,-38.3699531717295,4.38598495525489,0.0,-69.11999455435146,-35.32679930226948,2.7438238043000087,0.0
-13.181541581256925,3.571915745026704,11.119386819151476,0.0,-49.36411660306981,-2.105348378159713,1.4633255455831957,0.0,-82.3766848219865,3.677175915151894,11.354497873735692,0.0,-24.921807812080708,-37.14704346666548,4.40523066103488,0.0,-63.721049742521835,-38.657482703379095,4.8944590684073015,0.0,-69.10641888268229,-35.32933312820213,2.727692138565473,0.0
-12.364358064834942,3.0696939933678262,11.2830376711848,0.0,-49.32940170186024,-2.1009414070889227,1.4492025235302872,0.0,-81.47450708667587,3.980558778523461,11.325753401975913,0.0,-24.87842053373125,-37.16532719536425,4.431979135433824,0.0,-63.38885576319059,-38.95497847641302,5.39450713594245,0.0,-69.08613604519822,-35.333168893385675,2.712354376867168,0.0
-11.541187893140968,2.5413005144054583,11.31355649300476,0.0,-49.28995290757788,-2.093541928759946,1.4369048106402573,0.0,-80.50731941225615,4.2630201602613536,11.276086128820786,0.0,-24.830132746211497,-37.18220648268239,4.458101147519123,0.0,-62.975125559744555,-39.254379421648444,5.858834208154028,0.0,-69.0615329554942,-35.33909746905803,2.698683572818206,0.0
-10.729851379412297,2.009152172942329,11.207121829731385,0.0,-49.24927881902593,-2.083722131168262,1.426169179152728,0.0,-79.48321608994516,4.517013193941844,11.218460021833225,0.0,-24.777982496162302,-37.19967404174388,4.481417642355957,0.0,-62.475158374623675,-39.5504280145982,6.268632688348674,0.0,-69.03534548865721,-35.34796915093569,2.6870762267377852,0.0
-9.943754041490218,1.4883784353113132,10.956631464914867,0.0,-49.21050455292314,-2.071323448694628,1.4164603597075107,0.0,-78.40727791638761,4.735159973961409,11.150368296059241,0.0,-24.722458670101368,-37.21911035155745,4.5006216317463945,0.0,-61.890972652996496,-39.84038064845703,6.615744502410687,0.0,-69.00968036479848,-35.36025662216992,2.6771855653240095,0.0
-9.193393700094498,0.9828886967140633,10.550587558047905,0.0,-49.1754374742865,-2.0550334820781795,1.4075196597071358,0.0,-77.28026419782155,4.911423389231446,11.060845945051389,0.0,-24.66320966214181,-37.240756664905796,4.515631011165347,0.0,-61.22911993945372,-40.12334950156452,6.901495966143073,0.0,-68.98538410167237,-35.37572815373175,2.667900049851154,0.0
-8.490141409298122,0.4845952834575371,9.976550628810646,0.0,-49.144085683859736,-2.0328491720987607,1.3996738010161067,0.0,-76.09976547317054,5.041515428488532,10.938253555324643,0.0,-24.59897053231875,-37.26350562702926,4.527402601341846,0.0,-60.49778007819256,-40.39980598876098,7.133439710941839,0.0,-68.96199306668082,-35.393390808605155,2.6576193787362374,0.0
-7.849341001153871,-0.023620182127569223,9.228836271718606,0.0,-49.114859584515834,-2.0033107633651817,1.3937128662532459,0.0,-74.86290888080826,5.122805214449922,10.776019807274702,0.0,-24.527751796443987,-37.28512013942626,4.5371800076331095,0.0,-59.70448991462915,-40.67124534129525,7.321655763972364,0.0,-68.93820730177622,-35.41174783993328,2.6447868841356748,0.0
-7.289426933824215,-0.5610433293852415,8.318421666854492,0.0,-49.08537917082274,-1.966983657664049,1.3903424898157457,0.0,-73.56920254761339,5.154008683260068,10.575025283737066,0.0,-24.44728174011872,-37.30287856262082,4.545474455414697,0.0,-58.855328910360015,-40.93969742180316,7.4756520433965115,0.0,-68.91258759801691,-35.429254700890404,2.6285027743162903,0.0
-6.825759805181018,-1.1395172215647413,7.2809676994811365,0.0,-49.053524391320394,-1.9274051666651548,1.3894269830578523,0.0,-72.22227685228111,5.134745478285975,10.342735833499447,0.0,-24.355600322866216,-37.314449650640015,4.551314829531874,0.0,-57.95557976960276,-41.20686672648469,7.602103587152921,0.0,-68.88412044240557,-35.44475727526929,2.6089485465351476,0.0
-6.461170346410551,-1.7538852141023265,6.1802012987540795,0.0,-49.018350319585274,-1.8908020594182786,1.3894419143063814,0.0,-70.8299639585438,5.064921122776054,10.090205154066952,0.0,-24.25161479908391,-37.31865696846813,4.552202246645985,0.0,-57.01121934981561,-41.47307035503716,7.703349410216389,0.0,-68.85244536846977,-35.45773844688252,2.587376228426434,0.0
-6.206412754277181,-2.396853206560551,5.0692347824103585,0.0,-48.980717205779285,-1.864473185314747,1.38758206530572,0.0,-69.40304634650556,4.944022464097934,9.82844887791778,0.0,-24.13543925464775,-37.31583545632411,4.544816138257266,0.0,-56.03033181983115,-41.736514661180834,7.776750583035763,0.0,-68.81778202868696,-35.468350746143614,2.565576824797084,0.0
-6.022226527256713,-3.01803939067434,4.053134930885978,0.0,-48.94361888151188,-1.8544960465020122,1.380627752385223,0.0,-67.95364076111473,4.770641771623932,9.565370944315845,0.0,-24.00845379957256,-37.307685002809244,4.526152733236698,0.0,-55.02365317083075,-41.99345059793652,7.815270213702013,0.0,-68.78075844237821,-35.47732585639336,2.5450223497793996,0.0
-5.873058548075315,-3.5692202937783097,3.202695597068626,0.0,-48.9120016697946,-1.863768424168856,1.3661444673263148,0.0,-66.49418361378382,4.542556191572954,9.303687375522935,0.0,-23.87314124681161,-37.29674966166908,4.494640786067187,0.0,-54.00384662539523,-42.239257812537694,7.809526069095107,0.0,-68.74229989523134,-35.48580901064967,2.526180264113357,0.0
-5.737490382632743,-4.015530061615793,2.5593817374772225,0.0,-48.891649152152155,-1.891127803378997,1.3433810510256485,0.0,-65.03736762964066,4.2574170619950955,9.03969688968244,0.0,-23.732814052144807,-37.28578303546909,4.450836328318065,0.0,-52.983675288181736,-42.469873511019124,7.750994675452034,0.0,-68.70354509485746,-35.49506151604643,2.5085173110075143,0.0
-5.605744195955442,-4.33889929230109,2.135504357158567,0.0,-48.88704973855968,-1.9316988171359109,1.3134990769975854,0.0,-63.59656657588429,3.9137673513381994,8.762693803169418,0.0,-23.591314528856568,-37.27724545735247,4.397460441129981,0.0,-51.97377425396264,-42.6827572231953,7.635360464416253,0.0,-68.66566225512788,-35.506036848552384,2.4911755860888043,0.0
-5.477744511303441,-4.541189692292188,1.9135197033899374,0.0,-48.899083763886665,-1.9781610379433712,1.2791561995553504,0.0,-62.185868594546235,3.511874519422241,8.455304770503425,0.0,-23.45268557355199,-37.27302923288732,4.338782572304188,0.0,-50.98091033915251,-42.876962951808196,7.464748106594947,0.0,-68.62957039369005,-35.51902328576602,2.473698535414467,0.0
-5.358115301003096,-4.642052540231965,1.851103893914411,0.0,-48.92397882667894,-2.022545929912451,1.2436717676076992,0.0,-60.81934385818029,3.053832157486106,8.095631443989534,0.0,-23.32075091592731,-37.2743349953296,4.2795955259260925,0.0,-50.00730952846358,-43.05250009641957,7.247996064421467,0.0,-68.59572734845696,-35.533571990895524,2.456246434136043,0.0
-5.251300560727334,-4.672566317250268,1.892006677717287,0.0,-48.95444332337614,-2.0582676774300843,1.2100528466794334,0.0,-59.51038745132743,2.542853967126007,7.662077275316824,0.0,-23.19860038509442,-37.281572827685295,4.224149959838046,0.0,-49.0510833453403,-43.20948521135767,6.9989321594400105,0.0,-68.5641240077391,-35.54875232854469,2.4392890236124227,0.0
-5.158686516328403,-4.6665548290352845,1.9798140905579906,0.0,-48.982526749323966,-2.0820150771113966,1.1801473028782237,0.0,-58.27256549556761,1.9827585838243422,7.1406508053267235,0.0,-23.08811879084379,-37.29426926734922,4.17536993298623,0.0,-48.1074262622494,-43.34746876879533,6.733281145333286,0.0,-68.53447193261191,-35.56357921491304,2.423152929197231,0.0
-5.078311652873692,-4.652275646110655,2.070023585546581,0.0,-49.002746700102556,-2.094892553085576,1.154136887600151,0.0,-57.12222532650176,1.3793783228222045,6.532717936447392,0.0,-22.98977603935273,-37.311098340975896,4.134528696423034,0.0,-47.170248621854725,-43.46500849409807,6.465094910971613,0.0,-68.5064422955589,-35.57737816632201,2.407801457534335,0.0
-5.006486423806972,-4.6470757936965486,2.1367427689258616,0.0,-49.0140244895037,-2.102172703344582,1.13053590381654,0.0,-56.08095272539698,0.74459987179476,5.859706030888111,0.0,-22.902800619427417,-37.330167139980595,4.101408759782609,0.0,-46.23403595359846,-43.55936623995268,6.203537444567071,0.0,-68.47981101899649,-35.5899307203024,2.392964214747641,0.0
-4.939917010678956,-4.656390106997477,2.172823608470134,0.0,-49.01964147774905,-2.1114391049389702,1.1068151495869394,0.0,-55.174865902562146,0.10095120020604043,5.161488594849928,0.0,-22.825659728403753,-37.349543369823735,4.074828780512908,0.0,-45.295712129478865,-43.62624816112602,5.950710283088542,0.0,-68.45448241595291,-35.601403357216725,2.3784417258726887,0.0
-4.877115465540333,-4.6765679722718785,2.1847249082708444,0.0,-49.025266819807875,-2.1296225568585383,1.0805809007254297,0.0,-54.429222388147316,-0.5175585120319193,4.487915645833695,0.0,-22.756645639459137,-37.36782616829573,4.053300299155719,0.0,-44.35610407735852,-43.659674342016565,5.7010696406151045,0.0,-68.43048675289214,-35.61217833702064,2.364291426847119,0.0
-4.818681159799169,-4.699547790329346,2.1849085019129166,0.0,-49.03597545788882,-2.1601306373762794,1.050863806591039,0.0,-53.8602024097745,-1.07123592356211,3.886914373416012,0.0,-22.69438690343925,-37.384484215879056,4.035538073238568,0.0,-43.42047620836329,-43.65214196468092,5.442775347985661,0.0,-68.40804156450906,-35.62270674813268,2.350737981860604,0.0
-4.766720262745871,-4.717210750706439,2.1848357381116674,0.0,-49.05375973056477,-2.2014405550882303,1.018823350274948,0.0,-53.46811136908177,-1.5252434679656943,3.3943223482903573,0.0,-22.63816878963767,-37.39978736975398,4.020663881837233,0.0,-42.497771178225904,-43.59514083629011,5.160919008835442,0.0,-68.38762492449851,-35.633417900581364,2.3379286877645136,0.0
-4.723823970596355,-4.724131758875834,2.190775514171216,0.0,-49.076759814119306,-2.2478080065980883,0.987433494246341,0.0,-53.235295989271926,-1.8594605348178996,3.028450715392017,0.0,-22.58798482941257,-37.414379307729874,4.008156006438474,0.0,-41.5986879862753,-43.479935118713854,4.842049131844157,0.0,-68.36990574425774,-35.644641851363595,2.32579920513032,0.0
-4.6919130697778995,-4.718510702838734,2.203144119888451,0.0,-49.10036825652054,-2.291558634527198,0.9603561263752418,0.0,-53.129096100230484,-2.0733327248634863,2.789110857953487,0.0,-22.54429314023192,-37.42873091875481,3.997710889391689,0.0,-40.733259193619546,-43.29854657367968,4.478933789120374,0.0,-68.3554748339764,-35.65652285591876,2.3141629448437815,0.0
-4.671282989111859,-4.7016933035114565,2.218609156994596,0.0,-49.11938540305837,-2.3257289106646555,0.9406497758355812,0.0,-53.108185531906145,-2.1847265097831867,2.6597535121451994,0.0,-22.507566657104736,-37.44276131502099,3.989119726142235,0.0,-39.908791727200295,-43.04502324238293,4.074277789807684,0.0,-68.34451812076327,-35.668971161873245,2.302903155691899,0.0
-4.660291779716568,-4.6768909266079195,2.233251347963593,0.0,-49.13012500192788,-2.3459987501449078,0.9298962789520182,0.0,-53.130433646529966,-2.2239321136754917,2.612078367783475,0.0,-22.477854378633698,-37.45581310973915,3.9821601187218576,0.0,-39.12882982621892,-42.717087079710694,3.642229805240083,0.0,-68.33663477033015,-35.68170213934738,2.292113912570036,0.0
-4.655955545780253,-4.647730478730256,2.245006870173798,0.0,-49.13163611406142,-2.3514528386284717,0.927977515112941,0.0,-53.16055246209028,-2.224907488535968,2.6128165117716993,0.0,-22.454583360321372,-37.46698605993353,3.97649888913109,0.0,-38.39339405563917,-42.31797028795399,3.206947429659955,0.0,-68.33089017781276,-35.69434500829212,2.282145764459065,0.0
-4.655186034024277,-4.617180146680255,2.254362602831552,0.0,-49.12569018393178,-2.3442213482441705,0.9334058041913256,0.0,-53.17555629392299,-2.2166619679217603,2.631482287297038,0.0,-22.436673159830317,-37.47564821439264,3.9716607357632228,0.0,-37.70035951653174,-41.85782418103298,2.798188458426191,0.0,-68.32605542877025,-35.70655498573794,2.2735599734385676,0.0
-4.655944645352168,-4.587153810146791,2.263387945810072,0.0,-49.11571298541941,-2.3283796182798016,0.9439248720622739,0.0,-53.16629079266986,-2.2176413712765006,2.6466767541867195,0.0,-22.42283574438956,-37.48185468871582,3.9671272678633596,0.0,-37.04754035492559,-41.35387916969102,2.4448154081616718,0.0,-68.32093472917718,-35.71808366707788,2.2669555634912815,0.0
-4.657641725564576,-4.558747915909482,2.2740496412005573,0.0,-49.10523770541172,-2.3086254272685576,0.9570728350728768,0.0,-53.134785676065405,-2.2344768716062,2.6486488698002564,0.0,-22.411864791746062,-37.486465587925686,3.962551449959699,0.0,-36.43486694456383,-40.82887011954452,2.1680028047132733,0.0,-68.31469721428941,-35.7288167516766,2.2626391420687444,0.0
-4.660648141233472,-4.532775952886742,2.286962106562294,0.0,-49.096563475282075,-2.2891498297511053,0.9705245797812214,0.0,-53.08917097692564,-2.2644899388698683,2.6376275330248173,0.0,-22.402785376837368,-37.490905090314236,3.9579625303183885,0.0,-35.865984697257474,-40.30804228303455,1.9763062117918473,0.0,-68.30712009058085,-35.73879061247731,2.260254117090355,0.0
-4.665348136436645,-4.510183648696362,2.3012285168936124,0.0,-49.090154948010635,-2.2728652677148915,0.9822356244320147,0.0,-53.03878780059381,-2.3001341536232984,2.6194606269715823,0.0,-22.3948395233028,-37.49664392244476,3.953806572461131,0.0,-35.34867011425043,-39.815742159774054,1.8641859892928867,0.0,-68.29862417912689,-35.74814223618776,2.258653043467474,0.0
-4.6713478218158375,-4.492081698081213,2.3151921248741107,0.0,-49.08500831573646,-2.260987260407635,0.9905538937401097,0.0,-52.99134709562949,-2.3333882378376494,2.6008708540756125,0.0,-22.38737107084569,-37.50459401838651,3.9507706792128676,0.0,-34.89367322052911,-39.37260313697179,1.8143281120860895,0.0,-68.29007075912571,-35.75695339019586,2.256206946010785,0.0
-4.677238754584275,-4.479424609812293,2.327368078686053,0.0,-49.0797779971581,-2.252991388363437,0.9944366461677525,0.0,-52.952353442519495,-2.3587049324819658,2.5860867099391704,0.0,-22.37972446411843,-37.51468084148892,3.949490186001439,0.0,-34.51199350135522,-38.99372840170595,1.8029019998408113,0.0,-68.28246794504109,-35.765059104353796,2.2514060035800547,0.0
-4.680942795992568,-4.472600523328238,2.3369381737454074,0.0,-49.07404224717084,-2.247023972547767,0.9937441659215605,0.0,-52.9257035517568,-2.374039512432242,2.575562464039601,0.0,-22.371253156256106,-37.525833991838134,3.950309654500437,0.0,-34.21114517515039,-38.687689091191665,1.8062272074358656,0.0,-68.2767656055515,-35.771949973619876,2.2434100701472808,0.0
-4.6803968859335665,-4.471195068087051,2.343717420102415,0.0,-49.06897129436196,-2.240720024414596,0.9894498521080308,0.0,-52.91405432536175,-2.380287167072868,2.5666406390145866,0.0,-22.361447566283744,-37.53644395622468,3.9532255346947203,0.0,-33.99151226804253,-38.456095511891704,1.8071658791321479,0.0,-68.27375765879552,-35.77684042544796,2.232315640823952,0.0
-4.674276794675043,-4.473994477715477,2.3478892645094085,0.0,-49.066998071279244,-2.2321289276266283,0.9836163548514207,0.0,-52.91820980732616,-2.3798847401708887,2.555472885213824,0.0,-22.350106996601514,-37.54507334766731,3.9580236746278725,0.0,-33.84419420781949,-38.29386611257742,1.799727611333994,0.0,-68.27398042467559,-35.778889292992815,2.2191011635820743,0.0
-4.662501484159299,-4.4791678266428185,2.3498094402612395,0.0,-49.07067248507111,-2.220334192871996,0.9790804020683304,0.0,-52.935904822813704,-2.3753669020745836,2.539206385331294,0.0,-22.337455379173853,-37.55109126823651,3.9645001792610177,0.0,-33.751528952848304,-38.19055054390261,1.790757347244197,0.0,-68.27752985607344,-35.77749997088866,2.2053241627669014,0.0
-4.646307893974681,-4.484626779265282,2.34998012862056,0.0,-49.08132600624603,-2.205510688209424,0.9788758779078623,0.0,-52.96118782270232,-2.3684374497372116,2.517414394437539,0.0,-22.324132356359087,-37.55499208493861,3.9725971516115877,0.0,-33.690612828636525,-38.13268427578964,1.7981215338586303,0.0,-68.28386453434119,-35.7726037170531,2.1926606782957165,0.0
-4.627814919345076,-4.488575065707047,2.349135010445263,0.0,-49.09823592000533,-2.1884696688660235,0.985506769538615,0.0,-52.98542838076198,-2.3597909104597323,2.4921605119245456,0.0,-22.311039697565555,-37.55833382700573,3.982349355501153,0.0,-33.63884573915443,-38.106339940241405,1.845479151698477,0.0,-68.29181482386944,-35.76487580219025,2.1823097663773936,0.0
-4.6092379088968976,-4.490070310993552,2.348305850369167,0.0,-49.11865694369965,-2.1700085951319483,1.0002725592142898,0.0,-52.99983740535218,-2.3496204265809895,2.4668328704790046,0.0,-22.299067751832084,-37.56333301743198,3.993686053424973,0.0,-33.579436227322574,-38.098560628557905,1.9545242145216282,0.0,-68.3000997282763,-35.75595783847884,2.1741608054393335,0.0
-4.592104442851373,-4.489253513208117,2.3487474597439153,0.0,-49.13861838922713,-2.150476111161745,1.022894150215981,0.0,-52.99824140097549,-2.338490138391872,2.4445077367451624,0.0,-22.288763896435153,-37.57217488070864,4.006249114104527,0.0,-33.50457809665198,-38.09683568117577,2.1364900507491207,0.0,-68.30839802098792,-35.748714036957956,2.165813455530211,0.0
-4.576813731257914,-4.487037093544796,2.3516951609161385,0.0,-49.15409303274116,-2.129821820703288,1.0516204565384282,0.0,-52.9786655657847,-2.32804771749326,2.426722325264434,0.0,-22.28002765062498,-37.58614374933633,4.019379624657505,0.0,-33.41497319971719,-38.08711019824876,2.385474903420697,0.0,-68.32147074666882,-35.749818195951256,2.147979893773096,0.0
-4.562704709373957,-4.484415461531273,2.3580630686363584,0.0,-49.16213978252784,-2.1080945047164716,1.0838075480328158,0.0,-52.943102392681965,-2.3210479458208906,2.413187293838547,0.0,-22.271931238374272,-37.60480878347148,4.032305439589402,0.0,-33.31620942222692,-38.0521910268487,2.676297186333782,0.0,-68.3253915978922,-35.74897712695056,2.1394790173283997,0.0
-4.5485440203728515,-4.481851169992959,2.368229940406673,0.0,-49.16171471751494,-2.086073030116715,1.1167296491455119,0.0,-52.89594234360965,-2.320487981344351,2.4024209360356803,0.0,-22.262788927627245,-37.62564863455529,4.044432666223644,0.0,-33.21423014018268,-37.97271853825061,2.9686559129470744,0.0,-68.32453995329453,-35.7503262748356,2.1323201151074915,0.0
-4.533134224453954,-4.479144333789327,2.3819742359648917,0.0,-49.15384909091934,-2.065609874445716,1.1482490263588048,0.0,-52.842165058759925,-2.328201535123496,2.3928060049864825,0.0,-22.250597884219253,-37.64450418304205,4.055584210388908,0.0,-33.112510835676375,-37.83154789198279,3.217237250717041,0.0,-68.32092465819537,-35.75473424336846,2.1241898321170183,0.0
-4.515725310080688,-4.475828891858852,2.3985326851037616,0.0,-49.140878873030374,-2.049340478547407,1.1770617217644226,0.0,-52.78623223127122,-2.3436687115637183,2.3833964156595506,0.0,-22.2338471552012,-37.656968536096784,4.066044946877067,0.0,-33.01207778723251,-37.620135968713534,3.3846223731249694,0.0,-68.31481142690322,-35.76102349787781,2.116004774334579,0.0
-4.496110941874229,-4.471733087012182,2.416747972382204,0.0,-49.12458996530542,-2.0396090815485577,1.2025247833262913,0.0,-52.73193574848622,-2.363759568343513,2.374058663330853,0.0,-22.212419212626006,-37.660303306183025,4.076346425186937,0.0,-32.913248487943534,-37.34387838524942,3.451882598062527,0.0,-68.3067636255307,-35.76821168773432,2.1086616968012226,0.0
-4.474521183811257,-4.4672274599217445,2.4352849970563497,0.0,-49.103619489787036,-2.0367537532423263,1.22439283467273,0.0,-52.682788946364276,-2.3836196227473057,2.3650442408173635,0.0,-22.18805340869273,-37.65500124320775,4.086853367321536,0.0,-32.81697315190128,-37.02329420042139,3.4223304442949622,0.0,-68.2975128989914,-35.77573604841618,2.102749828360489,0.0
-4.451487857907836,-4.462965539744107,2.4528650776465337,0.0,-49.07105641237056,-2.037236155966519,1.242949586328363,0.0,-52.642295267121995,-2.398253375119676,2.356457050959925,0.0,-22.16383721025948,-37.64504647781495,4.097384964017348,0.0,-32.72473558405326,-36.68962737755237,3.3173387767113507,0.0,-68.28779765193234,-35.783417304408566,2.098396633878954,0.0
-4.427745936808655,-4.459356659294964,2.4684324882051722,0.0,-49.01349003006837,-2.0323888026896277,1.2598751612435635,0.0,-52.613608349909434,-2.4040457850590085,2.348045546393701,0.0,-22.14258234542506,-37.636427426538326,4.10720636206551,0.0,-32.63768670193516,-36.37629396054528,3.167275810226746,0.0,-68.27817905757374,-35.79124843476595,2.0952887796329662,0.0
-4.404101558166329,-4.456214917959267,2.481207054173556,0.0,-48.91239576172336,-2.0086216025844195,1.2797434802888485,0.0,-52.59854861227933,-2.3996640773171762,2.3394088203489254,0.0,-22.124688050697024,-37.6344349433474,4.115571411693814,0.0,-32.556150235673705,-36.11002671147912,3.002330464450827,0.0,-68.26888665544561,-35.79915418954513,2.0928366659803554,0.0
-4.381192075837647,-4.452852554178706,2.4906728399152875,0.0,-48.747813427557716,-1.9496095425381563,1.3114976465500732,0.0,-52.596458158627925,-2.386203558158166,2.3303687647867513,0.0,-22.106813562102616,-37.64125474995419,4.122566189114593,0.0,-32.4798296231744,-35.905513112726126,2.8464738580052114,0.0,-68.25977196796525,-35.80685633779931,2.090390458192017,0.0
-4.359178503670206,-4.448543990600124,2.4965902193727114,0.0,-48.50327223046261,-1.8402166424961939,1.3689299279750147,0.0,-52.603667652947856,-2.36670687137643,2.321174676130097,0.0,-22.08265720261988,-37.65550599331119,4.129647884736093,0.0,-32.40829916849891,-35.76483453791229,2.715125392944108,0.0,-68.2504088173659,-35.813910577065926,2.0874035447781054,0.0
-4.3375185588724525,-4.443089153476975,2.4990447841349184,0.0,-48.17029416575166,-1.6709620003923886,1.4693103942881445,0.0,-52.61415892869707,-2.345258932699174,2.312395150868836,0.0,-22.045972650113725,-37.67418867062694,4.139387643978614,0.0,-32.341352253125315,-35.68043102842813,2.615472565527604,0.0,-68.24029797853224,-35.81987307341443,2.0835002695828333,0.0
-4.314957434130022,-4.437231232781843,2.4984652239326,0.0,-47.75075047810891,-1.441269036007471,1.629886440049467,0.0,-52.621365104862996,-2.325905299831501,2.304623859393205,0.0,-21.994331814839217,-37.695688670339976,4.154411819295948,0.0,-32.27909833013483,-35.63940239323198,2.548116894728704,0.0,-68.22908557263611,-35.824464268508855,2.0784890491167705,0.0
-4.289749648235977,-4.432780415909793,2.495561075006769,0.0,-47.25600320753387,-1.1600106327741706,1.8629393500529048,0.0,-52.6203234199888,-2.3117049232492164,2.298245187330588,0.0,-21.93135185076743,-37.721531862789675,4.176005464508796,0.0,-32.22188214294517,-35.627466054081964,2.509062298568187,0.0,-68.21672297471154,-35.82760378336402,2.072382518720916,0.0
-4.260040383793091,-4.432317605850378,2.4912059965047604,0.0,-46.703109670456335,-0.8429643453522839,2.1711119711847493,0.0,-52.60909064877329,-2.304199222118501,2.2934028164303655,0.0,-21.865762769563265,-37.755313687450176,4.203124351711107,0.0,-32.170106080083855,-35.631779482530284,2.4915374769193654,0.0,-68.20353876559595,-35.82929929899877,2.0654329755303564,0.0
-4.224388145783402,-4.438367721084305,2.486321442681378,0.0,-46.109789864264414,-0.5082212160167465,2.545125611598106,0.0,-52.58873175658647,-2.30339416825721,2.2901235121081207,0.0,-21.807442699355555,-37.79926602433067,4.232546643853963,0.0,-32.124008933182296,-35.6424914056389,2.4875443456954347,0.0,-68.19020684765376,-35.82948638036108,2.058140451735186,0.0
-4.182413827977485,-4.452162592996545,2.4817854400295207,0.0,-45.490389698645764,-0.17154987798845056,2.9652281077734193,0.0,-52.562070956213326,-2.308124645918334,2.288438973201412,0.0,-21.762477401067404,-37.851005012639945,4.260341578111246,0.0,-32.083467030820934,-35.65322450788367,2.489208347708539,0.0,-68.177594199899,-35.827943928532406,2.0511904624629693,0.0
-4.135320009161675,-4.472571455349689,2.4783449817712544,0.0,-44.85427645272988,0.15641575695780574,3.406009938338487,0.0,-52.53213175892466,-2.3165808835076103,2.2883798047146318,0.0,-21.730211094820657,-37.90358114580469,4.283926842285366,0.0,-32.04791374052212,-35.6608103036771,2.4899598317619187,0.0,-68.16651174324016,-35.82435223243819,2.0453066089341707,0.0
-4.085804438611334,-4.496008907189404,2.476484932524796,0.0,-44.20657253417005,0.4704513606548222,3.8426158892717552,0.0,-52.50125574416743,-2.3268531467180926,2.2898409505220467,0.0,-21.704289307360394,-37.950219114754205,4.303552162704255,0.0,-32.01644614254062,-35.66458906702659,2.4854414597244965,0.0,-68.15745905904346,-35.818466085388586,2.041042418876648,0.0
-4.037145483952736,-4.517651709343833,2.4762560803345632,0.0,-43.54997523387163,0.7691405879206066,4.255879295804797,0.0,-52.4712371143989,-2.337441634248181,2.2924318464711124,0.0,-21.677245680312062,-37.99197098647641,4.322536455310267,0.0,-31.988083300764778,-35.66552137025934,2.4739685892016556,0.0,-68.15047080490879,-35.81029742625951,2.0385847842053497,0.0
-3.9918858403763386,-4.533349339418318,2.477204294284041,0.0,-42.886242878135455,1.0527389283002098,4.634733288532097,0.0,-52.44395203517728,-2.347656328953602,2.2954387515763415,0.0,-21.64586730919304,-38.044060524974945,4.346453693229327,0.0,-31.96204393961549,-35.6652902979205,2.4564170294859995,0.0,-68.14512188279376,-35.80019698516011,2.0376598832898587,0.0
-3.950938674790672,-4.541080998607195,2.478606997338513,0.0,-42.216531349774684,1.3215671073145376,4.975722289357374,0.0,-52.421600486486646,-2.3577490225176865,2.2979613279322386,0.0,-21.614044594713242,-38.136859285700545,4.382032927877919,0.0,-31.937908723994283,-35.66553987894976,2.435541372732935,0.0,-68.14068285193387,-35.788797873067004,2.0375972565181595,0.0
-3.91364021149314,-4.541201242907493,2.480016552433625,0.0,-41.540590031755364,1.5752560148852446,5.280621417381093,0.0,-52.40611763753019,-2.3686216867914727,2.2992073887367024,0.0,-21.591437574937252,-38.310309952922594,4.436638480426545,0.0,-31.91560882753395,-35.667377358866204,2.414884806129507,0.0,-68.1363596027712,-35.77686407694474,2.0375593583994345,0.0
-3.8785736090570344,-4.535602560187137,2.4817710784120948,0.0,-40.85552610869402,1.8125898387037704,5.553604295640718,0.0,-52.398148257078155,-2.381116662383877,2.298839373737332,0.0,-21.588839816788248,-38.60415118136371,4.518705627592313,0.0,-31.895263959089252,-35.671208007647884,2.397583171278445,0.0,-68.13150452049379,-35.76511954435317,2.0369008865209395,0.0
-3.84455450742314,-4.5265258553303145,2.4850566320627596,0.0,-40.155219818606795,2.031551469597229,5.799124769482318,0.0,-52.39644503216813,-2.3951768493983367,2.2971815083814757,0.0,-21.612823048574743,-39.047974579632864,4.638476422636007,0.0,-31.87693805516628,-35.676846803905896,2.3854446709720847,0.0,-68.12569885007971,-35.754136694444966,2.0355442081028343,0.0
-3.811254511596092,-4.5157235479486335,2.491411293781331,0.0,-39.43126109264803,2.2293848889747334,6.021010922425268,0.0,-52.39824954817812,-2.409401042468978,2.295121601245988,0.0,-21.66215420210071,-39.654312187779944,4.807674849009304,0.0,-31.860394339906964,-35.68373100160309,2.378628068902847,0.0,-68.11870081166596,-35.744344513442876,2.034169872960131,0.0
-3.7792567199230014,-4.5042516113518385,2.5019561470880323,0.0,-38.675429876291204,2.40279217363506,6.2226127996579,0.0,-52.40047144160438,-2.421431713688191,2.2937125425843146,0.0,-21.72702809159151,-40.41606876375021,5.037311813707827,0.0,-31.844929818100592,-35.69106559733514,2.3759926400977918,0.0,-68.1103467547515,-35.73614520997767,2.0340470105824355,0.0
-3.7495876123476184,-4.492743588300216,2.516806413067842,0.0,-37.882741119897474,2.5484830624937054,6.4074667125377385,0.0,-52.40095711898642,-2.4290761120453532,2.2936706203457344,0.0,-21.790642509150867,-41.30817509614113,5.334263322789136,0.0,-31.829368970728027,-35.69789849081229,2.375851750819626,0.0,-68.10049266874066,-35.73002746905395,2.0365149150504607,0.0
-3.7229688098314666,-4.481811212215296,2.534975111313825,0.0,-37.05363455606311,2.66407087387525,6.579859229383313,0.0,-52.39917348451216,-2.4314386680793363,2.295026788999005,0.0,-21.83203161501422,-42.29253655247497,5.698306828872253,0.0,-31.812291066811312,-35.703288758947735,2.376671816030168,0.0,-68.08901735647734,-35.7265268034664,2.042344436470426,0.0
-3.699238865820037,-4.472225599883735,2.5547545164427277,0.0,-36.194329516635634,2.7489586298301667,6.74481526655171,0.0,-52.39605600573208,-2.4292657560592366,2.2970867436348357,0.0,-21.82931208415944,-43.324793712713685,6.12111745189503,0.0,-31.792492827205436,-35.70669495505779,2.377370282341534,0.0,-68.07586023655702,-35.72596627231814,2.0512772552184693,0.0
-3.677406192684574,-4.46472179193647,2.5743124246489213,0.0,-35.3153439790723,2.8047501792271294,6.907356903089975,0.0,-52.393222088976295,-2.4243241328116447,2.29869644289014,0.0,-21.76287372632919,-44.361119350025554,6.587598554898436,0.0,-31.76951080735606,-35.70844507278723,2.3771849152369047,0.0,-68.06106014049651,-35.72807229471877,2.061919750630027,0.0
-3.6564104686846988,-4.459542938227146,2.5922452559655174,0.0,-34.42897313255398,2.8349843945240956,7.071283017066349,0.0,-52.39200040777699,-2.4183509575583706,2.2986938704596476,0.0,-21.61807294673924,-45.36354997233833,7.078734762945574,0.0,-31.74387664592748,-35.70988800710923,2.375378338511908,0.0,-68.04476465251172,-35.73169797282741,2.071981062594782,0.0
-3.636123314498203,-4.456013778369465,2.6079586905714702,0.0,-33.546659144464186,2.844364720880412,7.238011602966569,0.0,-52.392733372926706,-2.4122822993551036,2.2963763063031166,0.0,-21.38680691360696,-46.303150062520395,7.574649587158927,0.0,-31.716875685255104,-35.71288708398779,2.3711211921904223,0.0,-68.02717425427821,-35.73490751981111,2.07874876575187,0.0
-3.6178813391856273,-4.452410192916334,2.6217952149522077,0.0,-32.676825798779625,2.8378178958673512,7.406066712254677,0.0,-52.394622384077735,-2.406094760813307,2.291803471468498,0.0,-21.067415206336275,-47.161146352453486,8.056851482929021,0.0,-31.689926727606633,-35.718777185482196,2.3637316849160595,0.0,-68.00838822115641,-35.735560843324855,2.079727729106599,0.0
-3.6040960142399023,-4.4462531062011745,2.634831306422596,0.0,-31.823409411682555,2.8196252175973253,7.571541707859974,0.0,-52.39609439920679,-2.3991402944886984,2.28579279004639,0.0,-20.662864588297044,-47.92856539296615,8.509342178991096,0.0,-31.663976811702877,-35.727413146180965,2.3531645650369146,0.0,-67.98814562400241,-35.73234793169263,2.0734340239389972,0.0
-3.5970370506710063,-4.4349752619109015,2.6483573402808407,0.0,-30.98526505262029,2.792719661569663,7.729395427266315,0.0,-52.39542229389732,-2.3906560209082537,2.279567943733923,0.0,-20.177835904170426,-48.60480181070419,8.918816653126909,0.0,-31.6392330743506,-35.73699308441437,2.340424401850262,0.0,-67.96549933534683,-35.726033078843784,2.060321465807842,0.0
-3.5974488386532832,-4.416698707266756,2.663205895680454,0.0,-30.156735075873367,2.758198082335902,7.874966937222552,0.0,-52.39128143778372,-2.380199892343712,2.274186169716625,0.0,-19.615731945820986,-49.195309950582526,9.274370811074853,0.0,-31.61525326223262,-35.74487658853053,2.32753319922427,0.0,-67.9385194474427,-35.72051725688041,2.043697111187898,0.0
-3.603900241147673,-4.390747528005295,2.6792098151215686,0.0,-29.329613938734845,2.7151614556589223,8.004936020826214,0.0,-52.38308127783194,-2.3679223817314865,2.2700136731871723,0.0,-18.976614032928083,-49.708652098843004,9.56707774203162,0.0,-31.591222208569306,-35.749040327516354,2.3168461880595252,0.0,-67.90418244556615,-35.72324227350117,2.0303435781726513,0.0
-3.613373324862269,-4.357686672066473,2.695110394171076,0.0,-28.496302099555198,2.6610447475961188,8.117251806576963,0.0,-52.37109776102808,-2.3546723473691147,2.2665330218513553,0.0,-18.25676057911558,-50.153464271427055,9.789748906666532,0.0,-31.566291940088025,-35.74946129974863,2.309936294057474,0.0,-67.85860004953973,-35.74451410045728,2.0305580416974305,0.0
-3.622735618248092,-4.319015239771643,2.7091299067286556,0.0,-27.653250305432536,2.592505984749325,8.21013297938949,0.0,-52.356462797166444,-2.3419290501220633,2.262609972572532,0.0,-17.45005515285214,-50.53614453603666,9.93722149468913,0.0,-31.539972668555567,-35.748656102384466,2.306759614442944,0.0,-67.79762231150028,-35.79560815445983,2.057525780304113,0.0
-3.630185251075097,-4.276790474409161,2.720090947816958,0.0,-26.803364818244827,2.506705737987149,8.280760320398853,0.0,-52.34096257117853,-2.3315388528154664,2.25709881226382,0.0,-16.550841770499215,-50.8598956717234,10.007386882954808,0.0,-31.512475550511915,-35.7509189918041,2.3057225965527675,0.0,-67.71768511230867,-35.886036343718466,2.126293800455315,0.0
-3.6359745322789263,-4.233304635657396,2.728543241795288,0.0,-25.956310924045862,2.402568652493011,8.32446399999745,0.0,-52.32655445692055,-2.3252793721252063,2.249466531623293,0.0,-15.557344895774808,-51.125203096740435,10.002717561426985,0.0,-31.48474266527345,-35.760464004841026,2.3045022851590424,0.0,-67.6166936727463,-36.02089988578755,2.252881797137767,0.0
-3.642247917467904,-4.190775189574431,2.73718391062725,0.0,-25.126513040891865,2.281554254709153,8.334993026896125,0.0,-52.31464693120127,-2.3243500508266655,2.2400780937133256,0.0,-14.4744292200543,-51.331237457835215,9.93150215273769,0.0,-31.458015021284233,-35.7793046132826,2.3009568846862063,0.0,-67.49472231245599,-36.199446531336825,2.4540190440574774,0.0
-3.6521036522801134,-4.15107391202996,2.7501307088597393,0.0,-24.329561568395874,2.1476214558884834,8.30594791202165,0.0,-52.30540000535603,-2.3289401048877174,2.2299520144568827,0.0,-13.314587807879771,-51.47739767222057,9.807892654448436,0.0,-31.43313994650005,-35.805966914358365,2.2936583582097594,0.0,-67.35421818644078,-36.41548987822087,2.7474506174677096,0.0
-3.668104471890111,-4.115642987092597,2.7711983649548966,0.0,-23.578222736451586,2.006348128301809,8.232852736037323,0.0,-52.29740400172395,-2.3380372091358446,2.2201175921940735,0.0,-12.096679753186796,-51.564399405341426,9.650439732584529,0.0,-31.410033077533345,-35.835860974067714,2.2820285155228177,0.0,-67.19926932736402,-36.65935121810188,3.151809948760447,0.0
-3.6907218384633693,-4.085652716495971,2.8019274710469,0.0,-22.879188839763692,1.8634300429125439,8.11489640569858,0.0,-52.28796858215327,-2.349606198338754,2.2109900444076764,0.0,-10.84284491341961,-51.59475864745078,9.479595310513279,0.0,-31.3875964520327,-35.8632381110279,2.2663320813433607,0.0,-67.03368270095946,-36.92011983806446,3.6844014504263036,0.0
-3.717447574413362,-4.062203052311591,2.8404189716862085,0.0,-22.231277085429248,1.7229510415567386,7.955356662435706,0.0,-52.27395188974132,-2.361141272483658,2.2021723071353634,0.0,-9.574686828312739,-51.572802368652404,9.314953867964995,0.0,-31.36407171339757,-35.88360141966784,2.2477184427512125,0.0,-66.8583153577259,-37.18706940528895,4.3559277541883255,0.0
-3.7431349689160403,-4.046239429610091,2.8817274554917383,0.0,-21.625298248175433,1.5858674543296996,7.760227921990171,0.0,-52.25277167499037,-2.3703865242496374,2.1927504568443776,0.0,-8.309885574884602,-51.50427131798861,9.172626870750847,0.0,-31.337569974018564,-35.895188848279304,2.2282090327823862,0.0,-66.66890190205334,-37.45009011704594,5.1633948608823745,0.0
-3.76151825351786,-4.038025850408074,2.9196632131869666,0.0,-21.045521703738743,1.4491033111145963,7.535357896452991,0.0,-52.223158197689585,-2.3758891455791407,2.181789638433786,0.0,-7.0600322717188755,-51.39542233755778,9.06274747272591,0.0,-31.30654405499255,-35.899006463112144,2.210338589710924,0.0,-66.45573274027929,-37.70006966353553,6.084595076974923,0.0
-3.767299100468116,-4.036452215547812,2.9490317926028027,0.0,-20.472547451319357,1.305525786430728,7.2830597385879665,0.0,-52.18537500854114,-2.3771556270403122,2.168699887495512,0.0,-5.8300308607914335,-51.251624607302546,8.987257745310862,0.0,-31.270131805527917,-35.89789932328026,2.1963280186460565,0.0,-66.20557807798536,-37.93016965780142,7.077676646414743,0.0
-3.758007513673653,-4.038750065353992,2.967236276343664,0.0,-19.887217540735893,1.1448634912107636,6.999487583042996,0.0,-52.14091643955184,-2.374450157337473,2.15337040992787,0.0,-4.619010622138233,-51.075769978402576,8.938623483582022,0.0,-31.22838379819645,-35.895345647711636,2.1871102213625697,0.0,-65.90482125198936,-38.13784328183129,8.086936558066792,0.0
-3.7349230028586,-4.040974100993927,2.974683392201502,0.0,-19.274834628711364,0.9553958396516666,6.674016992927087,0.0,-52.09190177556967,-2.3684689197738615,2.136145317141903,0.0,-3.4223036915939984,-50.86711803544072,8.900349386533254,0.0,-31.182332238413952,-35.89425840659836,2.181854252509984,0.0,-65.54204484002643,-38.32634333142071,9.052780941495815,0.0
-3.7025922085336864,-4.039078127375444,2.9741194065396765,0.0,-18.62866416924857,0.7261133753425746,6.291445919594867,0.0,-52.04043953949443,-2.3601065405925556,2.1176981216875106,0.0,-2.2337964866192044,-50.62123634915605,8.849816771487594,0.0,-31.133760187231378,-35.89592183849398,2.178357421850313,0.0,-65.10891859181197,-38.504415254902064,9.922024350236411,0.0
-3.666980082940354,-4.030076800735021,2.969437188077432,0.0,-17.951845325307584,0.4491020660049845,5.837018362780605,0.0,-51.988171950433895,-2.3503720740644036,2.09880449309712,0.0,-1.048035545073394,-50.331369691845154,8.763123566325458,0.0,-31.084587738270347,-35.89946085914999,2.1739617706586856,0.0,-64.59959509871258,-38.68378075914841,10.655286210351756,0.0
-3.632944532805485,-4.012842540645943,2.9644613501044486,0.0,-17.257371355337625,0.12201470254349278,5.303204436216048,0.0,-51.936087244113054,-2.340364715009703,2.0800542426634134,0.0,0.13823911106852727,-49.99095006232392,8.62060625830683,0.0,-31.03607384042865,-35.902305956907256,2.166363374385538,0.0,-64.0098137684714,-38.875081505972304,11.230286088988896,0.0
-3.602139402723246,-3.9883384729067597,2.9619808574841304,0.0,-16.566274610926854,-0.2495935946675374,4.6961875532174355,0.0,-51.884550621980864,-2.3311738693318373,2.061626470062075,0.0,1.3252447172349946,-49.59634020424839,8.411096487371651,0.0,-30.988274060265113,-35.901629155600695,2.1540308153623986,0.0,-63.33691768346436,-39.0836131138268,11.641686707887056,0.0
-3.5722902362777225,-3.9592803924187483,2.963182076593686,0.0,-15.904310105397737,-0.6507199856660382,4.0395651746586365,0.0,-51.83343517692089,-2.323637425791989,2.0432410617243466,0.0,2.5100809689906294,-49.148649410278956,8.133234680796907,0.0,-30.94011349611784,-35.896069030408604,2.136323610838158,0.0,-62.58114466242463,-39.3063925715492,11.898797091575409,0.0
-3.5381075804553954,-3.929321968814818,2.9676180270058943,0.0,-15.297541801276608,-1.0573386381324585,3.373251516921856,0.0,-51.78228262078849,-2.318035029962492,2.0242838948910222,0.0,3.6874756723383157,-48.65371126768594,7.793360811904648,0.0,-30.890095140086768,-35.88676163407706,2.113467877839044,0.0,-61.74743663456133,-39.53185963536517,12.022051611916716,0.0
-3.4933243546409036,-3.901950194512289,2.973719650609599,0.0,-14.767621261899453,-1.439843459012855,2.747077123895611,0.0,-51.73050437823661,-2.313906867537625,2.004002256206059,0.0,4.851118616511696,-48.11993883357393,7.400976740099381,0.0,-30.83733648255715,-35.87696649808257,2.08643927082373,0.0,-60.839687345864064,-39.73797938694438,12.032369129381497,0.0
-3.4329509370805824,-3.8793804319391523,2.979610694072301,0.0,-14.32790637860737,-1.769169715844158,2.2106069162474213,0.0,-51.67762116199936,-2.3101648772330634,1.9816685588648237,0.0,5.994996005419433,-47.55458142743357,6.963719322774262,0.0,-30.782468515118698,-35.87029480258115,2.0567127353399766,0.0,-59.859955977492596,-39.89432589792333,11.965241980924395,0.0
-3.355014240919891,-3.861815440280525,2.983845470782038,0.0,-13.981265877802286,-2.0233778529003823,1.802131584772492,0.0,-51.62345231830009,-2.305497441774172,1.9566772920446898,0.0,7.114053158877239,-46.95972757649484,6.483875775721085,0.0,-30.727935715048716,-35.86838934034172,2.0258459799711073,0.0,-58.84448245928775,-40.00270569331665,11.854336777598823,0.0
-3.261482113304413,-3.847424143713361,2.9857803046159592,0.0,-13.71969998699435,-2.192145602965603,1.5398533548752935,0.0,-51.568148495936384,-2.2988792203920516,1.9285932965255217,0.0,8.203808056571583,-46.32993136936244,5.957891891553494,0.0,-30.677409235294967,-35.869442484379164,1.9949718378611347,0.0,-57.8030072014502,-40.05647271922885,11.712300754223754,0.0
-3.1582990205027595,-3.8332032893010886,2.985528874610244,0.0,-13.5258179427105,-2.2781929799040963,1.417652479636729,0.0,-51.512081968832,-2.2899325472292835,1.8971878755779095,0.0,9.25903076941064,-45.65316749163968,5.37936069383008,0.0,-30.634414852314528,-35.86871153390288,1.9644107996620335,0.0,-56.74084554997711,-40.059872672706916,11.544086934569837,0.0
-3.0544169966391017,-3.8164490031598755,2.983661885259286,0.0,-13.376447548383327,-2.2956741157484073,1.4071001068571052,0.0,-51.455765693853365,-2.2789962620673654,1.8625062024462498,0.0,10.272069533486045,-44.91577764683343,4.744818173544516,0.0,-30.60076246277396,-35.861077042678794,1.9336223695774013,0.0,-55.656270251731314,-40.02485277609231,11.343852577538051,0.0
-2.959808132904571,-3.796077454775031,2.980878668362978,0.0,-13.247979914252202,-2.2658431502655656,1.4655182623694891,0.0,-51.400004299029675,-2.266946464727712,1.825006181029151,0.0,11.231685877476668,-44.11048564558849,4.060485395218938,0.0,-30.575607952810472,-35.84428116571283,1.901512897056186,0.0,-54.541973894595934,-39.966763169956884,11.09734635600168,0.0
-2.882892745499797,-3.7729299059437325,2.977805368885438,0.0,-13.121990490989472,-2.211442013214133,1.547343547759768,0.0,-51.34632764535586,-2.254932882275961,1.785770074580098,0.0,12.123234001326251,-43.24497389884599,3.3472449635121695,0.0,-30.5557151486145,-35.82084305056183,1.8668991901146512,0.0,-53.388170895332514,-39.899511337014665,10.786726326984656,0.0
-2.8282217770862226,-3.7487405120526476,2.974937779644982,0.0,-12.989263570348708,-2.151917750017721,1.6149232850684019,0.0,-51.29748614052376,-2.2441806138350504,1.7467103174903595,0.0,12.93058576899801,-42.3474114866327,2.641209561004704,0.0,-30.536812608453484,-35.797406249389255,1.8289475105634008,0.0,-52.186069090755375,-39.83152862733251,10.3966299166667,0.0
-2.79518532799007,-3.724342296997874,2.972627401820999,0.0,-12.850774397557705,-2.1007427025614867,1.645599128264676,0.0,-51.25752915686914,-2.2358996828608158,1.7105920769106433,0.0,13.639407522982454,-41.46536865362183,1.9886693414119847,0.0,-30.51530753191857,-35.78191699677047,1.787565878464319,0.0,-50.93094541836126,-39.76354177676977,9.920058626811148,0.0
-2.7780837429520857,-3.6982626346334815,2.970984459612806,0.0,-12.715306454790849,-2.064816860200504,1.633643909830063,0.0,-51.23094389617185,-2.231210525380419,1.6806387046438296,0.0,14.240642647128974,-40.6565661316789,1.4366256238837156,0.0,-30.48949683231062,-35.78028404533053,1.743707079059904,0.0,-49.62452871957605,-39.688598157793606,9.362480211349693,0.0
-2.767484267950569,-3.666662113772377,2.969695531372139,0.0,-12.594728852758614,-2.045241635969754,1.5873878912699837,0.0,-51.220723540114534,-2.2309075578405055,1.6595979468107007,0.0,14.732941730838736,-39.97369447025294,1.022180916597831,0.0,-30.45984804151639,-35.794194032139124,1.699369454655585,0.0,-48.27643284734377,-39.59423279737629,8.742787736992083,0.0
-2.7525791280340757,-3.624779379043704,2.967942146464978,0.0,-12.498877814206637,-2.038845970670139,1.5231439835573397,0.0,-51.226021959165905,-2.234953382922633,1.6484913745352667,0.0,15.123358408525121,-39.44901797445153,0.7644678588086347,0.0,-30.428483527212624,-35.820823394272516,1.6571115240430476,0.0,-46.90411123052367,-39.46610869696361,8.090512423797637,0.0
-2.724140771746741,-3.569248112490223,2.9646496669068263,0.0,-12.432049476451171,-2.0402043716037745,1.4582009448730417,0.0,-51.2407325088302,-2.2418764512382685,1.6456678033337155,0.0,15.426233055203525,-39.085135368501476,0.6615623430968736,0.0,-30.39828148837731,-35.85413804044649,1.6192111149091772,0.0,-45.53075417586999,-39.29194404561726,7.439907095924196,0.0
-2.6774300625527525,-3.500263718140552,2.959104281922812,0.0,-12.392259616130481,-2.0438923275746905,1.4051935692287056,0.0,-51.2542688270035,-2.248569048447088,1.6468834133882506,0.0,15.660437783586326,-38.85553093408039,0.6929123678060165,0.0,-30.37197341594866,-35.886912277481535,1.5868801203527738,0.0,-44.18123347584287,-39.06434541300494,6.822792500642102,0.0
-2.614086086872051,-3.4226033767339037,2.951706606033218,0.0,-12.373043308636587,-2.0463442356479966,1.3694637940452026,0.0,-51.25485101052034,-2.2509836151737765,1.6467046552801339,0.0,15.845405091564697,-38.714146363654,0.8260241030341078,0.0,-30.351459749782716,-35.912657795574994,1.5599246172401298,0.0,-42.87746680363406,-38.78169047958759,6.262614306385167,0.0
-2.5420070394504437,-3.34484667279377,2.9444894026907544,0.0,-12.366456125210085,-2.0465382895567346,1.349691393648012,0.0,-51.23418334920207,-2.245707964689019,1.6407176465852285,0.0,15.996875401079933,-38.60962246476927,1.024898497779576,0.0,-30.33743464578431,-35.92705604182928,1.5369923102972685,0.0,-41.635408419721244,-38.44735067987806,5.7714770219280105,0.0
-2.472866990450229,-3.2768077059389045,2.9410636638323417,0.0,-12.365757145547457,-2.0452809191341785,1.3407090191484183,0.0,-51.19143681670198,-2.231725029390483,1.6274000481774973,0.0,16.12375899364468,-38.49874629719414,1.2573639871718516,0.0,-30.329347158330627,-35.9288111991387,1.5162800982241365,0.0,-40.46528450375522,-38.068515901858184,5.3504449402062715,0.0
-2.418019456425187,-3.2260602748609015,2.9457981945817036,0.0,-12.366873156443255,-2.0437092702855617,1.3367692373563411,0.0,-51.13466892244718,-2.2114719528504168,1.6086694470862284,0.0,16.227411814840405,-38.355018792105426,1.4991929145513598,0.0,-30.325680075362442,-35.91991471779608,1.496390185912734,0.0,-39.374861716490365,-37.65588303052048,4.992162469685832,0.0
-2.384485143827484,-3.195114092016108,2.9622636742339203,0.0,-12.36849594381831,-2.042023239342709,1.3338268315077144,0.0,-51.07910466363709,-2.1907361151600373,1.5890024604125976,0.0,16.303777194576067,-38.170875772545756,1.734439913352272,0.0,-30.324442759731767,-35.9052752202571,1.4769712863014846,0.0,-38.37368165872383,-37.22446232757908,4.684428973272974,0.0
-2.372846747917012,-3.180743400441191,2.9913588318225717,0.0,-12.371139976924967,-2.039154735602991,1.3302490519907035,0.0,-51.04304613610236,-2.1774416290197083,1.573826264453567,0.0,16.347575299106694,-37.95449859844914,1.9530633923666176,0.0,-30.32368782364806,-35.89167116589602,1.4588878962494523,0.0,-37.47548815018715,-36.79443592334642,4.413620880713186,0.0
-2.377904501781372,-3.175893064959746,3.0299866098365325,0.0,-12.375722850837487,-2.033435707273208,1.3262035951308775,0.0,-51.04272380501995,-2.1796078030073005,1.5679858951382162,0.0,16.35674188158621,-37.7235002215786,2.1478037725865136,0.0,-30.321861131238364,-35.886066551670176,1.4438741716147536,0.0,-36.69698045829952,-36.39031908900428,4.167427590227176,0.0
-2.391403637038702,-3.1730165230165976,3.0712105357102804,0.0,-12.382307074504793,-2.023784367078403,1.3224462884706494,0.0,-51.087326181388406,-2.202874709049002,1.5746515266532075,0.0,16.335231266595297,-37.497967309386354,2.312135099505033,0.0,-30.317896209916512,-35.89351915975304,1.4338349446032357,0.0,-36.05312747465226,-36.03734413357515,3.9369082144704457,0.0
-2.405169884886863,-3.1669079544450525,3.106167783021032,0.0,-12.389502468628017,-2.0107115186876046,1.3192688405620565,0.0,-51.17542979360187,-2.2482203474549793,1.5946075056914637,0.0,16.293137171192793,-37.29474633773233,2.4401178812298294,0.0,-30.31111162079978,-35.9152231403195,1.430053166026175,0.0,-35.551319264173316,-35.75583794575641,3.717960062888128,0.0
-2.4132561152693297,-3.1557754022543207,3.127025438164244,0.0,-12.39467780294932,-1.9965795661593133,1.31607988385624,0.0,-51.29419581774677,-2.3107307688232837,1.6258073473952983,0.0,16.24432433740803,-37.12398518433007,2.5277891126597147,0.0,-30.301111995273274,-35.947550748466064,1.432522848766693,0.0,-35.187238883723545,-35.55603132932024,3.5118268608725742,0.0
-2.4127020742927483,-3.1406661077630598,3.129692659719316,0.0,-12.39475432314406,-1.9849375647637713,1.3116754412772682,0.0,-51.422313913838984,-2.380240063502737,1.6633603644847135,0.0,16.202745099868736,-36.98816222487282,2.5749445346194353,0.0,-30.287935973311047,-35.98293307840278,1.4395568623759232,0.0,-34.94423991412429,-35.43576196172722,3.323952848036365,0.0
-2.403260397584967,-3.1241417710315575,3.115175211615501,0.0,-12.38716236577613,-1.9792254329836827,1.3049171382508504,0.0,-51.536205853747155,-2.4440831306372894,1.7003479461850013,0.0,16.17894353035561,-36.8832748835452,2.586095918216948,0.0,-30.27238526507887,-36.01250097067191,1.4479204764238212,0.0,-34.79625633705256,-35.38196159909207,3.1610828745737507,0.0
-2.3865770726562205,-3.1089792436022936,3.089135793198949,0.0,-12.370584558253402,-1.9814558270352327,1.2954000952264124,0.0,-51.617130470001435,-2.4911518006852074,1.7295837977311344,0.0,16.17791942990508,-36.80146741211803,2.569948796254309,0.0,-30.25599863692037,-36.02907054937222,1.4537634876176373,0.0,-34.71300247587689,-35.375037109233276,3.027727897871591,0.0
-2.3651659186730134,-3.0971939064729903,3.059968378129673,0.0,-12.345287475649963,-1.9914770074429926,1.283752490582886,0.0,-51.6561833542971,-2.5155345438841277,1.7457311028146982,0.0,16.198819187783336,-36.734140854579906,2.537571596303179,0.0,-30.24050246604228,-36.0292492675658,1.453988875315627,0.0,-34.665746572206736,-35.39432999218309,2.923775623084829,0.0
-2.3414619028662726,-3.089419486376272,3.0361784771034763,0.0,-12.313037607942054,-2.007109270795653,1.2714017609886596,0.0,-51.655457352355405,-2.5180520292756983,1.746807699236106,0.0,16.23621477586719,-36.67458577032764,2.500019372831792,0.0,-30.22725122414749,-36.01449102472659,1.4472451343126398,0.0,-34.63201615049391,-35.42280646884063,2.844407280416265,0.0
-2.317262448311351,-3.084702006349123,3.0239500441265346,0.0,-12.276727602461971,-2.0250185960237346,1.2599009762658042,0.0,-51.62565721474609,-2.5050740463119414,1.7344977256619973,0.0,16.28228798811186,-36.619445737967354,2.466250137137063,0.0,-30.216945942459702,-35.99087622177012,1.4341995205813145,0.0,-34.598057350863826,-35.449673737115695,2.7820869086697257,0.0
-2.29374347629963,-3.0807838547799418,3.0255548257672675,0.0,-12.239870637139433,-2.0418780002971366,1.2501385608881126,0.0,-51.581717508165454,-2.485366091594834,1.7134275158701122,0.0,16.329124020657453,-36.56877480136412,2.4418623696685913,0.0,-30.209535322255412,-35.96735160308656,1.417224283793356,0.0,-34.558678037380716,-35.47053751694351,2.729327200475721,0.0
-2.2719307727652778,-3.0747816602764506,3.038937600031229,0.0,-12.206070513866267,-2.0553148761641933,1.241836506903267,0.0,-51.53814158151,-2.466514205022622,1.6899738125738804,0.0,16.370473204343895,-36.524939455794716,2.4288113697395293,0.0,-30.2042121439342,-35.95286768732171,1.3997327163881295,0.0,-34.51501814415811,-35.485693587347065,2.680846311443176,0.0
-2.2532238056358587,-3.063958477633249,3.058534374350426,0.0,-12.178497272712718,-2.064334011938037,1.2336151722798085,0.0,-51.505405055232714,-2.4524069598178455,1.6710594452315028,0.0,16.402644014794234,-36.490960742756826,2.426001158586603,0.0,-30.199538254894957,-35.95353702617081,1.385373940099166,0.0,-34.47139900166857,-35.497706913968514,2.6343986718026997,0.0
-2.2395046884581844,-3.046306494871796,3.077119984372633,0.0,-12.15935734878721,-2.069185560746463,1.2236220416413257,0.0,-51.48823300760908,-2.4425871604908025,1.663046573670652,0.0,16.424518144427505,-36.468968776322285,2.4304868966775697,0.0,-30.193791624557605,-35.970973883634166,1.3772289480630366,0.0,-34.43244888787348,-35.50934503574865,2.5903555765343445,0.0
-2.2325500192555428,-3.020890942906385,3.0881995483494578,0.0,-12.149396677201796,-2.070859075377861,1.2104285999766606,0.0,-51.485912570039574,-2.4334956372023804,1.6706130078013892,0.0,16.436939372274185,-36.45926106879769,2.438916241850304,0.0,-30.185569595013,-36.00234538871796,1.3771149277025803,0.0,-34.401270903338585,-35.52241015518897,2.550570143741634,0.0
-2.2327988340270672,-2.9881211821100258,3.088273422515302,0.0,-12.147599432683908,-2.070481045945706,1.1937509627024205,0.0,-51.49413555833824,-2.4210002157954813,1.6955384135198592,0.0,16.441869343127685,-36.460155189018614,2.4487898737584644,0.0,-30.174479620692836,-36.041829846816654,1.385152200592124,0.0,-34.37882124611782,-35.53746305182734,2.5171129958420906,0.0
-2.237875453581612,-2.9500974018241646,3.0783486616019022,0.0,-12.151311910937391,-2.0688788041736546,1.1746411492371482,0.0,-51.507440896571524,-2.403196022017286,1.73557697026604,0.0,16.44167425579023,-36.46854739352471,2.4591881656079106,0.0,-30.161518556326875,-36.08262053559937,1.3997820697566894,0.0,-34.3642044531665,-35.55411746808468,2.491282819475254,0.0
-2.2415026735388004,-2.9109104667452272,3.0643005494598885,0.0,-12.156893436282495,-2.0664499114942165,1.1550802983580688,0.0,-51.521323341902516,-2.3823203590124056,1.7839006139783198,0.0,16.438708321003663,-36.4808939803796,2.4708294251066114,0.0,-30.148766441608256,-36.11860075210306,1.4182861529864272,0.0,-34.35541479293387,-35.57153473702511,2.4730860730503856,0.0
-2.2334843820574024,-2.87640831005069,3.0559926970424005,0.0,-12.160720525552472,-2.0633019370095464,1.1372024522012953,0.0,-51.53339961498351,-2.3648175584924003,1.8297946824725457,0.0,16.435129980402223,-36.49423521318852,2.485598878141328,0.0,-30.138438319057986,-36.14533223920747,1.4376003240136974,0.0,-34.35012056224044,-35.58886066368553,2.4612321601368876,0.0
-2.2012171133529526,-2.8527508094530014,3.0653902625953897,0.0,-12.160160813183854,-2.0595079760151176,1.1225128887839944,0.0,-51.54345335152212,-2.3591025438202937,1.8612114114783047,0.0,16.4327994898165,-36.50690403997294,2.505831188834783,0.0,-30.131785291860428,-36.1605114703223,1.4551018685924415,0.0,-34.34625876440832,-35.60549637544391,2.4535688062071372,0.0
-2.132653483943867,-2.843312415966639,3.1042031351854185,0.0,-12.154149988004086,-2.055304881808827,1.1114069407415013,0.0,-51.552593002039885,-2.371297281648917,1.8693094898816724,0.0,16.43317226363747,-36.51871751495593,2.5335731221908713,0.0,-30.12841074199539,-36.16409335440714,1.4691482497128199,0.0,-34.34236435124175,-35.621195823960804,2.4477533528475153,0.0
-2.0198505240633464,-2.8442223926284007,3.1817519716565226,0.0,-12.143211085749638,-2.051122720740661,1.1031382062111295,0.0,-51.56208276455254,-2.4000294647285507,1.8542468948663693,0.0,16.437181119081167,-36.530676669780235,2.569929698603085,0.0,-30.126328500960973,-36.158103595623835,1.4792947028178176,0.0,-34.33765915057219,-35.63601726314046,2.441877207229302,0.0
-1.8615522129154067,-2.8398067802098046,3.3036408100730803,0.0,-12.12899309902334,-2.0474421271281447,1.0962168314140985,0.0,-51.572479513803096,-2.4321237870432686,1.8305293377634726,0.0,16.445112892008645,-36.544367755127524,2.614573477417732,0.0,-30.122744671551953,-36.14612510847241,1.4862104528739604,0.0,-34.33197548437954,-35.650162951208266,2.4348164562220624,0.0
-1.6632785373630916,-2.7999268711276493,3.4715782049902906,0.0,-12.113557130461903,-2.044584606973578,1.0890651250885526,0.0,-51.58337006263008,-2.4413648385470923,1.8296666410478295,0.0,16.456495948775633,-36.56129040486795,2.6655555278530514,0.0,-30.115223671335947,-36.13252801417601,1.4913459606379753,0.0,-34.32560254095266,-35.663757548088356,2.4262577155992826,0.0
-1.4344125054308754,-2.681200208630001,3.6846238569995986,0.0,-12.098681294194924,-2.042587991232736,1.0806557836367041,0.0,-51.59338496063347,-2.3920244251382403,1.8982141275040298,0.0,16.470072447967866,-36.58229408792474,2.719535183282572,0.0,-30.102712676140097,-36.12152698255816,1.496418664534156,0.0,-34.3191263844276,-35.67664209493713,2.416515091992249,0.0
-1.1832579078181165,-2.4331542224176816,3.942143689889221,0.0,-12.085408089263552,-2.041268440763008,1.070878761045325,0.0,-51.59978905683896,-2.2472920655010062,2.0904505081384457,0.0,16.48395255319729,-36.60725693548658,2.7723909976699392,0.0,-30.085959891644727,-36.116118118843545,1.5028252816832115,0.0,-34.31329375534488,-35.688273322971845,2.4062854141424417,0.0
-0.9119977290671107,-2.0089021975320773,4.248143279339573,0.0,-12.073937363907831,-2.0404384937011355,1.0605316928462134,0.0,-51.59734772127989,-1.9805498154208312,2.4564583339844805,0.0,16.495965579105782,-36.635081996363866,2.820031146585972,0.0,-30.067217551587774,-36.117089035049084,1.5111374746859205,0.0,-34.308889182498696,-35.697792537088425,2.3963914793980443,0.0
-0.6134473965023709,-1.378602252343283,4.615063427160507,0.0,-12.06381882755959,-2.0401137277063537,1.0510000716843244,0.0,-51.577193893760466,-1.5856166583452174,3.0278412661957743,0.0,16.50409634398978,-36.66399379676116,2.8592139713173452,0.0,-30.049542730719907,-36.122555296945464,1.52088144575532,0.0,-34.30660346361123,-35.70426150296441,2.387471391870763,0.0
-0.2708548530837944,-0.5426495883345317,5.0635486076910095,0.0,-12.054299557501713,-2.040512640447526,1.0437828823770694,0.0,-51.52717761683617,-1.0815620742748697,3.8048037835632416,0.0,16.50684573043188,-36.69202552137194,2.888251994232405,0.0,-30.036120395518136,-36.128509105733706,1.5308454746106985,0.0,-34.30689300753989,-35.70698653024455,2.3796123577067245,0.0
0.1387972596606888,0.4604150536484868,5.615306309733166,0.0,-12.044677691518135,-2.0418012810718995,1.0400218458564652,0.0,-51.43472506128679,-0.5089432130904914,4.749697047996207,0.0,16.50343215296448,-36.71753773138494,2.9074709477014693,0.0,-30.029792607839383,-36.1305411454898,1.540099777010587,0.0,-34.30985884954975,-35.70581069113677,2.372083139105749,0.0
0.6386811547629367,1.5575531378001046,6.280604285078592,0.0,-12.034563991498096,-2.043765719894827,1.0401533671881786,0.0,-51.29118122900289,0.08222256181941745,5.791882581728858,0.0,16.49387628976586,-36.73961548881745,2.919247751359194,0.0,-30.03267120109795,-36.12634283411866,1.549616775918576,0.0,-34.31518620588767,-35.70126211489643,2.363412079454182,0.0
1.24543988981706,2.6590772929084077,7.048051328786135,0.0,-12.023997371664803,-2.0456952923994085,1.0437501052508082,0.0,-51.09436670583397,0.6477397709130219,6.844556924173402,0.0,16.479050346147602,-36.75824609312775,2.9275032256471683,0.0,-30.045573827538924,-36.11804630394868,1.5639053688052034,0.0,-34.32217413880743,-35.69448772322679,2.3519133384119026,0.0
1.9648410451508502,3.6841667428580944,7.885260126693426,0.0,-12.013390239206963,-2.0466049829607678,1.0495749065027713,0.0,-50.84671116151481,1.1605675884561606,7.8271883810270335,0.0,16.460688064475427,-36.774264620072984,2.936724446210711,0.0,-30.067105182646173,-36.11323273245808,1.5917125282809916,0.0,-34.32985476746785,-35.686968587897134,2.3364596278334417,0.0
2.7913001478202153,4.581094191501093,8.751194811320858,0.0,-12.003316646457964,-2.0456476859373667,1.0558456898256772,0.0,-50.550092901214214,1.6139099980483724,8.68355153602237,0.0,16.441258020337543,-36.789120246259586,2.9508152616356877,0.0,-30.092471551456438,-36.1237700670327,1.6449361520387509,0.0,-34.337162731371606,-35.680102413432,2.3171169522870976,0.0
3.7105266812310758,5.33336759054313,9.611816816295406,0.0,-11.994202823455499,-2.0424242723095842,1.0606764000862885,0.0,-50.20136158265257,2.016939974124389,9.38871615857238,0.0,16.423633230544016,-36.804522315354056,2.9721671803008665,0.0,-30.11253455196472,-36.16252746646424,1.7355880817547629,0.0,-34.3430934924752,-35.674817183887335,2.295331807535689,0.0
4.70349361055266,5.952869818329646,10.449559645865298,0.0,-11.986022714505747,-2.037010451396553,1.0625887109207799,0.0,-49.79161391524999,2.386855814255931,9.945036880455158,0.0,16.41062271037195,-36.82200560088473,3.001255263290947,0.0,-30.11400213294419,-36.239195794918245,1.8718114565475599,0.0,-34.34680680562694,-35.67139264291273,2.273573319128234,0.0
5.750306078313106,6.466695824713323,11.263149043555364,0.0,-11.978126032023964,-2.029754472362636,1.0609282699090699,0.0,-49.30926560320092,2.7406961585777108,10.371673062536892,0.0,16.404515578397692,-36.84248055698293,3.0368624243407822,0.0,-30.08148293082204,-36.35721771316081,2.055040210234184,0.0,-34.347675285714125,-35.66958762762147,2.2545322267518024,0.0
6.83322646718098,6.903872355321811,12.060062462276413,0.0,-11.969303169136932,-2.02103238654897,1.0560416025465873,0.0,-48.74472485033637,3.0891046871893835,10.692990628056217,0.0,16.40675736339623,-36.86590209778116,3.076813936769888,0.0,-30.001028678258976,-36.513370273422936,2.28035850691073,0.0,-34.34531050658953,-35.66902994600388,2.2401329337623537,0.0
7.938627564249037,7.285696089297385,12.846119528192588,0.0,-11.958096541311313,-2.0110973574370203,1.0491628358840153,0.0,-48.09407392341968,3.4333173586855814,10.929814670051712,0.0,16.417818170076437,-36.89121223437751,3.118913001311329,0.0,-29.863637621047157,-36.700170493335165,2.540410681698937,0.0,-34.33960628385499,-35.669680190776255,2.2307505187955385,0.0
9.05801017220061,7.621491592751621,13.616471333261504,0.0,-11.943245069309894,-2.000040855242652,1.0420376236914848,0.0,-47.360091011516495,3.7657921180503386,11.095373934363968,0.0,16.43728998243165,-36.91662548457615,3.1616788566676206,0.0,-29.667074117018288,-36.90995325688726,2.830886225411592,0.0,-34.33082087826596,-35.67210778804355,2.225055099234149,0.0
10.188222660018202,7.909857404518728,14.351107697451997,0.0,-11.924092419992588,-1.987838028095593,1.0363483965766243,0.0,-46.550395332861946,4.073768253330815,11.195722200214693,0.0,16.46420705787453,-36.94016849464073,3.2045971252299363,0.0,-29.415071942754363,-37.13861015824186,3.154366648765568,0.0,-34.319664882820476,-35.67739403583418,2.2206132187972276,0.0
11.330655960046832,8.143624836151684,15.016200769543776,0.0,-11.90082764946083,-1.9744795839641314,1.03306571666951,0.0,-45.67383554833701,4.34401720507058,11.23297662481983,0.0,16.49748288906969,-36.96025764116036,3.2478621526740685,0.0,-29.11414491318487,-37.387170926915026,3.520097720277887,0.0,-34.307290179002344,-35.68666954442964,2.214874267145902,0.0
12.48904975948442,8.315573817614945,15.570283716953194,0.0,-11.874481938771588,-1.960167770241993,1.0319540927310964,0.0,-44.73694932075969,4.5667729209045955,11.209206285221537,0.0,16.536287795229434,-36.97607585794512,3.2918368468698613,0.0,-28.7694377332679,-37.66060186670205,3.9396185128939134,0.0,-34.29506127450351,-35.70045298291575,2.205986749634862,0.0
13.666080822398389,8.422289475614628,15.972376069088192,0.0,-11.846632875807167,-1.945412345043203,1.0314893722047547,0.0,-43.74213097386509,4.73744909871294,11.129215416615192,0.0,16.580229007031775,-36.987600278389436,3.3365457843805135,0.0,-28.381633866002787,-37.96454357737578,4.420544870353007,0.0,-34.28407743628176,-35.7180301416987,2.193164907052765,0.0
14.859737779370075,8.46514701497307,16.188793996196576,0.0,-11.818840464305609,-1.930792612507259,1.029293503870516,0.0,-42.68823296101928,4.8558554766225175,11.001444669358087,0.0,16.62930268391392,-36.995295821049176,3.381450367852315,0.0,-27.946441461880042,-38.30161678073737,4.9616442626697665,0.0,-34.2745668381335,-35.737149853032726,2.176676262375901,0.0
16.060915258527785,8.44901944696308,16.196535310624228,0.0,-11.791999127813689,-1.9163853850180343,1.0229457558159822,0.0,-41.5732114633083,4.9237149720238325,10.837232620372578,0.0,16.68369794231758,-36.99965576659264,3.425564303271347,0.0,-27.456753685189693,-38.66901773180219,5.5512905673461335,0.0,-34.26540838697666,-35.75430798871815,2.157657163480053,0.0
17.253408195633746,8.379861693983706,15.982879935962782,0.0,-11.765916395316246,-1.9012482482731037,1.010870437216484,0.0,-40.397582450533534,4.941979790827647,10.64922960153,0.0,16.743604039823317,-37.00084599186004,3.467744132381041,0.0,-26.906092602572507,-39.05833299964327,6.169387828561062,0.0,-34.25407178727988,-35.7657659805225,2.1378602950746775,0.0
18.416685342161,8.261909874593574,15.542361690190754,0.0,-11.7393728556887,-1.8834603904318166,0.9930103538739239,0.0,-39.16710790169875,4.909430126104974,10.449633421425162,0.0,16.809155128448598,-36.998633401970466,3.506905493430571,0.0,-26.29142403879109,-39.457345967899656,6.791310464513254,0.0,-34.23716786034024,-35.76915439841521,2.1191874217398503,0.0
19.530695702461458,8.09478229836895,14.873176198317434,0.0,-11.710684202708673,-1.8608886801654085,0.9711114000426075,0.0,-37.893384017778345,4.823189064838603,10.248445701779527,0.0,16.88052891274357,-36.99258956818857,3.542046227350088,0.0,-25.614124690287404,-39.85279711579575,7.392071706385548,0.0,-34.21157336601475,-35.76505519549482,2.102818344951695,0.0
20.580888383594147,7.87100976814623,13.975207635254506,0.0,-11.678499345892352,-1.832330146494169,0.9485527597178791,0.0,-36.59190710632197,4.680518480681318,10.051730981484498,0.0,16.95807470349243,-36.982390330538635,3.572164289810411,0.0,-24.879100156305704,-40.23290977111749,7.9494895079050725,0.0,-34.17573829493466,-35.757508879069434,2.0884287875841405,0.0
21.561217983664605,7.575217621039258,12.851138852837167,0.0,-11.642384380696278,-1.7983618840189117,0.9296975520798441,0.0,-35.278471591574366,4.480483249884349,9.860147621313972,0.0,17.042299895888615,-36.968003615779494,3.5962538352756273,0.0,-24.09294851423166,-40.588895671446174,8.44586035715151,0.0,-34.13049728391313,-35.75268373721074,2.074427301094543,0.0
22.47363889831548,7.1864525879460235,11.510851938528475,0.0,-11.60283351721034,-1.7613221168766406,0.9187695002884038,0.0,-33.965644182384565,4.22441125166476,9.668453448819779,0.0,17.13363708651227,-36.94967879360472,3.6134852577278025,0.0,-23.262254616303732,-40.91531137884609,8.868228405369651,0.0,-34.07895474950248,-35.756366625941446,2.058911167792882,0.0
23.32426826221517,6.684440043499443,9.978009869985517,0.0,-11.56076583654778,-1.7243912150202698,0.9184282291166941,0.0,-32.66091174741007,3.9151805917672515,9.466762612109026,0.0,17.232075364358543,-36.92781804304659,3.6234939245802398,0.0,-22.392668131403667,-41.20967795207969,9.207737573381847,0.0,-34.025615788625785,-35.77188160566175,2.0402997506268683,0.0
24.11813142550669,6.059026293907182,8.296605694295074,0.0,-11.517015235106854,-1.6904737643887646,0.9285149038037606,0.0,-31.367139251959266,3.5562768588717013,9.24384703871027,0.0,17.33684700532954,-36.90289502431611,3.6265665006695844,0.0,-21.488772205647052,-41.47191447888032,9.458728980239837,0.0,-33.97523174933561,-35.79946784300482,2.0174249841546477,0.0
24.855125759365762,5.320182903349529,6.53451621937594,0.0,-11.47234426905215,-1.6617282519185945,0.9455151540472997,0.0,-30.084990840018715,3.151678979201071,8.99183203959982,0.0,17.44634478863447,-36.87552754496501,3.62355592098403,0.0,-20.554390024443755,-41.703858068128,9.6180969057335,0.0,-33.931811430993285,-35.83710138997383,1.989245104562853,0.0
25.528970138003466,4.504387900359976,4.78115292516444,0.0,-11.428057667261994,-1.6398267339777952,0.9629676938482028,0.0,-28.816331464499687,2.7069992834055743,8.71054455339523,0.0,17.558325108908704,-36.846662746662155,3.615557782962174,0.0,-19.593070040240015,-41.90876164485567,9.68503533504946,0.0,-33.898349868413284,-35.88235671909095,1.95351344108113,0.0
26.128976407330327,3.6730664113929805,3.137773865497712,0.0,-11.386772865057502,-1.6264135971393774,0.9727610674449476,0.0,-27.567120455808663,2.2312418008769015,8.409203977026179,0.0,17.6703087858196,-36.81772015217988,3.6035700325604267,0.0,-18.60870422700684,-42.09054123496202,9.660956573402947,0.0,-33.88200794458399,-35.93992824096363,1.8931062643424479,0.0
26.643071725995178,2.9010896680107994,1.701772226110526,0.0,-11.352735527622148,-1.62341816970138,0.9671429941544218,0.0,-26.348084313453782,1.7375840315230509,8.10395840068602,0.0,17.78001117250861,-36.790542774666235,3.588373039970362,0.0,-17.606181298915356,-42.252730463369495,9.54922924730576,0.0,-33.85939178224799,-35.97914902148293,1.8793268820640492,0.0
27.060830108424277,2.257630371298431,0.548968423450992,0.0,-11.331341717215876,-1.633157642149662,0.9410096601698381,0.0,-25.17236758259548,1.2416852950402824,7.812012511046884,0.0,17.885651582237845,-36.76711632876936,3.5707006552153846,0.0,-16.591717470990655,-42.39735191629197,9.354522437318396,0.0,-33.839349629915425,-36.013638953162285,1.8657174986643295,0.0
27.376494680964438,1.785690236589403,-0.28087275930515254,0.0,-11.327959759628747,-1.6581165570493335,0.8937216400062624,0.0,-24.051425834472692,0.7576962251004042,7.545149098556914,0.0,17.986071251961857,-36.74916572250945,3.5515585544692723,0.0,-15.57243109391141,-42.52405190871675,9.081927760722301,0.0,-33.81940232035472,-36.04162044474292,1.851578632065678,0.0
27.592950913860463,1.4885966226452307,-0.7899404115552784,0.0,-11.346358199089865,-1.7001974102033284,0.829695482375568,0.0,-22.991825570096783,0.29409417758815426,7.30543118371839,0.0,18.0806571190047,-36.737838704485995,3.532436464027759,0.0,-14.555077809030688,-42.629833246697075,8.736421959598324,0.0,-33.797990523714276,-36.06215479301247,1.8363543582610031,0.0
27.729954637538597,1.3327111719804297,-1.0142554919946107,0.0,-11.387018287541204,-1.759391866192912,0.75746478631409,0.0,-21.994877955005755,-0.14832118302743869,7.084150647497376,0.0,18.169097061232915,-36.73364133918879,3.515217845327248,0.0,-13.544482410622582,-42.709557877935325,8.323240526067572,0.0,-33.77488647377355,-36.075425881580976,1.820014976278177,0.0
27.8278044895649,1.262028520235261,-1.0093208485653609,0.0,-11.445703120594818,-1.8322668299414646,0.6874864079793639,0.0,-21.05911826293285,-0.5754932953306211,6.8636623331064825,0.0,18.25102267755747,-36.73659350585233,3.5017689472801248,0.0,-12.542635832867255,-42.75714160299876,7.849238093349093,0.0,-33.75108123793433,-36.08278266916501,1.8031994237713072,0.0
27.937330827759887,1.2123309076254447,-0.8368922377794323,0.0,-11.513070580670082,-1.9111979877664167,0.6293478928405438,0.0,-20.18427675051318,-0.9969959282489143,6.621401651008355,0.0,18.325670646701585,-36.74638962098385,3.4933833069093136,0.0,-11.549257021365285,-42.76715606794679,7.324637044596074,0.0,-33.72822610970508,-36.08632014230068,1.786959773323142,0.0
28.109088625687654,1.12678226919894,-0.5495753899332687,0.0,-11.576288227830089,-1.9853882598882153,0.5892217739698378,0.0,-19.37492259901958,-1.4219513781386555,6.335355355927664,0.0,18.391760773447118,-36.76237621006806,3.490362080806598,0.0,-10.56386514906463,-42.73643733943203,6.764167725548792,0.0,-33.70794806563574,-36.08818289898671,1.7722388882901736,0.0
28.38195814167047,0.9666110656764033,-0.18242805015901808,0.0,-11.622709871414882,-2.0438446306426226,0.5684758174085296,0.0,-18.64200656438817,-1.8549666720849185,5.989923283722739,0.0,18.447727489740966,-36.78339258234694,3.4919692362101475,0.0,-9.588549703820407,-42.665248990289825,6.186729404015082,0.0,-33.69136794642183,-36.08998330621112,1.759413786177138,0.0
28.77181017187417,0.714158743937717,0.24515952767475113,0.0,-11.644113781366533,-2.0790313129333455,0.5640095474458349,0.0,-18.001137143794534,-2.2930063217085648,5.58069302653449,0.0,18.492241506337304,-36.8077349727411,3.496829557570125,0.0,-8.630179279682203,-42.55758244846145,5.61329102560492,0.0,-33.67895128150785,-36.092583755696836,1.7481825536334625,0.0
29.264087180332922,0.37066052327129473,0.7204222746538065,0.0,-11.639395451208188,-2.0892456562913537,0.5700410821508495,0.0,-17.467826597979975,-2.7243284956621054,5.116692849441787,0.0,18.524788215576834,-36.833466520518726,3.5036062775163153,0.0,-7.700907245090336,-42.42034022644674,5.063510144848359,0.0,-33.67061226573691,-36.09620225344186,1.737833696747252,0.0
29.813904842064037,-0.04811551712176865,1.2264101045829126,0.0,-11.61461436556885,-2.0786122558769495,0.5803229078462877,0.0,-17.051631833201064,-3.130394952759181,4.619444438398526,0.0,18.546068394142814,-36.859013646867595,3.5116104635367,0.0,-6.816385504788565,-42.26143018606242,4.552135044720554,0.0,-33.665904218495186,-36.100635914991265,1.727706290642951,0.0
30.355257476286443,-0.5162776914813785,1.7349197780919337,0.0,-11.580751516959388,-2.0550572421634588,0.5897687424790998,0.0,-16.75185676212063,-3.4905239695721573,4.119239366384917,0.0,18.55809642712062,-36.8837029209156,3.520988630747464,0.0,-5.9919329583253855,-42.08716993411601,4.086446433151309,0.0,-33.66416364901751,-36.10544290214674,1.717568707204089,0.0
30.817462878535057,-1.001719590634166,2.206944003336247,0.0,-11.550208820915238,-2.0274824128184505,0.5951077471114825,0.0,-16.55654588394827,-3.787602064762714,3.6497784739507946,0.0,18.563970640223676,-36.90784705823002,3.53236928243067,0.0,-5.23781291609698,-41.89978491974023,3.6657115248471666,0.0,-33.66456640326613,-36.11005480490301,1.7077273060017752,0.0
31.143685619461184,-1.470015574197702,2.6009444577931973,0.0,-11.533061445588006,-2.0033358856316594,0.5948320892628232,0.0,-16.444640925850376,-4.012585477140591,3.2423080970445053,0.0,18.567360870234502,-36.93224785583257,3.5461925635273417,0.0,-4.5553588004747105,-41.69598960475458,3.2829484215049796,0.0,-33.6661420788295,-36.1138657688957,1.6988443325710456,0.0
31.30538642948268,-1.8887767412842624,2.8851570378559863,0.0,-11.53406390321217,-1.9872226792507233,0.5889237734723203,0.0,-16.389935246905665,-4.166272014006078,2.9201016150642882,0.0,18.571833940524225,-36.95738326782585,3.5621465021953007,0.0,-3.935577173901134,-41.46747039090452,2.9285166540069056,0.0,-33.66782917470607,-36.11634175164652,1.6915948461179315,0.0
31.30838995594624,-2.232250970286362,3.04781597291044,0.0,-11.551455593757971,-1.9805602054885254,0.5786411631993236,0.0,-16.365534707674264,-4.258200793151795,2.694173350769711,0.0,18.58020048827206,-36.98278996269031,3.579039604995115,0.0,-3.3610295964352206,-41.203556702972946,2.5944663838621036,0.0,-33.66861626828555,-36.1171609843836,1.6863507186769304,0.0
31.18934347912836,-2.485348606200713,3.1003646492683057,0.0,-11.578135775315133,-1.9819725679003515,0.5663207603817906,0.0,-16.34816631625834,-4.303503516417522,2.5613847752621925,0.0,18.594066212800886,-37.007044467838845,3.595144512497237,0.0,-2.810569353632796,-40.895652687387205,2.278284466932746,0.0,-33.667734217630155,-36.116358760031424,1.6830287038298586,0.0
31.004118503347474,-2.6460639423395085,3.072579290024434,0.0,-11.604711918453784,-1.9881941653675534,0.5549806994226998,0.0,-16.321814125764625,-4.318824746949876,2.505902186749557,0.0,18.613700096027735,-37.02836423911076,3.60878297728177,0.0,-2.2653379745668025,-40.542225650712595,1.9846638034292248,0.0,-33.664808576122304,-36.11441243162696,1.6811341232535426,0.0
30.811915779531493,-2.7253636236707157,3.002409451182542,0.0,-11.623036896082166,-1.9953357808333871,0.5475923781473284,0.0,-16.279809432503065,-4.318494841551002,2.50389092221992,0.0,18.638232327344088,-37.0454688891058,3.618844118876005,0.0,-1.7138043097496616,-40.152445118288554,1.7243711721067445,0.0,-33.65989472419957,-36.11219402630179,1.6799504270361787,0.0
30.660160435042286,-2.7441180804923375,2.92504000792856,0.0,-11.628790493646967,-2.0002016209837494,0.5461574043348527,0.0,-16.22449913313473,-4.312138843336505,2.529904413402379,0.0,18.666100157047836,-37.058203382770756,3.6250235467385874,0.0,-1.1539670878789474,-39.746437639354596,1.5103958064641372,0.0,-33.653385098035386,-36.1107673744572,1.6787939368819078,0.0
30.574840503040036,-2.7276495092614965,2.8649510690123368,0.0,-11.622303873160652,-2.0011859383491455,0.5509882388420042,0.0,-16.16436973486705,-4.304453352295136,2.5626824493415192,0.0,18.695586595184565,-37.06759258987817,3.627740735922849,0.0,-0.5921219450533579,-39.35124738160336,1.3529728538878967,0.0,-33.64584261544762,-36.11109330864141,1.6772447841694067,0.0
30.55861382802109,-2.6995281828122017,2.8328055267730647,0.0,-11.607651893673676,-1.9984459831268158,0.5606047010350217,0.0,-16.109562663096096,-4.296857125738766,2.588541822909235,0.0,18.725269061337627,-37.075338243225076,3.6278431627347665,0.0,-0.03915868381522358,-38.993803482214155,1.2558491248538015,0.0,-33.63783264797015,-36.113764537913866,1.675264460677706,0.0
30.595941812390677,-2.6766442649240805,2.827045392492195,0.0,-11.590656462339155,-1.9934315448958744,0.5723593747080464,0.0,-16.067423274399964,-4.289753123174693,2.6017675154422406,0.0,18.75423719640482,-37.08305942646809,3.626279911896953,0.0,0.4936971012608167,-38.69402085782293,1.215638278740613,0.0,-33.629801100820984,-36.11887652919144,1.6731410669138373,0.0
30.66219277683168,-2.667006793663087,2.8386634395305723,0.0,-11.576698747387088,-1.9880899169343351,0.5834754674448277,0.0,-16.039768404874216,-4.284025520647978,2.6025686972548563,0.0,18.78204087399654,-37.09166240476632,3.6239003068235345,0.0,0.9978871929054711,-38.46108351706058,1.224597510723406,0.0,-33.622013260102115,-36.12606683566422,1.6712815158400964,0.0
30.732950043917576,-2.6705231912644916,2.8568949323856696,0.0,-11.56914051080971,-1.984041329477245,0.5919317389003709,0.0,-16.022923267291617,-4.281200238270828,2.5938454318188615,0.0,18.808445118197536,-37.10110609543657,3.6214230242364636,0.0,1.4683419858649573,-38.29396385772237,1.2754960764834813,0.0,-33.61454880843838,-36.1346731744449,1.669959067082086,0.0
30.790625905030616,-2.6818721208107927,2.8736697206122734,0.0,-11.568800688738204,-1.9819353440238654,0.5967692662727977,0.0,-16.01038412442384,-4.282684795183224,2.578220000480913,0.0,18.83315099822589,-37.11061407514159,3.6194990089086296,0.0,1.9023091052367795,-38.18480403233224,1.366126529831126,0.0,-33.607340621529886,-36.14392103720049,1.6691542282342766,0.0
30.827190142283705,-2.694046222568641,2.8855439405705514,0.0,-11.574442829941106,-1.9812038192862778,0.5978253000407125,0.0,-15.99661691775987,-4.288944877647574,2.556499897931948,0.0,18.855663969152772,-37.11919106347573,3.618743723384288,0.0,2.2973477919543317,-38.1225255270002,1.5008429551508886,0.0,-33.60024197744813,-36.153075180055325,1.6685646379610386,0.0
30.843423197634962,-2.7013076935851092,2.8930864994529752,0.0,-11.583780900199034,-1.980358412610352,0.5952698380442083,0.0,-15.979843351858772,-4.299276814925296,2.527934211588221,0.0,18.875434721762872,-37.12619155675098,3.6196683162427874,0.0,2.6501902851540367,-38.09450240680874,1.6875363048193979,0.0,-33.59310282929976,-36.16154180165536,1.6677512890961985,0.0
30.846014769463743,-2.7008637631536008,2.898720580481138,0.0,-11.594344715310307,-1.9776808095123188,0.5893675629346529,0.0,-15.9623291607221,-4.312309085030746,2.491656510252655,0.0,18.892249226393222,-37.13167517987247,3.6225406993291234,0.0,2.957849765156506,-38.085778672566875,1.9305579038346483,0.0,-33.585827111231545,-36.16893176451267,1.6663153261945478,0.0
30.844025187209716,-2.693154022921868,2.9044052642379317,0.0,-11.603790039236317,-1.971877162434219,0.5806450774022629,0.0,-15.948289399829434,-4.326828130630289,2.44819955485198,0.0,18.90665157493406,-37.13638198890632,3.6272770338886087,0.0,3.2208570898654583,-38.07704329323723,2.222563258026259,0.0,-33.57838185655885,-36.17507811763338,1.664003160191017,0.0
30.84592219850682,-2.6810457984652505,2.910270025667435,0.0,-11.609750807957134,-1.9623552641406912,0.5703008412207353,0.0,-15.940918992866038,-4.342292593304855,2.4001809965070287,0.0,18.920091200888432,-37.141357014993865,3.6334558645658763,0.0,3.446554994499785,-38.0436601725848,2.539656200798831,0.0,-33.57075323274846,-36.179988074521,1.660698576948116,0.0
30.857781103474267,-2.6684255075295145,2.914654785657657,0.0,-11.609750788192875,-1.9491416791444207,0.5604562070547665,0.0,-15.940363357405559,-4.358688653797643,2.3518839405315646,0.0,18.934623091320606,-37.14745120729829,3.6404613025962362,0.0,3.6496369993715496,-37.95815817761712,2.8433019449696157,0.0,-33.56288202198546,-36.18373600520115,1.65633416945629,0.0
30.882570935508223,-2.6586972051355806,2.9152912145009875,0.0,-11.60168329264383,-1.9327288346395646,0.5538959551637284,0.0,-15.943642445189205,-4.375949684619442,2.308039792001388,0.0,18.95228089099901,-37.15499757437734,3.6476543326557014,0.0,3.848414153612018,-37.7970132089806,3.089587968705114,0.0,-33.554622751896375,-36.186349221536005,1.650804111835015,0.0
30.920128284549975,-2.653625545445329,2.910846723499681,0.0,-11.58491236254203,-1.914123491838474,0.5532990071762214,0.0,-15.94629773469249,-4.393472428905704,2.272421647197806,0.0,18.974441939823446,-37.16385202190953,3.654438211756526,0.0,4.057996066531905,-37.54965239693729,3.2427470876532123,0.0,-33.545745914462714,-36.187754309369666,1.6439579071753148,0.0
30.9675527830492,-2.6528530207402277,2.9019459923471036,0.0,-11.561480049686555,-1.895119736782238,0.5603353406285176,0.0,-15.944633461264313,-4.410075828615997,2.246837085031693,0.0,19.001455696635844,-37.173761208399974,3.6601663146287375,0.0,4.284107555910767,-37.22550196110835,3.2868726816933673,0.0,-33.535977426784754,-36.187819164480544,1.635688333214043,0.0
31.020016609036936,-2.654263192614046,2.8911745247517224,0.0,-11.536597830707718,-1.878554066749154,0.5750676509230033,0.0,-15.93728516695176,-4.424345258547956,2.230856659230758,0.0,19.03261154151246,-37.18480893287126,3.663980030668398,0.0,4.521366479124769,-36.8548621728776,3.229897435242693,0.0,-33.52507207860661,-36.18646889526158,1.626039098213628,0.0
31.072000242971583,-2.6550601466343347,2.8822093166996225,0.0,-11.51769583466963,-1.8681648624528222,0.5958381924340266,0.0,-15.925383325327411,-4.4350711688875215,2.2222848634374017,0.0,19.066379895542095,-37.197623324790136,3.6647689506031735,0.0,4.756769320086487,-36.48155816368039,3.0982973294409923,0.0,-33.51292339562572,-36.183810639714636,1.615237332339257,0.0
31.118745313073788,-2.653048214664677,2.878618049345798,0.0,-11.51173140083284,-1.8676846114379329,0.6195675674195087,0.0,-15.911402585784739,-4.441538559583748,2.218104673120715,0.0,19.100830018201723,-37.213157477480394,3.6614329008360507,0.0,4.975556240161242,-36.149608319195366,2.926513388701448,0.0,-33.49967820556983,-36.18019532204035,1.6036344661891189,0.0
31.157501741798768,-2.6474467871459373,2.882801168718764,0.0,-11.521104232260313,-1.878974676860194,0.6423820806824203,0.0,-15.897467895377288,-4.44359780032868,2.215471390374679,0.0,19.134121781094187,-37.232134703013564,3.6534441389973775,0.0,5.165992661745942,-35.890165002066816,2.7468957906124842,0.0,-33.485767575046836,-36.176175803999115,1.5916273830149574,0.0
31.188113783778853,-2.638878614053679,2.8952957108403226,0.0,-11.539280690020266,-1.8994296348530728,0.6606158644004463,0.0,-15.884093477032916,-4.441574996510998,2.2123532196585227,0.0,19.16494224310259,-37.254505909245964,3.641435997712838,0.0,5.321697193092135,-35.71470984199868,2.5833998421482764,0.0,-33.47177143147437,-36.17238000069027,1.5796285967662467,0.0
31.212662341827148,-2.628695777353112,2.9145385870214255,0.0,-11.547863919201689,-1.9194671324714987,0.6722726959380587,0.0,-15.869969371950102,-4.436118301881638,2.2076437876945523,0.0,19.192762300651548,-37.27930419690507,3.6274156006488987,0.0,5.441966546295985,-35.61609508661419,2.4491816500161274,0.0,-33.458144599602214,-36.16937487310445,1.5680878574878054,0.0
31.234242524973443,-2.6181403347151857,2.9371789468910894,0.0,-11.516945574927913,-1.92142978802429,0.6789018155519813,0.0,-15.852753880381526,-4.4280495075749915,2.200894629671483,0.0,19.21785685939435,-37.30504623414875,3.6143900512044205,0.0,5.5308194189905215,-35.57493885329633,2.3471958807312916,0.0,-33.44496091290957,-36.167607095008364,1.5575469921341387,0.0
31.255402090091852,-2.607810517305822,2.958940662456401,0.0,-11.409785578726652,-1.8812473298059595,0.6875859450604356,0.0,-15.830328111549631,-4.41823344561864,2.1920057966944295,0.0,19.241120350924376,-37.33048646845798,3.6055786048183087,0.0,5.595258715131138,-35.56767990689926,2.272914829271574,0.0,-33.43184675393239,-36.16744616450964,1.5487483900887042,0.0
31.277020550129514,-2.59763592795965,2.975841503606567,0.0,-11.191270622446474,-1.773396634304313,0.7123765548094525,0.0,-15.80187641757817,-4.407461717641825,2.1811349730767002,0.0,19.263754810834158,-37.35532763696658,3.6036165369678574,0.0,5.643280007451364,-35.57339153341843,2.2181024859207685,0.0,-33.418152562212754,-36.16926711448385,1.5428040586885547,0.0
31.298230741465158,-2.5872493328402033,2.9854095885090626,0.0,-10.837835857876996,-1.5781838494536915,0.7741199610075098,0.0,-15.768395453193182,-4.3963954493711945,2.168833043627375,0.0,19.286893776407002,-37.38053631960671,3.6100642932022193,0.0,5.682159778069882,-35.57781256534526,2.1743859909467087,0.0,-33.403259480152826,-36.173468824552394,1.5413109360282728,0.0
31.31745454121103,-2.5764354719280886,2.987473994083169,0.0,-10.345451431015697,-1.2888965328587902,0.8975483328793663,0.0,-15.732554608618653,-4.38561692261503,2.1562051910864337,0.0,19.31119887604397,-37.40811581863452,3.6252703703900284,0.0,5.717328428546111,-35.57435758505845,2.1356675700925933,0.0,-33.386852271943155,-36.18035798625989,1.5461868131498644,0.0
31.334041242149315,-2.565345874735717,2.9841784415365638,0.0,-9.73248016950739,-0.9157981511609252,1.1052935353438151,0.0,-15.698039315484163,-4.375726312092343,2.14487327972431,0.0,19.336488082583998,-37.440404515895665,3.648452011623103,0.0,5.751876403702375,-35.56281914361862,2.099075725035169,0.0,-33.369024013748714,-36.18989343374484,1.559053877090646,0.0
31.3496164328211,-2.5543909949073313,2.9791649664232924,0.0,-9.035804035710662,-0.484730158061347,1.4102630299570391,0.0,-15.668594967891586,-4.367315568845427,2.136655864818664,0.0,19.36152347463932,-37.479114400210435,3.677858526087663,0.0,5.786636762473787,-35.546876387944444,2.0646938897246745,0.0,-33.35015289951319,-36.20133947192093,1.5802228409200634,0.0
31.3682603909257,-2.5439845018511726,2.9763273961570214,0.0,-8.301084114292756,-0.030289062428394686,1.809635565184763,0.0,-15.647044294226125,-4.360733923294546,2.1330603101080197,0.0,19.384125452859863,-37.52439288665092,3.7110040296154008,0.0,5.820770679451623,-35.5314531988315,2.0344923633071037,0.0,-33.33055679779562,-36.212942966078664,1.6076168652716962,0.0
31.395145947588837,-2.534387028855927,2.9787679452848703,0.0,-7.570389342157566,0.41370714648520845,2.2838178169722427,0.0,-15.634586440799463,-4.355793030808199,2.1347811207275367,0.0,19.401720289949488,-37.57420988982969,3.7450719980943585,0.0,5.852711557564783,-35.5206649591778,2.010874201499515,0.0,-33.30999389319135,-36.22185918277023,1.6362044420600252,0.0
31.434096055644318,-2.525717543486454,2.9883256779301224,0.0,-6.8715673805217845,0.8223878750635709,2.801346710887258,0.0,-15.630610570964064,-4.351710036096964,2.1413960509769367,0.0,19.412281932250597,-37.62436530090549,3.777589250578073,0.0,5.881173836538294,-35.516713871887035,1.9952833687462075,0.0,-33.28717554365895,-36.224644564198364,1.6585887967393997,0.0
31.485205508992067,-2.517965030457242,3.0055392064947117,0.0,-6.2128746357233995,1.1837026972130946,3.3275211781144236,0.0,-15.633041528371022,-4.347471421545642,2.151389041325576,0.0,19.415465181593866,-37.66935853612257,3.8072990379236575,0.0,5.905843179575636,-35.51971222021544,1.9873950003566563,0.0,-33.25958059569221,-36.218564009858845,1.6672294340944571,0.0
31.543811374069346,-2.5108152172426674,3.0297074318104897,0.0,-5.583967188772684,1.497584745405634,3.832887061437379,0.0,-15.639003302039677,-4.342482383241841,2.162526662785675,0.0,19.413601730255557,-37.70420092185084,3.834925610834338,0.0,5.927503656206753,-35.52814617740816,1.9852080335464937,0.0,-33.223903665473394,-36.20363565095137,1.658283498368359,0.0
31.60157858294681,-2.5033642076043847,3.058985572627696,0.0,-4.961831774711667,1.7719328790764841,4.298407528581453,0.0,-15.645500012227322,-4.337106710286279,2.1724779422501044,0.0,19.41217822585559,-37.72696125417755,3.8634081485597758,0.0,5.947670382838417,-35.53963077053087,1.985847303018593,0.0,-33.1772950741541,-36.18484528538656,1.6363123270425781,0.0
31.64942858166612,-2.4940473414072093,3.0907718783614477,0.0,-4.318831201854516,2.0175130893465063,4.716213689448213,0.0,-15.6499170991347,-4.332724686571165,2.179455438654882,0.0,19.41947117192998,-37.74149624779887,3.8973010404575437,0.0,5.968009698130646,-35.551681655897376,1.9865235732194861,0.0,-33.119122897784045,-36.1735434388753,1.6183692640349445,0.0
31.680955776296237,-2.4810390858351385,3.1225386649185403,0.0,-3.630048488585249,2.243500128994267,5.086789324370896,0.0,-15.65033300634964,-4.3312251982472665,2.182641797526591,0.0,19.445206853724468,-37.75957939581304,3.941341558154532,0.0,5.98981903726181,-35.56231921861133,1.9852079353688943,0.0,-33.052469415324445,-36.18695581086394,1.6356863208360526,0.0
31.694615955639364,-2.463014269685981,3.152819860823266,0.0,-2.8780946441142214,2.454683967755342,5.414503708768245,0.0,-15.645746939755549,-4.334169994473754,2.182257580133781,0.0,19.49845113609634,-37.80164237122632,3.998585783857118,0.0,6.013733284800192,-35.5703950305411,1.9809140448214464,0.0,-32.98428570133955,-36.24516402858584,1.7316170651351381,0.0
31.693743775365693,-2.4398675242709906,3.1817733949447913,0.0,-2.0548020818303767,2.650683247579879,5.703536311865228,0.0,-15.636267210116971,-4.342006257796477,2.179280884032762,0.0,19.58536232369518,-37.89564694039063,4.068913907414224,0.0,6.039732429491439,-35.575622286601075,1.9737001371351024,0.0,-32.923385896888675,-36.365814774332385,1.9555526526634335,0.0
31.68481971369534,-2.4130026058054113,3.210875163596997,0.0,-1.160265777112314,2.826922339502646,5.955712281433246,0.0,-15.623106953553865,-4.353649705584659,2.174985901668725,0.0,19.70778632756551,-38.07413779741995,4.14890274836959,0.0,6.0674291627756425,-35.57840598229683,1.9645073191638645,0.0,-32.87636260072777,-36.55789929001641,2.35365618386834,0.0
31.675251529422777,-2.3850430864018537,3.241735591927304,0.0,-0.20033069632626221,2.9766856692093064,6.170812824195862,0.0,-15.608137588803102,-4.366629042830704,2.1705329078591156,0.0,19.86361060090868,-38.37006410405428,4.233798790735156,0.0,6.0964935708416945,-35.57963786729518,1.9548637848316943,0.0,-32.84276869924963,-36.816776142978426,2.957991970782256,0.0
31.67166162910934,-2.3591102854725916,3.274524314253968,0.0,0.8162123649806414,3.093368984728391,6.348773916686067,0.0,-15.592995806818418,-4.377802716200397,2.1667556582018115,0.0,20.04904071846157,-38.81223883036123,4.321512331448062,0.0,6.1269838158614744,-35.580575388573884,1.946457982723306,0.0,-32.81190645202722,-37.12280633695177,3.776174912515132,0.0
31.678808122069793,-2.3380481854406354,3.306855174258816,0.0,1.8797838842052965,3.1721799398826374,6.49228397892881,0.0,-15.578177278001478,-4.384406959657429,2.164127845131958,0.0,20.261729085888664,-39.42117403684379,4.417424495757766,0.0,6.159384603901889,-35.58279535360184,1.9406476024090065,0.0,-32.763481848492006,-37.445197110992424,4.784584036191084,0.0
31.698842342858466,-2.324014370364282,3.3339195456467365,0.0,2.9812418561105782,3.210923907552843,6.6081559628828375,0.0,-15.562683478079785,-4.384987273250548,2.1627995457861626,0.0,20.502842718843798,-40.20551663807672,4.53785733188813,0.0,6.19432675298681,-35.58810436788815,1.938047085530913,0.0,-32.6726292168522,-37.75061280020395,5.928914882046405,0.0
31.73090825380877,-2.3185984084637004,3.3499814028765993,0.0,4.112507772588646,3.209932336537678,6.70661741486402,0.0,-15.54440588201643,-4.379797462389739,2.1626327880633234,0.0,20.776603352568145,-41.15878440404992,4.709826320170221,0.0,6.232166723124569,-35.59827051699988,1.938342542485616,0.0,-32.51694889815603,-38.01328215385507,7.13424342451272,0.0
31.771457868058853,-2.3231976816889435,3.350492524625164,0.0,5.267078347636182,3.171452813039595,6.798854002629375,0.0,-15.520920209685809,-4.370525771250992,2.1632488183172534,0.0,21.0875033026836,-42.2563547972948,4.965482403549819,0.0,6.272688288010599,-35.614530931380784,1.9404003750031968,0.0,-32.28154350972979,-38.221760716529765,8.32194960007487,0.0
31.81550232267427,-2.339118545933871,3.3337836150737825,0.0,6.440519878480325,3.0988678811913513,6.894001724886143,0.0,-15.490207519191797,-4.359515754987406,2.164133199988571,0.0,21.437132673947957,-43.45414184018019,5.331613511686442,0.0,6.315098521653134,-35.636996907906344,1.9426159522451982,0.0,-31.959628713636143,-38.37923232301047,9.42630141996771,0.0
31.858485549740156,-2.3670450715804336,3.301693039652333,0.0,7.630531779033028,2.9960159588306663,6.996859228529891,0.0,-15.45104800670413,-4.348814630680273,2.164812290457766,0.0,21.823038637642895,-44.691882725561356,5.817533146639482,0.0,6.358325482999721,-35.66423671570251,1.9433682836926316,0.0,-31.549786312652646,-38.49821328184658,10.403979769080188,0.0
31.898046847639126,-2.406035551689596,3.25906815943433,0.0,8.836068490428435,2.8667560650316712,7.107012093974588,0.0,-15.403116804736921,-4.339408673337879,2.1650472276714012,0.0,22.240859051604353,-45.902889360139085,6.40714186636696,0.0,6.4015011864895515,-35.69335706684235,1.9414360413760505,0.0,-31.052830027997167,-38.59330865984207,11.234874570122814,0.0
31.93490937116813,-2.452678750696255,3.2123707647373525,0.0,10.055484439005342,2.7148000752006656,7.219305308873411,0.0,-15.346906035827555,-4.330948379857039,2.1649355895514883,0.0,22.68890990605125,-47.027894162158134,7.060126958303689,0.0,6.4444552620786055,-35.720752490371396,1.9362606651924192,0.0,-30.47032450248676,-38.67552402553963,11.917128663474127,0.0
31.972476570272548,-2.5011289718099214,3.1677729412661932,0.0,11.284431481533085,2.543706763007094,7.325067678233083,0.0,-15.283536865779647,-4.322095373683096,2.16482317113541,0.0,23.17287807421841,-48.02690402076898,7.722265936500838,0.0,6.488021947046649,-35.743362149484454,1.927985861558005,0.0,-29.80478227078812,-38.74976513511547,12.460521086076824,0.0
32.015293519213394,-2.5443639555317525,3.1293780528277395,0.0,12.514726611059942,2.356790142765284,7.413302563850384,0.0,-15.214468657084824,-4.311331526266963,2.165024209489877,0.0,23.708219409719405,-48.88392949986,8.33933146012444,0.0,6.533973761652748,-35.75991218759558,1.917266444899692,0.0,-29.032089161473166,-38.795259352095975,12.864319037940945,0.0
32.06710884393607,-2.5763337405367888,3.098315740690257,0.0,13.735124167648241,2.1566656106722153,7.471188645121782,0.0,-15.141148518021467,-4.297812809706603,2.165465284045183,0.0,24.319026270208962,-49.604022383735845,8.867914790095549,0.0,6.584488273063103,-35.77146337547135,1.9049259706519273,0.0,-28.18890331716439,-38.829918122742114,13.178432460708853,0.0
32.12950675256018,-2.59407476908924,3.0730689538535714,0.0,14.933952804195076,1.944357882418137,7.483664308289287,0.0,-15.06472789516095,-4.2818254649085485,2.1654279966484147,0.0,25.03356190482088,-50.205605334451036,9.27968933280852,0.0,6.641264428459203,-35.78082017978449,1.8916134226633066,0.0,-27.28376039573666,-38.85030042584931,13.408626836612136,0.0
32.20172314995038,-2.598792967560847,3.0506689761007113,0.0,16.10256836699966,1.7182255327197336,7.4325141279663915,0.0,-14.985990355315167,-4.2646409970975885,2.16353916760443,0.0,25.87774127374654,-50.71157475540237,9.559574254428112,0.0,6.7046517699155155,-35.79097970913174,1.877606174455611,0.0,-26.321774940759163,-38.85374179051683,13.56763074984659,0.0
32.28153217749697,-2.5954466007363024,3.027971381959418,0.0,17.23809838420879,1.4731915839338168,7.2959812666293,0.0,-14.905518523679657,-4.247906786620835,2.158053767269033,0.0,26.86849078988148,-51.14165995460161,9.700422213170148,0.0,6.773252578119358,-35.80346855952247,1.8627955087728267,0.0,-25.30513798658744,-38.84018489181021,13.665098056455559,0.0
32.36653869549258,-2.5910663617856087,3.002415001089604,0.0,18.344090259829294,1.2008058553444538,7.050160940597272,0.0,-14.823935226118682,-4.232939949269671,2.147329214590396,0.0,28.009136283171717,-51.5076043063835,9.697250264753645,0.0,6.8442778388910295,-35.81760142184145,1.8467162538326676,0.0,-24.233133031391326,-38.8123775340925,13.70588823787602,0.0
32.455168366645275,-2.592482445308854,2.9721604641115356,0.0,19.428271173388133,0.8905470556393578,6.673049300592201,0.0,-14.741958656567556,-4.220289940841038,2.130271469051854,0.0,29.288538370778546,-51.8118254509454,9.543404259894015,0.0,6.914551466453793,-35.83115551124765,1.8284456598556122,0.0,-23.103274976688198,-38.775279719462425,13.68937049448592,0.0
32.54698386820563,-2.6042047315148427,2.93586645571904,0.0,20.49759514268289,0.5325466078936092,6.151125398633862,0.0,-14.66014785241232,-4.20972158590838,2.106532957905097,0.0,30.68444645273877,-52.04896178539069,9.22982227511169,0.0,6.981692663167195,-35.84201007824375,1.8065136976203569,0.0,-21.912971625979587,-38.73484439728276,13.609956128329031,0.0
32.64235597025657,-2.6270869577745515,2.8924580195740557,0.0,21.551976480200356,0.12156489544061344,5.487011322850287,0.0,-14.578492489525829,-4.200502829845024,2.0763910168711526,0.0,32.16980373558052,-52.208686321160414,8.747088010589977,0.0,7.044918073748416,-35.84965220115604,1.779253848740714,0.0,-20.661057432790095,-38.69656306283777,13.459209024755129,0.0
32.74178008301972,-2.658181175295788,2.8411624309614023,0.0,22.579186138910895,-0.33850135409744553,4.7055590247692844,0.0,-14.496173238222976,-4.191759030485484,2.0404353849604444,0.0,33.71943406427891,-52.27815227597432,8.088758920462055,0.0,7.105132591356383,-35.85567017828303,1.7455594641775054,0.0,-19.348825963959094,-38.664257061226174,13.229278603038328,0.0
32.84520621535638,-2.6918308708320424,2.7819032382887166,0.0,23.553597627675632,-0.8310932442305647,3.855220060442818,0.0,-14.411745482238059,-4.1827519840750504,1.9992801036203023,0.0,35.31453582011518,-52.24330071328279,7.254040801355957,0.0,7.164311728373498,-35.8631370426833,1.7054041604983912,0.0,-17.980567932286466,-38.6394685586379,12.916577675800482,0.0
32.95164763397117,-2.7216279451708543,2.7158618653107442,0.0,24.440226153625833,-1.326638500152547,3.002413451232699,0.0,-14.323754977201524,-4.173125246981002,1.9534400696525935,0.0,36.94360078610195,-52.089182879600514,6.248510844102205,0.0,7.224495682310318,-35.87537451304616,1.6597785970237506,0.0,-16.56379392775439,-38.62155785202776,12.524179837724283,0.0
33.05911211540694,-2.742543848899511,2.6457632877095403,0.0,25.203114315852467,-1.7871295460943584,2.2191289309620643,0.0,-14.231550224439335,-4.163209559089456,1.9033924641220281,0.0,38.59981994870018,-51.79996783479062,5.083048965585666,0.0,7.286911496112631,-35.89478705408471,1.6103052229761463,0.0,-15.109180850667418,-38.60840486112362,12.061754828163926,0.0
33.164739666170114,-2.752478796388314,2.575496108476532,0.0,25.815044279930195,-2.175101320180736,1.5672177807698144,0.0,-14.13594682488705,-4.154320627680068,1.8497834252741594,0.0,40.275998610300675,-51.35964747138111,3.7727118285688643,0.0,7.351617711265469,-35.92228250790066,1.5588814895739542,0.0,-13.630025560354756,-38.59744278541359,11.54293606994387,0.0
33.26507519311941,-2.7526990426609945,2.5091187776804826,0.0,26.265195348384538,-2.4637137835522855,1.0845932244244203,0.0,-14.039462044616807,-4.148764392833073,1.7937113725618286,0.0,41.95852767417904,-50.75482056900268,2.337944362743288,0.0,7.41769645534175,-35.95731990449026,1.5074320631193423,0.0,-12.140999351051342,-38.5865835558984,10.981286474031776,0.0
33.35654255568836,-2.747055177109384,2.4497652464781385,0.0,26.562390356423712,-2.643941505504629,0.7778374529610277,0.0,-13.946002803089673,-4.1492596133319735,1.7369655726861843,0.0,43.62237814566539,-49.98082762290789,0.8093519590934086,0.0,7.483721685877074,-35.998253303330785,1.457670087040242,0.0,-10.656424196040128,-38.57455131235532,10.386776453968432,0.0
33.4361881627397,-2.74029758763955,2.3990011396360345,0.0,26.732962300357965,-2.7263337181865976,0.6234877435197177,0.0,-13.860054926099767,-4.157800938645115,1.682054928849949,0.0,45.22935557525778,-49.05100785511219,-0.7657122413312969,0.0,7.548173959106813,-36.04267663329572,1.4108227750219111,0.0,-9.188787227597736,-38.56038414256282,9.764459987626692,0.0
33.50259203226882,-2.736104274621128,2.3568021629535227,0.0,26.81400166194791,-2.736866711463813,0.5774033127260791,0.0,-13.785571395811505,-4.17443228116445,1.6319013175845676,0.0,46.731436247543236,-48.00578558904898,-2.3195174606615687,0.0,7.609604144924593,-36.08771816259029,1.3674197465981663,0.0,-7.748259997453577,-38.54232444524922,9.115957547162493,0.0
33.55665128190343,-2.735566170649047,2.321943624061019,0.0,26.844397251976126,-2.7086494484612267,0.5887714269629143,0.0,-13.724922443869904,-4.196654821110482,1.5892188687166193,0.0,48.07931482978142,-46.91524055576007,-3.7683236863976415,0.0,7.666565820860603,-36.13035686738047,1.3272700146855065,0.0,-6.343489590538272,-38.51671094134405,8.443016242028968,0.0
33.60182998209514,-2.736747365636264,2.2925386010649405,0.0,26.85667387026191,-2.6727895018566876,0.6138614718271711,0.0,-13.678358484685354,-4.220014760897128,1.5557916193503125,0.0,49.23360023640619,-45.86908089211172,-5.025868628980547,0.0,7.717497178627834,-36.167797941776165,1.289650340134333,0.0,-4.9832654662313685,-38.47757708377946,7.7514466531731685,0.0
33.64348455028355,-2.735531155357441,2.2666751973724626,0.0,26.87201206615866,-2.6514662432436173,0.6251396983948272,0.0,-13.644271551942206,-4.239778325359461,1.5319724474031826,0.0,50.17417314159622,-44.95399965528671,-6.021412059020796,0.0,7.760742537993897,-36.19786887278134,1.253641970423498,0.0,-3.678270244246946,-38.417384501755414,7.053511214529475,0.0
33.68712839383171,-2.727452355063542,2.2432211483188045,0.0,26.89940467306957,-2.654716566403211,0.6134622443857243,0.0,-13.620131424809646,-4.252847336443265,1.516663907994694,0.0,50.90390009177466,-44.2273843286869,-6.715128539848795,0.0,7.7948062947802566,-36.2193377775279,1.218539243836803,0.0,-2.442115276034389,-38.32875221213672,6.367466679439234,0.0
33.736060356789004,-2.7098081356121617,2.2226491506484223,0.0,26.938278673855642,-2.6809129961094467,0.5839615419737196,0.0,-13.603599639447413,-4.258834054514609,1.5078200182354404,0.0,51.445648746870056,-43.70059297670778,-7.105524728540115,0.0,7.818800739046411,-36.23204847840655,1.1842308022248869,0.0,-1.2911324655362768,-38.206451131457214,5.71427505187547,0.0
33.78936984938953,-2.6831552838353097,2.2073793299258107,0.0,26.982820565645163,-2.720069827975472,0.548603763872558,0.0,-13.59326532185824,-4.259791021504328,1.5032426399785628,0.0,51.834256018762915,-43.340283612393506,-7.2269096238784005,0.0,7.832906471610021,-36.2368503488006,1.151412487226727,0.0,-0.24283000573526836,-38.048744014778364,5.112936768307597,0.0
33.84139933561109,-2.65146758174454,2.2010986855730597,0.0,27.026075895256824,-2.7587888340372864,0.5191163763078581,0.0,-13.588716977836686,-4.258965983605404,1.5013031845024454,0.0,52.10688405364549,-43.0863276959022,-7.137832277703096,0.0,7.838581090767278,-36.235420217893825,1.1215171164027495,0.0,0.6865983003425985,-37.85758843273817,4.576620345087628,0.0
33.883104513388794,-2.620806389018646,2.207053350555901,0.0,27.06253744801541,-2.785449323670572,0.5029195119815668,0.0,-13.590058745589916,-4.2593849487239686,1.5012982804080117,0.0,52.29572920839868,-42.87649997787925,-6.904388049829473,0.0,7.838332596204822,-36.230103527750806,1.0963541633656995,0.0,1.485015551549784,-37.6379626499201,4.111224358964659,0.0
33.904892438810336,-2.5971094179283263,2.226101414762006,0.0,27.08896173192628,-2.7941483824972337,0.5026129115853006,0.0,-13.597255445267134,-4.262901076209078,1.5033627276108366,0.0,52.425482425553255,-42.66618857421286,-6.584481413229695,0.0,7.8350988349884645,-36.22380145458856,1.0775613234334465,0.0,2.1466738243410664,-37.396989558727874,3.7165522627738614,0.0
33.89998820690815,-2.5841114081076313,2.2556512870222782,0.0,27.10400429913004,-2.786244864266144,0.5177046209618066,0.0,-13.60969894909432,-4.269927207235648,1.50804609841863,0.0,52.51491519170422,-42.43632533081994,-6.218473492105021,0.0,7.831489005896051,-36.219790887050515,1.0660295707235452,0.0,2.673713392896017,-37.14332682239365,3.3889071044603885,0.0
33.86723583002606,-2.5821738473624696,2.2901073619099126,0.0,27.107529254397654,-2.769240974734302,0.5466093671084362,0.0,-13.6261506868121,-4.279717541088991,1.5157468527095315,0.0,52.57969503363239,-42.19015531304039,-5.828053931329933,0.0,7.829213743833782,-36.2213108392348,1.0614852659865868,0.0,3.076567327716777,-36.88677393784469,3.1234544979210135,0.0
33.812365962345424,-2.588239798147865,2.322545337595958,0.0,27.100148608083927,-2.753761481456733,0.5875944764800938,0.0,-13.644928902218139,-4.290898929189483,1.5262191904939506,0.0,52.633552232443684,-41.94397519784482,-5.421132738500281,0.0,7.8289201727920545,-36.23086277001272,1.0623885823758101,0.0,3.3730135853221057,-36.63775798515412,2.9152614303831097,0.0
33.747216559395405,-2.596767719913346,2.3468103498731594,0.0,27.083085900603262,-2.750061863383319,0.6385656361837295,0.0,-13.664101870420675,-4.301968676527179,1.5383384504761963,0.0,52.68684407110169,-41.71712077410431,-4.998663569645823,0.0,7.830408331464393,-36.249433893270755,1.0662055314466734,0.0,3.5857195845889898,-36.406498879849174,2.758956913272261,0.0
33.687108478394954,-2.601354002373646,2.359264500425617,0.0,27.05819873220202,-2.765510151756514,0.6964644121725687,0.0,-13.681581441864274,-4.3116023478028325,1.5502237594285813,0.0,52.74370507772659,-41.524311243595506,-4.5600726795805056,0.0,7.832999240555265,-36.27607149828911,1.0699810657911417,0.0,3.7385819657808796,-36.201954843968295,2.647788019454758,0.0
33.64717673549844,-2.5965868135343477,2.3596559952155225,0.0,27.027977865736588,-2.8037924968115426,0.7571512990234641,0.0,-13.695230315884157,-4.318763340866784,1.5596847508381089,0.0,52.79992078586215,-41.37133103573287,-4.106027519220643,0.0,7.835826203349235,-36.30816273727648,1.0710690824339242,0.0,3.852807439735552,-36.03079008671491,2.5730530756469694,0.0
33.63859250988743,-2.5795854491785817,2.3508305482693483,0.0,26.995432289422308,-2.8655271407328,0.8161002466819216,0.0,-13.703166444861074,-4.322713373995804,1.5648337928085674,0.0,52.84320688953694,-41.25394341174707,-3.639038562904471,0.0,7.837996764581164,-36.342383556572855,1.0678422380593382,0.0,3.943997616477374,-35.896565808728994,2.524495955676011,0.0
33.665439491790345,-2.5508513868172207,2.337360844060534,0.0,26.963877170639762,-2.9492780188895393,0.8695269312669449,0.0,-13.704269904434883,-4.323046458099083,1.5646437830198465,0.0,52.85634955605942,-41.1596136433637,-3.1630840661937825,0.0,7.838723409619388,-36.3758470377685,1.0601646263000823,0.0,4.021166692735662,-35.7992916933581,2.4915847873709165,0.0
33.72302110675671,-2.5143061506298436,2.3236624847052365,0.0,26.936705297877978,-3.0521189515962446,0.9152447885843884,0.0,-13.698625568196624,-4.319788180963505,1.559244477681892,0.0,52.82239403082319,-41.07139231705655,-2.6832272250245772,0.0,7.837520632291798,-36.40684269525476,1.0494215977699,0.0,4.087798480694131,-35.73547424045133,2.4651030390643385,0.0
33.79854691298175,-2.476490983684532,2.3125132451225348,0.0,26.91717699072191,-3.1695788638814264,0.9527716456940354,0.0,-13.687554590873168,-4.313474674668959,1.5498251580159987,0.0,52.7302310781331,-40.97289594046114,-2.2055776243651746,0.0,7.834461162512028,-36.43481845343527,1.0380398642304733,0.0,4.14420557979928,-35.69878784897638,2.438386657236382,0.0
33.87472778465189,-2.4449706650179825,2.3047071020374634,0.0,26.90813488872937,-3.2953580617096376,0.9827217214183719,0.0,-13.673121742580932,-4.305076261934976,1.538161916931637,0.0,52.57875101085755,-40.8529841725658,-1.7373712621611954,0.0,7.8303822140164545,-36.45972195592132,1.0286390626959037,0.0,4.190029497082982,-35.681343974896976,2.407794669374333,0.0
33.93543898424099,-2.426230506738495,2.2998329860686564,0.0,26.911508341482605,-3.421375824807586,1.0059044351451263,0.0,-13.65735724643526,-4.295729759154461,1.5259814771486884,0.0,52.37818345633522,-40.708742737208595,-1.2866384535465851,0.0,7.826801462733092,-36.48127143319538,1.023018267702927,0.0,4.2258932063534935,-35.67526454615235,2.372383874543674,0.0
33.97115876957015,-2.423714239340868,2.29740093646428,0.0,26.927650281318,-3.5385476978223345,1.022611906825345,0.0,-13.641592998071221,-4.286414367894296,1.514463912329779,0.0,52.14808768356102,-40.54575130822725,-0.8609818971631373,0.0,7.824961870052306,-36.4991589813228,1.0209222631632695,0.0,4.253810781162702,-35.674092104358955,2.3330637740214843,0.0
33.98164344407096,-2.436774960866463,2.297347676328421,0.0,26.95482938042872,-3.638305175147373,1.0323868055569179,0.0,-13.626192452350582,-4.277772924582794,1.5040630806067536,0.0,51.9124975930016,-40.37538847206278,-0.46542703928354534,0.0,7.82364975904953,-36.51481875010368,1.0186526498891233,0.0,4.276588878505316,-35.67363801751731,2.2916301324380317,0.0
33.97464454530661,-2.4609550085188987,2.2995189593899035,0.0,26.989294423845315,-3.714422685759364,1.0343197918532923,0.0,-13.61071113393365,-4.270144352692664,1.494598120578237,0.0,51.6937209237361,-40.21011096288025,-0.10003689175768216,0.0,7.813532890416296,-36.537157043596004,1.0065832382291546,0.0,4.296815724160886,-35.67209577586394,2.2500087413094256,0.0
33.96158670189658,-2.4893654652774253,2.302657275854349,0.0,27.02608839130227,-3.764454597175633,1.027743701347168,0.0,-13.594354110580282,-4.263672748666858,1.4854675643732023,0.0,51.506814686854845,-40.05869583043084,0.24137312348913298,0.0,7.82118049167367,-36.540010521267995,1.002934929355911,0.0,4.3160426189901795,-35.6694846102821,2.2098537748305613,0.0
33.952639502601336,-2.51449314568026,2.3039508182804465,0.0,27.060373211891143,-3.7901669577662984,1.0130474551170163,0.0,-13.576564540587022,-4.258345587581946,1.47591266034755,0.0,51.35648346733344,-39.92348330720888,0.5700705865613447,0.0,7.831613116917777,-36.537541296906824,0.9938834990750003,0.0,4.3345118037219,-35.666696329001205,2.1724488400904356,0.0
33.9536210233512,-2.5298281105762253,2.299842367886539,0.0,27.08873853205462,-3.7967219436166495,0.9922254645299979,0.0,-13.55760397777531,-4.254004349387229,1.4653454202457183,0.0,51.23723342109546,-39.80054414437605,0.8983359121710563,0.0,7.844622064054807,-36.52995491715126,0.9797895640842853,0.0,4.351442599783626,-35.66455839344136,2.1387519101080805,0.0
33.96578647842275,-2.5310740675900467,2.2878318802936715,0.0,27.10998185528096,-3.790874054598362,0.9688205717019507,0.0,-13.538941454669029,-4.250477329544625,1.4537160983164936,0.0,51.13654666197308,-39.68224654014656,1.2335351792165294,0.0,7.85889256803795,-36.51862464127698,0.9625303558536409,0.0,4.365630602463163,-35.66329400645487,2.109438871743153,0.0
33.98773155504225,-2.516916898062519,2.268178958249976,0.0,27.125098212269542,-3.778876034090228,0.94717894784287,0.0,-13.523165816747793,-4.247810057354046,1.4417773815856973,0.0,51.03996150239526,-39.560836495290765,1.5727542700373132,0.0,7.872168316307703,-36.50546935083632,0.945061984462793,0.0,4.3760466491404335,-35.66251929786227,2.084885432176913,0.0
34.01752337444665,-2.489258040219948,2.2443608133579236,0.0,27.13653658079879,-3.764949186600412,0.9312810668737548,0.0,-13.51317518978745,-4.246320026844275,1.431085593392508,0.0,50.93636782119813,-39.431595451023604,1.9008275050090049,0.0,7.881933491012971,-36.49201107986087,0.9304722849040985,0.0,4.382224013224969,-35.66161483302083,2.0651098202337312,0.0
34.0534485444606,-2.452783040760005,2.2219487701011875,0.0,27.147050133859487,-3.7509018207092577,0.9236130433644796,0.0,-13.510721864079905,-4.246232321620928,1.4237348662145415,0.0,50.82170872001595,-39.29457416163344,2.193539962789325,0.0,7.886385164197465,-36.47873503697147,0.9209726453482716,0.0,4.384380704900146,-35.660152234775346,2.0497457664112737,0.0
34.09317020939409,-2.4139044610978373,2.2065850744286593,0.0,27.15862804787563,-3.73687927116673,0.9244887851979229,0.0,-13.514849918322179,-4.24699282522185,1.4219896175820397,0.0,50.69983637465016,-39.154510611940715,2.4254187051945415,0.0,7.885217313771978,-36.46521625345604,0.9172993076251927,0.0,4.383332481009379,-35.658124887442455,2.0381144367832906,0.0
34.132511259040925,-2.3792562011874003,2.2021411284860353,0.0,27.171971588871045,-3.7226529696289354,0.9320165943985668,0.0,-13.521021725519264,-4.246695936204535,1.4279555258159844,0.0,50.580439259520716,-39.01918751183979,2.5789456300040783,0.0,7.879764195268017,-36.45096285000449,0.9187308957646163,0.0,4.380284308260265,-35.655933235279605,2.0293966352823496,0.0
34.16541741265055,-2.353948546073313,2.209792616316916,0.0,27.18670321644717,-3.708671901094176,0.9426903709406922,0.0,-13.521574897334737,-4.242134138186132,1.4432368161332834,0.0,50.475188534120015,-38.896983071174006,2.650940877352628,0.0,7.8724030968560035,-36.43638517380024,0.9235873103376591,0.0,4.376576329900304,-35.65424272196591,2.0228109883150385,0.0
34.18565094989337,-2.340043605083526,2.2281750983782818,0.0,27.202073903605516,-3.6963673926253247,0.9524394500165698,0.0,-13.507647204227224,-4.22974766629592,1.468404869455675,0.0,50.39383128328828,-38.794496551817005,2.6533087896300724,0.0,7.881489142980124,-36.4076093927428,0.939190991923553,0.0,4.373438937410315,-35.65384884211743,2.0176876318809533,0.0
34.18924619484294,-2.3361085023707955,2.254254500323846,0.0,27.21764803179453,-3.687659801538336,0.9578513135430402,0.0,-13.472089636898861,-4.207315345077054,1.5022165161745917,0.0,50.341629949421915,-38.71492298943407,2.6083843159987605,0.0,7.881348750882201,-36.39373581902373,0.948398489118718,0.0,4.371794482989601,-35.65557594828131,2.013430244018002,0.0
34.176048249183125,-2.3385383546739034,2.2841294402958656,0.0,27.23352462953179,-3.6839940288757305,0.9572031701038863,0.0,-13.412392620566782,-4.175733971423849,1.5408351687781776,0.0,50.31868061895678,-38.657540066742406,2.5415870526692554,0.0,7.881237010794313,-36.38766292728066,0.9547435528233574,0.0,4.372134699127276,-35.66014098000678,2.0094728944009095,0.0
34.149465382522635,-2.344314237531391,2.3131751882110496,0.0,27.250017174540012,-3.6854218393814584,0.9509853762275,0.0,-13.33249404633041,-4.139957572410158,1.5776658998372577,0.0,50.32081390656283,-38.61835174630364,2.4746319586845082,0.0,7.88193583293257,-36.38821000880011,0.9590235517691745,0.0,4.374497652402466,-35.66793026355055,2.0053320635914353,0.0
34.11512798902201,-2.353618281886672,2.335847335783857,0.0,27.267065378926734,-3.6902061870777736,0.9417623145954028,0.0,-13.242687366688354,-4.1083676487961345,1.6045800732511655,0.0,50.341352098773854,-38.59157901325627,2.4214826616621465,0.0,7.881927861103838,-36.394082245165876,0.9615508952216576,0.0,4.378547802093956,-35.67874119544878,2.000740876915321,0.0
34.079943089585406,-2.3702480823513254,2.3462096658458105,0.0,27.283780548585018,-3.6951507200780043,0.9333949653725409,0.0,-13.157593334685147,-4.090444091946737,1.614983666374596,0.0,50.37299655729883,-38.57138940273572,2.3876289576133694,0.0,7.878923860080488,-36.40374137034123,0.9626757905355348,0.0,4.3837211566674,-35.691632314140364,1.9957593033391898,0.0
34.05238062521619,-2.3985409714377877,2.340031108522414,0.0,27.29842758456561,-3.6965147415872543,0.9297993393686479,0.0,-13.092874611745785,-4.093223408170349,1.6082799694341396,0.0,50.409340589614914,-38.5532194799924,2.371953168082685,0.0,7.869898091403738,-36.417331789043686,0.9628609690397738,0.0,4.38936667218524,-35.70502855812193,1.990765139418972,0.0
34.04337352575516,-2.4371545522568683,2.3181427950451248,0.0,27.308913820938738,-3.691170163414089,0.9335514568527099,0.0,-13.061682941035633,-4.11745481956249,1.5941870879937827,0.0,50.445733055545425,-38.534334982882875,2.3698005969119045,0.0,7.854165464221989,-36.43585940430335,0.9656357588014988,0.0,4.394836272161535,-35.7171219896605,1.9863187336096662,0.0
34.06625268268468,-2.4718223395695778,2.289495716554832,0.0,27.313576980551424,-3.677627468552199,0.9447563914074308,0.0,-13.071681120739068,-4.154677472501504,1.594765632372802,0.0,50.47942634899306,-38.513694056331296,2.375895984401664,0.0,7.853779276042792,-36.44026103229218,0.9804501690991199,0.0,4.399537658824819,-35.72642983320479,1.9829752160154754,0.0
34.1346569200406,-2.4705729690327125,2.272167357031627,0.0,27.311869664461405,-3.656601924887859,0.9605995138882921,0.0,-13.123071147057205,-4.186575905379612,1.642298252469697,0.0,50.50916899018048,-38.491446881308875,2.386218969986185,0.0,7.855183865260373,-36.447934623119345,1.0010597992214638,0.0,4.402997768319203,-35.73223301575718,1.9811250844508592,0.0
34.25914885374361,-2.385138780079813,2.2918902941615187,0.0,27.304589920054422,-3.6308958542557592,0.9758181388690286,0.0,-13.207723146459228,-4.187582305362678,1.7723097927248785,0.0,50.53457238149646,-38.46841321135391,2.398573489063537,0.0,7.858642833848294,-36.462598729531564,1.0268121813956235,0.0,4.404945225262512,-35.73465302958277,1.9808833187378152,0.0
34.444745314942494,-2.160434448637972,2.3794288177106893,0.0,27.29360015211996,-3.604588366002875,0.9840224447891508,0.0,-13.309524046274692,-4.130649844877565,2.012719120730768,0.0,50.55557559714943,-38.4457204174173,2.412123056704713,0.0,7.863562085716653,-36.48605674788077,1.0558154751668507,0.0,4.4053519358280955,-35.734346975595486,1.981993710804554,0.0
34.69113381007482,-1.7504004058668627,2.5681996542486374,0.0,27.281246482656975,-3.5817882082810346,0.979539968764513,0.0,-13.406325951177294,-3.994779668035016,2.3719001346523028,0.0,50.57217200613119,-38.424599636047965,2.426481444210715,0.0,7.86859928597881,-36.51653581968999,1.0851760044123786,0.0,4.404365442167451,-35.73204037634164,1.983734606538217,0.0
34.995264498863165,-1.1352962388438934,2.8911574058151253,0.0,27.26973038613942,-3.5653886411213422,0.9593558281027637,0.0,-13.47387264128688,-3.7717685210892213,2.829816063224544,0.0,50.584382516656454,-38.40624401936379,2.4409768633806337,0.0,7.899812452059512,-36.52148034808252,1.123660063707975,0.0,4.4021417400469876,-35.72817487200151,1.9848927406908352,0.0
35.35433997296084,-0.33395051051021873,3.373775172089065,0.0,27.260594201679073,-3.55628747478771,0.9246500708453915,0.0,-13.491326291739783,-3.469277152319142,3.3368552851516604,0.0,50.59235671637574,-38.391677101484895,2.4544431899606316,0.0,7.922162442155218,-36.52685811271768,1.1612396068817095,0.0,4.3986789805910185,-35.72281032919221,1.983926471374458,0.0
35.76761544056454,0.5958708705426377,4.022197356596299,0.0,27.25444019401171,-3.553343149639961,0.8813057964045576,0.0,-13.446546589496428,-3.108335803258851,3.823656301730006,0.0,50.59646799183308,-38.38166308285497,2.4655003675059,0.0,7.9342404679069345,-36.52301189974967,1.1909692430821437,0.0,4.393758344289989,-35.715751362831796,1.9793752386375516,0.0
36.237370904112176,1.5729530359048303,4.81261210080722,0.0,27.25098453179952,-3.5539670841433866,0.8387997223419745,0.0,-13.338336240935455,-2.7159037803131616,4.221359598961041,0.0,50.59732075350172,-38.37668536039251,2.473038577180205,0.0,7.935975849096103,-36.50487601979484,1.2124847595385653,0.0,4.38701503900685,-35.70678909026882,1.970397669885557,0.0
36.77053352180076,2.5189122407428917,5.692114117149085,0.0,27.249434812866987,-3.5549756248725775,0.8074121234705665,0.0,-13.174209388321058,-2.315665286931556,4.486521261936411,0.0,50.595662298857135,-38.37695230380892,2.4766306701728826,0.0,7.927131220202632,-36.476066064174496,1.2296881095725443,0.0,4.378083403799142,-35.69594171501836,1.9571821401553855,0.0
37.38088584517619,3.3809837709242228,6.594781699648678,0.0,27.24899635208368,-3.553407525410886,0.7946368945848281,0.0,-12.965488857275512,-1.9208344564722877,4.621544657371453,0.0,50.5922455162535,-38.38237403563497,2.4767463670826615,0.0,7.9093830136445185,-36.448504037263035,1.2515135734545169,0.0,4.366750078112881,-35.683591135971234,1.9410087671202234,0.0
38.089300718707484,4.13929092861231,7.46449290763119,0.0,27.24921507062402,-3.5473142207170585,0.8024374295540895,0.0,-12.723405825585834,-1.5312364566403236,4.6822474787971045,0.0,50.58771252921164,-38.39251529101492,2.4747566051862595,0.0,7.88742828053013,-36.44022005262205,1.2905018175193028,0.0,4.353073626335636,-35.67044698867067,1.9239185981607356,0.0
38.919501338987565,4.798704068181042,8.271657484850605,0.0,27.24998656017763,-3.5365407109240876,0.8268049720766371,0.0,-12.457910658729505,-1.1352578778432711,4.7685267828428834,0.0,50.58255919316945,-38.40660590002214,2.4727315069937905,0.0,7.869519432896715,-36.47069339199649,1.3594196703781982,0.0,4.337439957422911,-35.6573374196884,1.9081144476969474,0.0
39.88979608148349,5.373987758945185,9.017024390340781,0.0,27.251358129088803,-3.5230801219837966,0.8597516413027382,0.0,-12.177214641913569,-0.7164162442228239,5.000083258061626,0.0,50.57718461192933,-38.42370965873003,2.4730192209515547,0.0,7.866932843023665,-36.55490601903309,1.466921757292985,0.0,4.32053763083223,-35.64491218957683,1.8952941824361833,0.0
41.00429529932463,5.876652679661246,9.723458210298892,0.0,27.253417377862863,-3.5104648341193045,0.8924651575385472,0.0,-11.885262265577696,-0.26318715106582324,5.4846275655611265,0.0,50.57196162747049,-38.44306326011928,2.4776502536937386,0.0,7.892101665907478,-36.69807706410167,1.6140063318050295,0.0,4.3032782059829096,-35.633408521201105,1.8861366017416792,0.0
42.24807765969847,6.307930916791934,10.42067082271403,0.0,27.256389378124375,-3.502310234397914,0.9180861123003403,0.0,-11.577638265876015,0.22139927905178247,6.288146100317318,0.0,50.567264341486464,-38.464429577518445,2.4877391056664457,0.0,7.9558352029155035,-36.89316889525541,1.7932393678559766,0.0,4.286711753644453,-35.62262800775471,1.8801485432052694,0.0
43.58927047204349,6.65888971311751,11.129080643173523,0.0,27.26079598571903,-3.5007739419210027,0.9332505893618102,0.0,-11.239957398231553,0.7156134234386329,7.414869948341249,0.0,50.5634745806326,-38.48820505445435,2.5031372896702138,0.0,8.064608307158412,-37.12270707778325,1.99202802511011,0.0,4.271954713549396,-35.61218421468161,1.8759660842148147,0.0
44.98778626766613,6.916031042495771,11.848594195315192,0.0,27.26746672146981,-3.505680985181955,0.9382602194730634,0.0,-10.85227491788385,1.1845189084383332,8.801832548209873,0.0,50.56104262393876,-38.51512060779357,2.5225391698753263,0.0,8.219041039209978,-37.365069196216176,2.199574796296356,0.0,4.260099947417652,-35.601935616301446,1.8719677385940923,0.0
46.40701927523766,7.068622849026092,12.55595879273501,0.0,27.277328489521523,-3.514626404571178,0.9361535023503702,0.0,-10.398313172204455,1.5942522985971799,10.331280404634967,0.0,50.56060729024127,-38.54564884784763,2.5440467959193906,0.0,8.414453697057755,-37.603216888058995,2.4149440349409304,0.0,4.252083622954489,-35.592395440238064,1.8668799698020564,0.0
47.82317535736506,7.113715602671467,13.210548973015204,0.0,27.291075587079995,-3.5239064542025305,0.9311738130842002,0.0,-9.873304311342578,1.9274050770880233,11.859864756403256,0.0,50.56308618205682,-38.57945779488916,2.565943465673179,0.0,8.64356499444408,-37.8320842371973,2.6520576802118567,0.0,4.248529796367359,-35.58489907631028,1.8600922697757944,0.0
49.22834802565408,7.0568861524177215,13.764953724607672,0.0,27.308904791789328,-3.529828819770515,0.9272141424741793,0.0,-9.284352517636698,2.189664819607204,13.254733982489615,0.0,50.56965449874081,-38.61523789228776,2.587287400495189,0.0,8.90023858028661,-38.06091474794372,2.9380139441070874,0.0,4.2496295172642125,-35.58142267160548,1.8516000937226682,0.0
50.62698936948464,6.909590331649024,14.175689637591827,0.0,27.33045749944802,-3.529881064598944,0.9267063421669484,0.0,-8.6433044159535,2.4042654134340378,14.421668771825846,0.0,50.58160568089126,-38.65099743338802,2.6080481904784687,0.0,9.182602286047898,-38.308964770078695,3.304309183891748,0.0,4.255123873829454,-35.58408747629579,1.8417118763504217,0.0
52.02857150341595,6.685425923777023,14.410759747618119,0.0,27.354985042871785,-3.523371829605796,0.9301636839994849,0.0,-7.957938734316665,2.599556642209281,15.316426634571556,0.0,50.600136023776734,-38.684651605846454,2.6287951503114044,0.0,9.494305233646568,-38.596218782061264,3.774472352178888,0.0,4.264448851759853,-35.59447404347652,1.8307758305324846,0.0
53.44030260638871,6.397087071339735,14.452785809295811,0.0,27.38163962135934,-3.5113645342206707,0.9363603960604987,0.0,-7.22731547577915,2.7976185684712203,15.940993592927226,0.0,50.62610841271665,-38.714589175655625,2.6501977038387494,0.0,9.843644858040857,-38.93349888052581,4.353538083491333,0.0,4.277038363093894,-35.61293370805675,1.819133519294848,0.0
54.86280214769841,6.054388208229966,14.297756759945184,0.0,27.40977159504903,-3.4959413758996107,0.9430078033064486,0.0,-6.443005912733238,3.0084801250413093,16.33139480054261,0.0,50.65986637237171,-38.73995466658565,2.67264613107635,0.0,10.241122689042703,-39.316945258229566,5.023632538897099,0.0,4.292676548116179,-35.63815727506804,1.8072931361270879,0.0
56.2896255453039,5.662753160735855,13.950244268670438,0.0,27.439161249482737,-3.4791411115769573,0.9476536211305202,0.0,-5.594125593304458,3.2302736499372156,16.542394205984746,0.0,50.70118558898856,-38.76058728362955,2.6961446170537346,0.0,10.69648690655037,-39.729631279894186,5.747061679110093,0.0,4.3117122268677415,-35.667277854636986,1.7960645362407686,0.0
57.70956163945358,5.221659316681359,13.416906116789129,0.0,27.47012974375907,-3.462188519421649,0.9483909593400988,0.0,-4.67268544752122,3.453165862899258,16.632038495968352,0.0,50.74942345382067,-38.77677647739469,2.7204171688974625,0.0,11.216543119259127,-40.14910494218393,6.475450153887956,0.0,4.334970128575683,-35.696631765711345,1.7863244054528042,0.0
59.109629436523235,4.723444665679715,12.701147815750764,0.0,27.50343610802415,-3.4455188735282807,0.9440384143232166,0.0,-3.676565261047868,3.6642351093414725,16.64848802514913,0.0,50.80384139934303,-38.78907434784164,2.745057074790683,0.0,11.804697118244036,-40.55636766225945,7.161377501578562,0.0,4.3633394277707005,-35.72295335524917,1.7783471300884717,0.0
60.47698301194233,4.153740483798547,11.802057014178212,0.0,27.53988686658375,-3.429521917951021,0.933824111695186,0.0,-2.6093921017114834,3.851227869976528,16.621738705051072,0.0,50.863967998436024,-38.7982898292163,2.7695919861724505,0.0,12.462086305888995,-40.94156311111021,7.768100618111095,0.0,4.3972403796616,-35.744418902500826,1.7711593722505015,0.0
61.79899204891262,3.4948342652264,10.719431805063735,0.0,27.579752325587105,-3.4153374817635287,0.9169939396624986,0.0,-1.478398702809101,4.004513947254798,16.56169330689322,0.0,50.92981165509227,-38.805594405833546,2.7934691785166628,0.0,13.188950412863658,-41.30449531461832,8.274186342878092,0.0,4.436294204140061,-35.76097532168771,1.7625946454054375,0.0
63.06189883475133,2.7324248641566715,9.464112307343976,0.0,27.62228442911143,-3.4049551065118564,0.8928242083495643,0.0,-0.29189548121450226,4.117534560943087,16.461802827688874,0.0,51.00177227942463,-38.8125822429341,2.816063338863012,0.0,13.984799362246072,-41.6514106561487,8.672786680336571,0.0,4.47936596738378,-35.77394157014237,1.7501568467673483,0.0
64.2493379359716,1.8648476276096186,8.069955133616155,0.0,27.665620961846113,-3.4003980143565635,0.8611971029094718,0.0,0.9425598915382256,4.186263393736038,16.305862997818373,0.0,51.08023928453379,-38.821196147007164,2.836778588641982,0.0,14.847111532366613,-41.99078843070096,8.967718067997346,0.0,4.52484278858265,-35.78536417300145,1.7321041421442516,0.0
65.34237007419343,0.9122152522771749,6.601880948537483,0.0,27.70708735400252,-3.4025010886876568,0.8234341325281136,0.0,2.218980960513634,4.208093038864311,16.07536896050863,0.0,51.16503851951618,-38.83353212621044,2.8552033977095466,0.0,15.769589288633144,-42.330155215647494,9.168912030646315,0.0,4.5709053923191,-35.797494707868275,1.7081579160473837,0.0
66.32197222214842,-0.07857145687220601,5.154440066289377,0.0,27.74364558810289,-3.410164111133511,0.782799267512905,0.0,3.532860365790288,4.180535448086191,15.755598006587872,0.0,51.25500385678711,-38.851576489112716,2.8712155175540275,0.0,16.741362827172722,-42.67456919395906,9.288751594590195,0.0,4.6156977540918005,-35.81238682839381,1.6796336006447596,0.0
67.17309275099129,-1.0373148381832689,3.8380300241675798,0.0,27.772268723842117,-3.4207417805770857,0.7441593268503528,0.0,4.880404386317423,4.100224377236941,15.339478682242632,0.0,51.347914767787074,-38.87693398889171,2.884973457389563,0.0,17.747919034650625,-43.02640731064184,9.33968093479402,0.0,4.657458822569055,-35.83150793416819,1.6490892244799635,0.0
67.88786741588218,-1.884520095698523,2.755200642140233,0.0,27.79028753644794,-3.431583376331962,0.7126826994820661,0.0,6.2574757714769635,3.962727969173743,14.82889416872772,0.0,51.44086959723381,-38.910597660311446,2.8968023832833474,0.0,18.77353668984948,-43.38570620684076,9.332935648157562,0.0,4.694726725399877,-35.85539634884056,1.6197082257545183,0.0
68.46627176385998,-2.5526272903582647,1.9750639919384163,0.0,27.79596283379624,-3.4419322452239136,0.6919781276271078,0.0,7.658811070212084,3.7634058726483417,14.233385129742086,0.0,51.53096301219214,-38.95277445855896,2.90701532097272,0.0,19.804273484469622,-43.75047969738808,9.278116583865586,0.0,4.726669126399413,-35.88348522460386,1.5945923440158367,0.0
68.9148791777584,-3.005988869653187,1.5157418540866612,0.0,27.789390374379263,-3.4538650233132193,0.682473509751496,0.0,9.078027453711428,3.4989686361449674,13.566551437849549,0.0,51.61601357106188,-39.00274248769933,2.9157053404098345,0.0,20.830411339241287,-44.116874970217516,9.183274337714504,0.0,4.75343055170995,-35.91419463527786,1.5759886746032699,0.0
69.24555018678457,-3.2503957981674585,1.3413060650778412,0.0,27.773325928030804,-3.471322338556667,0.6808843291611613,0.0,10.508418261966437,3.1688384194882584,12.84106598008325,0.0,51.69507615928311,-39.05874082374133,2.922549586658466,0.0,21.847650193348652,-44.479363376696526,9.055114275467938,0.0,4.776184220642044,-35.94536494781491,1.5644040805229658,0.0
69.47468236833865,-3.3279638629145545,1.3737392870441347,0.0,27.753134517256033,-3.497627240873123,0.6812181056950433,0.0,11.943762234675626,2.775351129158585,12.063986960132414,0.0,51.76855140968971,-39.11797380950465,2.926705902702178,0.0,22.856923422846325,-44.8311725439101,8.898992934912322,0.0,4.796645826698249,-35.97495867478029,1.5579342908596239,0.0
69.6223869455951,-3.300601246898161,1.5159471367183865,0.0,27.735478314239263,-3.5331129831679844,0.6770205048622131,0.0,13.377966447370898,2.32249831430987,11.234445075535424,0.0,51.83784839177833,-39.176845557338666,2.9269019529001135,0.0,23.863182796370413,-45.16492507580827,8.718575468133768,0.0,4.816317258889459,-36.001634015080604,1.5526670078380906,0.0
69.71073793895735,-3.2304067768205353,1.6783001757778262,0.0,27.72635919821268,-3.5743852318623164,0.6638715533596269,0.0,14.802839068822921,1.8139656570112805,10.345282908813502,0.0,51.904737014703315,-39.23145291222151,2.921746716314397,0.0,24.873703948504662,-45.47320499623512,8.51524081953482,0.0,4.8359526469256835,-36.024892891484775,1.5442249204526135,0.0
69.76099880517168,-3.1650573305845064,1.7992731041522472,0.0,27.7296205577772,-3.6154875287824098,0.6409438738826108,0.0,16.20448710168347,1.2520349719206223,9.388827880811599,0.0,51.970664756229766,-39.27820733119141,2.9101700923356617,0.0,25.896392515757462,-45.7487395563761,8.287468096098053,0.0,4.855364774009166,-36.04498011059132,1.5292350836598096,0.0
69.79098696601359,-3.1315506329644425,1.8536306946696417,0.0,27.746450157108207,-3.650057182823616,0.6109221431003728,0.0,17.560043117364,0.6389045419632478,8.365174621753718,0.0,52.03631488572264,-39.314364302099854,2.8918237572028644,0.0,26.93836018821403,-45.98407906635505,8.030529308420757,0.0,4.873492436137238,-36.06275757788398,1.5059281680014358,0.0
69.81379296194316,-3.13711312587429,1.8477423346881867,0.0,27.77560172373238,-3.67330232540436,0.5784798837953851,0.0,18.836941615551673,-0.01913158554556027,7.289852334681367,0.0,52.10152711074449,-39.33830471094428,2.8673003195777227,0.0,28.004851181854285,-46.17091114082782,7.736880196238075,0.0,4.888528954574278,-36.07970525159346,1.4738006415315432,0.0
69.83787522850191,-3.1743956767605415,1.8066609775326032,0.0,27.813873824903787,-3.68314286411713,0.5482272800812638,0.0,19.996374907295902,-0.7062171887224311,6.197302438219793,0.0,52.165492046709176,-39.34957676320791,2.838106189417804,0.0,29.09848984650825,-46.29929087781125,7.397633181909952,0.0,4.896507016954219,-36.09915869205007,1.4303196763360422,0.0
69.86767767893872,-3.2283769122022505,1.7594147125108215,0.0,27.856721020200368,-3.680461157811,0.5231370077725614,0.0,21.000797897330155,-1.3936360060762665,5.137787494826842,0.0,52.22702959956877,-39.34881647407272,2.8064039275783284,0.0,30.218729354506625,-46.357119350698056,7.005301356680871,0.0,4.902236158288258,-36.11773159374102,1.390696437484083,0.0
69.90415035442446,-3.283007295005154,1.727886064709958,0.0,27.89907977522917,-3.6686268259900725,0.5040027062127539,0.0,21.823033848663588,-2.0421565260141046,4.168150385518489,0.0,52.28481610293442,-39.33764277319738,2.7746054554288584,0.0,31.3612820743807,-46.33029501357581,6.557551776366352,0.0,4.916270084331304,-36.128528857194006,1.370289846371893,0.0
69.94526745407903,-3.326091085070061,1.7218642833743072,0.0,27.936372781200895,-3.6524132021298854,0.4899113076235011,0.0,22.453125870969387,-2.6105978001930534,3.3398372961044522,0.0,52.3375393830636,-39.31851455145978,2.7449359144997345,0.0,32.51735404477028,-46.204105920226226,6.061067522098125,0.0,4.928701133945034,-36.13985572515764,1.3525434585580847,0.0
69.98690205179491,-3.35158459843797,1.7397840516044223,0.0,27.96546043416302,-3.6365339712125673,0.47931498254752647,0.0,22.900015544456185,-3.0670094068686646,2.6885175743729732,0.0,52.38403331178233,-39.29443368889771,2.7190724591108353,0.0,33.672898402346924,-45.966330826369926,5.533998910013169,0.0,4.939708078431651,-36.15149929163232,1.3381814696001868,0.0
70.02410710123581,-3.3594500327325143,1.772811938736874,0.0,27.985232574948828,-3.624320503728425,0.4711248494225746,0.0,23.188056060934272,-3.3970789026885813,2.227902819061155,0.0,52.423441967264594,-39.26839815376957,2.6979052075063557,0.0,34.80872433344155,-45.61173622624041,5.005263743330235,0.0,4.949379103200229,-36.16268111229225,1.3274026650953825,0.0
70.05247916504901,-3.353932199483241,1.809797757969834,0.0,27.996613153876833,-3.6171028381604984,0.4653223298626763,0.0,23.350873617279497,-3.6064965555045223,1.948226264412492,0.0,52.455400851901224,-39.24271782594998,2.681432710358969,0.0,35.90249666386219,-45.146237069958104,4.509674711024029,0.0,4.95762051689329,-36.17237358515331,1.3199907049555897,0.0
70.06919007344575,-3.341259203595037,1.8413819439419825,0.0,28.001978245337387,-3.6144614628011613,0.4628712850729606,0.0,23.425282372475397,-3.717398148504309,1.8191838339411994,0.0,52.4801537131296,-39.218538901243,2.6688216917992555,0.0,36.93278242756504,-44.5880315428467,4.079750447526162,0.0,4.964168087817114,-36.179752544823515,1.3154683973016237,0.0
70.07343390601083,-3.3274954961688916,1.8623745592672591,0.0,28.00424818693683,-3.615020123804385,0.46506239857490783,0.0,23.44648880223601,-3.7609691073480795,1.7970591250559504,0.0,52.49852244472114,-39.195884166757835,2.658674409872953,0.0,37.88368401995057,-43.96402303594897,3.737206246442476,0.0,4.968690557277971,-36.18457840360572,1.3132549671049318,0.0
70.06628914674613,-3.316963242347029,1.872191476279168,0.0,28.006015899059165,-3.617257013182547,0.47265228294406114,0.0,23.444558340969877,-3.7689321458791856,1.8347572154441778,0.0,52.51172414539661,-39.17417803840917,2.6494802595844593,0.0,38.74769816871138,-43.30273670683213,3.487746838240877,0.0,4.9709450104735655,-36.18731995746361,1.3127891245090595,0.0
70.05020212386091,-3.311442691465226,1.8737078177383033,0.0,28.00897215624139,-3.6199852110788706,0.4852079588213609,0.0,23.441924050866415,-3.7666440153874636,1.8919056823732934,0.0,52.521115386888255,-39.152909236148126,2.6401028991965916,0.0,39.52531268846338,-42.627383247925216,3.321112546159899,0.0,4.970932334262417,-36.18896192937706,1.3135944048802166,0.0
70.02836515736229,-3.310214220037663,1.8712834231169317,0.0,28.013716672245774,-3.6224642372500098,0.5009507061277656,0.0,23.452073410820674,-3.769608197906958,1.9416375963703576,0.0,52.52797399379552,-39.132058833538004,2.630097397758121,0.0,40.22178268596412,-41.95252456090397,3.2157244750031513,0.0,4.968999968513252,-36.190600684859,1.3152818178305292,0.0
70.00416878903172,-3.310836990236881,1.868811038474261,0.0,28.019915500086135,-3.6242988535622516,0.5171639604678049,0.0,23.479634412086554,-3.7835626620275615,1.9720741759355054,0.0,52.5333895989149,-39.11213610964061,2.6197326803460417,0.0,40.84290712091864,-41.285408406318865,3.1456732583824216,0.0,4.96585365458242,-36.19303381563687,1.317502666999923,0.0
69.98075432887744,-3.310366136259285,1.8684443431729054,0.0,28.026687035865805,-3.6252832824379784,0.5309861811212748,0.0,23.521781975187963,-3.807000507350746,1.9830537694839983,0.0,52.538254499857594,-39.09391020285574,2.6097410132477368,0.0,41.391763008337186,-40.63059019865911,3.087651010232058,0.0,4.962469745177952,-36.19652936370317,1.3198802526983808,0.0
69.96062520191533,-3.306581310998423,1.8702952729692282,0.0,28.033047954834913,-3.625266608151761,0.5402691752834912,0.0,23.570624238435478,-3.83460571437419,1.9805539889731776,0.0,52.543283470379464,-39.07805718062837,2.6009349153257,0.0,41.86765270560995,-39.995265333440116,3.0259655919806026,0.0,4.959925791669523,-36.200844495842404,1.3219546523160481,0.0
69.94532133264862,-3.2988251890214215,1.8730093889057304,0.0,28.038248659979693,-3.6240669873821902,0.5442002704389246,0.0,23.61616059345446,-3.8603524243742395,1.971518516035859,0.0,52.54899834682506,-39.0649218846379,2.593876797442448,0.0,42.267499833507685,-39.39274033017523,2.954476247795414,0.0,4.95917833329627,-36.20543238489387,1.3231672741292861,0.0
69.935246298203,-3.2882164490297594,1.8748617616090755,0.0,28.041914204435653,-3.621459276032952,0.5435132845373136,0.0,23.649329292476025,-3.879539018032264,1.9607498707336983,0.0,52.55568228040951,-39.05447003952728,2.58873442582294,0.0,42.58887697644848,-38.84228105323716,2.875238681614844,0.0,4.960830234146324,-36.20970511431451,1.322908343964441,0.0
69.92978718310566,-3.2772168706548186,1.874889363369082,0.0,28.0440459067725,-3.617255085625045,0.5402511549207212,0.0,23.664546878362053,-3.8896252527940653,1.9501315703147686,0.0,52.563367297680706,-39.04638770285519,2.5853383004513972,0.0,42.83312518372314,-38.36504826711309,2.794815292128421,0.0,4.964960200454815,-36.213235249600565,1.3206482515192235,0.0
69.92780368314821,-3.2687223995310255,1.8735756390711096,0.0,28.045006817162054,-3.6114576162800835,0.5371439428573979,0.0,23.661167529518984,-3.890222160735373,1.9394646686167594,0.0,52.57190846655989,-39.04025499667017,2.5833564027000637,0.0,43.00706712609581,-37.97767230073096,2.7200189951224427,0.0,4.971104654533209,-36.215843415139695,1.3161335388717408,0.0
69.9283505555466,-3.2649917687719334,1.8727637000528699,0.0,28.045537340417717,-3.6044153371607965,0.5367518836926823,0.0,23.64351489385222,-3.8827377190974564,1.9278735863804037,0.0,52.58113395172132,-39.03575523587211,2.582463377724265,0.0,43.12266076652598,-37.68634457852547,2.6547396506084233,0.0,4.978437308917194,-36.217576766782194,1.3095513687828966,0.0
69.93127367420351,-3.2668058675036225,1.874808235609681,0.0,28.04671712548321,-3.596860826643943,0.5406136969730557,0.0,23.619485649158232,-3.869984310584587,1.9149115673592654,0.0,52.59100216414849,-39.03289137117245,2.5824125802798346,0.0,43.19500506240337,-37.48416250799319,2.598632394328938,0.0,4.9860884213276435,-36.21861416746006,1.301533689649446,0.0
69.93732217160623,-3.2731918293371685,1.8813552333373202,0.0,28.049761352606954,-3.5897603125637056,0.5486958273293467,0.0,23.598150398320584,-3.855741665567048,1.900941716725173,0.0,52.601684420702995,-39.03213275346889,2.5830103977567855,0.0,43.23967919287701,-37.3528711741717,2.5476079216069945,0.0,4.9934555035049915,-36.21915137326858,1.2929475142572855,0.0
69.94770583519762,-3.281798270074419,1.8923504354940874,0.0,28.05565482994052,-3.5840220693941527,0.5593940316117632,0.0,23.587165360738325,-3.8441372006440226,1.8868543047051833,0.0,52.61352219415746,-39.03436543068185,2.5840748678359535,0.0,43.27030481315036,-37.268139453943895,2.4956846146391154,0.0,5.000349561095317,-36.219323456851285,1.2845567992065465,0.0
69.96338064102349,-3.2897014124282533,1.9057928002816045,0.0,28.064781493152573,-3.5802030497266095,0.5701674592136143,0.0,23.59088140994082,-3.838849363111624,1.8734907697543495,0.0,52.626856959460866,-39.040550749334614,2.585447520356208,0.0,43.29686039080149,-37.206154830558354,2.437559431490584,0.0,5.0069048884075205,-36.21919772194866,1.2767387203625944,0.0
69.98449102401698,-3.2942811452589558,1.9184031530766852,0.0,28.076763665256145,-3.578285012053308,0.5786279542427231,0.0,23.60966548291624,-3.842360381656962,1.861179626435911,0.0,52.64177283655685,-39.05112209864945,2.5870294204977338,0.0,43.325019147390506,-37.149070000311305,2.3709472344760822,0.0,5.013311875629964,-36.21882306662652,1.2694220609929516,0.0
70.01023999121513,-3.293887331503795,1.92693923723251,0.0,28.090639688418843,-3.5774652754214813,0.5836748503868598,0.0,23.640383236481718,-3.85549763221925,1.8496256018171682,0.0,52.65782214936886,-39.06530348420382,2.588744189797149,0.0,43.356602791055096,-37.08761204782244,2.2976251718092353,0.0,5.019542315472933,-36.21827962859836,1.2622934121639275,0.0
70.03913113784692,-3.2881679403578215,1.9295821235916595,0.0,28.105336401627795,-3.575953941720215,0.5861953602633019,0.0,23.677585094727398,-3.8772932457572216,1.8381710199210755,0.0,52.67383604030349,-39.08063893260835,2.590387394241681,0.0,43.39093783596012,-37.02052339525256,2.222632684627415,0.0,5.025256092151711,-36.217665291380825,1.25515681288657,0.0
70.06929388630249,-3.278020149724666,1.9267979065194911,0.0,28.120213198624924,-3.5709663578414474,0.5890055031500054,0.0,23.714841211765705,-3.9050507924684665,1.8262551278586816,0.0,52.68795975117537,-39.09303460980967,2.591479019190313,0.0,43.426513963105165,-36.951765621576875,2.152058598763743,0.0,5.029978106589426,-36.216992662490746,1.2482293667978972,0.0
70.09865148558252,-3.265172905105076,1.9213187516282932,0.0,28.135348348306316,-3.5591885491618402,0.5960042538549892,0.0,23.745879930426035,-3.9346172563087816,1.8137986609871888,0.0,52.698055544135286,-39.09752470982314,2.591360405071269,0.0,43.462210842676306,-36.887031547594376,2.090598697600239,0.0,5.03346142012737,-36.216034712891194,1.242176545851402,0.0
70.12494462330145,-3.25149090766042,1.9172431567994241,0.0,28.151298708539528,-3.53783112125826,0.6107973816989691,0.0,23.765555270157726,-3.9610217852082767,1.8013004929246854,0.0,52.702522148164284,-39.08978573302701,2.5897231912384537,0.0,43.4976875958498,-36.83094601251109,2.0400540147517,0.0,5.036007714674805,-36.214215673326436,1.237831840019922,0.0
70.14581949992737,-3.238220147378234,1.9185874527753288,0.0,28.1683334477938,-3.506062060236925,0.6352172226956423,0.0,23.770844828688194,-3.9795582845094772,1.7896226589555866,0.0,52.70136957514145,-39.06816839359274,2.5874882027599693,0.0,43.53307699640682,-36.78566064401257,1.9992627823302005,0.0,5.038499729036665,-36.21065598906903,1.2357385066186737,0.0
70.159154808344,-3.2254999623833216,1.9278424237681726,0.0,28.185530449682485,-3.4662984947779014,0.6682063033866434,0.0,23.761786338291824,-3.9870519405285356,1.7796183448911496,0.0,52.69714195298552,-39.03574207964752,2.5876066603787162,0.0,43.56845566435874,-36.75080614111846,1.9651795074513725,0.0,5.042055360548358,-36.2044189925372,1.2357990085920587,0.0
70.16359317416376,-3.212418380634203,1.9451363638813763,0.0,28.200394185287596,-3.424670915669707,0.7054749288864599,0.0,23.74178338363791,-3.982777749962682,1.771805204097781,0.0,52.69515830962392,-39.00164003609197,2.5951940035533507,0.0,43.60351307084251,-36.724309420387215,1.9343955619582527,0.0,5.047463308523181,-36.19489399366525,1.2373073920970388,0.0
70.15904839570871,-3.197612177871685,1.9684016118877494,0.0,28.209560291896477,-3.3900115017750396,0.7402291486191039,0.0,23.716724139769255,-3.9685846656280024,1.7662238694038805,0.0,52.70268724567112,-38.98098756288381,2.616610161891069,0.0,43.63759103457961,-36.70349691554501,1.904409521491555,0.0,5.054731259260089,-36.1821591520885,1.2394144089649046,0.0
70.14692964902258,-3.180045760695548,1.9944663406971745,0.0,28.21066770765711,-3.371012894169457,0.7650984306272921,0.0,23.693062376561755,-3.948173333394844,1.7625293145637073,0.0,52.72709908402428,-38.99299275643128,2.6575720546225394,0.0,43.670015135853525,-36.686043673228404,1.8742381077655867,0.0,5.063043510901052,-36.167160468096284,1.2417578211160123,0.0
70.12994924301049,-3.159467919152414,2.020466519783481,0.0,28.204838601079242,-3.371805198873549,0.7750880519353895,0.0,23.675753110057656,-3.925865433116888,1.7602591491992126,0.0,52.773581059031955,-39.05732619756262,2.72080209967317,0.0,43.70048298698912,-36.67051129579173,1.8443020318455758,0.0,5.0712036214602545,-36.15161480611431,1.244835396074091,0.0
70.11154665432731,-3.1363263488627817,2.0448043345957707,0.0,28.198707062433005,-3.387054163014141,0.7708936882424187,0.0,23.666995701542632,-3.9053509270079636,1.7591290554482928,0.0,52.84339103756681,-39.18956001061872,2.8038855563872005,0.0,43.72925742333657,-36.65637655167464,1.815776494803833,0.0,5.078350963112994,-36.1376443519582,1.2498391359254466,0.0
70.09509790449505,-3.1113677159238344,2.0672522553832167,0.0,28.204808487288883,-3.3985310362584293,0.7614540995909422,0.0,23.666163249015167,-3.888809820564356,1.7592055433021834,0.0,52.93363546462247,-39.39707155313794,2.898059874947542,0.0,43.75704319030998,-36.64361563187856,1.7897370594528024,0.0,5.084553715224361,-36.12723721586933,1.257989226107611,0.0
70.08315443684141,-3.085307579638509,2.0884110777833627,0.0,28.23956392231229,-3.3754520164150668,0.7646121084864426,0.0,23.67066335710466,-3.876603747190262,1.760911558756792,0.0,53.03907537837624,-39.677262673778436,2.988760047586524,0.0,43.78462217910801,-36.632090333786614,1.7664843901618106,0.0,5.090931223922425,-36.121681104389076,1.269679965762034,0.0
70.0769162022948,-3.058711969439284,2.109076207635944,0.0,28.31907620041926,-3.280148492225745,0.8053865618451681,0.0,23.677175668143914,-3.867528285175577,1.764908123480586,0.0,53.15555310954156,-40.019744155029564,3.0587485419757208,0.0,43.81244632384591,-36.62109482054359,1.7453749483162753,0.0,5.099228248929,-36.121120777980224,1.2838312026067822,0.0
70.07601311910079,-3.031961410724734,2.1299401119295123,0.0,28.4540926599145,-3.078603891231756,0.9121249894977357,0.0,23.68275680850519,-3.859476328756474,1.771881361574886,0.0,53.283643751339085,-40.41276940315241,3.094150725163848,0.0,43.84037156980786,-36.60935190264194,1.725279526355843,0.0,5.11106012870928,-36.12435902126858,1.2977237981058174,0.0
70.07856857043411,-3.0051898152144574,2.151673247887368,0.0,28.64614496032099,-2.7527482515206243,1.1110116857002108,0.0,23.685526568129042,-3.8503094674562943,1.782224492748858,0.0,53.43067646738601,-40.85178894948079,3.0923988091425834,0.0,43.86762591790261,-36.595512120657965,1.7054616883707467,0.0,5.127177172021579,-36.1289814477918,1.3074035360166878,0.0
70.08150685508085,-2.9782728946812824,2.1751433316873463,0.0,28.886744897181593,-2.309458415874732,1.4193346262457922,0.0,23.68488196075801,-3.838728227783609,1.7956467849478095,0.0,53.60979249519769,-41.345860486223955,3.06936275495438,0.0,43.893036580106795,-36.57895336689925,1.686349721805744,0.0,5.147028421452871,-36.131841434614664,1.3086034568530707,0.0
70.08110037484951,-2.950971423006499,2.201521722321427,0.0,29.160696678363607,-1.7813297893964561,1.8387415728370788,0.0,23.681336438057308,-3.82490734626648,1.8108527896727704,0.0,53.83603257872654,-41.917636291322225,3.062097925632459,0.0,43.91549184941058,-36.5605169233913,1.6696175500026325,0.0,5.168748995275378,-36.129888845533074,1.298088657729581,0.0
70.07377646076895,-2.9231724137131927,2.232173131834907,0.0,29.453127156864024,-1.217463575790151,2.3514246966195422,0.0,23.67614408042231,-3.8106255385461787,1.8255125233113034,0.0,54.12084522769042,-42.5952761856734,3.1246468437656443,0.0,43.93448620759465,-36.542739193604326,1.6574199871019797,0.0,5.189570772664972,-36.12127075146377,1.275276701345506,0.0
70.05716072499442,-2.895048478961341,2.2683452701798856,0.0,29.757855619510785,-0.6680011980392315,2.922391009137031,0.0,23.670868795832895,-3.798692424630221,1.8366983176553955,0.0,54.46719497557429,-43.398469454619594,3.316556696831549,0.0,43.950443126830166,-36.52918418581028,1.6513298577790998,0.0,5.2065975927225505,-36.10656395183559,1.243829609426026,0.0
70.03116826042823,-2.867036317441759,2.310726762876037,0.0,30.0832276354107,-0.17005362202420393,3.5078989425589775,0.0,23.667012020048222,-3.791770865146208,1.8417636858721167,0.0,54.867436139712616,-44.32408729193008,3.6859807110930998,0.0,43.96463201863644,-36.52289010461645,1.6517045075900096,0.0,5.217836537070687,-36.08989914983274,1.212655875692839,0.0
69.99871306575015,-2.8397139488970353,2.3589943632649906,0.0,30.452105489960783,0.25876834667347026,4.066174519871863,0.0,23.66574416889058,-3.7910960915331904,1.8393547082864234,0.0,55.30541820209699,-45.33882201693868,4.251565622966748,0.0,43.97885328518809,-36.524670352400946,1.657663294924161,0.0,5.223293210440303,-36.07961944956602,1.195580539338227,0.0
69.96549676085665,-2.8137191176440908,2.411530022320205,0.0,30.89551989790504,0.6183360233899595,4.5656924068142635,0.0,23.66774015576242,-3.795764661946495,1.8300743581462164,0.0,55.762849890197835,-46.38468798130411,4.990245844239803,0.0,43.995132843577046,-36.53240134550775,1.6674318420100747,0.0,5.225881202539055,-36.088032127210234,1.209127967196352,0.0
69.93858220295583,-2.7897523571407694,2.465479222603893,0.0,31.44260933638756,0.918886241886872,4.9887933307158825,0.0,23.67311668995713,-3.8029931891777333,1.8164348759437559,0.0,56.22780057018751,-47.396452257635566,5.838842465452805,0.0,44.015397386972275,-36.54203077218318,1.678812485076305,0.0,5.231911728048797,-36.12986683394078,1.2685702092085833,0.0
69.92404012919124,-2.7685878586446453,2.517232384953248,0.0,32.11091106104136,1.1731372793156876,5.331143969875204,0.0,23.681476385439645,-3.8092118023214354,1.8020765792359352,0.0,56.70149581999876,-48.321427743597425,6.7114989729427545,0.0,44.04097050176933,-36.550012073823794,1.6895941694447885,0.0,5.250921689119361,-36.21941380372028,1.3834252087118628,0.0
69.92455765532733,-2.750985884760855,2.563291273136617,0.0,32.90052015207897,1.3907699336172978,5.598618525165359,0.0,23.692045566307147,-3.8114515350057854,1.790570212876645,0.0,57.20007386206512,-49.13055257241619,7.524807785600366,0.0,44.071961822803125,-36.55575049528962,1.697780532250274,0.0,5.294506354917898,-36.36702922661472,1.5544797642786907,0.0
69.93811473775142,-2.7374404808007347,2.6013238288718306,0.0,33.79394143690574,1.576592516251841,5.8030708447043295,0.0,23.7038596859373,-3.8084285639763458,1.7842717709534917,0.0,57.75069789699559,-49.81742939167222,8.21795378800588,0.0,44.106948508595956,-36.5622591028584,1.7017302698592385,0.0,5.373886262596809,-36.57641346015956,1.7746430233028399,0.0
69.95846980101052,-2.727757353602075,2.6310282716090523,0.0,34.76140457853555,1.7318732504411845,5.958222291002695,0.0,23.71594332199319,-3.800944941995662,1.7836444895406984,0.0,58.38410709527367,-50.390079267105904,8.760494653732044,0.0,44.14332577642206,-36.5741932641867,1.7004891943092293,0.0,5.49650784303846,-36.84411822028954,2.034952196208467,0.0
69.9773969329706,-2.72057921742201,2.654372796709197,0.0,35.769482060959724,1.8570022487639406,6.076678016503637,0.0,23.727470940828255,-3.791518031261936,1.7872738245180706,0.0,59.1266559842549,-50.86164614985904,9.148748712521998,0.0,44.17827465328072,-36.594327515781515,1.6943978676492364,0.0,5.662934978628629,-37.16167684510072,2.334486570045585,0.0
69.98780121817292,-2.7131906155489967,2.674974840899173,0.0,36.789682158439,1.9535181539465452,6.168592939925788,0.0,23.737943233711665,-3.7834040445879555,1.7925509296290887,0.0,59.994392957922564,-51.243415474302324,9.396160521481644,0.0,44.209896792122294,-36.620909569629056,1.6854972499973204,0.0,5.86586133797233,-37.518981833579325,2.689572465297421,0.0
69.98641044264144,-2.7020307599883036,2.696745938603886,0.0,37.80396756451837,2.0245402030564765,6.241792939094863,0.0,23.747398080498716,-3.7793685277842677,1.79675524457258,0.0,60.99059022793281,-51.54095044795102,9.522972945726616,0.0,44.238030166044,-36.64798173653305,1.6769172717938332,0.0,6.092537614141444,-37.906327912471326,3.1359242892059083,0.0
69.97487297347848,-2.684002011347815,2.722276921232643,0.0,38.80581802075152,2.073880077113623,6.302611658208123,0.0,23.75657797658498,-3.7806433290070647,1.7981035944153039,0.0,62.10679544737601,-51.75324239005672,9.548664212489948,0.0,44.26440974799696,-36.66874226337042,1.6710914786217916,0.0,6.330347844496529,-38.313182888228525,3.7195920692406617,0.0
69.95875653515228,-2.6579957416621105,2.7516605487761403,0.0,39.79753248593876,2.104770739058212,6.356652796298996,0.0,23.766904965619347,-3.7864495221990193,1.7963294679415895,0.0,63.326266870494806,-51.8744498108632,9.48854401086643,0.0,44.2919443274689,-36.679579371205264,1.6681974569787812,0.0,6.573405525054444,-38.72438832124905,4.478169243637939,0.0
69.94495207007836,-2.625690137332819,2.782387864278606,0.0,40.78584376643327,2.119106295174543,6.4090741330327266,0.0,23.78019847584175,-3.7942691053783877,1.792552186894664,0.0,64.62805286850877,-51.89723793927812,9.354005620031778,0.0,44.32333492205491,-36.68183749493833,1.6664283730312714,0.0,6.8268291032096755,-39.1175291518591,5.419293082813475,0.0
69.938865040366,-2.5910668100149508,2.8104601044000024,0.0,41.778095656355696,2.117587880195611,6.464432211020902,0.0,23.798262804581274,-3.800783436796161,1.7885312617515332,0.0,65.99025822122407,-51.81627717240873,9.154584723580177,0.0,44.35995305255199,-36.68055139195147,1.6635195653767862,0.0,7.105961777899193,-39.46589028588185,6.506133071261942,0.0
69.94290787414155,-2.5589567438346026,2.832157377523263,0.0,42.78038378679769,2.1005205530559987,6.526300847232437,0.0,23.822564379631228,-3.803140628798138,1.7857033079997482,0.0,67.39192628563023,-51.6307056235973,8.899792465663696,0.0,44.40163740444671,-36.68156371585564,1.6579106406399085,0.0,7.430786836876461,-39.747918045589856,7.658131212671744,0.0
69.95698484417653,-2.533467938910579,2.8455475248668787,0.0,43.79775065834536,2.0685593907074633,6.596790278349975,0.0,23.854126436469045,-3.8000523019475523,1.784485777116533,0.0,68.81381517050269,-51.34510705692436,8.599615338532644,0.0,44.44720510817053,-36.68875031870071,1.6490683915966304,0.0,7.819441920344218,-39.95822694906718,8.76906675002929,0.0
69.98036425693621,-2.5169467807167285,2.851059497347295,0.0,44.835436151239676,2.0227740357580046,6.675996567509991,0.0,23.893618114825195,-3.792252310669987,1.7841535238067436,0.0,70.23869056824454,-50.96917334000487,8.263762525262036,0.0,44.49518225552768,-36.702490974124395,1.6373440281333664,0.0,8.285394579732241,-40.1123852186473,9.735334275879922,0.0
70.01342558439995,-2.5095874233468147,2.8509974423993505,0.0,45.89983206104231,1.963954103778816,6.7614658526829,0.0,23.941518795302052,-3.7821120592532553,1.7832669280746938,0.0,71.6515834451609,-50.51648976362089,7.900453288962378,0.0,44.54444575245896,-36.7198624970832,1.6237013938514835,0.0,8.839137880404202,-40.24157054589987,10.481789977607571,0.0
70.05793292301465,-2.5095546665395756,2.848337245430846,0.0,46.99821533415513,1.8916610217203154,6.84784655102157,0.0,23.99818233453291,-3.772589355649748,1.7803501310409455,0.0,73.04007830671621,-50.00296083427482,7.515612003350075,0.0,44.59464676497384,-36.73635860984172,1.6094194625601919,0.0,9.49095001653229,-40.3801836924177,10.975690997533219,0.0
70.11567157852895,-2.513563236618746,2.8453812442757815,0.0,48.13712346808607,1.8036778673510536,6.926803006880201,0.0,24.063636923379427,-3.7659891640052905,1.7744487845703603,0.0,74.39446394591923,-49.445354582911435,7.1129470484644255,0.0,44.64633647961623,-36.74827859659041,1.5957683393453355,0.0,10.250755687501524,-40.55315943489764,11.22709889025283,0.0
70.18657990892301,-2.517853267809345,2.8428379931370955,0.0,49.31993143403963,1.6961686070421642,6.9869869104469355,0.0,24.13713439876554,-3.7630786178440907,1.7653650130618495,0.0,75.70763174427381,-48.860206423592864,6.694793738852754,0.0,44.70073466110435,-36.75452923142437,1.5836721952612276,0.0,11.155992975272797,-40.744323982278786,11.26763287689428,0.0
70.26784718496457,-2.519306516510266,2.8396470195606014,0.0,50.544615257392266,1.5643753998357894,7.013719134170633,0.0,24.216755310302272,-3.7629063736012505,1.7536075952918413,0.0,76.97480609169355,-48.26292492109913,6.263111802590213,0.0,44.7591643673387,-36.756819102834385,1.5733990903218107,0.0,12.165244893759718,-40.96991247916529,11.185325481712429,0.0
70.35462700033497,-2.5163313430939747,2.8335083867826434,0.0,51.802791206857485,1.4033981869897953,6.988337092781102,0.0,24.29950340150406,-3.763339172997214,1.7401886567190932,0.0,78.19331999333197,-47.66665195559348,5.819928316517178,0.0,44.822322807526135,-36.75814691214559,1.5643193396822284,0.0,13.266018615294112,-41.20575065288409,11.032086749681046,0.0
70.4418480568484,-2.5092455882269706,2.8218152922541417,0.0,53.08070975291174,1.2086126912284207,6.887859052239247,0.0,24.38207056524869,-3.762011631758276,1.7263259756276668,0.0,79.36259771152983,-47.080561826359386,5.36687992338387,0.0,44.889686486849286,-36.76056519787569,1.5548136760360531,0.0,14.435137129833256,-41.42435218952118,10.854769051139122,0.0
70.52603126292831,-2.5000796691711153,2.8026195605084823,0.0,54.36185152826977,0.9755681912977785,6.686219649375075,0.0,24.461975271293014,-3.7572346448441714,1.7130529022491192,0.0,80.4842920817325,-46.50788210841711,4.904100493277435,0.0,44.95936256290424,-36.76367291537983,1.5424630097975438,0.0,15.648761341107255,-41.60010932135463,10.680222962370514,0.0
70.60626455730265,-2.4918838239172314,2.775322340929524,0.0,55.629628753893556,0.6997160636309747,6.358265712175392,0.0,24.53846653589986,-3.7484848276655063,1.7007986135428705,0.0,81.56227874199521,-45.94462081906654,4.429164922183466,0.0,45.028542824646024,-36.76480833111797,1.5245734834330626,0.0,16.888838171999613,-41.71457985874638,10.5153184013914,0.0
70.68408831281276,-2.487731781296551,2.740899114697564,0.0,56.868424521686094,0.37682658194681373,5.886762978215099,0.0,24.61266594483688,-3.736338290627299,1.6890981601092516,0.0,82.60212007175994,-45.380222226094936,3.9369336467759,0.0,45.094424801886504,-36.760825264707194,1.498903704872827,0.0,18.146223340355775,-41.75919543647764,10.35263366891553,0.0
70.76252013772569,-2.4896859009236554,2.7016196427861274,0.0,58.0622696453648,0.00503503221166568,5.271121854460867,0.0,24.686815380489318,-3.7219836682877965,1.676614786915275,0.0,83.60975555491541,-44.80083949894531,3.42093246709854,0.0,45.15519050067053,-36.75037120137463,1.4643612046501584,0.0,19.419982420577192,-41.73526102297606,10.178109083448433,0.0
70.84467921808458,-2.498033495430016,2.660388896842983,0.0,59.19223562521761,-0.41121696375615446,4.534933805533067,0.0,24.76299633564021,-3.706629627255407,1.661558950038545,0.0,84.58947960574696,-44.194853824728774,2.8763701388816383,0.0,45.210575806414575,-36.73531259259461,1.4214532549233798,0.0,20.713916793087805,-41.65176984037991,9.977593873947976,0.0
70.93253285956717,-2.5110815485007962,2.619951705291083,0.0,60.23489195909358,-0.8565461998362753,3.7284338057588933,0.0,24.842020183997967,-3.691115978400652,1.6423814096722449,0.0,85.54163629816534,-43.55923392785027,2.304110670757769,0.0,45.261789410999036,-36.72046480387076,1.3722938026055989,0.0,22.032131929043707,-41.5219056044414,9.740611013119663,0.0
71.02619671487179,-2.525652035533897,2.582211791577075,0.0,61.16392236610325,-1.30220837297587,2.922663050031458,0.0,24.923098073432374,-3.675844524087813,1.6184219763960357,0.0,86.46078123997519,-42.90468229593163,1.7141618479591685,0.0,45.31090412397923,-36.71173963424168,1.3200647750221801,0.0,23.37540901766328,-41.35927241617418,9.461186907365752,0.0
71.1239593102943,-2.538151555469912,2.5478375389566708,0.0,61.95509790729177,-1.7092087320330123,2.1951583531849677,0.0,25.004396041824304,-3.6609347278370103,1.5901813933820286,0.0,87.33513966254391,-42.2573658593661,1.1269708690928386,0.0,45.36008743409069,-36.71369053206649,1.2680778728311424,0.0,24.73947133955207,-41.17483273650926,9.1366804092629,0.0
71.22286572700953,-2.545783402870569,2.516248045592894,0.0,62.5925619957977,-2.037764439666776,1.6114443174748425,0.0,25.08402975217926,-3.6464624048297383,1.5590784367136088,0.0,88.14788731653154,-41.655547443247286,0.5713591525456572,0.0,45.410986755682146,-36.72771592215142,1.2187923744744094,0.0,26.115291687734064,-40.975176212187414,8.765946060359735,0.0
71.31949050062036,-2.547326247861789,2.4859956887043637,0.0,63.07364132471638,-2.2596452088620564,1.2093050159225314,0.0,25.16081920789701,-3.6327271310181404,1.526821883215863,0.0,88.88019572150048,-41.14091900255448,0.07921178299617893,0.0,45.4643417006628,-36.75168257494978,1.1731700440008268,0.0,27.49079006799052,-40.76217476488911,8.348004053371445,0.0
71.41059611561816,-2.5431207022668665,2.455422033473324,0.0,63.41039335498572,-2.3675867545816995,0.991539442190299,0.0,25.23428376849133,-3.6205388928907336,1.4947346060162037,0.0,89.5153877732585,-40.74679853463563,-0.32147758771336754,0.0,45.51974893209222,-36.78085579927535,1.1306065426180485,0.0,28.852891149902486,-40.533608750957704,7.881941368146508,0.0
71.49360294745327,-2.5343906226857333,2.423337866229403,0.0,63.62749439688678,-2.3773763919311364,0.9290014108745916,0.0,25.303798040578762,-3.6114385499634025,1.463427174121108,0.0,90.0431711072166,-40.48748360797993,-0.6127090386293474,0.0,45.57556670663354,-36.80946408913788,1.0894332353227956,0.0,30.188974442012118,-40.284256852389696,7.368179208973562,0.0
71.56692392683122,-2.5223757072767614,2.3895140122406087,0.0,63.757128759675616,-2.3218141479223258,0.9718437812104419,0.0,25.36737604508371,-3.6076775752230246,1.433042506099918,0.0,90.46280462585891,-40.353241097047466,-0.7894561054287728,0.0,45.62906279726867,-36.83225546551237,1.0477545185946617,0.0,31.48717415976208,-40.00719099846687,6.810602083795819,0.0
71.6301511440541,-2.5076907725758457,2.3549199395988847,0.0,63.83228573787188,-2.239575293534542,1.0645233620328254,0.0,25.42091096850124,-3.611838289226035,1.4039111071277919,0.0,90.78417783085987,-40.31299780378715,-0.8585235648884169,0.0,45.67690842652612,-36.84571762903855,1.0042998703538402,0.0,32.73562089298532,-39.695307137903086,6.218592119737359,0.0
71.68399485240619,-2.490023507011841,2.3217257787007632,0.0,63.88033014254004,-2.164026596132093,1.1596433008666933,0.0,25.458562156206398,-3.6261761490700266,1.3771381492951118,0.0,91.02619604634447,-40.32321478600412,-0.8340009978532663,0.0,45.71597582351135,-36.84884599413993,0.9590334500638402,0.0,33.92130126360738,-39.34320251070387,5.607988280784866,0.0
71.72992384462766,-2.4681049737639693,2.293052187861928,0.0,63.91875627876242,-2.11611093343398,1.2267549807918057,0.0,25.474392973408712,-3.65189623588041,1.3546800704133375,0.0,91.21258936216717,-40.3390044366237,-0.731385207732604,0.0,45.74421506927885,-36.84334964106246,0.9133909946513494,0.0,35.029464734760026,-38.94933476409146,5.000369027878882,0.0
71.76960454504713,-2.439955029962389,2.272436856510927,0.0,63.95432609172671,-2.102656835377073,1.2544101212029224,0.0,25.464732595196356,-3.688491631058241,1.3388257490777669,0.0,91.36611451867148,-40.32345779759033,-0.5627962813373806,0.0,45.76131203787898,-36.83312130461668,0.8701275837826579,0.0,36.04429447493364,-38.518052652037554,4.420614483307391,0.0
71.8043578016761,-2.4034967099098994,2.263060361915782,0.0,63.9854267451153,-2.119039954175694,1.246393314791261,0.0,25.430352874148817,-3.7331835459120493,1.3313612900946126,0.0,91.5027908739164,-40.25282418583194,-0.33498904290905074,0.0,45.76890726252923,-36.822882302400416,0.8328148483224407,0.0,36.950950486623604,-38.06074935924396,3.893259655427082,0.0
71.83484581195131,-2.357509846570199,2.2668924304867417,0.0,64.00623169515188,-2.1540993649103672,1.2149549814791634,0.0,25.377426439686353,-3.7806915351785815,1.3328408192737484,0.0,91.62800551557692,-40.11727170605947,-0.05056365013349051,0.0,45.77027457934873,-36.816316623890174,0.8049943442752063,0.0,37.73834441259388,-37.595367590483036,3.4385848196456408,0.0
71.86106703463379,-2.3025999530141115,2.2840120911056054,0.0,64.01081796963518,-2.1953361083725316,1.1741548310263443,0.0,25.31647764108759,-3.823834504806845,1.3423200434465912,0.0,91.735853554747,-39.91843519518547,0.2884543041948131,0.0,45.76938949745127,-36.81464455135841,0.7889255778298612,0.0,38.4015101677911,-37.14401888047219,3.069517869426859,0.0
71.88259677369844,-2.241675780297586,2.3123667757303217,0.0,63.99587951737613,-2.2330607468020176,1.1353817589453676,0.0,25.259387437576272,-3.855272946378137,1.35769812700865,0.0,91.81203554645595,-39.66554475988442,0.6762524293704981,0.0,45.769484302946,-36.816705501904394,0.7841583751912875,0.0,38.94253892287364,-36.72933065212536,2.790109612393479,0.0
71.89895296315316,-2.179584057839805,2.348109807348477,0.0,63.96165359333046,-2.2628509366367506,1.105651430636744,0.0,25.21567450191494,-3.8699161834395097,1.3764865905252321,0.0,91.83941043462234,-39.3717923093652,1.0998325295642175,0.0,45.77194250186476,-36.82022985100206,0.7871308992152777,0.0,39.369763045986105,-36.37066289328069,2.595758429291932,0.0
71.90992153987187,-2.121985200933068,2.386393974278729,0.0,63.911528688847945,-2.2861973587496207,1.0881291116077367,0.0,25.189820321941056,-3.866801411963511,1.3965485154402213,0.0,91.80442094552254,-39.051966805231885,1.5379192398313606,0.0,45.77650276227162,-36.82289194536145,0.7927360652929547,0.0,39.69577766143473,-36.08118365068947,2.4748701981639005,0.0
71.91561199667545,-2.0739659359594675,2.4222557720731217,0.0,63.85110473282886,-2.3095519908882496,1.0837383400921201,0.0,25.180795488427243,-3.849387592034855,1.4163887513455062,0.0,91.70242612212404,-38.721510770983755,1.962739986959713,0.0,45.78219255973311,-36.82304685665528,0.7965534976396604,0.0,39.93537934690527,-35.86626096301515,2.4113973638983417,0.0
71.91609746868875,-2.038982550060365,2.4512344390587923,0.0,63.78724802352637,-2.342233253940604,1.0926651545428765,0.0,25.18371584505941,-3.824139654610919,1.4349233453383992,0.0,91.54047252967109,-38.39635692926764,2.344326014681082,0.0,45.78795711711064,-36.82050131302009,0.7961602343109941,0.0,40.104248183492146,-35.72323901936629,2.3876160964123,0.0
71.91082275326359,-2.0184624613948987,2.4696819860424526,0.0,63.72729790074361,-2.393779512787309,1.1149347160157834,0.0,25.19261930503625,-3.7981973214274696,1.451001150934978,0.0,91.33687467558234,-38.09253566745585,2.6562010654035113,0.0,45.79286187818734,-36.81686389799208,0.7913575523007026,0.0,40.21843442898521,-35.64256125204593,2.38654360493263,0.0
71.89829683827664,-2.01197566250349,2.4750539072521285,0.0,63.67837845910964,-2.4713352644861457,1.1498689802093445,0.0,25.20308265615797,-3.777190349493572,1.4630512710288812,0.0,91.11780988614684,-37.82477245142241,2.880886288499383,0.0,45.796127619337376,-36.81514294444791,0.7837000686607656,0.0,40.29406839943052,-35.61010519307407,2.393630622322469,0.0
71.876564891894,-2.0176393613842674,2.4664456385002307,0.0,63.646766161767715,-2.5775742888940902,1.194918311649598,0.0,25.213673552775795,-3.7639110128994915,1.4691119560340429,0.0,90.91184221467623,-37.6040441234543,3.0136350012554693,0.0,45.79716765559413,-36.818793164519704,0.7756305845528502,0.0,40.34667094651998,-35.610260190554456,2.397696049792666,0.0
71.8445049808359,-2.032506484622797,2.4452106764628088,0.0,63.63728845488238,-2.7095857992000205,1.2447903322684724,0.0,25.22584698135295,-3.7580180988706733,1.4672892960662676,0.0,90.74386405425227,-37.43497131283064,3.0631655767635433,0.0,45.79566335033889,-36.83064978489888,0.7694113826017084,0.0,40.3899208983731,-35.6288940794297,2.3912759757962334,0.0
71.80338896701899,-2.0529575868899266,2.4150829006495442,0.0,63.65271721145173,-2.8590148805774813,1.2916901220443808,0.0,25.242623166578852,-3.7565845170426453,1.4564761861172713,0.0,90.6301979115065,-37.31440464284682,3.048910846432694,0.0,45.79164050743804,-36.852114686793215,0.7660775274124063,0.0,40.434257377854514,-35.65534184508315,2.3705583261345016,0.0
71.75776780181273,-2.0752366874694745,2.381335048132893,0.0,63.69318317912094,-3.0134973772183455,1.3268562927612937,0.0,25.266898027546418,-3.7551833767210914,1.4369901563924063,0.0,90.57623756977623,-37.23220148349233,2.995510152814118,0.0,45.78551396873278,-36.88273342998116,0.7647997436248648,0.0,40.48587590433719,-35.68301069115297,2.3349989368446593,0.0
71.71489454036673,-2.096101299862493,2.3491745977003085,0.0,63.75582110383809,-3.159129149650215,1.3428361290334347,0.0,25.30021726609093,-3.749224585034633,1.4107628464264437,0.0,90.57705084069435,-37.17417672101845,2.9265197516239745,0.0,45.77798777529466,-36.92029304357736,0.7629770585156681,0.0,40.54650009186413,-35.708782823572584,2.2866800153619398,0.0
71.6826503085766,-2.11332436753998,2.32223784114643,0.0,63.834974304038504,-3.2834429387209902,1.3355537115270142,0.0,25.34230849013302,-3.735302466474751,1.3809130728882035,0.0,90.62029983400619,-37.1261996907992,2.8596977152850886,0.0,45.76938906125696,-36.961965532638956,0.7568320679159903,0.0,40.61399368031964,-35.73175265455163,2.2294652200223855,0.0
71.66689018741073,-2.125825699595882,2.3020269399456694,0.0,63.92311294142821,-3.378156718433491,1.3053456336940314,0.0,25.3911003826628,-3.712324153475107,1.3508840201169257,0.0,90.69020631325952,-37.077950387600964,2.8052865153889446,0.0,45.756016845284435,-37.009636811026006,0.7403487403186588,0.0,40.6836179174765,-35.75190228251933,2.1680123451946134,0.0
71.66954030388908,-2.133480349710469,2.2883671229451235,0.0,64.01223044537122,-3.440890024328917,1.256625791029185,0.0,25.442867898335663,-3.6821200625438406,1.3235937548716503,0.0,90.7712863646267,-37.025068248551094,2.7671146986337583,0.0,45.74720241774266,-37.049061958615766,0.728273535448853,0.0,40.74960758273135,-35.76919173512236,2.10676206455825,0.0
71.68828394075888,-2.136781504639682,2.2801674002680414,0.0,64.09524011488917,-3.4752761973104334,1.1964299331635644,0.0,25.49248409894461,-3.6492065146226214,1.3010316974446798,0.0,90.85100835264122,-36.969129743626645,2.745151900237829,0.0,45.75913003801215,-37.05688452717505,0.7284850308253841,0.0,40.80671695395696,-35.78327942051783,2.0491096651685456,0.0
71.71772981816902,-2.1364287049105726,2.2757879915186514,0.0,64.16700144398341,-3.489432030635728,1.1325032127928036,0.0,25.534042850995455,-3.619577897528247,1.2844314401380075,0.0,90.92107731741133,-36.91573988646809,2.7379425000033937,0.0,45.77388988488312,-37.05576095766516,0.7257494836692633,0.0,40.851431484977034,-35.793771981657294,1.9969826425515596,0.0
71.75130890215833,-2.1328499693560294,2.2730483594325595,0.0,64.22486629903923,-3.4933217611830805,1.0716427421392094,0.0,25.56200419025136,-3.5988221133875475,1.2747782810158057,0.0,90.97749107693602,-36.871660015424574,2.7439462060678075,0.0,45.78913479190633,-37.049420457808054,0.7210257341460018,0.0,40.88262800786343,-35.80067889783463,1.9509259351962562,0.0
71.78307245343265,-2.125798615740602,2.2694510440628406,0.0,64.26875318157447,-3.4958777852963085,1.0187234681687762,0.0,25.572638050842162,-3.5901986541619113,1.2732247798842913,0.0,91.01976251329957,-36.84208595831156,2.761687469498689,0.0,45.803066391187045,-37.04235205961656,0.7158840383025886,0.0,40.901596456733664,-35.80472558104311,1.9105902503317242,0.0
71.80884596529204,-2.1143182280646804,2.263009303656709,0.0,64.3007284593651,-3.5027451977600728,0.9764480933055566,0.0,25.5652616360861,-3.5934005117084213,1.28107823727575,0.0,91.04977248327202,-36.828941449087296,2.78924250482825,0.0,45.81502403322149,-37.038519046358545,0.7121036802785667,0.0,40.91149282663227,-35.80732964052691,1.8753482192517303,0.0
71.82655834177004,-2.0973316558446307,2.253436299862072,0.0,64.32412374306782,-3.515290744854678,0.9456041274521709,0.0,25.542760471809387,-3.604546378663869,1.2992818619705666,0.0,91.07063993753684,-36.83055212370739,2.823752186091916,0.0,45.82546635396636,-37.040472800443546,0.7112364173699159,0.0,40.91642259408077,-35.81024281431709,1.8447360712448795,0.0
71.83589809147279,-2.074854618372975,2.242992930311848,0.0,64.34242591574571,-3.531115052528747,0.925556107035316,0.0,25.51108850052464,-3.6175594666601976,1.3275713342370903,0.0,91.0858173855274,-36.842541225493335,2.8614281580514014,0.0,45.83543686852984,-37.0489596896261,0.7142166345080465,0.0,40.92041345361597,-35.81500444996305,1.8185589207043904,0.0
71.83768358962598,-2.049460992576174,2.236351097626235,0.0,64.35834125393588,-3.545768815711374,0.9147728136093018,0.0,25.47777639866081,-3.6265339684937317,1.363640471686793,0.0,91.09845973291849,-36.859409769333006,2.8981206597833715,0.0,45.84582987157481,-37.06293363926652,0.7210838491292808,0.0,40.926530537081064,-35.82242173958331,1.796714401598793,0.0
71.8333832157588,-2.027240762151223,2.239318940556524,0.0,64.37336274057137,-3.554890406145965,0.9112790507214328,0.0,25.4498751965228,-3.6281755580329964,1.402688327308356,0.0,91.11105759920927,-36.87613636002598,2.930171307621789,0.0,45.85682288306489,-37.07987669158163,0.7309055781577207,0.0,40.93633528096056,-35.83229735062102,1.7789389524259178,0.0
71.82506677133858,-2.0172093412788223,2.256812180823479,0.0,64.38790279888612,-3.5558582948546578,0.9129740697889552,0.0,25.432021507641245,-3.623264067763677,1.4377343781334417,0.0,91.1253080313813,-36.88927283296041,2.95517810893066,0.0,45.867741393570725,-37.09640901611824,0.7419839297465636,0.0,40.94979381249534,-35.84354875388415,1.764680088153451,0.0
71.81581315576251,-2.028212645631366,2.2907329120987416,0.0,64.40178582414616,-3.54839371901984,0.9177980150266158,0.0,25.42522108430305,-3.6164664177179473,1.4610957931261854,0.0,91.14214270427107,-36.89731837462966,2.972442245150358,0.0,45.87743957855149,-37.10922058875349,0.7523542491994473,0.0,40.96561006613866,-35.854696707850316,1.7531743288015118,0.0
71.81041301463024,-2.063269446588559,2.338654189619003,0.0,64.41478200249904,-3.534118861782776,0.9237978381630167,0.0,25.426597031772772,-3.614463235443308,1.467233998213727,0.0,91.16180160453322,-36.900461138225076,2.983040497967174,0.0,45.88508810688175,-37.11631132708501,0.7604889703601927,0.0,40.981832157747256,-35.86451290440961,1.7436625910889791,0.0
71.81616545598872,-2.112989371722969,2.394598433538805,0.0,64.42693936352177,-3.515528777506202,0.9292145768496294,0.0,25.430049847536704,-3.6228589910228894,1.4566099648360193,0.0,91.18389757708728,-36.89996850851969,2.9895296387942185,0.0,45.89110563969251,-37.11838331594942,0.7660770260810637,0.0,40.99651341435144,-35.87253397039496,1.7355943174493245,0.0
71.84337267900995,-2.150902513963629,2.452504206803539,0.0,64.43865185342652,-3.4949867866741937,0.9326883270733841,0.0,25.427712162793114,-3.6426205101679834,1.4393628844172284,0.0,91.2075138714556,-36.89755191797834,2.995299106581717,0.0,45.89787184073111,-37.120046596655854,0.7707625925489676,0.0,41.00822795454973,-35.879228262791386,1.7286903774677995,0.0
71.90481588664521,-2.1331861905747007,2.511057355415913,0.0,64.45054791744087,-3.474197924222604,0.9335244140869907,0.0,25.412161019646724,-3.6669895344522576,1.4369764510885208,0.0,91.23140851678863,-36.89493443462609,3.0036636581321865,0.0,45.909839955007406,-37.13037747137224,0.7787566540483173,0.0,41.016323266418595,-35.88576570524063,1.7228250413491448,0.0
72.01384204434936,-2.0041075297580333,2.578026620616816,0.0,64.46330351971737,-3.4542641819464763,0.9318164782749054,0.0,25.379325175276314,-3.6800239985367176,1.480099863938749,0.0,91.25432931956293,-36.8936576455566,3.0169317478602053,0.0,45.93279266822316,-37.16239005358118,0.7972578180370711,0.0,41.0208982206855,-35.893478900462256,1.717798474716636,0.0
72.18167072484735,-1.7070572577747392,2.6731850656683527,0.0,64.47741422073149,-3.4360809711638254,0.9282651907461421,0.0,25.331687103006743,-3.6579331486596898,1.6016188282195962,0.0,91.27533246088002,-36.89500125982875,3.0357941200512535,0.0,45.972307841657496,-37.23118801620073,0.8366115019670097,0.0,41.02258731676246,-35.90318958494034,1.7131538585362218,0.0
72.41529998522718,-1.1993762272902542,2.829174869291087,0.0,64.4929322932058,-3.4206948636844565,0.9237558725492256,0.0,25.280751552100405,-3.5738077520713,1.8258358969312987,0.0,91.29395483452006,-36.89987773341184,3.0593261132007807,0.0,46.031938889454075,-37.35097911424069,0.9100746527997092,0.0,41.02227725751758,-35.91463066219365,1.708193077580482,0.0
72.71741738835355,-0.46758783836863316,3.0886368559990878,0.0,64.50924785232864,-3.4093468521292967,0.9189359179389349,0.0,25.247197721557434,-3.4050420304496347,2.1567789826516863,0.0,91.31017144207001,-36.90869335845893,3.0856366092321323,0.0,46.111932579294376,-37.531707708465156,1.0329809386805007,0.0,41.02086569399554,-35.92621067973885,1.7022257365436957,0.0
73.08884180983424,0.4619556994796574,3.4950436572487984,0.0,64.52507522114762,-3.403141493838016,0.9140035072134971,0.0,25.257313873788384,-3.1410677260871127,2.5705295835135846,0.0,91.32420573437183,-36.92128462607646,3.112853113334733,0.0,46.209262501180355,-37.776467005316796,1.221105605842972,0.0,41.01911793571167,-35.935303247016684,1.6949045776486482,0.0
73.53254039779401,1.5233550523353792,4.077018895309328,0.0,64.5387636980751,-3.4024803972674014,0.908760972985176,0.0,25.33582786634445,-2.787947166548147,3.0170281210545244,0.0,91.33633088082179,-36.93701890907337,3.1399555954123812,0.0,46.33163558929968,-38.064991948874926,1.4868974970380293,0.0,41.01762765246784,-35.939070634958604,1.686407794693146,0.0
74.05717120932727,2.6267486966475424,4.832469776231724,0.0,64.54887860583376,-3.406546680308776,0.9028537628977169,0.0,25.497794045614228,-2.3671194801434785,3.4345823246701555,0.0,91.34676688898264,-36.955034233600664,3.1670910493877695,0.0,46.47011376675608,-38.393600297159125,1.8459076578509155,0.0,41.01686060078222,-35.935584879227825,1.677323434124082,0.0
74.67831083538759,3.68503126123401,5.723572114386739,0.0,64.5548317684534,-3.413183842017357,0.8960598133676623,0.0,25.743795743500584,-1.9083454057807865,3.7744708258549613,0.0,91.3557059151405,-36.974520474253026,3.1953026123536468,0.0,46.616123401839765,-38.75672374393189,2.2927400307616006,0.0,41.017244384652294,-35.92480975578217,1.6683005862494227,0.0
75.41668843994981,4.637891310441286,6.688222035237128,0.0,64.55731313154575,-3.419369379176154,0.8884863682445303,0.0,26.061084595794963,-1.439812571690135,4.026059839115424,0.0,91.3634451454694,-36.99495711004122,3.2258843869782776,0.0,46.77779783073236,-39.13352060298257,2.812259460038115,0.0,41.01925298402584,-35.90898340114821,1.6596899738564677,0.0
76.29380746879065,5.460366969008392,7.6612562867881735,0.0,64.55836915428651,-3.422151326496299,0.8805671068179812,0.0,26.42938881502891,-0.9794728420456735,4.230083610334675,0.0,91.37057152318896,-37.01624735593397,3.2597101831763187,0.0,46.96587623166465,-39.50683045873846,3.3776076762349767,0.0,41.02343250821433,-35.892147295899136,1.6513909037670054,0.0
77.32600660703143,6.154956688450675,8.5927793119119,0.0,64.56106687957745,-3.4196441964420288,0.8728616452235833,0.0,26.827950788127822,-0.5312139004402265,4.472118173770071,0.0,91.3781106816481,-37.038685858289206,3.296865693747174,0.0,47.19287467659706,-39.86307756666921,3.9541485237678966,0.0,41.030334653721965,-35.87894703553176,1.6429616541563536,0.0
78.51850519411411,6.736191325720494,9.455645995745185,0.0,64.56874259465839,-3.4116880396729212,0.8658080712298428,0.0,27.241383798527583,-0.08817414323341488,4.857185048970761,0.0,91.3875409269154,-37.06272504139627,3.336748064087553,0.0,47.47012785589664,-40.19297429591894,4.506776671443287,0.0,41.04036277149703,-35.87319807007644,1.633853450917373,0.0
79.86130252991352,7.217333368536938,10.24184795470041,0.0,64.58396140415596,-3.399965812008145,0.8596279611526558,0.0,27.663498499569936,0.3574150710086563,5.474477060822203,0.0,91.40061164878736,-37.08860622901247,3.3785321036931286,0.0,47.80549593108343,-40.49116542969608,5.007291591915307,0.0,41.053579398376584,-35.876813939958815,1.6235574292639292,0.0
81.32883292891562,7.60424247085901,10.952168454525136,0.0,64.60753570432732,-3.387526507618856,0.8544537215135168,0.0,28.098258815621335,0.8030109067204183,6.364547546624735,0.0,91.41900088523579,-37.11603231932823,3.421675878487399,0.0,48.202696030041466,-40.7552538301987,5.439024560670394,0.0,41.06955440461201,-35.889451772918626,1.6115883629712808,0.0
82.88454255929688,7.896440222125362,11.584996592979152,0.0,64.63809018170569,-3.377753178346028,0.8505648506879879,0.0,28.556846678784872,1.2310645314267727,7.500120376478913,0.0,91.4439537833387,-37.14407207939546,3.4661152818695378,0.0,48.662185539996294,-40.98507883402956,5.797645774677141,0.0,41.08733157754413,-35.90885500069593,1.5974212902681053,0.0
84.48951286700144,8.091946081891455,12.129561574585003,0.0,64.67251513390033,-3.372984269384106,0.8485467231479706,0.0,29.051576933977884,1.6156028240737026,8.788161022279915,0.0,91.47607775965534,-37.1713684779792,3.5120233055414563,0.0,49.18285276546953,-41.18264297781878,6.088812856268644,0.0,41.10555750067963,-35.93165461618174,1.580500648782623,0.0
86.11172462157904,8.19140443278836,12.565982013268693,0.0,64.70722138741871,-3.3732666111120038,0.8492186423543444,0.0,29.590438359156213,1.936346901033609,10.0945013662637,0.0,91.5153940589026,-37.19654665468834,3.5593258250970106,0.0,49.76359352521895,-41.352346934261305,6.3241136728147405,0.0,41.12276346806565,-35.9543785892896,1.560290711113721,0.0
87.73178168925229,8.198782668398493,12.870569528862372,0.0,64.7396291317214,-3.375885903899932,0.8532511959810467,0.0,30.176604238706048,2.1900129706815292,11.28222231088387,0.0,91.56161096120347,-37.21859792165002,3.6073150019155307,0.0,50.40411870491737,-41.500917807005365,6.516780416485735,0.0,41.137730806579654,-35.97446254582739,1.5362658421121136,0.0
89.34297617252987,8.119045704072688,13.022467468589792,0.0,64.76910796753697,-3.376123447900544,0.8605505037859444,0.0,30.81312873408605,2.391009838347406,12.247332253306215,0.0,91.61446495317203,-37.237036416619645,3.6545902341565846,0.0,51.104845393405625,-41.636740350291454,6.678375040468064,0.0,41.149806281773664,-35.99106757753804,1.5077428727510362,0.0
90.9467322027825,7.955131891731668,13.008203364207564,0.0,64.79685441963366,-3.3691045884239825,0.869740312533402,0.0,31.50811309647775,2.562825958675262,12.938312995142518,0.0,91.67393011694716,-37.25178000801692,3.699341370871684,0.0,51.866158532828216,-41.76881233888112,6.817222227016817,0.0,41.15895457118812,-36.00558688986424,1.4732674120842546,0.0
92.54626380915286,7.706257092689169,12.822720878999782,0.0,64.82485502200845,-3.3519703750580057,0.8781984893310089,0.0,32.27545098342382,2.727263024260772,13.356799867321172,0.0,91.74016837139227,-37.26289793701457,3.7398400338703937,0.0,52.68747843395959,-41.90577571386715,6.93875846905376,0.0,41.16489353959303,-36.02260019220537,1.4270178696305198,0.0
94.14111894719395,7.368150601867621,12.467230852934929,0.0,64.85467577109775,-3.3253512146478807,0.882845026007848,0.0,33.13045455505185,2.8974206149904536,13.544584989407964,0.0,91.81326006755378,-37.27045165410632,3.774933663043461,0.0,53.56648866373341,-42.055297820757715,7.047244199903756,0.0,41.16694174930289,-36.04646860660326,1.3725328689661325,0.0
95.7240736539579,6.9346704061876245,11.945402468736592,0.0,64.88683819240997,-3.2934082741487734,0.881345279354111,0.0,34.08361404159639,3.0759703314161833,13.563822176838254,0.0,91.89289968197912,-37.274553052733594,3.8043213890100933,0.0,54.49874864375535,-42.223714207862756,7.147692730912714,0.0,41.17697798347724,-36.06240013432021,1.355366713292705,0.0
97.28054753489029,6.399934310907062,11.260189884327358,0.0,64.9209715537007,-3.262349289128896,0.8730574510547022,0.0,35.13656886979374,3.2571424849050974,13.476553438744098,0.0,91.97826088025187,-37.275554789788245,3.8284755607832253,0.0,55.47780205064134,-42.415613137005025,7.246701758344646,0.0,41.19097611765294,-36.08191006892337,1.3382675779885123,0.0
98.78988504572519,5.760545461175422,10.41371629153662,0.0,64.95631748311085,-3.2380098213728,0.8592360520889368,0.0,36.282300602629725,3.4300788236440436,13.328899658166492,0.0,92.0681242974821,-37.27416507306053,3.848256760911342,0.0,56.49574726494177,-42.63313416359204,7.351305794271364,0.0,41.209185532289034,-36.103208213135794,1.3205521065852839,0.0
100.22772905120497,5.018156281432102,9.411638541455812,0.0,64.9920315791344,-3.223565865764689,0.8424842708915978,0.0,37.508614404319765,3.5818662624128415,13.143570565455764,0.0,92.1611995022834,-37.27136244591993,3.8644405685313377,0.0,57.544060534237985,-42.875134743626376,7.465897298441845,0.0,41.2311336630298,-36.122772029348965,1.3013631492696724,0.0
101.56911394086274,4.182799152247565,8.271294392428654,0.0,65.02705478735521,-3.218502336362261,0.8257808897105292,0.0,38.802323737084095,3.6995076447455446,12.921260357477905,0.0,92.25646992458124,-37.2681825376896,3.877412746453775,0.0,58.61437822652005,-43.136763813572806,7.588289766626076,0.0,41.255964980741226,-36.13670984512557,1.279888358251874,0.0
102.7922520930694,3.2767146570984558,7.03043344759139,0.0,65.05974749550502,-3.219438098472059,0.8114656687164032,0.0,40.15190584668022,3.7707812569289985,12.64844765690231,0.0,92.35341580826483,-37.26555931672673,3.8871711551132897,0.0,59.69906893955983,-43.40997893567065,7.706630365113902,0.0,41.282791260709985,-36.14254018393696,1.255681712389217,0.0
103.88278354994486,2.337006885557317,5.751662558427006,0.0,65.0877358218253,-3.2224010568946175,0.8005018273264106,0.0,41.54786256370985,3.784407454270813,12.307646626686676,0.0,92.45208451275614,-37.26433543055119,3.8935670951205346,0.0,60.791675906407235,-43.68501554047157,7.7988086133887045,0.0,41.31089432413659,-36.14061378984843,1.2289664988393376,0.0
104.8374551569268,1.4142428279660262,4.518221058555794,0.0,65.10838749802625,-3.225236838063542,0.7922002267723656,0.0,42.98139714201593,3.7302103085328078,11.886437143739489,0.0,92.55305724921978,-37.26538358205036,3.8965605423890306,0.0,61.88741985887674,-43.952109957858,7.835230970354492,0.0,41.33972386344932,-36.13445754255507,1.200741789551122,0.0
105.66539274588679,0.564698511689862,3.4200222494988655,0.0,65.11992096643263,-3.228737352978661,0.7843964622689139,0.0,44.44271150196144,3.5998725935610807,11.38288797061757,0.0,92.65734124218613,-37.26964015410781,3.89628270492128,0.0,62.98376655516367,-44.20249374906753,7.784603656873822,0.0,41.36874167321283,-36.129747893272,1.1725772558926337,0.0
106.38545832178191,-0.16268391106686586,2.5337959376433083,0.0,65.1225421843364,-3.2358893874706283,0.7739670166972346,0.0,45.92017344806056,3.38833278544322,10.806556020048355,0.0,92.76615662730751,-37.27786326359823,3.8928861180497165,0.0,64.08074060255629,-44.428142450419884,7.62120258521418,0.0,41.397250108582845,-36.13226023640561,1.1461468347245294,0.0
107.0200557088719,-0.7392600975969525,1.9046172564551025,0.0,65.1187562181122,-3.249718532816013,0.7576321820144507,0.0,47.400917150747595,3.095157875434559,10.175741273669184,0.0,92.8805759845819,-37.29014138284717,3.8863414393053546,0.0,65.18053816235981,-44.62069319030501,7.331532364413239,0.0,41.42437011019499,-36.145678748709074,1.1227056707706495,0.0
107.5877935615326,-1.162846362599673,1.535943747971329,0.0,65.1125117121009,-3.270861363565568,0.733028216674608,0.0,48.872410119192295,2.724962803520489,9.512824651975958,0.0,93.00102776392741,-37.30546863063762,3.8763583891372466,0.0,66.28624144413901,-44.770629275944266,6.9184643822080005,0.0,41.4492544753452,-36.17025394150221,1.1027407908209668,0.0
108.09799622349202,-1.4538165675917814,1.3918565988093086,0.0,65.10775219079297,-3.2960536117071353,0.6998233781727681,0.0,50.32372751407142,2.2864722817705516,8.839858115189172,0.0,93.12676605799808,-37.32178144416778,3.8624948751310075,0.0,67.3999363781267,-44.86770329787291,6.401690844852655,0.0,41.47145146786519,-36.20285636889266,1.0859145593668735,0.0
108.54917666634984,-1.643787990424869,1.4102669769824736,0.0,65.1073836534335,-3.318307716749154,0.6603482433129386,0.0,51.745348887825955,1.7907294835042578,8.175848438235159,0.0,93.25550805346172,-37.33656993013823,3.844401801638657,0.0,68.52094144817863,-44.90269938576007,5.814331658590556,0.0,41.49118429511401,-36.23827516788832,1.0712668697742647,0.0
108.9320354615516,-1.7634926241440247,1.5214969417050828,0.0,65.11317729704372,-3.3288525036621746,0.6192273917117674,0.0,53.12731141967127,1.249491172376084,7.5358540284906965,0.0,93.38348095457187,-37.34776187800392,3.8221027742668277,0.0,69.64489369540603,-44.86965817257752,5.196562038625219,0.0,41.50931353426372,-36.271084597387066,1.0575531917940761,0.0
109.23569251521143,-1.835606148189182,1.6650106054219869,0.0,65.12624208204494,-3.3201592443507897,0.5819817159237424,0.0,54.45679939392177,0.6746406610825293,6.9310281423889695,0.0,93.50601104721481,-37.35440617854777,3.7962101721991264,0.0,70.76407928193336,-44.767296561878815,4.587974369475746,0.0,41.526934869657254,-36.29728549439222,1.0436046612607388,0.0
109.45435591377097,-1.8739621877181616,1.7991026159531742,0.0,65.14728610277155,-3.2888828015947578,0.5531698397083904,0.0,55.71676299688659,0.07868981101634631,6.368626645108149,0.0,93.61853079288444,-37.35685769783884,3.767988814580219,0.0,71.86885033264343,-44.5987813019842,4.020749965820321,0.0,41.54481344869496,-36.31517858508809,1.0286500475550433,0.0
109.59150907923164,-1.8867079215622793,1.902527947796731,0.0,65.17621775044088,-3.2375227947396814,0.5349069738662031,0.0,56.886584150678054,-0.5243694756776636,5.851601151340526,0.0,93.71763158225633,-37.35646495619538,3.739189003114271,0.0,72.94953933263402,-44.36991309181718,3.5153540874316427,0.0,41.56297706666893,-36.32534333968995,1.0125593446919812,0.0
109.66013556798278,-1.8801294300978197,1.9705299240889271,0.0,65.21134053383749,-3.17406684060159,0.5263936809245351,0.0,57.94464939954217,-1.118866035184773,5.378215069713356,0.0,93.80173372103857,-37.35496815138381,3.711619403493634,0.0,73.99815867578427,-44.086546356081804,3.079492718637634,0.0,41.580688639790814,-36.32995361236697,0.9959413605994811,0.0
109.6795241938228,-1.8612358485441867,2.0088198887021136,0.0,65.24890098568078,-3.109647731167864,0.5245746730534684,0.0,58.87178178415851,-1.6883378287884145,4.942575019963233,0.0,93.87112958723081,-37.35389050635588,3.6865554700298695,0.0,75.00932034017514,-43.75235133526909,2.709992194033129,0.0,41.596780293932255,-36.331823726159406,0.98001753717711,0.0
109.67055103990155,-1.8386664483875723,2.028105854742245,0.0,65.2836568217825,-3.055083601103828,0.5255268606069059,0.0,59.65430680549051,-2.217055280151265,4.536640018152429,0.0,93.92747090560673,-37.35416644343396,3.664249984265485,0.0,75.98007233207437,-43.36786671161181,2.3965831498889125,0.0,41.610140356464754,-36.333546570623,0.9662610588945668,0.0
109.65142933720836,-1.8222191955025782,2.040128032816545,0.0,65.31046698017695,-3.017719943816074,0.5259013344929571,0.0,60.28601660634242,-2.691420693823143,4.153307043428892,0.0,93.97302130732028,-37.35610252055022,3.6438801644082126,0.0,76.90862470786213,-42.93138779435562,2.126401662668753,0.0,41.62011748826829,-36.33693872064293,0.9559114449810213,0.0
109.63507853340829,-1.821524706726752,2.0550340008611627,0.0,65.32617755485145,-2.9998473598765134,0.5238365285547797,0.0,60.76900656508828,-3.100977195696885,3.7893531691432703,0.0,94.01002235572741,-37.359587827495105,3.6240779078541223,0.0,77.79223036457164,-42.44171896644355,1.8881571813095865,0.0,41.62670776446768,-36.34283634601302,0.9495597509526128,0.0
109.6282642866476,-1.8443766810305764,2.0796608198360573,0.0,65.33084965445005,-2.9991040927108052,0.5191323836968511,0.0,61.11375691611085,-3.4393079769032093,3.4469950543247627,0.0,94.04034892033121,-37.36437338521379,3.603815192303383,0.0,78.62484267983498,-41.90223666449983,1.6751133883445295,0.0,41.63051174856654,-36.35116061550489,0.9469754683404137,0.0
109.63208324012412,-1.8951086886564141,2.1165327760417814,0.0,65.32773305774597,-3.0102710986528,0.5128487816662801,0.0,61.33868326582059,-3.7049992278348896,3.1334705143238075,0.0,94.06543624105211,-37.370261900098136,3.5831408527672775,0.0,79.39555034453548,-41.325033963315,1.4862151544079776,0.0,41.63252924659188,-36.36112713542301,0.9472255806728107,0.0
109.64330498174559,-1.9733788471084512,2.1636687630662443,0.0,65.32199660870685,-3.027396665914848,0.5066373265425934,0.0,61.46894066853166,-3.9022699106043297,2.8587772306092205,0.0,94.0863667839475,-37.377147130410634,3.563313977023503,0.0,80.08888491138597,-40.73325897116401,1.3250597044035644,0.0,41.63389125841188,-36.37150087707019,0.9490028484310802,0.0
109.65624209032572,-2.073854333467052,2.215372510080421,0.0,65.31874347205657,-3.0453927658378612,0.5020608020105399,0.0,61.53403881231803,-4.040572898869788,2.632252401857638,0.0,94.10399590755732,-37.38494874220348,3.5462377128416485,0.0,80.68750856695317,-40.159692414126496,1.197164444720169,0.0,41.63560777195785,-36.38085652246385,0.9510148570653172,0.0
109.66484671150582,-2.187250986384548,2.2639990325195747,0.0,65.3211147267007,-3.060792291405039,0.500059860054586,0.0,61.56411914030308,-4.1328210059124135,2.4591116326796936,0.0,94.11903609793112,-37.39353747149899,3.5335356161266063,0.0,81.17662056474053,-39.64086477027016,1.1068744591061694,0.0,41.63836087331738,-36.3878485249294,0.9523072461117774,0.0
109.66459113002863,-2.302652960140871,2.302335909709326,0.0,65.32926282684603,-3.071829428633097,0.50066862835968,0.0,61.58542395934627,-4.1926337755470975,2.3382500788111127,0.0,94.13209228056098,-37.40271370193645,3.5258188661628846,0.0,81.5485035649663,-39.208351163110756,1.0555169068236623,0.0,41.64235820375517,-36.39149462778905,0.9524619760513815,0.0
109.65365874405326,-2.4102806307501083,2.3259002116470455,0.0,65.34061977492074,-3.078164067730107,0.5030341473699078,0.0,61.61611073290341,-4.231610431488354,2.2621844413251537,0.0,94.1436938550571,-37.41223522044647,3.5225142433796766,0.0,81.80569444720444,-38.88067243527395,1.041612421992804,0.0,41.64729725149047,-36.39143265225514,0.9516605690580793,0.0
109.63322382008438,-2.5035504221951657,2.3343503757302777,0.0,65.35128022337094,-3.080460047206209,0.5057261051186952,0.0,61.663764619542356,-4.257687625399225,2.2190284046794897,0.0,94.15435786919373,-37.421842329234174,3.5222346083642364,0.0,81.96201527463151,-38.65898826495567,1.0626579724757743,0.0,41.65250077831884,-36.38806126789987,0.9506063481758247,0.0
109.60694819582511,-2.5796781906258017,2.3314700458658457,0.0,65.35778981619504,-3.079896997017072,0.5072367074059834,0.0,61.725604923277594,-4.275068760211138,2.1955039562485315,0.0,94.16467284007315,-37.4312180050079,3.5233957631965236,0.0,82.04131537778471,-38.527841977534244,1.117127258220096,0.0,41.657209374789346,-36.38247417554715,0.9502955816047862,0.0
109.57999350936248,-2.638896992604538,2.3237429726224246,0.0,65.35851598721027,-3.077682627455393,0.5065018283871865,0.0,61.79146589938392,-4.285408166308384,2.1797791968249474,0.0,94.1753679548739,-37.43985265614692,3.5247595856643503,0.0,82.07404023296976,-38.460133657269836,1.2052694515338995,0.0,41.66091455272159,-36.37616639545422,0.9516614835425141,0.0
109.55780362343705,-2.6830155744707564,2.318154773596131,0.0,65.35410217453203,-3.074662532560837,0.5032716322775954,0.0,61.84846002696831,-4.289457294251786,2.1633131124208536,0.0,94.18733299609583,-37.446857404588684,3.525724699796088,0.0,82.09206973292439,-38.424230598179385,1.3279385570726667,0.0,41.663583696530296,-36.37059819606428,0.9551827659721859,0.0
109.54483265523352,-2.714155663552959,2.3201688846070176,0.0,65.3469847459028,-3.071130754758107,0.49822203238483986,0.0,61.88554896971095,-4.28842920670857,2.141440842854884,0.0,94.2015651074968,-37.45084586021611,3.5263427138017907,0.0,82.12287361943122,-38.39079922324452,1.483810643269866,0.0,41.66568746552358,-36.3667843787336,0.9606027585877879,0.0
109.54343629100431,-2.7341155430162845,2.3326079968355753,0.0,65.34031284839348,-3.0669188585653595,0.49277329002317494,0.0,61.89659649973593,-4.284660943957038,2.112886913474462,0.0,94.2190400959978,-37.45002084204743,3.527125767691002,0.0,82.18457061652875,-38.33750079772665,1.6664150234050457,0.0,41.66803485432706,-36.36508512509712,0.9668969317221876,0.0
109.5532723258013,-2.7443043171314114,2.3555855915449264,0.0,65.3367661506671,-3.061757988663821,0.488649277703864,0.0,61.8814776383302,-4.281465891105755,2.0786794386196856,0.0,94.24053424967282,-37.44254421302069,3.5287296353791238,0.0,82.28341409820261,-38.25093701502504,1.8627412260420417,0.0,41.67149745892454,-36.36529300710174,0.9725394227054167,0.0
109.5715580304386,-2.745956403111351,2.387125279424028,0.0,65.33772311002285,-3.0557648177789414,0.48729668933319203,0.0,61.84559319160005,-4.282312504659218,2.0409901976468845,0.0,94.26644076873708,-37.42716829563234,3.531599224251339,0.0,82.41441124567675,-38.12649254845699,2.0545188075336256,0.0,41.67674272618827,-36.36696201800911,0.97598532452146,0.0
109.59424232858714,-2.74040367406924,2.4240020833441527,0.0,65.34302239150725,-3.049778742362572,0.48936340151513313,0.0,61.79829657137944,-4.289677109179827,2.0022429080339847,0.0,94.2966270463524,-37.40399508783625,3.535684791694676,0.0,82.56465061997001,-37.967186338349336,2.221970224027009,0.0,41.68408700808888,-36.3697801711733,0.9761731359918624,0.0
109.61766796653855,-2.7292974770257095,2.4625444968116508,0.0,65.35129090760515,-3.045283473215509,0.49444062823106805,0.0,61.75059854183485,-4.304051553394858,1.96457234271206,0.0,94.33037538584412,-37.37511617584124,3.5403395689064485,0.0,82.71809990015261,-37.78216179985045,2.3486011792914603,0.0,41.69352026335107,-36.373750419819224,0.9728302095322157,0.0
109.63993643633181,-2.714663501366572,2.4993346615016243,0.0,65.36064859518477,-3.0438248207492267,0.501190514983314,0.0,61.71254552664807,-4.323541346876743,1.9295682979234758,0.0,94.36644565413972,-37.34480674020207,3.5444441637883273,0.0,82.8604104431503,-37.58470893383525,2.425062139734317,0.0,41.704870386593385,-36.379068797225095,0.9664537982263841,0.0
109.66125905060787,-2.698661831638315,2.531784993103523,0.0,65.36958705468732,-3.046119490338528,0.5078502496959345,0.0,61.69091391457163,-4.344257171030276,1.8982265919528167,0.0,94.4032836059057,-37.31898622097443,3.5467024004314727,0.0,82.98245748393772,-37.38954154463961,2.4505966433116217,0.0,41.718008460920174,-36.38579842504262,0.9579871025245215,0.0
109.68315184745741,-2.6830853123976484,2.5585276891466275,0.0,65.37783063202649,-3.0512782178309665,0.5129588303795796,0.0,61.68793304156785,-4.3614143244846675,1.8710320475870255,0.0,94.43935930149264,-37.3038972831998,3.54599633246103,0.0,83.08177139029254,-37.209609237197,2.4318067885645416,0.0,41.73297353143115,-36.39357313260227,0.9483379070649942,0.0
109.70705807182729,-2.6688548153353935,2.5795352710774306,0.0,65.3869153609564,-3.0565917206451285,0.5160285807543072,0.0,61.70137305759355,-4.370843214895535,1.848056942561259,0.0,94.47355529973422,-37.304342661441616,3.5416998966251754,0.0,83.16168018059157,-37.05339220624721,2.379652140306213,0.0,41.7499312302936,-36.40152327204952,0.9379618739374234,0.0
109.73328797320599,-2.6558035834111395,2.5959298367360155,0.0,65.40013169225797,-3.058128657130055,0.517845839838083,0.0,61.72576583923401,-4.370479434996714,1.828960509653994,0.0,94.50546249760255,-37.32212343184274,3.533880797121542,0.0,83.22877975695903,-36.92368816286328,2.306099388161389,0.0,41.7689785792764,-36.40845065321321,0.926732175696932,0.0
109.76082229765184,-2.6428622391951224,2.6095226146786406,0.0,65.42155280301719,-3.052084425557635,0.5201873177644316,0.0,61.754206022848436,-4.361304794961823,1.8128915326482868,0.0,94.53543989296244,-37.355302615618434,3.5233313152630927,0.0,83.28990212289222,-36.81825511590243,2.221591730970088,0.0,41.78992318403468,-36.41314107181175,0.9142015671522952,0.0
109.78787159348161,-2.628565442871012,2.622219034209765,0.0,65.4542034744129,-3.036532987908852,0.5249633480631797,0.0,61.78019490866113,-4.347243837538073,1.7984486144762428,0.0,94.56438640936271,-37.39856625376939,3.5114023745667176,0.0,83.3497564427352,-36.73183755682378,2.133882785175322,0.0,41.81220435387657,-36.414684657863475,0.9001395893631283,0.0
109.81264522831792,-2.6117092776482345,2.6354834696641873,0.0,65.49789792192044,-3.0130425892940753,0.5330593467455937,0.0,61.79911792628465,-4.333851458798155,1.7838904202869585,0.0,94.5933096439199,-37.44450790451728,3.4997052571561085,0.0,83.40993033013277,-36.65861322123115,2.0481456407421597,0.0,41.83503074521541,-36.412725560735595,0.8850228283479087,0.0
109.83382001335605,-2.5919394454734324,2.6500426511476096,0.0,65.54766572088597,-2.987547209919418,0.5433278697611943,0.0,61.80904321351603,-4.3262219394293515,1.7676459224243732,0.0,94.6228635243623,-37.48539109006238,3.489824307443085,0.0,83.46926603999623,-36.5941078246508,1.9678211230171136,0.0,41.85765164208753,-36.40759126390331,0.8701396979330678,0.0
109.85055414996015,-2.5700190394798543,2.6659081266704057,0.0,65.59380665574967,-2.969907057312737,0.5522088702132155,0.0,61.81067098226116,-4.3270446410916525,1.7489418050847725,0.0,94.65302006764563,-37.51493097994779,3.4831614117294603,0.0,83.52509245399739,-36.53601464769243,1.8955121874163208,0.0,41.87959603957344,-36.40025688844935,0.8571862952483293,0.0
109.86220287971798,-2.5475879030939703,2.682656179151987,0.0,65.6242940737248,-2.971697453369149,0.5543553728947668,0.0,61.806527152197994,-4.335717432808847,1.7282151751206385,0.0,94.68296920494642,-37.5297602386489,3.4809166336403976,0.0,83.57460992380815,-36.483921267838504,1.8333978241488431,0.0,41.9007678395447,-36.392132017391546,0.8475328333785868,0.0
109.86796704820578,-2.526434501896243,2.6997856946277192,0.0,65.62938583029656,-3.002035616833272,0.5444726241173079,0.0,61.79977094308215,-4.348866261463337,1.70704500468816,0.0,94.71125350348784,-37.530337835746835,3.484101586679511,0.0,83.61589826532612,-36.43842343085582,1.7830485649658971,0.0,41.921403084947286,-36.38470845598761,0.8415265985131626,0.0
109.86666123278319,-2.507571731423347,2.716951466709281,0.0,65.60711567517629,-3.0619350548309363,0.5202328403826044,0.0,61.793089856879234,-4.361889197417094,1.6876016650980397,0.0,94.73607883637477,-37.52105537743368,3.493475539454094,0.0,83.64835515314104,-36.40024685383528,1.7449451266594167,0.0,41.94195817204524,-36.37913464848337,0.8381726751677743,0.0
109.85677709121748,-2.4905719929516064,2.7339865166789856,0.0,65.5673835751053,-3.138764770407108,0.4855175769677764,0.0,61.788033500671496,-4.370707583800931,1.6718987944406951,0.0,94.7557174253134,-37.50928145997454,3.5093798459539745,0.0,83.6726436186097,-36.36976641525203,1.718159081168837,0.0,41.962964402321774,-36.3758008615861,0.8353618481087537,0.0
109.8370001642132,-2.47356139886623,2.7508131534157414,0.0,65.5323703669792,-3.2034817644416833,0.45270613391547254,0.0,61.78489501306181,-4.3729718698807165,1.6612156684346395,0.0,94.76891680774249,-37.50326790294017,3.5315401219257723,0.0,83.69033792809144,-36.346937361156535,1.7004716964835804,0.0,41.9848191802839,-36.37406411942797,0.8306297722111431,0.0
109.8071811561228,-2.454002782396689,2.7674269300545937,0.0,65.53241092466631,-3.213548417359739,0.442857027991411,0.0,61.78303098982037,-4.368395264814618,1.6558961496353781,0.0,94.77521361573088,-37.509328175229676,3.558937867518507,0.0,83.703448155685,-36.331414634423496,1.6888900384268428,0.0,42.007489031880674,-36.37227889992497,0.8223127887875084,0.0
109.76945223604723,-2.4300020226159154,2.784032660212576,0.0,65.59863280580858,-3.1227176787447606,0.483466031372604,0.0,61.78140332757597,-4.358341083247243,1.6554852688340347,0.0,94.77504427372641,-37.52926256792311,3.5898088661238603,0.0,83.71395484779164,-36.32263463221553,1.6803313091339085,0.0,42.03021035697034,-36.368260551737734,0.8108952855277529,0.0
109.72888663915091,-2.401523677895174,2.801214415233142,0.0,65.75499133458746,-2.895273602165008,0.604213207796243,0.0,61.7791236307764,-4.345019219795651,1.6590229518334745,0.0,94.76960730574255,-37.559205796107,3.6217678028738067,0.0,83.7234491304669,-36.319776537610004,1.6722388649473388,0.0,42.05141225172406,-36.36019084511177,0.8002532432273588,0.0
109.6930612491287,-2.370838946181413,2.8199142378618447,0.0,66.01207408411281,-2.5193093609652726,0.8310855924815419,0.0,61.77582524105666,-4.3306464920626535,1.6653281959581978,0.0,94.7605726706417,-37.59064962720354,3.652088916831236,0.0,83.73294802557191,-36.32166306199021,1.6629575583657452,0.0,42.069103439904545,-36.34783822214137,0.798361114181871,0.0
109.6702321384165,-2.3418818517798856,2.8410909683016268,0.0,66.36421157598829,-2.0134957819311445,1.1791482877719428,0.0,61.77175131616965,-4.316831505235432,1.673201744825656,0.0,94.74986191639674,-37.613513401861226,3.6782692381060347,0.0,83.74290237413139,-36.32671824931577,1.6517850781710077,0.0,42.081776338738244,-36.333838014501524,0.8169485271374466,0.0
109.66651002342894,-2.3187900773027277,2.865163474011922,0.0,66.7907383482768,-1.4238025055654333,1.6454315236460486,0.0,61.767552559396954,-4.304339331156511,1.6815538127654968,0.0,94.73971039426442,-37.620287685757084,3.6989792231341383,0.0,83.7533425027819,-36.33307390920802,1.6387498478343794,0.0,42.0895688368942,-36.324638731733046,0.8697910376419733,0.0
109.68312067806804,-2.304370475592031,2.8915161717647138,0.0,67.2615887748127,-0.8102719625930561,2.2055224868091745,0.0,61.76392799854735,-4.293254436632793,1.6894865166108808,0.0,94.7330150311707,-37.609915873518176,3.715246164692365,0.0,83.76407444541479,-36.338852121131886,1.6242903478889943,0.0,42.09517034187144,-36.330608471034694,0.9699322229808738,0.0
109.71510395189651,-2.2992489383457846,2.918351623462767,0.0,67.74633933257344,-0.22938251135088095,2.817201149356695,0.0,61.76132761804242,-4.2833906384018245,1.6963481690492124,0.0,94.73366919223697,-37.59027920634833,3.7313463062384074,0.0,83.77486301356443,-36.34257605484076,1.6090294253217508,0.0,42.10389099654585,-36.36487333375581,1.126987948334885,0.0
109.7523580076702,-2.302027852593894,2.9430603389240275,0.0,68.22383859380437,0.27959071353331844,3.4304094746090206,0.0,61.759885359454856,-4.274690807990018,1.7017604439027298,0.0,94.74641233955413,-37.578602714704566,3.754692904348607,0.0,83.78557125459764,-36.343578048320765,1.5937354211098924,0.0,42.122499981290076,-36.440853727366544,1.34625302155065,0.0
109.7829040983539,-2.3101697000327235,2.9630825373691714,0.0,68.68841498884777,0.6992022101729098,3.9988319717737655,0.0,61.75959481513395,-4.267409005168792,1.7056160551658959,0.0,94.77586529408231,-37.59948972673174,3.794258856965719,0.0,83.79624272255195,-36.34221701670543,1.5794033961114806,0.0,42.15695226928596,-36.56904569051316,1.630934783883867,0.0
109.79714784845177,-2.3209578283830856,2.9769666335413625,0.0,69.15022793680053,1.0305493132750048,4.48839020804006,0.0,61.76058320201893,-4.262024167728219,1.708054559056686,0.0,94.82489092753066,-37.6806273239808,3.8577724981028307,0.0,83.80711939385905,-36.33975225109782,1.5672711498499634,0.0,42.209895652994916,-36.75401202197636,1.9871111715076326,0.0
109.79137025221415,-2.3319962192821286,2.985109392161638,0.0,69.63038945224649,1.28637682367909,4.880973406269873,0.0,61.76327381821671,-4.258958554729947,1.70943204726834,0.0,94.89301167534708,-37.84675422627286,3.9486782161047707,0.0,83.81859268454077,-36.33786858830683,1.5585985556438704,0.0,42.279450507148994,-36.99250466973584,2.428572118235901,0.0
109.76901895052039,-2.3411873764165243,2.9897097736130576,0.0,70.15353152089172,1.4842524419370875,5.1742733889595565,0.0,61.76829983699297,-4.2582203335483495,1.7102872621598149,0.0,94.97598696332469,-38.11345645121749,4.064120698644103,0.0,83.83110406883769,-36.33804196790193,1.554210053331241,0.0,42.360548187737706,-37.27314973068498,2.9773133849279994,0.0
109.73937425085934,-2.346584038338885,2.993840446531232,0.0,70.74071128049263,1.6416024185789624,5.379290093340416,0.0,61.7762144695087,-4.259130095496316,1.711276286978464,0.0,95.06746927572138,-38.48352968558308,4.1949474472029795,0.0,83.8450452137293,-36.34105124496878,1.5540413228663201,0.0,42.448804859371236,-37.577574023609614,3.656842232083773,0.0
109.7142821376695,-2.346565910727187,3.000034633423306,0.0,71.40465877148176,1.7730429310095115,5.516652688254662,0.0,61.787205847557814,-4.260331945484078,1.7130367310834789,0.0,95.16275249889027,-38.94899671103485,4.328494666690826,0.0,83.86071535220977,-36.346883324742755,1.557043390287781,0.0,42.545006695891345,-37.88271408417267,4.479524909148568,0.0
109.70435341627883,-2.340384218128043,3.009096936394288,0.0,72.1482351912723,1.8896738316490467,5.612307589916871,0.0,61.80103070135908,-4.260201129350608,1.7159848181288186,0.0,95.2631999017186,-39.4997684819967,4.4548398344028275,0.0,83.87835378060434,-36.35506514705734,1.5616063193999352,0.0,42.657168351755146,-38.164304066386066,5.433591550721615,0.0
109.71604708494048,-2.3286370398020324,3.019771239461349,0.0,72.96597354723959,1.9994674901058787,5.6928973028021055,0.0,61.817225082374804,-4.257499120818058,1.7201257821442315,0.0,95.37879260808093,-40.135158420373116,4.57607508650991,0.0,83.89821376692632,-36.36522634084783,1.5662836069009014,0.0,42.79825369394149,-38.401459965975306,6.477073499823575,0.0
109.75047387053344,-2.3132110484012944,3.0294504088755048,0.0,73.84777465417143,2.1077049856687005,5.781433118480383,0.0,61.83546945159945,-4.251905529989429,1.7249912198971753,0.0,95.52654713938445,-40.870422360740896,4.715291012533784,0.0,83.92061900356371,-36.37757693108798,1.5703922987014032,0.0,42.9808210592133,-38.581356832439944,7.543230764042637,0.0
109.803987489351,-2.29669132309943,3.0355350338816365,0.0,74.78325331095674,2.216840881245801,5.894228043845323,0.0,61.855906329565165,-4.244106211561632,1.7297573276742852,0.0,95.72466777188329,-41.73169710035172,4.91962571898107,0.0,83.94595330242859,-36.39300211196431,1.5741964854072243,0.0,43.21245333336735,-38.70207115169027,8.556026850747422,0.0
109.87007709489872,-2.281682948606206,3.036684151350565,0.0,75.76510242112845,2.325983383253714,6.039793311525069,0.0,61.87924456820094,-4.2353901178044815,1.7335012292218437,0.0,95.98491509244224,-42.7390486242927,5.2527384653641445,0.0,83.9745744016133,-36.41260154249292,1.578653056229852,0.0,43.49514920068866,-38.77215126378955,9.448843634188016,0.0
109.94179356079772,-2.270473553375192,3.033274854748665,0.0,76.79040675019934,2.4306906237778634,6.219425426359981,0.0,61.9065889313466,-4.226975274733541,1.7355045172177377,0.0,96.30696567513756,-43.88471792792042,5.775779067010882,0.0,84.0066954957961,-36.43673057723659,1.5848744765800316,0.0,43.82847709324086,-38.807288511968466,10.178852501692706,0.0
110.013823052434,-2.2650825120350113,3.0268693617258897,0.0,77.8598404235237,2.5236090094381467,6.428389559835578,0.0,61.93907300392093,-4.219408076076525,1.7355158958531707,0.0,96.67790744232452,-45.11907596132967,6.520764706062657,0.0,84.04230572837876,-36.46393426031626,1.5935103994881317,0.0,44.213571204887586,-38.825876230677714,10.733152685136302,0.0
110.08344076191953,-2.2673708600870803,3.01908944835748,0.0,78.97546508203702,2.595907415494546,6.6567935633522275,0.0,61.977491260160164,-4.212337514609483,1.7338932680135137,0.0,97.07796288875446,-46.35699164594661,7.466982791964668,0.0,84.08117093670569,-36.49046275998076,1.6042653043097381,0.0,44.65506935448292,-38.84514469056289,11.127093807460888,0.0
110.15008155591087,-2.278832641480303,3.010622129498227,0.0,80.13805798086547,2.6390597499675295,6.890249916404565,0.0,62.02212946997048,-4.204773486394287,1.7315584646448343,0.0,97.49058481160537,-47.50626617656307,8.536134445437535,0.0,84.1228911413983,-36.51101005106221,1.615794708526698,0.0,45.160035328529375,-38.87851177627601,11.397167646668874,0.0
110.21398547098187,-2.300001451795579,3.0009241325266593,0.0,81.34477794016179,2.6465190414114517,7.111201726492814,0.0,62.07285599298638,-4.195683271540449,1.7297410638831838,0.0,97.91229847160254,-48.50121777010057,9.614197258620418,0.0,84.16697850378198,-36.520709632248455,1.6261211577139676,0.0,45.73492942503799,-38.93393472505458,11.590811748150523,0.0
110.2748609019191,-2.3298171674813504,2.9887209545405504,0.0,82.5878650091522,2.6149969389039214,7.301531111513044,0.0,62.12936232696678,-4.18460757524525,1.7295582424188947,0.0,98.35736622866612,-49.31921135390553,10.58796999598852,0.0,84.21298352531721,-36.51751343645398,1.6333858924966087,0.0,46.38261571217209,-39.01292150059978,11.755126827298975,0.0
110.33141313312338,-2.365432476454224,2.9729430323389714,0.0,83.85494213386363,2.5451410854299112,7.445957141666776,0.0,62.191356724898625,-4.171976015953291,1.7315542707343319,0.0,98.85533587301487,-49.97441858329452,11.374014875539633,0.0,84.26069904005777,-36.50361535499518,1.6364885044955333,0.0,47.11743389849045,-39.09904310889362,11.915675294428919,0.0
110.381972316455,-2.402703851646733,2.953534782824576,0.0,85.1310824833939,2.4413561556157983,7.534746122407999,0.0,62.25856092305283,-4.1589651655022,1.7353850795128363,0.0,99.4431906415612,-50.500249265686904,11.928168504385875,0.0,84.31033288357946,-36.48508224979026,1.6353008889968663,0.0,47.93779666826927,-39.17759837070617,12.111006240575954,0.0
110.42575216788215,-2.4372452061311862,2.931676531714926,0.0,86.40211508036455,2.3105319049359565,7.564250182270838,0.0,62.330503483036594,-4.1469912778431635,1.7398255720872058,0.0,100.15554603110694,-50.93302776750767,12.239149198261638,0.0,84.36244819356315,-36.469880147445416,1.6305082706973995,0.0,48.80628385322423,-39.25192186947411,12.33876544841798,0.0
110.4639453690476,-2.465663907592803,2.909297433539505,0.0,87.65806847122555,2.1597152050894675,7.534755624320777,0.0,62.40626720258494,-4.137120522602213,1.7431348790636676,0.0,101.0161725693882,-51.30178641983329,12.315722994515195,0.0,84.41761292631547,-36.46512476942897,1.6233179254019294,0.0,49.714517813135686,-39.30638599608611,12.574798611847072,0.0
110.50005920155776,-2.4865171944353683,2.8881291439622814,0.0,88.89559643411013,1.9932447076833792,7.446374276060712,0.0,62.48442038644156,-4.129686428804138,1.743593897708113,0.0,102.03309185061057,-51.62368649702522,12.174922065649474,0.0,84.47596410945437,-36.474488142908044,1.6151510005412604,0.0,50.65625016232744,-39.32910694360487,12.788504005391438,0.0
110.53936001869181,-2.5006270375278943,2.868758387284286,0.0,90.11862527431114,1.8102439422407937,7.294613062108899,0.0,62.56327523710463,-4.124240573878322,1.739926415630661,0.0,103.19810395339032,-51.90347682843612,11.834974177101238,0.0,84.53699786051803,-36.496703101453654,1.6072096117582308,0.0,51.62976159242329,-39.31399694150215,12.950323408656352,0.0
110.58767096883257,-2.5106472528934938,2.8501240673975445,0.0,91.33690076983828,1.6033777524590587,7.067593391887734,0.0,62.64142851841943,-4.11975817013643,1.7314375922257241,0.0,104.49013609712523,-52.13584294940871,11.313535136265115,0.0,84.59972662809795,-36.52597206928056,1.5998366875279366,0.0,52.63787166041509,-39.26189257341016,13.040469519806898,0.0
110.64993799745783,-2.520068909171108,2.8297106048904883,0.0,92.56237882310596,1.3594860144760865,6.746654462588459,0.0,62.71836799508619,-4.114912642182355,1.717916303458633,0.0,105.88071571859773,-52.309716270258114,10.629769059704294,0.0,84.66306563713427,-36.55433628548002,1.5919767778759688,0.0,53.68625299840296,-39.17979736619782,13.053925481026155,0.0
110.72900373846635,-2.53202486203483,2.8043706084905065,0.0,93.80371050478207,1.0623692296972926,6.3112479287626355,0.0,62.7948466326147,-4.1082905923164,1.6994529790728983,0.0,107.33960101793278,-52.41349173789116,9.807760828819644,0.0,84.72620179289932,-36.574929507685525,1.581315402653356,0.0,54.78054849607204,-39.078608229724615,12.999850549646384,0.0
110.82491183076827,-2.548255125595282,2.7714028910709256,0.0,95.05974384250119,0.6977056488592233,5.747656097358437,0.0,62.87276217312588,-4.098576604573086,1.6762914907661948,0.0,108.83914442408009,-52.43995683723072,8.87875946138018,0.0,84.78882097982971,-36.58456052381735,1.5652084390903518,0.0,55.923523876506856,-38.97012808210166,12.895911684905967,0.0
110.93483444488125,-2.5684944373898273,2.7294236765636732,0.0,96.31399196428045,0.25964730599947217,5.059319785513891,0.0,62.95444616752634,-4.084829521613827,1.648763252300654,0.0,110.35682886440202,-52.38967562930429,7.880703503252514,0.0,84.85117329433999,-36.58464356882197,1.5417896897928642,0.0,57.1135870714332,-38.86421688713247,12.760141431741246,0.0
111.0535341828939,-2.5904484774827163,2.678766391189729,0.0,97.53284420376794,-0.2422798478611803,4.274857629854872,0.0,63.04153396415052,-4.066900655228665,1.6173102997608613,0.0,111.8760688499006,-52.27175041475609,6.854885100517976,0.0,84.91392867689012,-36.58038950366458,1.510604011180833,0.0,58.345145916788084,-38.76680201616111,12.603728820144706,0.0
111.17425443134263,-2.6104477639786787,2.6214375111860253,0.0,98.66987223733089,-0.7788603904062388,3.44916470687824,0.0,63.133840987929105,-4.0458821213557306,1.5825800675760782,0.0,113.3856577824563,-52.10160450264556,5.840840294479781,0.0,84.97780849578642,-36.578752046185194,1.4725833484364745,0.0,59.61017283505208,-38.67923873048802,12.427341708026738,0.0
111.28999932039856,-2.624706336014343,2.560774269175006,0.0,99.67608441211034,-1.3033119769117771,2.654746495219566,0.0,63.228762137311804,-4.0243539932695995,1.5455462478732915,0.0,114.87832077967076,-51.8966323819638,4.871105040511887,0.0,85.04313777418787,-36.58589245985094,1.4295364451958434,0.0,60.899895999595365,-38.59912105345439,12.221792581568373,0.0
111.39511318225888,-2.630813027476317,2.500841467978743,0.0,100.51245677300889,-1.7617685961365757,1.9649581807170549,0.0,63.321569417637576,-4.006185744007137,1.507581723107787,0.0,116.34882638641506,-51.671494293115096,3.967227789671597,0.0,85.10957004544322,-36.60500460925335,1.383440433418409,0.0,62.20586380274154,-38.52213399057803,11.972147136931607,0.0
111.48679177850352,-2.628815043399703,2.4455220031930462,0.0,101.15960061550446,-2.1090045908558457,1.4353374695120902,0.0,63.406653700785,-3.9957446175902644,1.4703933828124711,0.0,117.79209654048564,-51.43471443272584,3.1377436913116448,0.0,85.1761514379104,-36.63521560527048,1.3358251658463924,0.0,63.520229111022836,-38.44418185899322,11.663389623827932,0.0
111.56587003753947,-2.6213021832171233,2.397454848491348,0.0,101.62143949578656,-2.3223775691096344,1.0901363558130575,0.0,63.4793482877709,-3.996574179420633,1.4357440538802368,0.0,119.20179982253622,-51.18721198696205,2.378228568907076,0.0,85.2416762282312,-36.671919086558965,1.2874824040686388,0.0,64.83552062528449,-38.36304186535807,11.285577518054014,0.0
111.63632964554739,-2.6123451408470917,2.3572861838982035,0.0,101.92278227101725,-2.4078294927387054,0.918430554066024,0.0,63.53762612435339,-4.0099081090488315,1.4049714740275494,0.0,120.56987171194471,-50.92238321098,1.6733047444056783,0.0,85.3051091131611,-36.708401970618915,1.2386181043749946,0.0,66.1442763266631,-38.27906911612833,10.836877034431222,0.0
111.70351393387803,-2.6057404920967366,2.323677514702478,0.0,102.10231331302337,-2.3959262085876265,0.8803452087439707,0.0,63.582864143481316,-4.033658309461755,1.3784789571545844,0.0,121.88704195255261,-50.627072741213404,1.0004058753790943,0.0,85.36581900578307,-36.73817923814496,1.1893958501479993,0.0,67.43879517369488,-38.19478851566621,10.323785293216458,0.0
111.77167335417623,-2.603398867754211,2.2940839238741972,0.0,102.20311779933745,-2.330447956936318,0.9205866497925159,0.0,63.61918501370008,-4.062538732281844,1.3555177103399458,0.0,123.14391277247601,-50.283134940344105,0.3349388554624557,0.0,85.42349552561029,-36.75722559554097,1.140602980799267,0.0,68.7110863903186,-38.11349720323951,9.758946336928325,0.0
111.84182417866553,-2.6046283978964233,2.26588988575028,0.0,102.26326259336062,-2.254895758705998,0.9843998286076685,0.0,63.65158127676666,-4.089572581922003,1.334522567954762,0.0,124.33187069391117,-49.86976451666968,-0.3438672583139599,0.0,85.47781721232866,-36.76535297092979,1.0940092412829436,0.0,69.9529711174661,-38.03730193790703,9.157843480053046,0.0
111.91080092982689,-2.606591932001689,2.237431366811366,0.0,102.30909566640474,-2.201992729608013,1.0306927752236783,0.0,63.683718341627845,-4.108489575943472,1.3139395956958122,0.0,125.44332541067519,-49.36695063418922,-1.0474693670629218,0.0,85.52808391682368,-36.76626416325184,1.0520968705636573,0.0,71.15622653740992,-37.965259898013805,8.535905842129436,0.0
111.97190128178879,-2.6056975379586618,2.2086505892098245,0.0,102.3531110830121,-2.1886082818513293,1.0385297677583178,0.0,63.71650064715537,-4.1159200584303886,1.2931166629727073,0.0,126.47121582557521,-48.76013845547387,-1.774046481390462,0.0,85.57306640267781,-36.76620110571146,1.0172793783550613,0.0,72.31265302631135,-37.89236419290062,7.90709517656744,0.0
112.01696875066912,-2.599332538450019,2.181268949640886,0.0,102.39635423753576,-2.215920445787411,1.0061775081871431,0.0,63.748015941383315,-4.112327374584348,1.2727499659656552,0.0,127.40810013340281,-48.04557368043668,-2.507132075069439,0.0,85.61123688483873,-36.771592385607654,0.991073684578728,0.0,73.414014540905,-37.80995113950415,7.284105487827521,0.0
112.03932863731123,-2.5872024787267414,2.1583562836784065,0.0,102.43352657315334,-2.2733678179837415,0.9449351795642604,0.0,63.774687464136385,-4.101339056450929,1.2546785735691586,0.0,128.2453449726175,-47.235121371869184,-3.217551738695768,0.0,85.64129165425685,-36.78661161237774,0.9735647439274508,0.0,74.45193468245235,-37.70768728804124,6.679401693555471,0.0
112.0366581121217,-2.5716452657854614,2.1432853693914584,0.0,102.45831832442765,-2.3445783842705143,0.8713895298689192,0.0,63.79289564649336,-4.088023645752588,1.241221587691447,0.0,128.97295975632437,-46.358808420846486,-3.8686338190314498,0.0,85.6626577343611,-36.811685337222386,0.9632507026425436,0.0,75.4179370671527,-37.576694780927845,6.105909827040186,0.0
112.01270451812441,-2.5566698355233886,2.138364896362985,0.0,102.46712575225247,-2.4133915985712795,0.8010885229399403,0.0,63.80029314847948,-4.077062637228843,1.2344153038860224,0.0,129.58051558521473,-45.463173625854765,-4.423598973951645,0.0,85.6757178266502,-36.8435413961394,0.9573262833526623,0.0,76.3038045461969,-37.41280711819066,5.576457693960766,0.0
111.97703698696859,-2.546011935012828,2.1437209591319473,0.0,102.46048573037446,-2.4683866226515727,0.7448967228021246,0.0,63.796413453929134,-4.071521312044839,1.2353944297980046,0.0,130.05928462912334,-44.604289611279434,-4.853135974984101,0.0,85.6817006598597,-36.87668240074104,0.9524381587945925,0.0,77.1022740328301,-37.2187123254395,5.101890808753936,0.0
111.942758430871,-2.541045165827235,2.1570244846634665,0.0,102.44255412577067,-2.5050797727506318,0.7078212583425412,0.0,63.782591864339764,-4.0724184228466775,1.2440136668890744,0.0,130.40521940007827,-43.83637826628147,-5.1410303168069245,0.0,85.68235929858196,-36.905573079535515,0.9457485272996102,0.0,77.80786633631976,-37.0040746043272,4.688690104712082,0.0
111.92291144817507,-2.539615054720244,2.174290325289748,0.0,102.41944808969664,-2.5257932268141046,0.6895299338767487,0.0,63.7614316326437,-4.078950495219941,1.258775329892698,0.0,130.62194261747993,-43.19935856163829,-5.286450482484371,0.0,85.67960168163889,-36.92657761857712,0.9358944663664897,0.0,78.41755172432748,-36.783565536394406,4.337352556504722,0.0
111.92675909814129,-2.5364614868148005,2.1913168319542944,0.0,102.3973202107495,-2.5377336862741444,0.6858714439803997,0.0,63.736073487474656,-4.089124278275995,1.2771262539775776,0.0,130.72279564339067,-42.70983767700791,-5.302617671907339,0.0,85.67517701099915,-36.93889076983173,0.9233603590822952,0.0,78.93110337538997,-36.573603840734734,4.042478561989823,0.0
111.95710774435354,-2.525086504486731,2.2049759666290036,0.0,102.38082163710875,-2.550023077667574,0.6909043943366147,0.0,63.70948698127539,-4.100558615382302,1.296088249101695,0.0,130.73110509404998,-42.35911889976725,-5.212488510074438,0.0,85.67045122987463,-36.94426189124062,0.9100124373265448,0.0,79.35126885234995,-36.388962621143655,3.7946498035372063,0.0
112.00945200797024,-2.5002917647146603,2.213859653375602,0.0,102.37231514036655,-2.5704762869634186,0.6989764038524484,0.0,63.68396705429765,-4.111227799715783,1.3130147066331883,0.0,130.67806574819323,-42.11907297169468,-5.0426093549961895,0.0,85.66628683873535,-36.945873685709074,0.8979944042189807,0.0,79.68396901686704,-36.24017904538137,3.583323712995238,0.0
112.07311724415992,-2.4603976738897084,2.218284838589602,0.0,102.371914228267,-2.602953898739412,0.7063348498550841,0.0,63.66096860846116,-4.119942486226802,1.3261602625921967,0.0,130.5981545938344,-41.95342849003268,-4.81665794721553,0.0,85.66307061241342,-36.94698242855963,0.8886030643475795,0.0,79.93847549653616,-36.132234350524016,3.399568814101821,0.0
112.13399965176413,-2.40831915095551,2.2198850026454053,0.0,102.37816716367196,-2.6460894845850857,0.7118035165990939,0.0,63.64129776781371,-4.126460061534664,1.3348245905642528,0.0,130.52286542088754,-41.82980366308374,-4.5504350326747645,0.0,85.6609128475336,-36.949841598168874,0.8818033274909034,0.0,80.12719283713217,-36.06454668113663,3.237640608360344,0.0
112.17812977672192,-2.351123264183955,2.221031339050457,0.0,102.38900221525739,-2.693906765024529,0.7163679872271196,0.0,63.62552079247223,-4.131267065634066,1.3390653368987504,0.0,130.47440602802214,-41.7277506815221,-4.249893809795848,0.0,85.65989809790479,-36.95524552170172,0.876554123928484,0.0,80.26466839414047,-36.03200425349017,3.0949933786118073,0.0
112.19514254782815,-2.2982233620042614,2.2242362131806654,0.0,102.40250631108647,-2.738167132456426,0.7219911640447343,0.0,63.614345415455766,-4.13518649282842,1.3392149046959219,0.0,130.46126115749175,-41.640131716720276,-3.912909019114954,0.0,85.66018060089895,-36.96278532083443,0.8715630291975796,0.0,80.3658408479957,-36.02658432961277,2.971024995096812,0.0
112.18083792981426,-2.258750032924592,2.2315113639786244,0.0,102.4172954613403,-2.771455787645129,0.7303142560645508,0.0,63.60874921010107,-4.138976513507277,1.33551646598168,0.0,130.47703134765734,-41.56819374117487,-3.534152412495459,0.0,85.6618742926837,-36.97156342076561,0.8659833386436091,0.0,80.44401481425439,-36.03908179288954,2.865325084652051,0.0
112.13828189497006,-2.2388493710497728,2.243605338326672,0.0,102.432527355941,-2.7896176617188475,0.7418339747698841,0.0,63.60976144413057,-4.143038075149757,1.3280771857350757,0.0,130.503015252476,-41.51338970633519,-3.1112917926260675,0.0,85.66489496652852,-36.98089572617279,0.8597655125315065,0.0,80.50925868008991,-36.060592432609816,2.7762613722453544,0.0
112.07718286676821,-2.2397433178173967,2.259318444444771,0.0,102.44776221246562,-2.7925813103544543,0.7557730493874075,0.0,63.61797690188655,-4.147289420577068,1.317120875090021,0.0,130.51395153462624,-41.47025008379185,-2.6501464104731127,0.0,85.668921950443,-36.990630232508664,0.8535601307264127,0.0,80.56773834419576,-36.08359997552326,2.700448253198747,0.0
112.01160460248238,-2.2572609607277494,2.275438457806221,0.0,102.46282017062424,-2.7835417642351743,0.7704932059987062,0.0,63.633022427329394,-4.151209382823373,1.3033450400890683,0.0,130.485372692724,-41.42396638012176,-2.1665133269032513,0.0,85.67349585095585,-37.001011589264536,0.8482272444402561,0.0,80.62206129817892,-36.10268777095639,2.6331929927994917,0.0
111.95651414897681,-2.2830924926967984,2.2877456419247686,0.0,102.47766384028334,-2.7672097126466157,0.7841378620536137,0.0,63.653257645159584,-4.15400304063679,1.2881306166214141,0.0,130.40043033883956,-41.35402532789146,-1.683379021983244,0.0,85.67814624169094,-37.01229081029618,0.844188741218975,0.0,80.6723014352833,-36.11491897154445,2.569610726795011,0.0
111.92403718330996,-2.3073570463800666,2.2928612446973347,0.0,102.49229685245989,-2.748010605368486,0.795213696082266,0.0,63.67592821427116,-4.154826850740253,1.2734270561324728,0.0,130.25423512040098,-41.24218716337193,-1.2242665586625279,0.0,85.68245764374113,-37.024355234975694,0.8409771052147583,0.0,80.71723585689422,-36.119838894840555,2.5058820459138254,0.0
111.9203684873834,-2.3215699323057115,2.2900055000687196,0.0,102.50669668547577,-2.72887802704152,0.8029225464133667,0.0,63.697797304005576,-4.153030020909872,1.2613004924031035,0.0,130.05474666522605,-41.08078726881408,-0.8056841943055382,0.0,85.68607879397804,-37.036543426495406,0.8372533785887732,0.0,80.75544031861565,-36.1190287768077,2.440153388617521,0.0
111.94414222911044,-2.320985711533121,2.281670670941274,0.0,102.52080798720505,-2.710917112559871,0.8071782371192402,0.0,63.71603953084555,-4.148383569796186,1.2533118501825058,0.0,129.8204194226372,-40.87698215343607,-0.4323753835368933,0.0,85.68873978587997,-37.04767081658527,0.8313086429000354,0.0,80.78606515659841,-36.115267931879615,2.3727952677593986,0.0
111.98687974228785,-2.3055525321299415,2.27283212726946,0.0,102.53458665843014,-2.693869514086332,0.8083669388935029,0.0,63.72903677703369,-4.1412441334513534,1.2499918170916455,0.0,129.57553200564,-40.65050117939071,-0.09744083140592963,0.0,85.6903261729548,-37.05623933326206,0.8218104959494337,0.0,80.8092196557128,-36.11152749016099,2.306002493550899,0.0
112.03573178612925,-2.2792188750107334,2.269078024080226,0.0,102.54804719220226,-2.677042275387862,0.806998017327814,0.0,63.736761911478894,-4.132565080977955,1.250640708056812,0.0,129.3444774964443,-40.42591483963944,0.21344621490109006,0.0,85.69100849784022,-37.06079437173616,0.8084597378498231,0.0,80.82595939152745,-36.11008088181356,2.2429281262757996,0.0
112.0778466021396,-2.2479774001078794,2.2745012102459246,0.0,102.56126944586678,-2.6602294107331526,0.8034033698763956,0.0,63.740629826272794,-4.123684964812692,1.2535337217921132,0.0,129.1465390158002,-40.22343266642266,0.5162893142737826,0.0,85.69136281532823,-37.06035428268866,0.7922776377191738,0.0,80.83795202175037,-36.111961322385504,2.1866473882049124,0.0
112.104640670305,-2.217600986327361,2.2902533871515036,0.0,102.5743653475952,-2.644224905671183,0.7975948840347957,0.0,63.74289955727093,-4.115909399749401,1.2564683829690697,0.0,128.99256088245667,-40.0527122370266,0.8236804553864054,0.0,85.69233230790269,-37.05481909002495,0.7753553426143931,0.0,80.8469786282827,-36.11688233565418,2.1392623167227534,0.0
112.11398179696737,-2.192158289126692,2.314337542878679,0.0,102.58745108173768,-2.6307702676984395,0.7893390720088842,0.0,63.74583805962837,-4.110008378494332,1.257531353973162,0.0,128.88419664137018,-39.91191696896542,1.1411911867101896,0.0,85.69485398531437,-37.0452916846649,0.7600583608739147,0.0,80.85446790154714,-36.12359504900059,2.1014001548056385,0.0
112.10941929917678,-2.1738347808258798,2.3426623022769153,0.0,102.60067451752276,-2.622042863301801,0.7784571604969823,0.0,63.75092183209027,-4.105813721557642,1.2559266569810745,0.0,128.81547583646952,-39.791284016667994,1.4652971514738944,0.0,85.69926389300889,-37.03409924274892,0.748045809432174,0.0,80.86123203570085,-36.13051141927085,2.072227053235295,0.0
112.09742285014563,-2.1635659751714655,2.3708788237795773,0.0,102.61429872406347,-2.6199229074078367,0.7652620413284179,0.0,63.75837706431443,-4.10209102686927,1.2525955377986815,0.0,128.77582983346753,-39.67870882205831,1.7831056574824782,0.0,85.70499812159954,-37.024150423546025,0.7397511758169664,0.0,80.86747615143399,-36.13633461111431,2.0499132149632686,0.0
112.08466797226924,-2.1612160252159587,2.3962654832684986,0.0,102.62876494909561,-2.6252719858169566,0.7509137253066509,0.0,63.767272305604656,-4.096791500065769,1.250248634217554,0.0,128.75353756321678,-39.56475055806186,2.0745413226019203,0.0,85.71080550199419,-37.017827384229356,0.7344995685923017,0.0,80.87302678086806,-36.140461980277976,2.032321053753101,0.0
112.07702590285444,-2.1641634544431896,2.4189466209838617,0.0,102.64461297056185,-2.6374233202309245,0.7374121646724525,0.0,63.77612614398492,-4.087691018369067,1.2525396537256182,0.0,128.73863459933048,-39.44541490593175,2.3172845076480932,0.0,85.71514611949829,-37.01618059005925,0.730874253236621,0.0,80.87763640444317,-36.143051764725406,2.0176255905553333,0.0
112.08063519880221,-2.1642786802355505,2.4420140995261406,0.0,102.66219559092764,-2.654080408638193,0.7270620050451129,0.0,63.78370638276206,-4.073301557491673,1.262475589937413,0.0,128.7246224883905,-39.32233832160357,2.493456087815961,0.0,85.71652836925715,-37.01885407703597,0.7270729403195553,0.0,80.88121951262684,-36.1447924829343,2.004641455162064,0.0
112.10422622229066,-2.1447851855523066,2.4706725186588194,0.0,102.68129483169606,-2.6717574376225075,0.7215584785316391,0.0,63.789598084024604,-4.053803494106677,1.2805746350990166,0.0,128.70880904029872,-39.20102689804261,2.5956156166886046,0.0,85.71369407032212,-37.02472127136798,0.721210695352859,0.0,80.88395279935389,-36.146510136399286,1.9927867485636153,0.0
112.1613166355362,-2.0793488934961504,2.511209349437026,0.0,102.70090711568818,-2.6866751078630333,0.7211794678503676,0.0,63.79425923526736,-4.031660244647449,1.3035611757922414,0.0,128.69161582513922,-39.088286940282856,2.6293870852954413,0.0,85.70527581741473,-37.03334776939477,0.7113864665677809,0.0,80.8862619659124,-36.14878102421836,1.9817833568659022,0.0
112.2710603967821,-1.9351478425457107,2.5708795790669754,0.0,102.71943359339308,-2.6957553371019367,0.7246043191602443,0.0,63.798533187043475,-4.011592857308849,1.3244581460491585,0.0,128.67540477845418,-38.989904153249505,2.6115003880829786,0.0,85.68236037950741,-37.05453204681146,0.6913497810625469,0.0,80.8887504440082,-36.15170699646754,1.9712981149463573,0.0
112.45713329618744,-1.6798763742583995,2.659146789270233,0.0,102.73525245347396,-2.6972886603655155,0.7294924493766413,0.0,63.80282158014897,-3.999684990294261,1.3347087567642237,0.0,128.66323302778176,-38.90920387865923,2.5643213352617185,0.0,85.67922431871227,-37.05142738281466,0.6914300862652691,0.0,80.89209575605979,-36.15495306691107,1.9607325963802236,0.0
112.744682978772,-1.2908019211288244,2.7894033524441983,0.0,102.74736396678735,-2.6910702730193092,0.7334541160052055,0.0,63.806279853610235,-4.001523034792795,1.32833123501082,0.0,128.65772135381252,-38.84664978845813,2.5094467550342703,0.0,85.68376960060013,-37.038002662049706,0.6938693915972944,0.0,80.89690693064917,-36.15803506564642,1.9492768118669925,0.0
113.15583714734572,-0.7630114349334138,2.97933861563574,0.0,102.75574459708506,-2.6781193596090205,0.7348637513858058,0.0,63.806440667950454,-4.019483456418796,1.3071486815348035,0.0,128.6601789270192,-38.80030093575661,2.462849760813505,0.0,85.68850225790942,-37.02569911774961,0.6940243702277122,0.0,80.90355128230469,-36.1607115907462,1.9361935697439474,0.0
113.70467140298307,-0.11385347779377053,3.248418925026188,0.0,102.76125969329573,-2.6602577635330196,0.7331824996527629,0.0,63.799627540334875,-4.049619642133533,1.285142621605937,0.0,128.67019268374645,-38.766775072570674,2.43281954379038,0.0,85.6933629449186,-37.017238894601405,0.6931542194591724,0.0,80.9120048309213,-36.1632589837882,1.9211708521667674,0.0
114.39312843177974,0.6188178265622382,3.6126190395246507,0.0,102.76525824036621,-2.6397659551444788,0.7288065113202169,0.0,63.78245427137619,-4.07907752141522,1.2894401293842854,0.0,128.68582783843007,-38.7423181091005,2.420544271671922,0.0,85.69863267624801,-37.01400771756818,0.6925231245727126,0.0,80.92180084155876,-36.16645221035378,1.9045395530729845,0.0
115.20988989696716,1.3852322711990128,4.078761697069837,0.0,102.76910370955038,-2.6191625324842454,0.7226818230750514,0.0,63.75448743802139,-4.08541309239284,1.3559064322661207,0.0,128.70434304723298,-38.72364249524445,2.4223260908376236,0.0,85.70494545910151,-37.01554801993104,0.6928869804103641,0.0,80.93211345810853,-36.171221437939856,1.8872152618983833,0.0
116.13369914338288,2.136678733577889,4.641889763024073,0.0,102.77384623550591,-2.6009985031423453,0.715945234200591,0.0,63.721433775479525,-4.039138264029589,1.5190619867764745,0.0,128.72307636713919,-38.7083640698988,2.432236418812259,0.0,85.71300726008815,-37.01978685165238,0.6943993964427371,0.0,80.94194302316653,-36.17811819909974,1.8703514699265789,0.0
117.14053918066892,2.8375008651879687,5.287629905753887,0.0,102.7800959134475,-2.587523727152644,0.7097134759203456,0.0,63.69700291452493,-3.9097861443058424,1.7988096447274566,0.0,128.74010119301158,-38.69506269050564,2.4443246563938352,0.0,85.72311316219066,-37.02394582753288,0.6969077761539708,0.0,80.95032049013558,-36.18682353340768,1.8548427590534189,0.0
118.21147220112697,3.4706309343679482,5.998177863793847,0.0,102.78802402431668,-2.580208688189913,0.7049679963858377,0.0,63.70133922496412,-3.674227800814527,2.189124317765078,0.0,128.75442236467885,-38.6831079144718,2.453991378390217,0.0,85.7346965263737,-37.02587240066714,0.7004971371345157,0.0,80.9564527148522,-36.195931918795885,1.8409190819417809,0.0
119.3370630662259,4.0346503252979,6.758034224797967,0.0,102.79738591115279,-2.5792950549270834,0.7024030258277101,0.0,63.75578013699485,-3.324724879590062,2.6545793505749558,0.0,128.7657521733082,-38.67239664788929,2.458562159071475,0.0,85.74616925198532,-37.02541010424476,0.7060909935291466,0.0,80.95977881761031,-36.203155448975075,1.8280407020862857,0.0
120.51610094613875,4.534898856926304,7.5559289350361105,0.0,102.80753946491691,-2.5836339781802584,0.7021736586079097,0.0,63.875187391150874,-2.872582640812758,3.139529017618792,0.0,128.77409898572407,-38.663106212428055,2.4573036998891453,0.0,85.76855734830714,-37.01003238657815,0.7211516412147123,0.0,80.95996669995719,-36.20593248698384,1.8151379563167822,0.0
121.74950405271231,4.973698520569494,8.38181378724853,0.0,102.81754013699934,-2.5909661389156735,0.7036220439258436,0.0,64.06127593405726,-2.34423262444047,3.590636812860298,0.0,128.7794334429075,-38.655527826208,2.451120319502401,0.0,85.7810107504147,-37.007547882507524,0.7427853273992149,0.0,80.95691140490796,-36.20224103208588,1.8010590249121066,0.0
123.03289148508121,5.3445139721525425,9.22053199162038,0.0,102.82641011118174,-2.5985666373128407,0.7051479311358193,0.0,64.3020225315571,-1.7713215956761728,3.9845694300181185,0.0,128.7815985269637,-38.650010069278444,2.4420712957399164,0.0,85.78726978259972,-37.02071224397693,0.7765629787040798,0.0,80.95077984163345,-36.19129761980171,1.7850070409276544,0.0
124.35210513506914,5.632534693324391,10.045721677054265,0.0,102.83356285414952,-2.603979932101602,0.7043677586184458,0.0,64.57840816158365,-1.1799747011035207,4.346260050664523,0.0,128.78047191687702,-38.64699577476171,2.4327859053332546,0.0,85.7891388025722,-37.058092005004774,0.8265537826600298,0.0,80.94208973028881,-36.17385070928983,1.7667838876006865,0.0
125.68444246315084,5.820621669717051,10.817959495383937,0.0,102.83918438979582,-2.60554409549958,0.6986055194597682,0.0,64.87443929534948,-0.5847404315379983,4.746154296195258,0.0,128.7762451924769,-38.647088454143834,2.4258733617357997,0.0,85.79097090365767,-37.12731629612861,0.8951980776515498,0.0,80.93175259420954,-36.151957513352045,1.7467723421125072,0.0
127.00502993376382,5.89648545418021,11.489251412586809,0.0,102.84428300133399,-2.6025552782908106,0.685632243905653,0.0,65.18510924150563,0.009611427140157502,5.275380168898706,0.0,128.7696316653456,-38.65105883869878,2.423461402830867,0.0,85.80021351251003,-37.2323448465155,0.9834346106060572,0.0,80.92098995188577,-36.12837149000057,1.7257246287373462,0.0
128.2947229573201,5.856657855141584,12.012316404388741,0.0,102.85025448438722,-2.5951237718994715,0.6644484134699962,0.0,65.51898776914653,0.5995649335323243,6.008248556900423,0.0,128.76188587692675,-38.6597205478996,2.4269508151408434,0.0,85.82635076704253,-37.372438482873385,1.092010813145846,0.0,80.9110814661035,-36.105826842893734,1.7045060580490947,0.0
129.54545667714143,5.705670475261348,12.35041015637293,0.0,102.85812593224951,-2.583893080754306,0.6358152502605119,0.0,65.89421362122724,1.1736267846075261,6.966810201613994,0.0,128.7546453087298,-38.67367253832422,2.4369522106611736,0.0,85.87878253193227,-37.543056456095925,1.224040954184069,0.0,80.90302530884455,-36.08649782267064,1.6839113388581683,0.0
130.76111096183251,5.452197938585661,12.483751700931766,0.0,102.86789562894931,-2.5698130234873258,0.6022626078241107,0.0,66.32880008257595,1.7103195323958182,8.102557508417899,0.0,128.74968275714974,-38.69299556641437,2.4532958404631007,0.0,85.96463244952486,-37.738309770107925,1.3878642124394416,0.0,80.89730074291964,-36.071760581096804,1.6645692429916146,0.0
131.95452809428403,5.105044363257493,12.410939348769546,0.0,102.87836703184773,-2.5541112076536976,0.5674934225417729,0.0,66.8301133809602,2.186460281760212,9.305831304324634,0.0,128.74865471442234,-38.717042995877684,2.4750605567394217,0.0,86.08772682833121,-37.95369114957591,1.5983210847954235,0.0,80.89389747491948,-36.06221442067094,1.646879574846805,0.0
133.14253451426163,4.670755788700911,12.145819986089467,0.0,102.88759776052197,-2.5384825741349557,0.5353716395840209,0.0,67.39136131742734,2.5894046515691826,10.44140723893515,0.0,128.75288984589676,-38.74444325417522,2.500689686553347,0.0,86.24948369593145,-38.187438685084324,1.8745173353342057,0.0,80.89260211197396,-36.057843653589806,1.6309324671033778,0.0
134.34061834608175,4.153058266126971,11.711308003156981,0.0,102.89374625559373,-2.525323478620587,0.5088480048919788,0.0,67.99872252714391,2.9229012360229625,11.393382923746291,0.0,128.76322983839552,-38.77334692544511,2.5282927383254616,0.0,86.45131041416704,-38.43958131924454,2.2335390296719613,0.0,80.89334773648898,-36.05823546291366,1.6164175712195963,0.0
135.55826550388375,3.553488706141186,11.132191941445544,0.0,102.89591811627513,-2.5177080552756292,0.489229661412411,0.0,68.64335254953474,3.2028515909046984,12.09796392609747,0.0,128.77993456920422,-38.80185570579206,2.556107905717745,0.0,86.69704591808379,-38.70921216977923,2.681969089096647,0.0,80.89638920275083,-36.06282705301994,1.60259432097833,0.0
136.79561646699204,2.872607318043963,10.429350238811079,0.0,102.89469992500447,-2.5188798901625873,0.47616492144428335,0.0,69.32873744266855,3.4482488419642596,12.553385068773661,0.0,128.8026823198333,-38.8284992572908,2.582941467919513,0.0,86.99376385691122,-38.991901031948686,3.2091165378745794,0.0,80.90219327969452,-36.07115191295542,1.5884172161527736,0.0
138.04202886123022,2.111574964167767,9.617597148612077,0.0,102.89228645504554,-2.5312701734351224,0.4684167429917352,0.0,70.06922821295754,3.674155901387337,12.809134344254446,0.0,128.83069552273113,-38.85258825280537,2.6083777056223987,0.0,87.35015034711745,-39.279321556953775,3.78618540288124,0.0,80.91113616063008,-36.0829953835881,1.572857092231411,0.0
139.27684155965713,1.274209097693257,8.708200444517583,0.0,102.89216542485565,-2.555305372414438,0.46489876619649095,0.0,70.88271621072178,3.889099284113181,12.942215218602163,0.0,128.86298539286256,-38.87428515724486,2.6326913237560436,0.0,87.77324307803988,-39.561752592439085,4.373349665042536,0.0,80.92324153044686,-36.098338729505976,1.5553499109409596,0.0
140.47208992795225,0.3697311840829123,7.715279011873365,0.0,102.89821386034865,-2.5884870901136736,0.4651222146839942,0.0,71.78309699712395,4.095294173625991,13.029132226135093,0.0,128.89865659363105,-38.89433634116441,2.6565573669111586,0.0,88.26543844608854,-39.832114183061236,4.932489095511508,0.0,80.93817443358733,-36.11704692098012,1.536200095381428,0.0
141.5966085597817,-0.5838458193240204,6.663551165510574,0.0,102.91321520276134,-2.625341252398638,0.46873686916499757,0.0,72.77631968847173,4.289687506698451,13.122324460646604,0.0,128.93717368403708,-38.913588786342096,2.6807148830145167,0.0,88.82336667258218,-40.08928895965685,5.439735946962315,0.0,80.95553926697308,-36.138433559592585,1.5167073768404613,0.0
142.62102215876442,-1.5565931967474977,5.593867851285861,0.0,102.93740676844895,-2.6585726298980856,0.47478780020984246,0.0,73.86040528753188,4.4653204827438415,13.237812007484987,0.0,128.9784787640379,-38.932563631264664,2.7056983601351394,0.0,89.43886727564714,-40.33916099112608,5.8917649221973445,0.0,80.97530831443201,-36.16101519896052,1.4988018044482772,0.0
143.52297868999358,-2.505920961934793,4.563090777312272,0.0,102.96804749479598,-2.681115061192037,0.48155713961006263,0.0,75.02774450581333,4.613242421494798,13.35612855479725,0.0,129.0228819001156,-38.951350009373954,2.7316761944093777,0.0,90.10120991368227,-40.593049308351354,6.3031759712406705,0.0,80.99805348854721,-36.18277509554712,1.4841545694815856,0.0
144.29127939195186,-3.380683021931298,3.636608236969357,0.0,103.00044618936496,-2.6882575388071857,0.48717331041554424,0.0,76.26794494648227,4.724501057649089,13.433642987668048,0.0,129.07074337389002,-38.969884404490045,2.7583908360156286,0.0,90.79955795882552,-40.86412027570759,6.696880084863352,0.0,81.02471010803282,-36.20193875190047,1.473191339067908,0.0
144.92717485496004,-4.130755477427375,2.874931091354153,0.0,103.02982050486038,-2.679038366806558,0.49041349492155284,0.0,77.57021153193985,4.791067307116533,13.418757043662861,0.0,129.12209819351077,-38.98840615297949,2.7851879494891474,0.0,91.52499114323363,-41.16299600404032,7.092288233011778,0.0,81.05592379007827,-36.21779079427243,1.464796343465963,0.0
145.44212324683505,-4.719213572204045,2.3188381657971764,0.0,103.05285401111752,-2.6564783438989323,0.49104364140877976,0.0,78.92466198455597,4.805158678643938,13.267622199114754,0.0,129.1764259556666,-39.007740451364576,2.8111120758951333,0.0,92.27166183426391,-41.49421019720848,7.496209609948977,0.0,81.09136041829507,-36.23100529199255,1.456950341629648,0.0
145.85317846751406,-5.131873397032596,1.9785520811702035,0.0,103.06828280151406,-2.626677193229048,0.48950161500109246,0.0,80.32221166676915,4.757848364001534,12.955756111068936,0.0,129.23267474847782,-39.029184251545495,2.8350381340262825,0.0,93.03690639174212,-41.85491642445971,7.899411324353122,0.0,81.12938543808501,-36.24336124680085,1.4476334436266285,0.0
146.17820143096648,-5.3799062162712765,1.8311439124600604,0.0,103.07667214211945,-2.5971600360340696,0.4861849876741111,0.0,81.75313214770011,4.63871783496519,12.483810498831938,0.0,129.28949384869827,-39.05404738978726,2.85583918666128,0.0,93.82051631949858,-42.23611935216273,8.279191942507943,0.0,81.16730110402753,-36.25702433834838,1.4353617517972186,0.0
146.43262398315733,-5.49476052962154,1.8275994476799742,0.0,103.07991576562475,-2.57502084415768,0.48076925636343226,0.0,83.20510307631929,4.43778297694881,11.876955359430998,0.0,129.3455427593505,-39.08309633148262,2.872617766574667,0.0,94.62369064909727,-42.62540678968496,8.606157267274796,0.0,81.20201286525386,-36.27373117674111,1.4192939213639324,0.0
146.62822567405385,-5.518196723670619,1.9072481648551065,0.0,103.08069913250132,-2.565346185431361,0.47193339047277405,0.0,84.66213444495743,4.149242153643932,11.17815577967491,0.0,129.39974813779514,-39.11614903188424,2.884975893228413,0.0,95.44816607353876,-43.00970889379323,8.852270265387405,0.0,81.23076084732595,-36.294256182559835,1.3990751206165353,0.0
146.77344439111218,-5.49167773570295,2.0140909842865344,0.0,103.08180766504616,-2.570218240181858,0.4577153423177549,0.0,86.10554990567704,3.7749118496073795,10.436852670960858,0.0,129.45143257578323,-39.1519509227524,2.8932022488251636,0.0,96.29572400575832,-43.37717941086227,8.997426234828524,0.0,81.2515855754871,-36.31838300179355,1.374462211493368,0.0
146.87463424850546,-5.44841854421937,2.1091032723912964,0.0,103.08531528791113,-2.588399306708303,0.43643171133538416,0.0,87.51701931462287,3.324977488935435,9.696308624787676,0.0,129.50030857300948,-39.18834093115416,2.898237511300522,0.0,97.16800542908354,-43.71815002417921,9.032963544947565,0.0,81.26324788213384,-36.34556997126153,1.344240411221925,0.0
146.93784041608123,-5.409487088784014,2.1750156074333375,0.0,103.09206697440878,-2.615646703789266,0.40774870936583163,0.0,88.88207928579159,2.8153654551673277,8.98386155225536,0.0,129.5463944296956,-39.22264473442691,2.901398378127821,0.0,98.06647007487152,-44.02551637593896,8.961883681042472,0.0,81.25891924187997,-36.38313896817695,1.2912507326507523,0.0
146.97051056414332,-5.383791595397263,2.2135773920721054,0.0,103.10181772396561,-2.6455491476228943,0.37335345506378737,0.0,90.19197849851653,2.2632783776093763,8.307269248005095,0.0,129.58992646134269,-39.25221921910098,2.9039867590582684,0.0,98.99234248102535,-44.29480519555864,8.796499152199328,0.0,81.26484328564607,-36.398407051448345,1.2799762242264858,0.0
146.98230114009306,-5.370953580808004,2.2379292834878015,0.0,103.11392590498598,-2.67081042369255,0.3368689138233556,0.0,91.44259130724934,1.6833278940352692,7.657741655558075,0.0,129.6312927192041,-39.2750877540077,2.906929187780298,0.0,99.9464378438454,-44.52393468474302,8.55462453368524,0.0,81.26997037319668,-36.409007329423716,1.2673433494247561,0.0
146.98431494628636,-5.365743124736902,2.2636085558405075,0.0,103.1281353379956,-2.6849013210846486,0.30300425519270746,0.0,92.6307778083736,1.0859355248712053,7.017884140454944,0.0,129.67094914187933,-39.29056531634443,2.910520478870522,0.0,100.92889120559745,-44.71261175147263,8.255431826322457,0.0,81.27676217614216,-36.415104432444515,1.2529804412812275,0.0
146.98692773309136,-5.362613616009057,2.3012164467811473,0.0,103.14495605944008,-2.683826484424076,0.27620613834635677,0.0,93.74983324197049,0.4784442234859423,6.371594438918878,0.0,129.70928734628058,-39.2996449113237,2.914340413963753,0.0,101.9389806464328,-44.86140014116488,7.915893824765909,0.0,81.28666878596293,-36.418175658985575,1.2369675063745547,0.0
146.99727794723995,-5.358887308069769,2.352580562215918,0.0,103.16537326480045,-2.667472934704545,0.2592164564196118,0.0,94.7861933465071,-0.1315279957760822,5.7127197343445,0.0,129.74650692624914,-39.30484602634889,2.9174403909603708,0.0,102.97524723082057,-44.9705931218172,7.548476502479895,0.0,81.29980819009309,-36.42041106629744,1.219927402869379,0.0
147.01767855119473,-5.355647463152096,2.410884823123739,0.0,103.18997852499211,-2.639876251241671,0.25203122700439806,0.0,95.71937593918473,-0.7318896029544364,5.049649361914822,0.0,129.78259423327248,-39.30939817033759,2.9187889839975316,0.0,104.03585368625009,-45.039065396398115,7.160469307762539,0.0,81.31520803658044,-36.42376404558233,1.2028149943146698,0.0
147.04561636520023,-5.35639269425919,2.464102764909425,0.0,103.2180235437753,-2.608022527847708,0.25180088390692745,0.0,96.52600969873312,-1.303519017251384,4.404261745105202,0.0,129.81744391142098,-39.3160044114876,2.9177594555046227,0.0,105.11877633643283,-45.06332527236669,6.755036554925936,0.0,81.33137289078124,-36.42919488668043,1.186533465466944,0.0
147.07528733784414,-5.364427817679036,2.5002890144547383,0.0,103.24708184851121,-2.579494047272931,0.25397891407649453,0.0,97.18672159053409,-1.8218772530871155,3.8059197527058597,0.0,129.85104034945232,-39.325724963448444,2.91438281526254,0.0,106.22135937684031,-45.03710483117593,6.333689246951671,0.0,81.34684570759072,-36.436486820889755,1.1716165239251808,0.0
147.10016163036084,-5.3802867368802785,2.51278993918414,0.0,103.27369967235201,-2.5599344028821065,0.2543462340723259,0.0,97.69281333136536,-2.263044794232875,3.2833792338429273,0.0,129.8835632475012,-39.337519740995184,2.909270729595857,0.0,107.33914430050798,-44.95191366591299,5.8994113975379445,0.0,81.3605677801246,-36.444627807078255,1.1581467175964306,0.0
147.11575066390844,-5.400302634259535,2.5032978787712796,0.0,103.294746580729,-2.5514316241608066,0.2508392989653352,0.0,98.04975344466521,-2.611199234645956,2.857750359300491,0.0,129.91533740233814,-39.34869638057951,2.9033362007787638,0.0,108.46448922945271,-44.79880684188073,5.4592494742445465,0.0,81.37200329585326,-36.45246006069779,1.1459232516483695,0.0
147.1214820939348,-5.4171444476749615,2.481273249225442,0.0,103.3086752609055,-2.55239867595,0.24413075029643316,0.0,98.2765271742652,-2.863535342132894,2.538095088517247,0.0,129.94665819050832,-39.356077912242945,2.8974854557739587,0.0,109.58587187400252,-44.57107501249495,5.025084389748952,0.0,81.38108444125088,-36.45924498454677,1.134753333088124,0.0
147.1207140208064,-5.422593084750976,2.4598330316295307,0.0,103.31598356975381,-2.55875793033339,0.2367549285762216,0.0,98.40184485742434,-3.0305602514441587,2.31990357432373,0.0,129.97760341077716,-39.357347741466604,2.8923558757397387,0.0,110.68860166326486,-44.26688497277462,4.611847478781108,0.0,81.3880626108537,-36.46492478084685,1.1246844436843606,0.0
147.11878513824144,-5.411578016070839,2.450130682396072,0.0,103.31873268110887,-2.56571953756327,0.2315011201422692,0.0,98.45879019699522,-3.1322015411927633,2.1865240757064104,0.0,130.00793799476546,-39.35195828130232,2.888120071456445,0.0,111.75696618616087,-43.89055604029398,4.233571823997614,0.0,81.39334595664182,-36.47005169138582,1.1160459300850576,0.0
147.12022454772796,-5.385131657306212,2.457156538382936,0.0,103.31954575200079,-2.569398120628617,0.23007741370202162,0.0,98.47923283886185,-3.191606261734482,2.1135135929388564,0.0,130.03715319327375,-39.34124993928617,2.8844164215385533,0.0,112.77698827335664,-43.45156289738806,3.898885291996507,0.0,81.39737779493406,-36.475495013422275,1.109292496575529,0.0
147.12676947220126,-5.350158022916369,2.4789009818076515,0.0,103.32069360109654,-2.56777675116967,0.23263146460497452,0.0,98.48906141297614,-3.229074731456719,2.074911262346202,0.0,130.0646177860913,-39.327834895997654,2.880487278543921,0.0,113.73850298683736,-42.9615340357199,3.6081336742327874,0.0,81.40057566120895,-36.48208893472827,1.1047563568653302,0.0
147.13713702526007,-5.316145926108696,2.508662299054466,0.0,103.32362994506487,-2.560856768567814,0.23808304368238176,0.0,98.50509141806683,-3.258311423501301,2.0492756957397376,0.0,130.08978701954655,-39.31460310088234,2.875528343708071,0.0,114.6354989247778,-42.43089495446614,3.3537744247178782,0.0,81.40331945120981,-36.490358881440685,1.102450110772013,0.0
147.14830108664762,-5.291065857311733,2.538650746396426,0.0,103.32895814830452,-2.5501210373248426,0.24483568981588277,0.0,98.5341768090076,-3.285882162428079,2.0232516565816425,0.0,130.11240076544297,-39.30378938720895,2.869122350796644,0.0,115.46451191798666,-41.86741118026452,3.124144080153938,0.0,81.40596190013376,-36.50038809501646,1.1020112056516158,0.0
147.1573238788162,-5.278706439986141,2.562958970529264,0.0,103.3366066550536,-2.537659809070453,0.25142585238683424,0.0,98.57455702934215,-3.313149292215414,1.9917480256568734,0.0,130.13259349344847,-39.29643595507744,2.8615456488906954,0.0,116.2218988925299,-41.27806408834006,2.9089827667818184,0.0,81.40883634901436,-36.51180884310142,1.102787589092097,0.0
147.16279325419055,-5.27819854718122,2.578979063499256,0.0,103.34602992088544,-2.5253929388728977,0.25689087585864634,0.0,98.6189258383137,-3.339096552303371,1.9555229872409292,0.0,130.15085739611735,-39.292374527646416,2.8537644174818535,0.0,116.90156954382236,-40.6736862851966,2.704128859061365,0.0,81.41224558244512,-36.523873774236655,1.1039965420562439,0.0
147.16532534118954,-5.285170977037927,2.5873274386978142,0.0,103.35638734164351,-2.5146922048116975,0.2608659270993954,0.0,98.65832197205086,-3.362619412491741,1.9179066078327942,0.0,130.16786508725133,-39.29062527428372,2.8470851175432443,0.0,117.49475518661687,-40.07360946883198,2.5131033178709306,0.0,81.41642968250439,-36.535585904524744,1.1048834544137236,0.0
147.1671074860693,-5.293612918876725,2.5907482543528992,0.0,103.36673206583588,-2.5064167358342555,0.2635220662806592,0.0,98.68574992405111,-3.383560785692561,1.8821870338363969,0.0,130.18423317186856,-39.28997099083879,2.842628488639104,0.0,117.9923497124806,-39.50666393782778,2.344878794431491,0.0,81.42153086689171,-36.54589065396197,1.104849564750067,0.0
147.17082092491188,-5.297760418982647,2.592552507840164,0.0,103.37623667556274,-2.501123383547732,0.26543207056092655,0.0,98.69843651407638,-3.4024978258344634,1.850309953824441,0.0,130.2003300228195,-39.289472386316085,2.840917296881953,0.0,118.3886937377296,-39.006434896719796,2.2092420492909106,0.0,81.42758298396208,-36.553915781932105,1.1035520124828508,0.0
147.17838242022515,-5.29365923677995,2.59521660498306,0.0,103.38444425797383,-2.4991661926466175,0.2673804221515059,0.0,98.69809191108175,-3.4197988222789117,1.8227330298193412,0.0,130.21618996001408,-39.288788831355085,2.841780709975204,0.0,118.68471261825563,-38.60228027925193,2.1123753040815476,0.0,81.43453449020241,-36.55919812090082,1.1009693775730671,0.0
147.18991549234408,-5.280205199789117,2.5996914801532185,0.0,103.39148927289948,-2.5005420970584646,0.2701184483267163,0.0,98.68949610171404,-3.434726549218013,1.7989397282135968,0.0,130.23154115890313,-39.288261634203124,2.844544117647585,0.0,118.88894355080883,-38.31053259257351,2.054661736688809,0.0,81.44227942592501,-36.561810336222955,1.0973965041210736,0.0
147.20334801291116,-5.259463971989491,2.605562740783304,0.0,103.39818064479533,-2.504557540301702,0.2741280332505678,0.0,98.67844906350406,-3.4453139037650837,1.7781221147731792,0.0,130.245924686899,-39.28877183243707,2.848308443196226,0.0,119.0164128108357,-38.13010818368883,2.0310135470965065,0.0,81.45065967884466,-36.562330589533225,1.0933369475397416,0.0
147.2149429115036,-5.236125833959343,2.61167404883194,0.0,103.4058122516856,-2.509574867290606,0.279511917718235,0.0,98.6700146363725,-3.44929277938424,1.759657620875684,0.0,130.2588688505126,-39.29142878127644,2.8521463462977668,0.0,119.08619271915936,-38.04403656550021,2.0327617224114025,0.0,81.45943308691416,-36.56167072994215,1.0893141234583936,0.0
147.22074334804907,-5.216147732232224,2.6166596465753145,0.0,103.41562081463685,-2.513147018278235,0.2860890822861748,0.0,98.66742346633959,-3.445641177658622,1.743206866197534,0.0,130.27006790445898,-39.29719193634774,2.855173757718397,0.0,119.11847109692836,-38.025574650144044,2.049968994436659,0.0,81.46825147203775,-36.56084302284441,1.0856841693443027,0.0
147.21841785927575,-5.204897209091804,2.6191730568083624,0.0,103.42796202541817,-2.5126972239358247,0.29365517645488026,0.0,98.67163693637242,-3.435786399771837,1.728521156170972,0.0,130.27950460744864,-39.30655381183917,2.856563353934739,0.0,119.13170176898865,-38.0460099454482,2.073464212241971,0.0,81.47671221815023,-36.560752119364565,1.0825520416006587,0.0
147.2086328475796,-5.205330979705553,2.618052947678608,0.0,103.441485371392,-2.506611001193277,0.30224651887391296,0.0,98.68151408708839,-3.4236130641548086,1.715212313882347,0.0,130.28747668091302,-39.319393885282565,2.8555964549634396,0.0,119.14034366615238,-38.08115846053183,2.0962515172647986,0.0,81.4845047429237,-36.562049578370704,1.0798424702937712,0.0
147.19517797549034,-5.216826658132767,2.6127302588397434,0.0,103.45277982444284,-2.4953311546418,0.31219545127162096,0.0,98.69450377009939,-3.414154569308577,1.7027073841808544,0.0,130.2945411431917,-39.335047847446994,2.8518124063765367,0.0,119.15368641870465,-38.11466935312258,2.114069142653813,0.0,81.49158904608181,-36.5650375596047,1.0774812410419816,0.0
147.18366789211314,-5.23515302753239,2.603803842403874,0.0,103.457010400959,-2.48187401004457,0.3238469726018298,0.0,98.7076667996375,-3.411682674511509,1.690440896113234,0.0,130.30143596140772,-39.35254226774389,2.8452416569780876,0.0,119.17596092975008,-38.13793765454174,2.1250564252442974,0.0,81.49828528417791,-36.569606663656295,1.0755629859800155,0.0
147.17939099834325,-5.253690207219019,2.5933475126081795,0.0,103.4498491412422,-2.4711769077205146,0.3370270724719635,0.0,98.71870032875205,-3.4182423739646715,1.6781552827567197,0.0,130.30902497558063,-39.37086648900851,2.83662247540277,0.0,119.20743889460107,-38.14779995329675,2.1288199006542925,0.0,81.50518306137747,-36.575231071128705,1.0743830724033607,0.0
147.1852926715887,-5.265525838369858,2.58456518881826,0.0,103.43050801578518,-2.4679711857177162,0.3506075548821421,0.0,98.72663158892867,-3.433281081038613,1.666109596576014,0.0,130.31824444880223,-39.38915005254779,2.8274334498729345,0.0,119.24593980862002,-38.14367564879534,2.1254039731836745,0.0,81.51289203287479,-36.58106793301644,1.0743023422837776,0.0
147.20096547760897,-5.26569128201495,2.5808180037468667,0.0,103.40503609277614,-2.473522619008552,0.36262804667972937,0.0,98.73200189193163,-3.454259502637408,1.6550714093578467,0.0,130.32997251250515,-39.406704843890054,2.81960639166536,0.0,119.28824910039633,-38.125482851974155,2.11458517096483,0.0,81.52176827014338,-36.586178747938234,1.07553014955346,0.0
147.22301395663987,-5.252740858387691,2.584456440372879,0.0,103.38850786291617,-2.482376344284118,0.37128881214479215,0.0,98.73656575835061,-3.4776553217222146,1.6460902260960903,0.0,130.34475904220466,-39.423010615073565,2.8149693488068372,0.0,119.3312045884073,-38.092920002651,2.095648532950076,0.0,81.53176979214447,-36.58981805393005,1.0779661314490188,0.0
147.2465445867508,-5.2291279627886045,2.596013508043514,0.0,103.40462811234369,-2.4807232648514477,0.3767529993493568,0.0,98.74265932640535,-3.499867128859346,1.6401221512663113,0.0,130.3624495064,-39.437755325665144,2.8146839863911755,0.0,119.37238721232107,-38.04596226384389,2.0675979446609514,0.0,81.54251003107703,-36.59166934732109,1.0812005942156997,0.0
147.26707656186886,-5.200276959952435,2.6140819052382973,0.0,103.48184155110059,-2.447780783264357,0.3832843618241961,0.0,98.75242262553814,-3.5178705171304037,1.6376188326745087,0.0,130.3818548031132,-39.450943782100666,2.818964836504728,0.0,119.41041182815785,-37.98592344453416,2.0296699199370103,0.0,81.55346571224361,-36.59191080323125,1.084675325950224,0.0
147.28206168615955,-5.172727947179828,2.635801607038422,0.0,103.64622392202276,-2.3605762410138134,0.40096147765914925,0.0,98.76705253705033,-3.5296494040618667,1.6382539678897725,0.0,130.40068063856717,-39.462956062208455,2.8271650785664786,0.0,119.44485878167829,-37.91629671330968,1.981963763534102,0.0,81.56422462246422,-36.59108286873106,1.087915427067811,0.0
147.2914548993082,-5.1520565571239825,2.6576187340603976,0.0,103.91292833192837,-2.2010202799427843,0.44605932236842794,0.0,98.78626753787576,-3.534411038309031,1.640959606796402,0.0,130.41589398266504,-39.47441597593046,2.838091096905478,0.0,119.47597632485879,-37.84279732508258,1.9259079382543582,0.0,81.57464617582886,-36.58984354707786,1.0907102050095645,0.0
147.2972333938279,-5.14129606812767,2.675967320548855,0.0,104.27925047937602,-1.9627759464887795,0.5392120221637944,0.0,98.80817499574725,-3.5325626626005686,1.6443029694200675,0.0,130.4245841099702,-39.48586649517401,2.850346334540774,0.0,119.50434231734815,-37.77243683957868,1.8642791197803614,0.0,81.58485439859658,-36.58874099312942,1.093167649231395,0.0
147.30219833355767,-5.140324347996653,2.6877097837167554,0.0,104.72274416145105,-1.6549448464133292,0.700969295589946,0.0,98.82968667707422,-3.525412094411733,1.6470427277704047,0.0,130.42520431600803,-39.49745151998842,2.8625922052870756,0.0,119.53062851693367,-37.71188897867486,1.8007076233286181,0.0,81.59507940470824,-36.58808384037582,1.0956577513178107,0.0
147.30863212591237,-5.146278018802616,2.6904170027367993,0.0,105.2065273793699,-1.300545981424829,0.9455644106016816,0.0,98.84744876338416,-3.51459256941822,1.6486093773820407,0.0,130.41889319376148,-39.50890723850485,2.8737421832360894,0.0,119.5555132510299,-37.665747919130176,1.7389104367458135,0.0,81.60545610241014,-36.58791438633738,1.098718428777918,0.0
147.3173489807298,-5.154702150060168,2.6826931153888864,0.0,105.69089880290602,-0.9299941412909831,1.2750901086634947,0.0,98.85897075720787,-3.5013836800222062,1.6492869228468585,0.0,130.41042485497644,-39.520063775536265,2.883174959874127,0.0,119.57970407273815,-37.63538908799967,1.6820254747235435,0.0,81.61590562413504,-36.58805633469244,1.1029786205878658,0.0
147.3274145402901,-5.160969244586824,2.6646289810687147,0.0,106.14693534894941,-0.5721995596333169,1.6766544357908435,0.0,98.86347227572527,-3.486277804102645,1.64999184113627,0.0,130.4082884262605,-39.531805174161725,2.8910053468430394,0.0,119.60396089282328,-37.61889856137239,1.6322883573685765,0.0,81.62615538518412,-36.58821304220176,1.109090049901571,0.0
147.3364960402988,-5.161539064880942,2.6382139378427247,0.0,106.56613904108156,-0.2470001848153469,2.1238968746198363,0.0,98.86210039610637,-3.4690743764180505,1.6517293955493049,0.0,130.42350191455094,-39.54720156173372,2.898314988993377,0.0,119.62898196860594,-37.61204019187615,1.591039415800882,0.0,81.63586948818265,-36.58808772765785,1.1176188548707042,0.0
147.3416272121701,-5.154788945693564,2.6073973951732423,0.0,106.96191355675217,0.0382812232497276,2.5823246561284785,0.0,98.85749393184945,-3.4494583023244703,1.6549967732353892,0.0,130.46708137963293,-39.57241552443953,2.9071343523423536,0.0,119.65511527290225,-37.609791432395276,1.5588695524244969,0.0,81.64483195598336,-36.58747740410427,1.1288555946677974,0.0
147.34017199542444,-5.141290420184592,2.577560535112978,0.0,107.3627811091996,0.28751489715507894,3.01655298355659,0.0,98.85292734591525,-3.4276990700017027,1.6594650897603422,0.0,130.5466456309505,-39.61698619052963,2.920009746765519,0.0,119.6820701065986,-37.60784766425695,1.5356910408289561,0.0,81.65313779432755,-36.5863002681877,1.1425421336755175,0.0
147.33081316070007,-5.123487357807291,2.554339965920361,0.0,107.80111110308631,0.5110726506642074,3.3971714661669115,0.0,98.85134618470413,-3.405039451071108,1.6641252023954642,0.0,130.6633096761654,-39.69322702833177,2.9392303862212295,0.0,119.70892072193587,-37.60364294115662,1.520633873981497,0.0,81.66134318844105,-36.584563266293245,1.1575805284457807,0.0
147.3143059261227,-5.104798874627131,2.5420158331439975,0.0,108.3024752329768,0.7202335303002769,3.7054544702231285,0.0,98.85456629039001,-3.38354250115185,1.6678041230765412,0.0,130.81041033433536,-39.81482534780048,2.9661146815999704,0.0,119.73451229737881,-37.5966523402289,1.5118959933466662,0.0,81.67049332500244,-36.58231240254225,1.1718738500115933,0.0
147.2935472709304,-5.08832921394261,2.542075965542134,0.0,108.879314771732,0.9230010513845137,3.935187453267001,0.0,98.8628337790518,-3.365471850200959,1.6697455887807973,0.0,130.97521792818122,-39.99525978038368,3.0009107322317554,0.0,119.75801986153552,-37.587937029651,1.506879633224445,0.0,81.68192701645644,-36.57959945101459,1.1825010491676302,0.0
147.27255885858568,-5.075617283768272,2.552837099753189,0.0,109.52986858067985,1.1225264464752875,4.091970008179103,0.0,98.8748590647295,-3.352510806055295,1.6699450895084116,0.0,131.14348299145215,-40.24701212581262,3.0437135005634985,0.0,119.7792805521508,-37.57916512658326,1.502799944535786,0.0,81.69680030148855,-36.57647829699813,1.1863867777570452,0.0
147.2545676063214,-5.0659885869634085,2.5706481118071434,0.0,110.24111484447872,1.3179780053188885,4.190906202183584,0.0,98.88832098517537,-3.345178128054819,1.669099837144902,0.0,131.30503747288387,-40.582252106203455,3.0964864540592263,0.0,119.79875403667917,-37.57160554196413,1.4974974084484511,0.0,81.71539523189185,-36.57305254348688,1.181479984044337,0.0
147.24018185869176,-5.056841820349831,2.5922029478343553,0.0,110.99377087571443,1.506787646743728,4.253467795531078,0.0,98.90068378311466,-3.3426744593009863,1.6682287767410475,0.0,131.4577884452288,-41.01450768424887,3.165945106726694,0.0,119.8172335696427,-37.56555919981228,1.4899937339838925,0.0,81.73645224816008,-36.569615824350784,1.1682374665191695,0.0
147.22691356694546,-5.04471728942625,2.6166348028889264,0.0,111.76777408824725,1.6868917212211247,4.303914669079404,0.0,98.9100480282635,-3.343178569915075,1.6681512248264756,0.0,131.60805255769793,-41.5593166435408,3.2665400915740523,0.0,119.835508332731,-37.560387117690006,1.48056644592101,0.0,81.7569004675667,-36.56691363008154,1.1509832953782215,0.0
147.21057861469592,-5.026651587994587,2.646179881018007,0.0,112.54714166880062,1.8577678333027556,4.365536883026687,0.0,98.91574043130315,-3.3444245725767274,1.669081294890164,0.0,131.7670468175785,-42.231254049974076,3.421912301009071,0.0,119.85413600504663,-37.5550052452834,1.4704070189121854,0.0,81.77235838692044,-36.56651119405147,1.138566315624745,0.0
147.18785853788464,-5.001294497857962,2.685227519694836,0.0,113.32322552234673,2.019783470160954,4.457295694834788,0.0,98.9184464715886,-3.344314809707427,1.6705595881602058,0.0,131.94538862606836,-43.036236789526335,3.662466786070885,0.0,119.87339475308359,-37.54857070419388,1.4610615925475905,0.0,81.77856748849923,-36.57122332222581,1.143763399559857,0.0
147.15844365243385,-4.969362793766097,2.7385676352456194,0.0,114.09551564737934,2.172434003412315,4.591680123560893,0.0,98.9198614272899,-3.341375762982615,1.6717552653914058,0.0,132.14848783447522,-43.96155863174325,4.0172336070611045,0.0,119.89337678051535,-37.541054221492836,1.4538730295291131,0.0,81.77351505913407,-36.585578369274664,1.1811790809940117,0.0
147.1253750451185,-4.93312981927725,2.8097768592854777,0.0,114.86976616983561,2.312745891016167,4.774202867031694,0.0,98.92201538099492,-3.334998411912828,1.6719299594038706,0.0,132.3752169929434,-44.96975976823846,4.500931367592184,0.0,119.9141187595374,-37.533458462075586,1.4495916421520274,0.0,81.7595392805151,-36.61630898969411,1.264036585066334,0.0
147.09337458241572,-4.894968540072737,2.900106964611883,0.0,115.6541705811784,2.434889470787274,5.0041496683006,0.0,98.92654217647525,-3.3255192129780564,1.6707696532176328,0.0,132.6205778906249,-46.00263500048036,5.1015990143303735,0.0,119.93567833918897,-37.52760004390866,1.4482146053597358,0.0,81.74444132080819,-36.67278817195007,1.4011176513802859,0.0
147.06630372545735,-4.855545335105347,3.0077791817460415,0.0,116.45504124785903,2.5312074474365733,5.275723410390745,0.0,98.93416453679436,-3.314203954292588,1.6684306870705363,0.0,132.88112335809097,-46.99594280616714,5.77677381170038,0.0,119.95813001701158,-37.52556420110999,1.4490168944485529,0.0,81.7408040934062,-36.76711256833933,1.5957014441963864,0.0
147.04548218122954,-4.812779058688248,3.127691873766091,0.0,117.27362351702966,2.5941535958127453,5.578955814535085,0.0,98.94457218443019,-3.30311080813396,1.6653537456649694,0.0,133.16055724749327,-47.89718245694283,6.4625276043888,0.0,119.98150704888452,-37.52905817335224,1.4507215027178315,0.0,81.76339998020981,-36.91330815184742,1.8479280029115568,0.0
147.0299414122485,-4.762602378902615,3.2518205879121727,0.0,118.10527230163613,2.6183395845472397,5.900368033420669,0.0,98.95672363565149,-3.29474647603661,1.6620011110058055,0.0,133.47285283184482,-48.67651060805633,7.091276102678481,0.0,120.00573616236345,-37.53888561393217,1.4517912911335813,0.0,81.82550298556882,-37.125151613585345,2.160191138290883,0.0
147.01818263037802,-4.701625218476998,3.370418497621767,0.0,118.94132116633713,2.6018926136437646,6.223766622161932,0.0,98.9694400092202,-3.2914833553738436,1.6586562955408812,0.0,133.84143163663342,-49.32699541029714,7.60922987783294,0.0,120.03060793510278,-37.55468240043085,1.4508175542286796,0.0,81.93557666886777,-37.41249867199059,2.5426895835687144,0.0
147.00986320389637,-4.630450352283445,3.473598187921981,0.0,119.77284576560145,2.5465864548717896,6.53148632803329,0.0,98.98202471093435,-3.2948553162780074,1.6553634728658562,0.0,134.29471383156059,-49.85777395183081,7.9868121923075925,0.0,120.05580059389222,-37.57495463876595,1.4469266140576202,0.0,82.09572260875241,-37.77669237035411,3.014915471158851,0.0
147.0060455343179,-4.555631848744687,3.5526926648816595,0.0,120.59467308010727,2.4567270396629546,6.806042967637445,0.0,98.99462299425977,-3.3049859673026383,1.652006121558081,0.0,134.85973011416394,-50.285811686558944,8.220930109264708,0.0,120.08093446407076,-37.597370434430566,1.4401160381141214,0.0,82.30243276791757,-38.2064311805859,3.600187214187671,0.0
147.00794310783374,-4.488780894081867,3.6012159326696302,0.0,121.4078820833807,2.3373420492810695,7.031915529565782,0.0,99.00818675451289,-3.320413823214624,1.6484493999041963,0.0,135.55595825819358,-50.62980022599992,8.331365765260122,0.0,120.10561143964594,-37.619183352665274,1.4315088797011626,0.0,82.54908992343029,-38.676205385074,4.314125843051692,0.0
147.01536151288948,-4.442824326897361,3.61568626821259,0.0,122.21974432208009,2.192519233786948,7.197184749992538,0.0,99.02414722703689,-3.338425581389349,1.6446506395302656,0.0,136.39115596610102,-50.90700877543065,8.35401645558697,0.0,120.12944247311063,-37.63765877830683,1.4235325769679328,0.0,82.82900783636059,-39.14947494302787,5.15202618782251,0.0
147.02635133765514,-4.426968378723014,3.5964579743286436,0.0,123.04118135624154,2.024613256129351,7.2948755437999235,0.0,99.04403763918737,-3.3557765099260193,1.6406857140436735,0.0,137.36004912418292,-51.13232837104418,8.332902752966183,0.0,120.15225526315332,-37.65063110639136,1.419589008051572,0.0,83.13802312389657,-39.58727718363879,6.081703025010437,0.0
147.03867958735958,-4.442675382127874,3.548201954005812,0.0,123.88283388742204,1.8345839262072499,7.323866962516005,0.0,99.06924590563753,-3.3695232516260214,1.6366877746382027,0.0,138.44574894055035,-51.31820634166205,8.312013426504999,0.0,120.17480963782985,-37.65771090767028,1.4220717594462808,0.0,83.47641987943392,-39.95992103348147,7.046273134927892,0.0
147.05213307681416,-4.482593280950374,3.479427704474819,0.0,124.75135707565916,1.6231587959204905,7.2891059591559975,0.0,99.10089040337849,-3.3776993124885184,1.6327205932914985,0.0,139.62310972232513,-51.474355902112706,8.327652358941952,0.0,120.19937034740435,-37.66136673065371,1.4297762874613813,0.0,83.85037802805189,-40.256761405171844,7.9764055934281135,0.0
147.06977372043124,-4.533040941239257,3.40083740597594,0.0,125.6474097840258,1.3920959299503952,7.200791661116758,0.0,99.13967976475672,-3.37966691956286,1.6286390662645225,0.0,140.8630611542575,-51.60689145659366,8.402074721824798,0.0,120.22865038861309,-37.665501430772366,1.438868769186632,0.0,84.27272777789774,-40.48926187207796,8.806802928435973,0.0
147.09702621264864,-4.578923263780633,3.3230370315780373,0.0,126.56603159413439,1.1447743837949425,7.07238752686662,0.0,99.18566383890135,-3.3760953796896525,1.624022346880471,0.0,142.13708484810073,-51.71744125876083,8.53952103276606,0.0,120.26408974660944,-37.67276276014406,1.445930841797562,0.0,84.76220360903895,-40.68588508004156,9.490183969362544,0.0
147.13916208595253,-4.608767451933273,3.254469381417101,0.0,127.49901646896492,0.885705037848906,6.917710944765198,0.0,99.23796877486058,-3.368625067405959,1.6182498441877122,0.0,143.42113434711638,-51.803115240828234,8.725721674377017,0.0,120.30519026557585,-37.68329302147224,1.449040449286814,0.0,85.34053539323382,-40.88127265925156,10.004365392817801,0.0
147.198764000393,-4.617724391315442,3.2001220031889943,0.0,128.43804487982845,0.6191496797776121,6.7476926383325315,0.0,99.29476384090948,-3.359359677546851,1.6107060993608915,0.0,144.69833176134387,-51.85767212070899,8.931240381316487,0.0,120.34990728796497,-37.694948301411664,1.4473012525276232,0.0,86.0276227749333,-41.10417988342941,10.351817982477217,0.0
147.27444831674816,-4.607728616958237,3.1611237736376374,0.0,129.37718674248404,0.3475218289203337,6.567518610636737,0.0,99.35366723194068,-3.3503406055497136,1.6010010850889653,0.0,145.95996885846284,-51.873367225875086,9.117896557893376,0.0,120.39562717015916,-37.704312671331444,1.4402776204903702,0.0,86.83602356489953,-41.36834374047046,10.553708639800996,0.0
147.3611310833072,-4.585519198819261,3.1352049252957244,0.0,130.31394804883868,0.07032299116752228,6.374787547489088,0.0,99.4125530791145,-3.3431031739593395,1.5890625656367074,0.0,147.20484808854442,-51.842561663247864,9.246562826587951,0.0,120.44030608907879,-37.70805750937159,1.4278811837497916,0.0,87.77933794037955,-41.65917232363972,10.633542294815754,0.0
147.45138004055724,-4.559924367010648,3.117918489069087,0.0,131.24883833188034,-0.21597816258741354,6.159161433740316,0.0,99.47043750862795,-3.338361545848315,1.5750327513995988,0.0,148.4374712221215,-51.75848820135097,9.28433083371917,0.0,120.48334649242744,-37.704253536120824,1.4105620215042034,0.0,88.84792753509372,-41.94947856549605,10.637817670997268,0.0
147.53725457704314,-4.53954171109608,3.10426879074787,0.0,132.18392403932873,-0.5171983317810938,5.903843315333448,0.0,99.52798585067106,-3.3358545509204847,1.559031743092353,0.0,149.66560618805642,-51.61523348243419,9.209399784507694,0.0,120.52586929744385,-37.693313141640076,1.3892929470702544,0.0,89.99781532631181,-42.22651019339365,10.594212184393262,0.0
147.61222839538482,-4.531198395934944,3.090197530218635,0.0,133.12082082811392,-0.8401551665528366,5.589050603880723,0.0,99.58726567385293,-3.334401560168491,1.540939995071744,0.0,150.897527195364,-51.4074923851903,9.012864755390119,0.0,120.57018834230313,-37.678264888212105,1.36507570799243,0.0,91.20341506321743,-42.460134556053276,10.514423572435973,0.0
147.67291814871047,-4.538960843877774,3.073467869320888,0.0,134.0583436152466,-1.191069758247088,5.1973251630585455,0.0,99.6506563511622,-3.3322397522328853,1.5203425539653264,0.0,152.13923646513945,-51.13068885155319,8.697603662388966,0.0,120.61857237322961,-37.664067528371866,1.338403512190233,0.0,92.4414611769098,-42.62869255512709,10.401538811790317,0.0
147.7202689657496,-4.563335327427307,3.0537733179387043,0.0,134.9899881415716,-1.5735946893105774,4.719918288724303,0.0,99.71925625904402,-3.327672150947789,1.4966899148210029,0.0,153.39226418098445,-50.78169359012521,8.275301282637702,0.0,120.67184091441362,-37.6560507304432,1.3092450262534037,0.0,93.69816921628879,-42.72163592428912,10.250887643411186,0.0
147.75972359933823,-4.600643475300835,3.0321968606246177,0.0,135.90175324066837,-1.9863293890922895,4.162706610922432,0.0,99.79151353934672,-3.319887178019192,1.469626628515135,0.0,154.6527543031749,-50.35986529383905,7.762914916547787,0.0,120.72861385201016,-37.65818388534646,1.2774346984856688,0.0,94.97059686877044,-42.7391371377084,10.054506633373492,0.0
147.79996176114915,-4.6430428082933375,3.010350412125101,0.0,136.77134568509,-2.420138196152312,3.549496628913441,0.0,99.86286024088245,-3.3095943201606692,1.4393583563550365,0.0,155.9121796060486,-49.86773781156714,7.179486212068504,0.0,120.78571766526025,-37.67194796217311,1.2430291786037824,0.0,96.26352619202426,-42.688830445802196,9.80586371138352,0.0
147.8501887724155,-4.679851123639072,2.9895941917758524,0.0,137.56999807617282,-2.85650093050166,2.9206609374944525,0.0,99.92673816077074,-3.2990654444797443,1.4068867223123949,0.0,157.159334898039,-49.31058314638115,6.543508939317778,0.0,120.83956573369684,-37.696117411253184,1.2064559952954017,0.0,97.58377489987475,-42.5815613939197,9.503300586450571,0.0
147.9166666065468,-4.7004101705260295,2.970646359482201,0.0,138.26739601699845,-3.268747519941348,2.3262334186658853,0.0,99.97676778301495,-3.2914108882967215,1.3739599072577828,0.0,158.38265085396893,-48.694534339361674,5.870720531816019,0.0,120.88780078058629,-37.727331345888885,1.1684708723359254,0.0,98.93455269922453,-42.428032459540134,9.151287954031373,0.0
147.99992685687312,-4.697751888080589,2.9536469081354753,0.0,138.83865434441756,-3.6272155987497934,1.814782501630945,0.0,100.00925461489518,-3.2893571581720833,1.3426686688462883,0.0,159.57173844409536,-48.02394317882788,5.1725312806991965,0.0,120.93039425391687,-37.76113905378169,1.1299569466820216,0.0,100.31207563463528,-42.23729702388165,8.759262422806,0.0
148.09424234878153,-4.671408878906039,2.938453909650997,0.0,139.2709748695543,-3.9070405733200904,1.4215339857261338,0.0,100.02496429857008,-3.2941381638372595,1.3147523500197735,0.0,160.7174939857132,-47.2996497702711,4.455903741156618,0.0,120.96967966405035,-37.793166991767514,1.0916480372667952,0.0,101.70547459431236,-42.01677737079484,8.338605518753763,0.0
148.1899509496099,-4.627680704190199,2.924864453457891,0.0,139.5675074740418,-4.095322982888669,1.1599173585841056,0.0,100.02923561107983,-3.30507931490766,1.2908775025618233,0.0,161.81080978086993,-46.520071905315284,3.7255222265461327,0.0,121.0092514765613,-37.82011408295324,1.053924463206446,0.0,103.09962484441716,-41.77266939516748,7.899073854326057,0.0
148.2775587976261,-4.576864885496896,2.9126624129774985,0.0,139.74689248965424,-4.1945503416207135,1.0195916773421052,0.0,100.03011412172746,-3.3200385620352986,1.270333173085401,0.0,162.84062379261977,-45.68600762520027,2.988176647325485,0.0,121.05214030588907,-37.84038548886596,1.01680469808106,0.0,104.47938325375276,-41.50970461765165,7.44629714085994,0.0
148.3514557115379,-4.528749607246657,2.901629837410134,0.0,139.83857365842937,-4.220981204917332,0.9716275745197631,0.0,100.03517383492483,-3.3363983941263706,1.2514893463268475,0.0,163.79249382898539,-44.807946998594375,2.2578521442697674,0.0,121.09905211283453,-37.85425975329866,0.9801654002305149,0.0,105.83322910385087,-41.23006844380903,6.981529162715045,0.0
148.41139391673408,-4.488788970862936,2.8916146672328615,0.0,139.87569803617274,-4.1990212675551835,0.9787123181292117,0.0,100.04855458702538,-3.3520925650194435,1.2328496577836798,0.0,164.64885672578845,-43.91238731572197,1.5590287098828153,0.0,121.14752637929939,-37.86356429957295,0.9441316306150043,0.0,107.15460140962979,-40.93218388505144,6.503789874232778,0.0
148.461277862383,-4.456932373740783,2.8825718200655643,0.0,139.88821015742846,-4.154212242522834,1.0063781312751656,0.0,100.0697898629415,-3.3662088794809932,1.2139775675422957,0.0,165.39141864520346,-43.04264913025713,0.9260769605586585,0.0,121.19247214401997,-37.87099499747153,0.9094355990869225,0.0,108.44017494270787,-40.61047689466205,6.013386529043457,0.0
148.50628109058616,-4.42933692320009,2.874532678355573,0.0,139.8981855815708,-4.107421385745815,1.0312785067926704,0.0,100.0949815697807,-3.3789076000436786,1.1956119173100017,0.0,166.0050506888953,-42.25141044264518,0.3984193430474754,0.0,121.22788015891665,-37.879346634837454,0.8774515180949773,0.0,109.68561685781991,-40.256963578224386,5.515133058080275,0.0
148.5500092964523,-4.401459270464102,2.867635860368477,0.0,139.91813444035373,-4.07161209500914,1.0441637222652567,0.0,100.11942425141477,-3.390713004137063,1.1789785702342765,0.0,166.4819756521189,-41.58642502137691,0.01304943242445944,0.0,121.24903305251476,-37.89082391597032,0.8497886410736335,0.0,110.88062405965105,-39.86473653377273,5.0197099354401455,0.0
148.59309164431716,-4.37049905927408,2.862325063195936,0.0,139.95177989329272,-4.051338752415851,1.0475270285289735,0.0,100.1399953397352,-3.4016194582157,1.1649531740532542,0.0,166.8251692760187,-41.0751831730386,-0.20331403488899014,0.0,121.25441192007315,-37.906456277079585,0.8276044234358206,0.0,112.00576415947648,-39.43247339752082,4.542431644385937,0.0
148.6335501261304,-4.336013882562028,2.859581025682619,0.0,139.99625245238886,-4.044422337049567,1.049888731476777,0.0,100.15606543508491,-3.4106284034991434,1.1537036334167592,0.0,167.05000434377618,-40.715561528141265,-0.24057562332616733,0.0,121.24659624126446,-37.925687241149255,0.8109606524992437,0.0,113.03330085411149,-38.968247224229216,4.099870111433871,0.0
148.66829633251163,-4.298928963578778,2.8609151384824987,0.0,140.04475703049383,-4.044971418926222,1.0595583825764585,0.0,100.16883088184831,-3.416050666963578,1.144909409944809,0.0,167.1829471038014,-40.47681926195802,-0.10865452935749076,0.0,121.23172561023999,-37.94635069859868,0.7985804864063955,0.0,113.93255367610256,-38.490660683573665,3.7058443312716705,0.0
148.6947173976304,-4.2600897278615655,2.867978912976314,0.0,140.08912585448306,-4.046727467721748,1.0802843687017543,0.0,100.17986464095503,-3.4163476876678613,1.138236453563124,0.0,167.25660984031168,-40.310357189937044,0.16326126409910557,0.0,121.21758749371152,-37.96523744327706,0.7882479079713818,0.0,114.67801796296106,-38.026171421246424,3.3686322523353205,0.0
148.7116047873848,-4.219467456752279,2.8819123878617052,0.0,140.12192237207768,-4.045665562214256,1.1099344471556432,0.0,100.18984556710092,-3.410936573388679,1.133718449726512,0.0,167.30222511546106,-40.16533386062912,0.5318888739451424,0.0,121.21100214450988,-37.9791885524859,0.7777663085058855,0.0,115.25687837879694,-37.603271242633035,3.090498383254765,0.0
148.71928136133099,-4.17640691578393,2.902742292230748,0.0,140.13791947716226,-4.041070471993448,1.1419817561836325,0.0,100.19806441680369,-3.4005070163034734,1.131869368433545,0.0,167.34229965200268,-40.0026844882273,0.9483182737991775,0.0,121.21555035852698,-37.98629332306864,0.7659902000244525,0.0,115.67286327666858,-37.24578071596742,2.869172283914043,0.0
148.71923765513077,-4.130528366282552,2.929143152230967,0.0,140.13492622709268,-4.0349288088014195,1.1686389676631137,0.0,100.20281984916957,-3.3867906561516294,1.1334999172708464,0.0,167.38633233583772,-39.802744206844906,1.3674787574686018,0.0,121.23056362313768,-37.98664460003527,0.7533013118151644,0.0,115.94531679152573,-36.96776417111008,2.6998641945491393,0.0
148.71366775107325,-4.082518492246576,2.9587319939062944,0.0,140.1140328788143,-4.030170879829751,1.1841449262262351,0.0,100.20243549214442,-3.372025457229599,1.1392993447231152,0.0,167.43106133212436,-39.565179983556845,1.755943936824437,0.0,121.2517424508795,-37.98233714616102,0.7412310768341559,0.0,116.10445067028111,-36.77148968633334,2.5765185061789655,0.0
148.70507453810356,-4.034198879145646,2.9888285344589285,0.0,140.07932447788048,-4.028754770477805,1.1868765570071123,0.0,100.19640276357515,-3.3584071407722673,1.149332130754125,0.0,167.4647584011891,-39.30319178947773,2.0959369198516864,0.0,121.27308473720342,-37.97674531654942,0.7315219898354588,0.0,116.1848172582539,-36.64847767930282,2.4919925971026817,0.0
148.69585550332016,-3.987815775724974,3.01733535672167,0.0,140.03704640792859,-4.030600708774311,1.179529289600021,0.0,100.18609914537058,-3.3476958606860947,1.162679026603163,0.0,167.4736201759569,-39.03555509220589,2.3846181506870625,0.0,121.28927296856358,-37.97336235239312,0.7252587631258898,0.0,116.21903156549118,-36.58281242437953,2.437801704544709,0.0
148.68772713770727,-3.9450719629668614,3.0432593085438455,0.0,139.9942467461696,-4.033891490558382,1.1674634925274248,0.0,100.17468788758778,-3.340995287043273,1.1774442110221504,0.0,167.44783268083924,-38.77983572727264,2.6293021664452745,0.0,121.29748816030467,-37.97467984757328,0.7224792987311126,0.0,116.23318227197059,-36.55555654431894,2.4043151343755778,0.0
148.68104223249813,-3.9065790857737355,3.066587213951019,0.0,139.9571429467762,-4.03644213202395,1.1561407297652568,0.0,100.16617817914691,-3.338631125503282,1.1912044760971483,0.0,167.38539862326996,-38.548620959344404,2.8406619302286806,0.0,121.29794386639884,-37.98161826312944,0.7222297209114199,0.0,116.24463061085035,-36.549027303824644,2.3817977472492924,0.0
148.6743399405742,-3.872026327340325,3.087654150947003,0.0,139.9297135487161,-4.037201887709435,1.1489082927217051,0.0,100.16406784028088,-3.340061527846583,1.2017467019638257,0.0,167.29292226600063,-38.34881207456429,3.026633417382012,0.0,121.2931356410973,-37.99367231495415,0.7228780485913191,0.0,116.26216463090798,-36.54983810586943,2.361956899147515,0.0
148.66463415593321,-3.8407898391992896,3.106462980883011,0.0,139.9130322454052,-4.03695435285351,1.1460378542067016,0.0,100.1702195955984,-3.34383762858483,1.2077703089353786,0.0,167.18366700877604,-38.18277969603923,3.189226708545748,0.0,121.28637489303031,-38.00950564877072,0.7225867867361924,0.0,116.28786982744748,-36.55009855266528,2.3392548657334036,0.0
148.6488229032558,-3.8124521809116434,3.122398335434374,0.0,139.9055637457106,-4.037877076493249,1.1452029203993774,0.0,100.1844581335578,-3.3477104715439,1.209250343527243,0.0,167.0739078219873,-38.04991817045182,3.3250009494008808,0.0,121.28031384988212,-38.02759577215318,0.7198642509184179,0.0,116.31975975065707,-36.54687515390722,2.3113987349720375,0.0
148.62611218744888,-3.786932624927235,3.134535146634841,0.0,139.90423645128666,-4.042290068471985,1.1429727789854578,0.0,100.20495392684857,-3.348963628913749,1.2073469850155636,0.0,166.97883063502317,-37.947680258912015,3.4283170444079563,0.0,121.27599149316399,-38.046670105363816,0.7140430909736608,0.0,116.35426288409002,-36.54057348007009,2.278895879038158,0.0
148.6006562915222,-3.7643257446975813,3.1424955582072425,0.0,139.9058468795138,-4.051250723193693,1.1366139965791398,0.0,100.22909288691557,-3.344963148872875,1.2039499392691724,0.0,166.90913171118888,-37.871983444991635,3.49541458988368,0.0,121.27262041724497,-38.0659393244363,0.7054715909627269,0.0,116.38799150190533,-36.53306087864103,2.2439842381336295,0.0
148.58315009634342,-3.7446699056540727,3.147607602188234,0.0,139.90830174059997,-4.063637811690883,1.125474784601332,0.0,100.25437717168462,-3.333844848990969,1.2010449682257693,0.0,166.86914905678074,-37.81742936732777,3.527301402761342,0.0,121.26771112387848,-38.08581929045308,0.6949681254782494,0.0,116.41863344726957,-36.52616073000171,2.2094049216791305,0.0
148.59022825166429,-3.727654254245537,3.1539671237097444,0.0,139.91128999596245,-4.076166039736094,1.1114199925370851,0.0,100.27892039341876,-3.3152108661032322,1.200113619181094,0.0,166.85686038253084,-37.7778348701,3.530336917743721,0.0,121.26035873559859,-38.10433128998452,0.6860440097302778,0.0,116.44513404442358,-36.52082150482926,2.1774092909672103,0.0
148.64120201925405,-3.7120416680398023,3.1689811734233153,0.0,139.91615198440402,-4.084442464489134,1.09815478956987,0.0,100.30128308299862,-3.2906303281282128,1.201775273584854,0.0,166.8655131316398,-37.747240288806516,3.514661377506858,0.0,121.25643511951455,-38.11070847707174,0.6855910509036871,0.0,116.46747749697039,-36.51696150509902,2.149213684378438,0.0
148.75259764015462,-3.694625056652373,3.2030427750937935,0.0,139.92499987625362,-4.084736906339545,1.0897213947358573,0.0,100.31978206381834,-3.2636709632531415,1.2058249938506336,0.0,166.88619655635068,-37.72113444707489,3.4915223673531592,0.0,121.24938223244553,-38.116517358232784,0.6878016212363836,0.0,116.48634357808878,-36.513794986690726,2.1249293681426398,0.0
148.93191045120543,-3.6688243107864773,3.268080657942603,0.0,139.93949433494035,-4.075730456265851,1.0887950714719246,0.0,100.33184642063485,-3.239255372789531,1.2116807347754381,0.0,166.91047533615802,-37.69738614659613,3.4707139565001235,0.0,121.24112103252894,-38.122181266431284,0.6931118233492874,0.0,116.50279314522162,-36.51037898637564,2.1038465082785915,0.0
149.17278418052194,-3.6233588265667955,3.375018693491052,0.0,139.95988510594285,-4.059380293828177,1.095501288189432,0.0,100.33413359740511,-3.222375258628114,1.2190613973240758,0.0,166.93231641159312,-37.67641184254771,3.45894967109062,0.0,121.23426614081605,-38.12790434718865,0.7009459213549274,0.0,116.51802049351903,-36.50614397623836,2.0848710953977267,0.0
149.45409794026784,-3.541633827271643,3.530846823819548,0.0,139.98478187258854,-4.040374386427324,1.1072885172897742,0.0,100.32373402311416,-3.2164949342752553,1.228552192177208,0.0,166.94888867782714,-37.66041262644026,3.4594178830426188,0.0,121.23102333255694,-38.133602841775726,0.7098857972333033,0.0,116.53315120453804,-36.50122424512804,2.0669248503286255,0.0
149.7446971026726,-3.402474160759344,3.7367058840288596,0.0,140.01169726367593,-4.024353128964183,1.119949877578808,0.0,100.30002788821092,-3.2221967949264414,1.2416703753411245,0.0,166.96025373702923,-37.65194586021631,3.4722951399745074,0.0,121.23238492869321,-38.13903165879994,0.7181928673338742,0.0,116.54906186422234,-36.49647445760308,2.049197109152013,0.0
150.0136368694911,-3.182537004411679,3.988411301836086,0.0,140.03799455454296,-4.015749461957844,1.1293249868021071,0.0,100.26609375404956,-3.2366998010647894,1.2601883467950454,0.0,166.96832255097982,-37.652430935325405,3.495756900828683,0.0,121.23793998064157,-38.14409776542142,0.7245288630612876,0.0,116.5662280243854,-36.49317108666565,2.031227930355005,0.0
150.24342249305687,-2.860142206994896,4.27987825706518,0.0,140.06175125210072,-4.016280353599967,1.1328524652389333,0.0,100.22854511036039,-3.254738811231481,1.2847974651682943,0.0,166.97561013841215,-37.66122478856293,3.5270330902209466,0.0,121.24623868690303,-38.14918974116024,0.7286123359232395,0.0,116.58463719316168,-36.49252622327609,2.0128609551440455,0.0
150.4417864409223,-2.4196671388141464,4.608442418455731,0.0,140.0822323532007,-4.024681360661017,1.130281172023004,0.0,100.19550339679533,-3.2707837470682692,1.3136022818573547,0.0,166.98425675214511,-37.67562035478012,3.5632103010992946,0.0,121.25544542315704,-38.15527695990298,0.7315108664894137,0.0,116.60380911501004,-36.495215420435905,1.9941240977135681,0.0
150.64687174809808,-1.8555261446666322,4.9799211934163115,0.0,140.09993054084876,-4.037572496381346,1.1233827416859654,0.0,100.17365495770544,-3.2817377681624613,1.341228928571839,0.0,166.99555694626497,-37.69169395676827,3.601673682470274,0.0,121.26402309406086,-38.16359273692056,0.7353482440604182,0.0,116.62293773985654,-36.50110597597565,1.9750895903288388,0.0
150.92191204033531,-1.1752732526893435,5.4109398365822905,0.0,140.11626774608592,-4.050870208872016,1.1150087070604062,0.0,100.16602099398564,-3.2885926514170283,1.3593506274821365,0.0,167.00996234608365,-37.70559053903417,3.640244525084805,0.0,121.27126645054967,-38.17489846520853,0.7424144276755218,0.0,116.64112036648069,-36.50928769159643,1.9557530038472457,0.0
151.3389007959729,-0.4019592177848983,5.9265301543407265,0.0,140.13306844879455,-4.061098790004232,1.1080072417512525,0.0,100.17158114151295,-3.2957052504543736,1.3591762084768089,0.0,167.02733533253132,-37.71472182185305,3.6771697903259035,0.0,121.27755233012948,-38.18858708344007,0.7539424444399945,0.0,116.65759796993589,-36.518387263512835,1.935967613429911,0.0
151.9556056065524,0.42463154802648617,6.5521684534857485,0.0,140.1519304361598,-4.066162026579591,1.10439954902896,0.0,100.1866266189492,-3.3074653734533994,1.3359750866865685,0.0,167.0472085432019,-37.718451034589904,3.711127166631913,0.0,121.28422347617658,-38.20212393080749,0.7690457504921184,0.0,116.671927620951,-36.52703167293073,1.9154717143573734,0.0
152.79447335458624,1.2501467969166589,7.30160182507808,0.0,140.17366240515483,-4.065417330751528,1.1050019776322912,0.0,100.20666519584299,-3.323513548796453,1.2949764004597935,0.0,167.0689163421355,-37.71807483449016,3.7413108635623082,0.0,121.2931140392715,-38.211374530447586,0.7843891233664699,0.0,116.68405183919762,-36.534271257791104,1.8940275891481697,0.0
153.8328641179766,2.0144919107210066,8.165210159467568,0.0,140.1979587742415,-4.059168066296387,1.109490400613156,0.0,100.22760000926736,-3.3346141847905155,1.256983794279563,0.0,167.09160392453774,-37.716196204495,3.7675276583341013,0.0,121.30585242243404,-38.2120975896189,0.7950343609007628,0.0,116.69428482890575,-36.53979927524895,1.8716310608081752,0.0
155.0099978655731,2.6671611182261143,9.106188019131222,0.0,140.22341181232196,-4.047930769172043,1.1167673749384566,0.0,100.24581153314504,-3.32142006877896,1.2611993067132214,0.0,167.11420474214592,-37.71579203102609,3.7901881903938985,0.0,121.32318595650713,-38.20234341274052,0.7965376157449118,0.0,116.70324561230481,-36.54387584767313,1.848676256258143,0.0
156.2478515312897,3.182312437705866,10.069270227104981,0.0,140.2478658233703,-4.031945426573376,1.125425993636842,0.0,100.25799529956312,-3.2575831833808726,1.362788779816066,0.0,167.13548879973808,-37.71932653333578,3.810159471135824,0.0,121.34460378856244,-38.18495430842805,0.7878336029066073,0.0,116.71173189240287,-36.54696016647378,1.8259440382437315,0.0
157.47581879740355,3.564427176131206,10.998535120444911,0.0,140.26903052239274,-4.011244725362325,1.1341366323701187,0.0,100.26208805442677,-3.1170794270389237,1.6240297422556917,0.0,167.1542378259283,-37.728165435330176,3.8285420123670555,0.0,121.3684623218848,-38.169090418431736,0.7739225586293603,0.0,116.72051895732268,-36.54919827705594,1.8043723777312533,0.0
158.6481734195861,3.841304313641512,11.854087545405669,0.0,140.28519061169743,-3.9862150694714296,1.1418872253820673,0.0,100.25978425669916,-2.8836553088014254,2.099989121754329,0.0,167.16952216269914,-37.74239566035635,3.8464453774575453,0.0,121.3926603737254,-38.16983663281806,0.7671870479452245,0.0,116.73012902626014,-36.55006541173215,1.7847159453644803,0.0
159.7493787777007,4.049228130700193,12.618816825415168,0.0,140.29579418870503,-3.958214322128961,1.1480939359896478,0.0,100.259549833336,-2.558774688817997,2.82172968848331,0.0,167.18097488151056,-37.761017855296416,3.864784811921858,0.0,121.41573402209833,-38.20548793921534,0.7864905828680833,0.0,116.74068215366594,-36.548459550735096,1.7672884864858638,0.0
160.78917590338486,4.218004601730895,13.293571691162262,0.0,140.30170620504703,-3.9297118681416006,1.1526156411516588,0.0,100.27780563522428,-2.1640806609683576,3.7816992485359346,0.0,167.18892766276238,-37.782378743496686,3.884108744732325,0.0,121.43810794162323,-38.29296497843129,0.8539006204838699,0.0,116.75191930980515,-36.54327995270495,1.7519232615326388,0.0
161.79264207886905,4.361463519380587,13.885362818844312,0.0,140.30499196016962,-3.9036808653726967,1.1556834095208703,0.0,100.33605564186004,-1.7356992108454676,4.92739979835762,0.0,167.19432778934018,-37.80466596634691,3.9045166252402037,0.0,121.46316107850112,-38.44273851800665,0.9896278837843813,0.0,116.76338958080314,-36.53417064877786,1.7381375202272302,0.0
162.79005655066268,4.475709523363021,14.395510583440327,0.0,140.3082594395666,-3.882493346997395,1.1577405463183066,0.0,100.4543378602474,-1.3115348049829834,6.169172362683997,0.0,167.19848037460747,-37.82631172563185,3.9257449769041415,0.0,121.49773902195352,-38.65521212453922,1.2064350204779561,0.0,116.77470097655087,-36.52197997142032,1.725376283480232,0.0
163.80930141736593,4.5442888359898035,14.813405803152495,0.0,140.31380161956972,-3.867008949025086,1.1591990390497067,0.0,100.64527628090147,-0.9178064473464946,7.4023655616833075,0.0,167.20276293596544,-37.846225718969094,3.9474176259900577,0.0,121.56385918289291,-38.90513668405608,1.5039277186122089,0.0,116.78570990554701,-36.50868499260903,1.713199297505577,0.0
164.87132212670718,4.546758446249557,15.117929358431589,0.0,140.32290821383154,-3.8565090824665553,1.1601710900187232,0.0,100.9132650027449,-0.5622882687559425,8.534908244127848,0.0,167.208451860162,-37.86386397842363,3.9693422529803417,0.0,121.66256043831834,-39.18867781097772,1.8747706070264831,0.0,116.79657228803723,-36.4968574099048,1.7013292002933067,0.0
165.98795495490404,4.466214475939196,15.28439365701635,0.0,140.33564151131299,-3.8495567504632398,1.1603192158983369,0.0,101.25862875570306,-0.23673348980389974,9.507406287154623,0.0,167.21669606937223,-37.87919747402829,3.9917038607364113,0.0,121.80121838467828,-39.491799571196374,2.2921156689095,0.0,116.80766010368934,-36.48895159681759,1.6895575131615264,0.0
167.1613444715025,4.293025846974844,15.292566771565081,0.0,140.35113541051885,-3.8451885701191157,1.1589958893236751,0.0,101.68245474398066,0.07508042447799923,10.298684969033491,0.0,167.22856541981957,-37.89264255202043,4.015075818373177,0.0,121.99410038671812,-39.79414209930429,2.727577255120778,0.0,116.81940806900138,-36.48669353443525,1.6775847620594124,0.0
168.38455678505144,4.024856657845547,15.132033472189182,0.0,140.36822911316705,-3.843596558705419,1.1557203010536519,0.0,102.1883785295774,0.3888702666550419,10.918625344253442,0.0,167.2450666166358,-37.904963249353585,4.040263839223428,0.0,122.25162753943478,-40.084308410877476,3.1545405231300974,0.0,116.83217232145486,-36.490739548254645,1.6649119694296743,0.0
169.64319311433002,3.66475902291276,14.803529901967433,0.0,140.38610668310815,-3.8457967713680765,1.1508067799892636,0.0,102.78098931647419,0.7140588913635177,11.394755421824833,0.0,167.26706898045128,-37.917113921344665,4.068048840682309,0.0,122.58147409397853,-40.358794887620526,3.5531374135005214,0.0,116.84616573152816,-36.500665746035466,1.6508646647342786,0.0
170.9176786080965,3.219032425863487,14.316959583614576,0.0,140.4046459293837,-3.8524331129837726,1.1457873081514638,0.0,103.46297625676148,1.0515278434446724,11.758830089471385,0.0,167.29516982328028,-37.930014402855704,4.098906588019474,0.0,122.98865668111002,-40.62035192132093,3.9128636295587187,0.0,116.86149357713909,-36.515250237870916,1.6347362284458011,0.0
172.18569294615526,2.6956351228391817,13.687727243980545,0.0,140.42437804563733,-3.862388227919394,1.143307267231938,0.0,104.23332863365889,1.3945447627026493,12.037399040728067,0.0,167.32958964835916,-37.94431481773103,4.132788848302033,0.0,123.47555664218271,-40.87529922639427,4.232080055039967,0.0,116.87825576001076,-36.532913381238686,1.6159571154806134,0.0
173.42424295927682,2.103231288254701,12.933091029647535,0.0,140.44619703761037,-3.8720089544107474,1.146419960204268,0.0,105.08761036097215,1.7318425642977555,12.247831471838989,0.0,167.37018235602477,-37.960237445851966,4.1690480549376705,0.0,124.04209707729156,-41.1306238171834,4.515041917758854,0.0,116.89663217726385,-36.55213915414661,1.5941839732866683,0.0
174.61122140811244,1.45076745912848,12.069917758911453,0.0,140.47105157914416,-3.8755265691918024,1.1575151559007537,0.0,106.0198458637197,2.051382741144236,12.39902387744206,0.0,167.41658017637315,-37.97754862695119,4.206550397221456,0.0,124.68627631508059,-41.39168113444538,4.7679237422781675,0.0,116.91686945334365,-36.57174752343007,1.5692474515979704,0.0
175.7267010301323,0.7475722770197457,11.114694805261705,0.0,140.4997256202456,-3.8668094119801966,1.1772967789122752,0.0,107.0247198597357,2.343301609629263,12.494629869139885,0.0,167.46840803136178,-37.99564919330714,4.2439553606813,0.0,125.40500373349182,-41.66107650960945,4.9955872136777915,0.0,116.9391541830522,-36.59098869768293,1.5409580899659403,0.0
176.75437084798023,0.004065308536208789,10.085806000639218,0.0,140.53260639826843,-3.8420330110328424,1.2041741636345886,0.0,108.09883159381157,2.6010953695087142,12.536516636003299,0.0,167.52545178347623,-38.01372291767665,4.280072486455522,0.0,126.19487969894853,-41.938843784178005,5.200364923870958,0.0,116.9634323463942,-36.60953687779257,1.5087975691690048,0.0
177.68330442545758,-0.7669339549718703,9.006995262492211,0.0,140.5693036704155,-3.802289924526785,1.2342317776670608,0.0,109.2404489772041,2.8210448123668517,12.526983168740419,0.0,167.58768460077044,-38.03088251986128,4.314161348885669,0.0,127.05252216046125,-42.22349801370388,5.383012608154284,0.0,116.98922748351647,-36.62758256734449,1.4713214415958191,0.0
178.50976020141817,-1.548640926738388,7.9101163016758544,0.0,140.60820998966588,-3.7548086449394997,1.2618027022852587,0.0,110.4480979298925,3.000696096390053,12.469342207500436,0.0,167.65514292090552,-38.04630493617002,4.3460402956553335,0.0,127.97431004059456,-42.51321869768934,5.544794901749082,0.0,117.01515436224538,-36.64712663594829,1.4222966735044746,0.0
179.2382608444396,-2.319321154874716,6.835249946020934,0.0,140.64636053271428,-3.7116529708834562,1.2806931148076348,0.0,111.71887663993118,3.137444787822661,12.367225271422043,0.0,167.7277533722916,-38.05939040536712,4.3759382013719215,0.0,128.9557785046666,-42.80650598519994,5.689120059609945,0.0,117.03980478988856,-36.66589568664629,1.3736195043247559,0.0
179.8811312521603,-3.053066199899254,5.827180503491084,0.0,140.67997995941943,-3.685770018785484,1.286061845874908,0.0,113.0473677199585,3.227878955566384,12.223294141792664,0.0,167.80525898735576,-38.069942190390655,4.404146526273204,0.0,129.99111464683986,-43.102033650093915,5.82153625625643,0.0,117.06682841227496,-36.674552688939166,1.3490219821650502,0.0
180.45610214199232,-3.723143359792169,4.928753099988317,0.0,140.70582687499834,-3.6857778232505396,1.276508947039737,0.0,114.42556418565327,3.267893180110855,12.03807073530378,0.0,167.88731173972195,-38.07827504127101,4.430638862693533,0.0,131.07310618965747,-43.397844937434755,5.9479498488130265,0.0,117.09375058572878,-36.68120665197537,1.322892997571051,0.0
180.98234958334797,-4.307284914217128,4.173226957204353,0.0,140.72295027650662,-3.7120019045107986,1.2552624155267633,0.0,115.84365223818237,3.253154350207126,11.809489693751322,0.0,167.97364268882487,-38.08513676100555,4.454858458406914,0.0,132.19354899445295,-43.69034542484535,6.071951205588797,0.0,117.12015720405563,-36.68614011524613,1.2952551263569436,0.0
181.4761275695786,-4.792520546349351,3.5785139046023353,0.0,140.73393527711647,-3.7559920496694588,1.229342779439758,0.0,117.29114248495037,3.1795260593583325,11.53357046741159,0.0,168.0641407870769,-38.09142940756447,4.475808065849094,0.0,133.3438198874805,-43.973670114034284,6.192547051393681,0.0,117.14605104689396,-36.68956622794337,1.2662728461192394,0.0
181.94747329345316,-5.176870050883234,3.145417811539394,0.0,140.74459852806575,-3.8039785553093193,1.2067380198239928,0.0,118.75788803414385,3.043399004671853,11.2062497851478,0.0,168.15875069664912,-38.09786727622853,4.492420151359472,0.0,134.51533372637348,-44.239857782182604,6.3032815852058794,0.0,117.1719103574082,-36.69174844336473,1.2362973467324014,0.0
182.39902593745512,-5.467142751754908,2.8601175991555365,0.0,140.7618405830134,-3.8425237632263896,1.1930671396769963,0.0,120.23482247837094,2.842125344452521,10.825944659511196,0.0,168.25726157238074,-38.10476275793316,4.5040062456649395,0.0,135.69985878099027,-44.47986699612139,6.393038916875886,0.0,117.19850872732863,-36.69329055518312,1.2058652322481755,0.0
182.82713703663137,-5.674616893964033,2.6994969028742695,0.0,140.79058219160055,-3.8634847376708246,1.1895080847165307,0.0,121.71440784882168,2.5746623547985266,10.396015735742205,0.0,168.35914948661704,-38.112025932494845,4.510520976596823,0.0,136.88984572580873,-44.68503571382526,6.4482045001052155,0.0,117.22649747304588,-36.69536626404734,1.1756598393792572,0.0
183.22467556603456,-5.811312006166726,2.6372290044078106,0.0,140.83137448296551,-3.866077946093431,1.1927294364963483,0.0,123.19058888090032,2.2422712427477265,9.926173869884094,0.0,168.4635845084867,-38.11929636104456,4.512513240552044,0.0,138.0788448309941,-44.84840596682686,6.4555256189936285,0.0,117.25592981669544,-36.69962160397308,1.1464414652602297,0.0
183.58441155967338,-5.888497076397621,2.6485806612440292,0.0,140.8799082025841,-3.8556449376511317,1.1964009446660206,0.0,124.65778949351687,1.849045364249605,9.432065832877385,0.0,168.56958731034513,-38.126060407453956,4.51086277336754,0.0,139.26188408718093,-44.96550015248425,6.404921444470143,0.0,117.28600691190552,-36.707710142655586,1.1189496253663762,0.0
183.90169369990696,-5.917236523726419,2.7125653092784088,0.0,140.92864246635327,-3.840248172407967,1.193477561379554,0.0,126.10872892839059,1.402196621667903,8.93269695510767,0.0,168.6762296278967,-38.13170250570513,4.506509697762992,0.0,140.4356147258918,-45.0344641733456,6.2915672614291305,0.0,117.31524994757164,-36.72069880306403,1.093786596504696,0.0
184.1754932260593,-5.909537246566307,2.8114167653847613,0.0,140.96974924089156,-3.8267599949307733,1.1786191090227334,0.0,127.53173040521918,0.9120802476525327,8.445955750665435,0.0,168.7827590844309,-38.13558403072938,4.500313635084076,0.0,141.59814729000357,-45.055713060399,6.116777880077063,0.0,117.34205783837857,-36.73864826145848,1.0712995750832075,0.0
184.4077225414112,-5.878622455361141,2.928846060704389,0.0,140.9980485574498,-3.8179388795480023,1.150207148327988,0.0,128.90907673328485,0.3917104351000038,7.983311956496703,0.0,168.88857038782155,-38.13727454778128,4.493039591711856,0.0,142.74862871038997,-45.031229413436925,5.887552762765935,0.0,117.36534612306659,-36.760530066669375,1.0514935936536496,0.0
184.60162916363373,-5.837807644279892,3.04906890340094,0.0,141.0128143861951,-3.8115500132293825,1.1113224461489946,0.0,130.21787644495294,-0.14464556908589898,7.545566587365471,0.0,168.99301349582117,-38.136923854914926,4.485385122732753,0.0,143.88662208926007,-44.963615996908096,5.615076760319416,0.0,117.3848903158162,-36.784474789983925,1.034021913805347,0.0
184.7604196158152,-5.79858398367328,3.1576426604706906,0.0,141.01794907042196,-3.8019205486395187,1.069111839130759,0.0,131.43355441779394,-0.6837946446807734,7.1217827548182076,0.0,169.09510526784013,-38.13557612524085,4.477973455651057,0.0,145.0113212312411,-44.85506115982953,5.312795593341658,0.0,117.40119815623162,-36.80823407159633,1.0182817840960148,0.0
184.88684108067744,-5.768932247186241,3.2436035929667586,0.0,141.02052852648626,-3.7833758800779878,1.032482715365152,0.0,132.53434433435802,-1.2159038937797026,6.692652900073755,0.0,169.19327353373,-38.13517005759537,4.4713022832019895,0.0,146.12069712596644,-44.70649507723059,4.9946764494522995,0.0,117.41505840482723,-36.82967500368965,1.0035871099395415,0.0
184.9836476726658,-5.752464599859796,3.3015195089037093,0.0,141.0280556021839,-3.7539996402303917,1.008850401455156,0.0,133.50453131832342,-1.7351162757553578,6.237691796366981,0.0,169.2852825265578,-38.138108904224275,4.465690460764515,0.0,147.21080288932757,-44.5171996581859,4.673937172523886,0.0,117.42709582845242,-36.84714467971704,0.9893493585001565,0.0
185.05429956650303,-5.748451417480902,3.332213925144087,0.0,141.0452928366659,-3.7176256368090606,1.001274096880076,0.0,134.3353396998822,-2.237441177977238,5.7437949005616105,0.0,169.36843865680044,-38.146518131914874,4.461262995452293,0.0,148.27547801657835,-44.28493166745658,4.36215649023063,0.0,117.43757834375884,-36.859657510804624,0.9752144218810681,0.0
185.10316557763434,-5.752664588755774,3.34165735515243,0.0,141.0721234002712,-3.6826187863451523,1.0073240082114552,0.0,135.02423835341563,-2.7166638980307534,5.211900251762483,0.0,169.44005891052072,-38.16147656740613,4.457976905255265,0.0,149.30651701296682,-44.00640332985032,4.068528703824244,0.0,117.44649436767105,-36.866960546745766,0.9611421263117599,0.0
185.13491569399878,-5.758988431262638,3.3384226263304644,0.0,141.10365291577924,-3.6579423272671523,1.020263386866045,0.0,135.57429039876385,-3.1608832914037235,4.659080591708586,0.0,169.4980561471011,-38.18252782690607,4.455665270064317,0.0,150.29415690029924,-43.67791436341184,3.7991692107427957,0.0,117.45375487088022,-36.86952390750634,0.9474251238294205,0.0
185.15343350656616,-5.761530704640957,3.330755235225613,0.0,141.13247283595433,-3.648866423485691,1.0319320509071428,0.0,135.99432732458806,-3.5526550268834054,4.115206494645692,0.0,169.54143663054478,-38.207671609517064,4.4540872309654205,0.0,151.22768765727412,-43.296037064726825,3.556683004063422,0.0,117.45936460001555,-36.868433421529,0.934637618627228,0.0
185.16094408276214,-5.756615493748327,3.3243631713488053,0.0,141.1517303129903,-3.654750606490772,1.035875337426031,0.0,136.2992066933424,-3.8737370309731554,3.6156206715978882,0.0,169.57055047710665,-38.233859091926476,4.45299656359062,0.0,152.09608113279592,-42.85841200604856,3.3404123382722704,0.0,117.46349175093953,-36.865147947296066,0.9235219458045361,0.0
185.15786644847387,-5.7438957692627435,3.321544545864743,0.0,141.15749113529026,-3.6697477012229758,1.0293628740980196,0.0,136.5088714645654,-4.112197644875876,3.1926209858376993,0.0,169.5870408257897,-38.25783085154699,4.4522378070644795,0.0,152.88859789588867,-42.364838416365714,3.1476285086502642,0.0,117.46644142668515,-36.86115418028562,0.9148467062951866,0.0
185.14343384975703,-5.726088626099858,3.321651476432505,0.0,141.14966464502,-3.6856097579858726,1.0137340909983212,0.0,136.64584446982684,-4.2678549874563165,2.8682090201558523,0.0,169.593529471878,-38.27700227494557,4.451831368289007,0.0,153.5953450638283,-41.81885684560412,2.975424774360741,0.0,117.46855877447305,-36.85763210812711,0.9092623350280338,0.0
185.11678238678218,-5.7074658239914555,3.322431626061931,0.0,141.13156280089498,-3.6950520369483195,0.9933014281056316,0.0,136.73200401024425,-4.353162476917921,2.6495255060817424,0.0,169.59312330633392,-38.29008726396402,4.451967841539171,0.0,154.2078630877601,-41.22978579526101,2.822543134962551,0.0,117.47008834517703,-36.85525729092246,0.907157066824265,0.0
185.0780758822046,-5.691878187259246,3.321563335169275,0.0,141.10853224747459,-3.6942674210647946,0.9734709744272045,0.0,136.78579681113598,-4.389375876987949,2.5278373205832914,0.0,169.58884536451012,-38.297273226695935,4.452871017491539,0.0,154.71998515314863,-40.61463785119187,2.6902370103713,0.0,117.47104280213983,-36.85420069024304,0.9085292722505578,0.0
185.02921884136472,-5.681302980555815,3.3177324830646846,0.0,141.08619829524275,-3.683776664775115,0.9588382202439867,0.0,136.82056614324196,-4.399983035432366,2.4815078300422755,0.0,169.58311554095116,-38.299950109681745,4.454601799317077,0.0,155.12914605469464,-39.99872809760181,2.581674854941175,0.0,117.47116449586728,-36.85428509625925,0.9129309626746842,0.0
184.97382166409355,-5.675544149933472,3.3108984787603664,0.0,141.06888832037822,-3.667563494958636,0.9518871049718953,0.0,136.84419496625722,-4.404193598222939,2.482246272954221,0.0,169.57742446528096,-38.30014999034009,4.456953824102095,0.0,155.4378608588018,-39.41364620601634,2.5001543255752594,0.0,117.47003677564103,-36.855181849284904,0.9195383473320362,0.0
184.91638094795545,-5.67305789892374,3.301836250884026,0.0,141.0586984827098,-3.6511110733614673,0.9526158377364222,0.0,136.86004178053074,-4.412924461413928,2.502473678791601,0.0,169.572314536956,-38.29991114120614,4.459542863733455,0.0,155.6545854253744,-38.89214750766749,2.447111696169191,0.0,117.46731237262571,-36.85653511491932,0.9273433486540057,0.0
184.86103085474366,-5.6723051628592325,3.291385652128005,0.0,141.05538010634294,-3.639272877054889,0.9590309489550606,0.0,136.86886083912898,-4.428391592858717,2.5211161621567104,0.0,169.56767216441156,-38.300749277370386,4.462041177575628,0.0,155.79320734774166,-38.4612316875545,2.421036880131835,0.0,117.46294328965237,-36.85798264706236,0.9353858471027028,0.0
184.81047219246148,-5.672811043265241,3.27991952645152,0.0,141.056910844338,-3.6347872899149873,0.9681590930501027,0.0,136.8709377180541,-4.44672181405217,2.526110865474113,0.0,169.5631908406542,-38.30334775600135,4.464379419738981,0.0,155.8711317110908,-38.136002514357564,2.417747869027002,0.0,117.45728963163364,-36.859133084189,0.9429306063274066,0.0
184.76559681363116,-5.675323942418948,3.267347113743412,0.0,141.0604544423732,-3.6378157999876866,0.9771422066525322,0.0,136.86744435016683,-4.461899461767136,2.513634416225141,0.0,169.55879272173067,-38.30751386426672,4.466750901271844,0.0,155.90670446603394,-37.91670910549954,2.431583799268605,0.0,117.45105707892088,-36.859583265677095,0.9495443430464956,0.0
184.72592818332677,-5.68099770201599,3.253616574934613,0.0,141.06339476873254,-3.6464069210252354,0.984084653465306,0.0,136.86043878207667,-4.469339426514148,2.4853608543192056,0.0,169.55485063661618,-38.312401437702356,4.4694086731506,0.0,155.91689445575705,-37.789867739045725,2.4566865262594746,0.0,117.44510856229238,-36.859006207517936,0.9550871157809393,0.0
184.69056539151683,-5.690077048731421,3.2393497514905896,0.0,141.06417222284006,-3.657473240262476,0.9884984986416931,0.0,136.85186806588,-4.468019216100534,2.445402392732756,0.0,169.5521700087712,-38.31695071547445,4.472413968726249,0.0,155.91575706434338,-37.73270034277593,2.487789463722182,0.0,117.44024846812302,-36.85727261402654,0.9596472544626007,0.0
184.65910903436634,-5.700857894194039,3.226109459816426,0.0,141.06272268592122,-3.667795500786962,0.9913392174754279,0.0,136.84268785585465,-4.460785812714221,2.398167219137312,0.0,169.55177903964133,-38.320430553594484,4.4755303531769,0.0,155.91370958031823,-37.719121681375945,2.5204166802531986,0.0,117.43706090307003,-36.85454406473977,0.9634344320313559,0.0
184.632099341273,-5.7096224505442414,3.215951241437761,0.0,141.06041508829816,-3.674710574060607,0.9946891393394282,0.0,136.83305312563812,-4.453010593458673,2.34755675586684,0.0,169.5546140702691,-38.322909784337824,4.4783434220651195,0.0,155.91739868753405,-37.725305805024966,2.550741232511042,0.0,117.43583054690902,-36.851294538855555,0.9666450961376931,0.0
184.61072449121247,-5.711879547611022,3.210303765217688,0.0,141.05949307452892,-3.676407887354954,1.0011486206368438,0.0,136.8234414780635,-4.450274682229045,2.2970926247488315,0.0,169.56119989039067,-38.32547491590509,4.480529186699391,0.0,155.9299527397827,-37.733349334462126,2.5754311105288625,0.0,117.43653727743968,-36.84824498371987,0.9693428911852919,0.0
184.59592185177308,-5.704637740903005,3.2086832334961866,0.0,141.0621543595746,-3.6720077182017086,1.0130046288774892,0.0,136.81551639743137,-4.456099499861705,2.2501266339661132,0.0,169.57142184012767,-38.33006636470523,4.482109946215562,0.0,155.95153075930097,-37.73250052889916,2.591674860177932,0.0,117.43890858220769,-36.846215571145905,0.9714214724191272,0.0
184.58740652727877,-5.688743330408382,3.2080019483470075,0.0,141.06955325145154,-3.6616845260649544,1.0313137422034604,0.0,136.8116144350643,-4.470673169385467,2.2094985116033037,0.0,169.58446150073564,-38.3389170244416,4.483557867915247,0.0,155.9801500530737,-37.71839996471173,2.5973751543958663,0.0,117.44251731170992,-36.84591969339359,0.9726874909120511,0.0
184.58334323836098,-5.669933678363929,3.2030571662542666,0.0,141.08114196713947,-3.6469630361685947,1.0551432362046747,0.0,136.81296930649847,-4.491045700242331,2.176678868662794,0.0,169.59892038968778,-38.35373262546775,4.48569431155247,0.0,156.01273147955206,-37.69130240644532,2.5913763277271133,0.0,117.44691025742547,-36.84775113245884,0.9730129908913892,0.0
184.58106320449428,-5.657613549547093,3.1882518229610515,0.0,141.09477119639837,-3.6310087194169958,1.081305251212953,0.0,136.81804699609717,-4.512566019310684,2.1510395747652122,0.0,169.61309963047484,-38.374910314136464,4.489425922545385,0.0,156.04618122534103,-37.65416213197004,2.573605072868043,0.0,117.45174118271544,-36.85164010989629,0.9724349406904835,0.0
184.57852832381386,-5.661384743716141,3.1600120524797024,0.0,141.10776114022198,-3.6184468983881635,1.1049404297464598,0.0,136.82249076312894,-4.530769170678798,2.129967072724593,0.0,169.625365090725,-38.40115710992237,4.495418640089385,0.0,156.07824815532896,-37.611029453558956,2.545073423490086,0.0,117.45686539786104,-36.85704777900374,0.9711117370556721,0.0
184.57567391463826,-5.686499294517057,3.1189606723604886,0.0,141.1187561242604,-3.6142222058253752,1.1211834219186976,0.0,136.82102392377288,-4.5428538761827175,2.1100117803155793,0.0,169.63453466195185,-38.429772262293525,4.503843515589027,0.0,156.10797020319973,-37.56583893255123,2.507709408582725,0.0,117.46235210164895,-36.86311811942616,0.969172513175085,0.0
184.5747652618618,-5.730171804618091,3.070783050196493,0.0,141.12974471589934,-3.621379717496642,1.1277878126271972,0.0,136.81020197377464,-4.548290146232682,2.0885295567802906,0.0,169.6402689181297,-38.45764124621784,4.514346423900408,0.0,156.13570051007306,-37.521568649961054,2.463981860006312,0.0,117.46840333369508,-36.86893471211365,0.9666005589958466,0.0
184.5794215400242,-5.780813178646873,3.0250435398195012,0.0,141.14736656256795,-3.638300159516108,1.1280228548729294,0.0,136.79031779568314,-4.548556705741541,2.0648867008785246,0.0,169.64347108792109,-38.48277003376248,4.526358446487611,0.0,156.16282011030117,-37.47981573977656,2.4163875873682326,0.0,117.47521706491638,-36.87378300677818,0.96326925612858,0.0
184.59261362303545,-5.821417064360717,2.9920854610545327,0.0,141.1827024185966,-3.6565646342265605,1.1326260457232156,0.0,136.7654092467079,-4.546270419128274,2.0405770298381682,0.0,169.646651277821,-38.50602471614976,4.5397229744750405,0.0,156.19125645974222,-37.44086866194753,2.3670123628301667,0.0,117.4828587688988,-36.87732696472415,0.9591135558610215,0.0
184.61451341484906,-5.836337176450455,2.979226612923057,0.0,141.24922120535132,-3.6609002495995977,1.1595072305863798,0.0,136.7415640894991,-4.544096306908724,2.0183025542302584,0.0,169.65409205932428,-38.53261714710862,4.555411509611597,0.0,156.22291859547857,-37.4042481569758,2.317377280455432,0.0,117.49120191911297,-36.87966279600759,0.9543044135437722,0.0
184.64142521147141,-5.818338850173849,2.987975206967686,0.0,141.35931656060373,-3.632208732735478,1.2305108506914912,0.0,136.72461418943817,-4.543862597908674,2.0006341951079474,0.0,169.67155664954277,-38.572795314382574,4.575967826341833,0.0,156.25917477222998,-37.369485569858696,2.268584729073071,0.0,117.49997923759024,-36.881261735290096,0.9493058039824085,0.0
184.66674386316228,-5.772009972061327,3.013513424217548,0.0,141.52057757763842,-3.553372591564412,1.3657013935636275,0.0,136.7183698015309,-4.546167419634237,1.9889448029140482,0.0,169.70533086278846,-38.64123616538083,4.605370548085116,0.0,156.30049460761117,-37.33676769003164,2.2215464661778075,0.0,117.50894668138069,-36.88281784660274,0.9447997121884502,0.0
184.68371443412832,-5.711586981400035,3.04660687376351,0.0,141.7332583661852,-3.4158027541030282,1.5768690016029794,0.0,136.72395524076245,-4.550480705155499,1.9830079510575302,0.0,169.7606539726552,-38.75491135962773,4.648216061302362,0.0,156.34631277517693,-37.307123176042,2.17703607599689,0.0,117.51808815672076,-36.88500849754243,0.9415420381213071,0.0
184.6884630650655,-5.654702841064053,3.077024727052077,0.0,141.9901844829003,-3.2235179470275543,1.8628305973127102,0.0,136.74011243817918,-4.555522924282621,1.9812963840303404,0.0,169.84000014489135,-38.92974496213072,4.708342330650709,0.0,156.3951225831491,-37.282083073295595,2.135462367904184,0.0,117.52772393975862,-36.88821972253436,0.940207774488325,0.0
184.68154770269402,-5.615709904180076,3.0969276485396495,0.0,142.2795759900969,-2.9919167519809466,2.2093246373674305,0.0,136.76397473921568,-4.559692442630839,1.9817597091147707,0.0,169.94201194892443,-39.17708167498945,4.7871358350643245,0.0,156.4449177512288,-37.263145766028266,2.0963167399721936,0.0,117.53840808870602,-36.892365935659384,0.9412499487933044,0.0
184.66732575163826,-5.601661974820749,3.1028386070302734,0.0,142.5901374829949,-2.7407101527508884,2.595283238642274,0.0,136.79187112371332,-4.561449129795717,1.982711916428915,0.0,170.0619172571764,-39.50153602719091,4.881922384202603,0.0,156.4947089134818,-37.252018076553796,2.056406889747432,0.0,117.55062364889078,-36.89693328021998,0.9447895743720292,0.0
184.65172828111224,-5.611866535695794,3.0957145488186484,0.0,142.91666654990865,-2.483953804844538,3.0043294959204214,0.0,136.81999639105715,-4.559669490665071,1.983423925645134,0.0,170.193803989146,-39.901775646126694,4.985216911719965,0.0,156.5474648121119,-37.25419926476787,2.0059976902188374,0.0,117.56442626533665,-36.90124318100762,0.9505692829910544,0.0
184.63964937971474,-5.6400671080780995,3.0796387445249493,0.0,143.26386447194704,-2.222580966108355,3.4363144166647093,0.0,136.84499188192783,-4.553981995807904,1.9841523511603647,0.0,170.33415732391302,-40.374775191630896,5.085975878489569,0.0,156.5679149917053,-37.24284974651461,1.9969255237679882,0.0,117.57924433475408,-36.904765559963806,0.9580103234794581,0.0
184.6330233518005,-5.677626849706691,3.0601163040224506,0.0,143.64636956718786,-1.9441746980002534,3.9117759637471625,0.0,136.86448686855726,-4.545014229549713,1.985630977517145,0.0,170.4849400197759,-40.92206174501145,5.173693748346361,0.0,156.58126473312328,-37.23256482774254,1.9910077575463117,0.0,117.59397626283105,-36.90727460032838,0.9663848135173758,0.0
184.63012093364978,-5.716265351516424,3.042799302706264,0.0,144.08439595971223,-1.6310326547984886,4.465094334999123,0.0,136.87753003771263,-4.53442466848516,1.9883562216140547,0.0,170.65409262769043,-41.55447538466798,5.244796277885195,0.0,156.59013177929413,-37.22318861175695,1.9868744803318457,0.0,117.6073712458211,-36.90878337727182,0.975048766353412,0.0
184.62602174844412,-5.7494891074239085,3.0329884645947,0.0,144.5963221682234,-1.2728936077097348,5.128423366527236,0.0,136.88476197158576,-4.524616121958866,1.9921141563731197,0.0,170.85239941436956,-42.29166456030357,5.308908148208241,0.0,156.59798380195804,-37.21584260933186,1.9839430689774868,0.0,117.61853009390336,-36.909379756094594,0.9836217305669859,0.0
184.61390142219113,-5.772658085017952,3.0357480089725666,0.0,145.19118933351612,-0.8773258911342392,5.913870520589915,0.0,136.8882366057378,-4.51814489075025,1.99603254001026,0.0,171.08782814221263,-43.15472136938773,5.391503004721137,0.0,156.60806158378804,-37.21243069864336,1.9825431818621162,0.0,117.62730416501897,-36.90913235517034,0.9920164443564232,0.0
184.58673871105324,-5.782402294531103,3.0561073612674274,0.0,145.8645567953091,-0.47103950876208245,6.802891524988677,0.0,136.8909390588058,-4.516992128889362,1.99909394850485,0.0,171.36026110719715,-44.15408347198763,5.530013419884957,0.0,156.62233159530567,-37.21463694017937,1.9836936505844491,0.0,117.63442378739722,-36.908121679624685,1.0003284800260257,0.0
184.53908274753087,-5.7763784527888085,3.0987428276973503,0.0,146.60011644524266,-0.09063883175885223,7.748885389454665,0.0,136.89613417776584,-4.521958356441761,2.0007487174623666,0.0,171.6597395653716,-45.278236440772794,5.762785682855101,0.0,156.6408726006442,-37.22294636673054,1.988633059762245,0.0,117.64130471059802,-36.90653057794321,1.0087058793887476,0.0
184.46849630177806,-5.7539006101808186,3.1668268334715037,0.0,147.37671375242667,0.23122136526604997,8.69213917915372,0.0,136.90665149449666,-4.532413826411327,2.001221964001502,0.0,171.96975675396217,-46.489916919098576,6.114095846325096,0.0,156.64345910060268,-37.22561590433971,2.031688870250969,0.0,117.64960639168062,-36.9047205642563,1.0173244070331595,0.0
184.37632032350461,-5.717115972076971,3.2603056534367436,0.0,148.1771365503311,0.47546619495382636,9.578912128889556,0.0,136.92415406787677,-4.54649334584705,2.0013332479073647,0.0,172.27447291045505,-47.73349502213792,6.582268091615168,0.0,156.6531846924124,-37.23798390066633,2.066852854483546,0.0,117.66070825292478,-36.90327497110736,1.0264807679015888,0.0
184.26759819968913,-5.671722372657372,3.3744039319416217,0.0,148.99395120405788,0.63786180310532,10.374567030305741,0.0,136.9484751616108,-4.561630054437141,2.001967947074048,0.0,172.56639779495552,-48.9502372639325,7.13794239193051,0.0,156.66571152796362,-37.25374877402356,2.0971076629475327,0.0,117.67528996792647,-36.90299513864755,1.036680854040478,0.0
184.1502762052363,-5.626179058652079,3.4993453333480087,0.0,149.82991738503995,0.7243193663669949,11.066021002796248,0.0,136.97723517711768,-4.575174349263208,2.0035424791915784,0.0,172.8507960296472,-50.09254775091738,7.733568245832762,0.0,156.67820939735228,-37.269777449815294,2.1238111663199692,0.0,117.69314409577281,-36.90479490602513,1.048548314287114,0.0
184.03397961222208,-5.589082981987761,3.6219663944638665,0.0,150.6939163150949,0.7449164407016404,11.65584694332561,0.0,137.00603196921531,-4.584849932912517,2.005782408791701,0.0,173.14518507572922,-51.12988545929578,8.31785736540831,0.0,156.69070536426784,-37.28514176673702,2.145330559719726,0.0,117.71326807183925,-36.9094450981885,1.0624485361576852,0.0
183.9286348120735,-5.5656095492533995,3.7290627763763187,0.0,151.59531049326782,0.7095836636678214,12.153505128846735,0.0,137.02939736565733,-4.588989606412879,2.007929042153801,0.0,173.47497402145137,-52.0459430906254,8.847128893447014,0.0,156.70451242221873,-37.30008460481735,2.159731418883828,0.0,117.73423206886953,-36.9172074281404,1.0778998280855383,0.0
183.84302545455236,-5.5549273538529675,3.811231452970464,0.0,152.53960783627528,0.6261033241277545,12.56817712665967,0.0,137.04241382634538,-4.586702327505563,2.009246553169863,0.0,173.8675419647111,-52.831783581007905,9.289658577276695,0.0,156.72118502665418,-37.31529958220381,2.165870196995879,0.0,117.7547879646239,-36.92750689015537,1.0930555379994615,0.0
183.7832827331334,-5.55040225374855,3.8654191045155226,0.0,153.5268963127282,0.499826901834064,12.905136525947656,0.0,137.04248571161395,-4.578107279210459,2.0095399202368505,0.0,174.34675378664616,-53.47986624860828,9.624261086621962,0.0,156.74152834803095,-37.33124743158994,2.164186679417428,0.0,117.77461958666602,-36.93886320991082,1.10465304055651,0.0
183.75152108746474,-5.542913491428881,3.8950094905565322,0.0,154.55274447604572,0.3342027096885616,13.165453303476554,0.0,137.03048071474956,-4.564536559268397,2.009374062712922,0.0,174.92908310922408,-53.98138126209531,9.836785944245381,0.0,156.76463368035223,-37.34750681816875,2.1576956331147983,0.0,117.79502437716324,-36.949311773233305,1.1087408677374206,0.0
183.74516850378868,-5.525579319215701,3.9077237782880268,0.0,155.61015678062213,0.13140006189979125,13.347678648561713,0.0,137.01059194564255,-4.548449203565074,2.0098316686227395,0.0,175.62181754406262,-54.326803472451275,9.917839629067755,0.0,156.78665811149878,-37.36193398987525,2.1541059713704716,0.0,117.8192261764527,-36.957458381677064,1.1022509931376892,0.0
183.7575473017155,-5.49717779013233,3.912681051655982,0.0,156.6912105844009,-0.1072841752528646,13.44995557140735,0.0,136.98888939683485,-4.532911736616798,2.0119187861000363,0.0,176.42326037698803,-54.508230984563134,9.863156020848352,0.0,156.80315426875478,-37.372085170829735,2.1612900628094245,0.0,117.85203673513408,-36.96409084007525,1.0851919405587758,0.0
183.77974522840458,-5.462405892690785,3.917921760252641,0.0,157.78777086441147,-0.3812155015228065,13.471488665495762,0.0,136.97124558230036,-4.52075670648826,2.015963114206704,0.0,177.32431243709684,-54.52194659207815,9.675967322681911,0.0,156.81568766898425,-37.37936001043167,2.173816167080144,0.0,117.89875420675034,-36.97394329186004,1.0629775641316126,0.0
183.80312842938295,-5.429144950955866,3.928920614602351,0.0,158.89144284768977,-0.6902529373095803,13.413033274670541,0.0,136.96160063784535,-4.51372813989217,2.0213718963407104,0.0,178.31049247547153,-54.370307125219504,9.369530547951246,0.0,156.8261643522291,-37.38510587016541,2.1851773262796215,0.0,117.96349103404657,-36.996893474038394,1.0482061995671117,0.0
183.82150757855158,-5.404534545498464,3.947970397573405,0.0,159.9932795408173,-1.0345229714787632,13.276584521349132,0.0,136.9612278744164,-4.511989888766434,2.026898049948347,0.0,179.36358628242746,-54.06284733063697,8.968070857758224,0.0,156.83503496464087,-37.38934649105497,2.1925628031924997,0.0,118.04747945439522,-37.047742597642284,1.0611070428307823,0.0
183.83218419425293,-5.391932975044654,3.9741819455413268,0.0,161.0836726586706,-1.4141835647934453,13.0646418762169,0.0,136.9690700658705,-4.514256484171173,2.0312540583635226,0.0,180.4626617941595,-53.61681397446691,8.505403884026208,0.0,156.84274266036292,-37.391724121375326,2.194707198373285,0.0,118.14813401254166,-37.143983950489165,1.1279842274907015,0.0
183.8356896170935,-5.389950717960188,4.003997417055352,0.0,162.1525087871285,-1.8293067848972449,12.7794549508626,0.0,136.98273108391967,-4.518489970029247,2.033715755737978,0.0,181.58478953168898,-53.057168775950615,8.021563420919543,0.0,156.8502190297111,-37.39199497708694,2.191435683605034,0.0,118.2595229408685,-37.30168933930614,1.277458125858944,0.0
183.8346075530657,-5.393515375999908,4.03222591506929,0.0,163.18939905612342,-2.2799446728357253,12.422640985576752,0.0,136.99955059518263,-4.522784704610167,2.034391070767443,0.0,182.70606775795525,-52.41577567798786,7.558325914927721,0.0,156.85894414234593,-37.390388418189794,2.183704136940033,0.0,118.37432593369998,-37.53057093047076,1.5350894926574021,0.0
183.8321323789424,-5.3960951138061715,4.053520943623202,0.0,164.18381646237097,-2.766307124473421,11.995480059821494,0.0,137.0173544022019,-4.525995403521864,2.03405380362452,0.0,183.80330945403657,-51.72935977768735,7.154554398554017,0.0,156.87076603642066,-37.38782805010774,2.173461261978698,0.0,118.48658071086308,-37.8298903668205,1.9176872143311634,0.0
183.8309154508038,-5.392012530928541,4.063964111633949,0.0,165.1252266433618,-3.2889010514604387,11.499979060791643,0.0,137.0347665747304,-4.527872380090746,2.0336992375433915,0.0,184.85619373603532,-51.0360365688376,6.8420491894930535,0.0,156.88748137613265,-37.38586531287142,2.1631900447743355,0.0,118.5940451457485,-38.18681861762754,2.4287897155280245,0.0
183.83246486388333,-5.378066721820512,4.062247143114535,0.0,166.00351726054737,-3.848511095112963,10.940451681063864,0.0,137.05118143339124,-4.528763040652969,2.034104648647368,0.0,185.84924336831574,-50.370752301240266,6.6423431275041445,0.0,156.91026020783923,-37.38627975806937,2.1552617995809555,0.0,118.699218978135,-38.57813089118454,3.056419992784475,0.0
183.83708530955943,-5.354162117154609,4.050081397693187,0.0,166.80999671288797,-4.445990012218074,10.32501230868908,0.0,137.06655748815118,-4.529148762939013,2.0356125718605416,0.0,186.77299706238475,-49.760622645609985,6.564711149089391,0.0,156.93915820468155,-37.39050653881943,2.151350409890174,0.0,118.80889491428361,-38.97504801425457,3.7735737594522947,0.0
183.844194879295,-5.323035965940608,4.031787135303077,0.0,167.5389069031778,-5.081880541834156,9.666229522405933,0.0,137.08117216065224,-4.529328803470577,2.0381644779500636,0.0,187.62415597887923,-49.22147868529116,6.605560687297494,0.0,156.97300815881394,-37.39918729108447,2.1520449016522996,0.0,118.93297082656578,-39.349959831949704,4.541288321037158,0.0
183.8528510438367,-5.2893497906689015,4.013232994648387,0.0,168.1889553382041,-5.755908137300052,8.980391953626892,0.0,137.0954330544808,-4.529427496325108,2.041446056383121,0.0,188.40493331366636,-48.756631275082924,6.749286260296035,0.0,157.0098035409109,-37.4120718967456,2.1566548397357916,0.0,119.08351241669467,-39.683045917204744,5.313629908061432,0.0
183.8623866216917,-5.258418139722907,4.0003629662002,0.0,168.76407262462627,-6.466414665798332,8.285443987007064,0.0,137.1097968034718,-4.529668862726176,2.0449875999983202,0.0,189.1219892540133,-48.35808783407103,6.970555879620585,0.0,157.04733845358584,-37.42823795584456,2.1633634337115666,0.0,119.27452223492143,-39.966742581174394,6.043617552183367,0.0
183.87308936059034,-5.234812313388184,3.997583172210291,0.0,169.27261268861315,-7.209756371978605,7.598452818602594,0.0,137.1247967721782,-4.530675367577837,2.0481883406941233,0.0,189.7851685335816,-48.009645963148074,7.237790909095979,0.0,157.08373615390488,-37.44641185445044,2.169890678475813,0.0,119.52199353982326,-40.20662782466478,6.6890996262865325,0.0
183.88669887962342,-5.221219188733356,4.006372999159341,0.0,169.7246421363953,-7.9794246551996455,6.93395753811676,0.0,137.141132973776,-4.5335144785016634,2.0503627040298404,0.0,190.40604220829186,-47.690812812172524,7.517321859794757,0.0,157.11775366695483,-37.4652453171246,2.1743008865358853,0.0,119.84332661166714,-40.418357887669046,7.217830487814672,0.0
183.90626060831647,-5.218143273493428,4.024620272300659,0.0,170.12785705306786,-8.764372444225573,6.3041814809551076,0.0,137.1597410793337,-4.539358340683691,2.0509020665432036,0.0,190.99625569029226,-47.3804455596111,7.777497980983972,0.0,157.14892956262005,-37.4834816895624,2.175462697886733,0.0,120.25545130498536,-40.62151602578429,7.611189311629382,0.0
183.9351586790837,-5.2245145430267605,4.0470372278192155,0.0,170.48373809266562,-9.54632953199048,5.720860780225368,0.0,137.18173780604835,-4.548866593357162,2.049517995941697,0.0,191.56586856567,-47.05928870611088,7.992048074089848,0.0,157.1775990678795,-37.49997778939567,2.173076440648341,0.0,120.77180383093909,-40.83239140273388,7.866021912418677,0.0
183.97575815374313,-5.238480439033364,4.066516371426195,0.0,170.7860568217534,-10.297088226489263,5.1971458628684015,0.0,137.2081634428823,-4.561616797728427,2.046419517295581,0.0,192.12196630159025,-46.71108504733983,8.14222489925599,0.0,157.2047479990675,-37.513646259626135,2.1674449200258366,0.0,121.39908459057612,-41.05835536635191,7.994109927544535,0.0
184.02826169480298,-5.257842125624959,4.075886111465589,0.0,171.02309995001505,-10.978180397880744,4.747737566577529,0.0,137.23954818472566,-4.575955046277111,2.0422911297544193,0.0,192.66771160505817,-46.322520069194326,8.217586739499966,0.0,157.23169116444072,-37.523477774229704,2.15917252514045,0.0,122.15591549532809,-41.28188597317635,8.012874480307222,0.0
184.09023452228686,-5.280166452184583,4.069466728817616,0.0,171.1831939806579,-11.545529324604187,4.386513143831731,0.0,137.27549120332293,-4.589450323697396,2.0380736787672706,0.0,193.20187694877959,-45.88271125765016,8.215563212886796,0.0,157.2596325016982,-37.52877401622498,2.148903680165537,0.0,123.02436748406289,-41.49297890185388,7.974075440655883,0.0
184.1569984163856,-5.302826481578066,4.044081997020818,0.0,171.26137384999382,-11.95949875002846,4.12261480825566,0.0,137.31453144855342,-4.599776420181579,2.0346955027842686,0.0,193.71894346118634,-45.38305322041513,8.140168362047254,0.0,157.28923955940522,-37.5295474182999,2.137164506636619,0.0,123.9656605738993,-41.69275014501832,7.899337196919515,0.0
184.22276094684017,-5.323162309566531,3.9995092875671183,0.0,171.26429619866764,-12.197297214769875,3.95707485354745,0.0,137.35448760186938,-4.605545615380044,2.0329211477656592,0.0,194.20996108997946,-44.817903449845126,8.000340382208144,0.0,157.32038558456296,-37.52683110075796,2.1243572845349927,0.0,124.96187878870077,-41.87003209653213,7.806375758489499,0.0
184.28208813331486,-5.338793047133453,3.9384674705785603,0.0,171.21109709655767,-12.26244613738647,3.881841001984913,0.0,137.39318890640635,-4.606632036880777,2.0333465830767654,0.0,194.66429164587876,-44.18601743387618,7.808373411465917,0.0,157.35216875982712,-37.522595401016204,2.11089690194361,0.0,125.99873979355954,-42.01898644507124,7.704406399196898,0.0
184.33127466239955,-5.3479998442707775,3.866185654667177,0.0,171.12984424129493,-12.186584650938535,3.881550623238546,0.0,137.42928534319896,-4.603869156477554,2.0364090850539913,0.0,195.0720203165623,-43.49215923755426,7.578748240565648,0.0,157.38322312483822,-37.51919559915902,2.097344100933187,0.0,127.06919933460172,-42.13768907829928,7.592763902351704,0.0
184.36925907744845,-5.350095421398726,3.789580389815878,0.0,171.0513028061596,-12.022084913008712,3.9367354177567577,0.0,137.46276221960557,-4.598413817577428,2.0422663200590243,0.0,195.42643845609626,-42.74818714499196,7.327405423054964,0.0,157.41220696036535,-37.518610544439944,2.0843318291244373,0.0,128.17271302369454,-42.22557625565393,7.463644380087443,0.0
184.39785875876368,-5.345692439974589,3.7161303848778537,0.0,171.00230458756212,-11.82807717325808,4.027022830792816,0.0,137.49490767895492,-4.591229746922546,2.050542645123876,0.0,195.72587785117526,-41.97310858801423,7.071222923014991,0.0,157.43825449864403,-37.521847592600345,2.0722752413952357,0.0,129.31224579499354,-42.28097712528695,7.306588214644295,0.0
184.42123710950023,-5.336718054524168,3.652582107054144,0.0,171.00056310705307,-11.655255580267983,4.133885039720536,0.0,137.52772637248475,-4.582976491612158,2.0601071431127504,0.0,195.97438336249897,-41.19186616110868,6.82729256716793,0.0,157.46120309415247,-37.5287033145162,2.061130165803453,0.0,130.49094052968138,-42.30014437187366,7.113067681739233,0.0
184.4447009555485,-5.32603344758405,3.603664712957844,0.0,171.05228065581133,-11.534994766421185,4.242844959482456,0.0,137.56306499579156,-4.574248740227133,2.0691090044651617,0.0,196.18105818622112,-40.43281244185416,6.6116716000000135,0.0,157.48156578878644,-37.53786550763685,2.0504058568482524,0.0,131.7098551233281,-42.2780974458928,6.879924337159432,0.0
184.47315889469948,-5.316706957970312,3.5710987594995967,0.0,171.1530307675001,-11.475851112737818,4.344738628157023,0.0,137.60188196810626,-4.565836328792659,2.0753954014998417,0.0,196.35823568641118,-39.72403465739597,6.437618450840846,0.0,157.5003543387187,-37.547318425283024,2.0393349752751337,0.0,132.96705545138695,-42.210543321626304,6.611029927651122,0.0
184.50976634569284,-5.311197210390418,3.5532340327640757,0.0,171.29103683695115,-11.466850798690826,4.435772723023382,0.0,137.64401685637242,-4.558674811781276,2.0772053919460713,0.0,196.5189009949524,-39.088998351897594,6.3136989500558585,0.0,157.5188544535355,-37.55501384969172,2.027033102509444,0.0,134.25749701071584,-42.095816018702486,6.317074197121027,0.0
184.55528553862962,-5.310740538067519,3.545501032356462,0.0,171.4511070809162,-11.484375461870203,4.5169022010374995,0.0,137.6884996379046,-4.553459615116109,2.0738085230954972,0.0,196.67399134953655,-38.54231397075504,6.242313832826937,0.0,157.53839084528474,-37.55963787583005,2.012639203400113,0.0,135.57311596207265,-41.93608957450992,6.013695618520934,0.0
184.60838139908677,-5.31513690255635,3.5415990932653667,0.0,171.617888042465,-11.499202141255006,4.5935777962357704,0.0,137.7341122493957,-4.550248501507019,2.0657196771131137,0.0,196.8302490174095,-38.0865889889857,6.219087623890955,0.0,157.56010298116962,-37.56114268243023,1.9955077410673816,0.0,136.9030889341419,-41.73753793860402,5.718408666919933,0.0
184.6665584033898,-5.3229937621541215,3.535152034163657,0.0,171.7781157513511,-11.481664867758072,4.676484258498601,0.0,137.77983677424768,-4.548444728187208,2.054339989879834,0.0,196.989105025509,-37.71118298111292,6.23334376944835,0.0,157.58477816601064,-37.56073623630548,1.97546973470015,0.0,138.2345729748644,-41.50934988056444,5.447027073304117,0.0
184.72709876891878,-5.332329848745258,3.521437745075904,0.0,171.92208857307236,-11.404581625717789,4.7828224087508335,0.0,137.8250103230641,-4.547279726094453,2.0412167834519064,0.0,197.14671010040198,-37.393302042359416,6.2697441506458365,0.0,157.61278929568996,-37.560279194961055,1.9531088836900263,0.0,139.55403597689983,-41.261702119024264,5.210444830932129,0.0
184.7875404178742,-5.341280065099084,3.4986753653122857,0.0,172.0444288493493,-11.244773147177183,4.936847805290148,0.0,137.86923541488147,-4.546543271764128,2.027351204098782,0.0,197.29490736990743,-37.101449314478174,6.311078570868176,0.0,157.6441319640932,-37.56134894354068,1.9299425859386687,0.0,140.8487926937647,-41.003129067911075,5.012595584639312,0.0
184.84577334947082,-5.348580496968673,3.468360639564187,0.0,172.14383183082316,-10.98460984268238,5.168310288792712,0.0,137.9121819762136,-4.5471170458397525,2.012947761310743,0.0,197.4228494261826,-36.800963669753216,6.342039804247504,0.0,157.67849988727914,-37.56441671980533,1.9082821326579698,0.0,142.10805063525018,-40.73808919928314,4.850142699852999,0.0
184.90014379445776,-5.353626834407182,3.434478609979557,0.0,172.22144819550505,-10.615031481066488,5.50804591741422,0.0,137.9533711326633,-4.550961128639187,1.9977084143873807,0.0,197.51916210088,-36.461265623125854,6.353533209792786,0.0,157.7153328568097,-37.56862220781542,1.8903680265769829,0.0,143.3228983011909,-40.46564464511454,4.714012135232613,0.0
184.94973579367698,-5.356153135229898,3.401984194473318,0.0,172.27810357083595,-10.140654161594743,5.980784021675676,0.0,137.9919843809827,-4.560486337837756,1.9814293115646784,0.0,197.5749288878193,-36.0643120135694,6.346578184970147,0.0,157.7537912237059,-37.5723263127649,1.8768300148677817,0.0,144.48516517547463,-40.17991371916672,4.5923593323436105,0.0
184.9945853899517,-5.3558176811921,3.3752825019646355,0.0,172.31157554145935,-9.585649093456384,6.595931799372776,0.0,138.02678710064637,-4.577528910264362,1.964511399626316,0.0,197.58790483791634,-35.613240510782376,6.334224118650425,0.0,157.79268090887936,-37.57379711458016,1.8661291612933226,0.0,145.58567441818803,-39.87240417349199,4.474108145310273,0.0
185.03547894131714,-5.35201839818327,3.3572853620322913,0.0,172.31576239468822,-8.996435523500082,7.338202277540951,0.0,138.056319500848,-4.602321902296308,1.9481061253251806,0.0,197.56759007110116,-35.1389550453523,6.33971994684862,0.0,157.8304903335579,-37.571462657825464,1.8559740458080292,0.0,146.6127867840956,-39.53566823800596,4.351999286882201,0.0
185.07330610319642,-5.344047762959278,3.3491848839673715,0.0,172.28261878951744,-8.436135290957472,8.162233338220553,0.0,138.0794197090922,-4.63291910684124,1.9338321403178416,0.0,197.538917662687,-34.70111604399353,6.390567787771612,0.0,157.8655974757183,-37.56423572238235,1.8448383899649752,0.0,147.55212109875237,-39.16715998982624,4.224241075259487,0.0
185.10834443279944,-5.331429193992274,3.3507552912454823,0.0,172.2053431609158,-7.9696010884652235,8.996965325833653,0.0,138.09587656189996,-4.665423762432046,1.9231804103273689,0.0,197.540942824233,-34.380742111012545,6.5112817671550225,0.0,157.896500821446,-37.552129624978285,1.832392761470473,0.0,148.38794263237946,-38.7719398409654,4.094336467508743,0.0
185.1399521260428,-5.31418345697014,3.360888068665492,0.0,172.08007061348218,-7.645561760866263,9.761944097314954,0.0,138.10679331884964,-4.695051671270827,1.9168602526548995,0.0,197.61871599185116,-34.26572881804355,6.720007701079481,0.0,157.92198131731107,-37.53673159330209,1.81924657333467,0.0,149.1060571727931,-38.36312461972883,3.969318208268664,0.0
185.1668604231682,-5.292882411574599,3.378070943862717,0.0,171.90544372219824,-7.485737387961009,10.389249633049491,0.0,138.11433588688215,-4.717631014078167,1.9144166336432829,0.0,197.8109341387008,-34.43499270986418,7.031994892763382,0.0,157.9412154614526,-37.521148474774805,1.8063984177287793,0.0,149.69734303285964,-37.95976573831302,3.8571841655811596,0.0
185.18783367147478,-5.2685267264635565,3.4005897566327015,0.0,171.68246296157835,-7.485113701756327,10.839967049547363,0.0,138.12091231005897,-4.730883289305648,1.9143705876915185,0.0,198.13795717407083,-34.94638584401322,7.467391908783155,0.0,157.95387767541348,-37.50928724414419,1.79466445013737,0.0,150.16062161162208,-37.5828966335147,3.764502610335727,0.0
185.20224215300973,-5.242398075803344,3.4264181428650176,0.0,171.4167291812696,-7.620163928216253,11.108200060142916,0.0,138.12818154827255,-4.734937200322283,1.9148441219056025,0.0,198.59228747555818,-35.82787277885793,8.056582749338487,0.0,157.96023701987497,-37.5046210273284,1.7843856486755225,0.0,150.50371206914974,-37.25123272148207,3.6948952680133402,0.0
185.21024207158055,-5.2160028525716635,3.4530210798786314,0.0,171.12187401496067,-7.859900680119231,11.213536034438867,0.0,138.13636323135944,-4.731932412991749,1.914306332451016,0.0,199.1321562493125,-37.06713540749879,8.834739283550423,0.0,157.96120214415697,-37.50892167873198,1.7754874364994304,0.0,150.7422323959435,-36.97793786893915,3.6486294806581245,0.0
185.2125976996555,-5.191068063349661,3.477430904966841,0.0,170.82066886249586,-8.17609174462161,11.188045719163418,0.0,138.14413367199828,-4.725009996791281,1.9120238776965532,0.0,199.6830925224583,-38.599027379826374,9.820127469912885,0.0,157.95823242056198,-37.521559327440606,1.7676840392698292,0.0,150.89662350846277,-36.76910938685879,3.623130162199491,0.0
185.21036488164606,-5.169408220865725,3.496776488398247,0.0,170.5414805404156,-8.54987191930144,11.064479103079663,0.0,138.14913660635844,-4.717215737193952,1.9080705029118956,0.0,200.15609179156812,-40.30211625841274,10.982220823578187,0.0,157.9530772823776,-37.53967535579144,1.7606773940921432,0.0,150.98851052020942,-36.62380262611826,3.613984701421222,0.0
185.20459653059567,-5.152503623422278,3.5090383684834343,0.0,170.31102547662928,-8.9729470934625,10.869498161116958,0.0,138.1489203392496,-4.71077029909518,1.9030510471133883,0.0,200.48117661599085,-42.0194277312579,12.22165288014172,0.0,157.94741890197125,-37.55905124623891,1.7543885294432968,0.0,151.0376038510374,-36.53504436624762,3.615978983982517,0.0
185.19613287995236,-5.140864794225278,3.5135404688955436,0.0,170.14675102577485,-9.443882433253606,10.622114119280583,0.0,138.14193085726777,-4.706867959080813,1.8977617768082453,0.0,200.63556174693062,-43.600246828412594,13.384056503648203,0.0,157.94256734254316,-37.5752186608433,1.7492280962408095,0.0,151.05991328237462,-36.4914098167077,3.623842391064592,0.0
185.1855334332634,-5.133558008031654,3.510884645589595,0.0,170.05224190137474,-9.962226655851003,10.335285234327117,0.0,138.12813391704498,-4.705853794601529,1.8929056153454944,0.0,200.64460894931605,-44.93711852819401,14.30375735098459,0.0,157.93930436674867,-37.584477585629614,1.7461491270121012,0.0,151.06736393728613,-36.47900234771352,3.6326314334813965,0.0
185.17321809125585,-5.128337159114395,3.5025173923293345,0.0,170.01744139219898,-10.523794185597964,10.018408832326791,0.0,138.1090655898905,-4.707479358582412,1.8889109562233788,0.0,200.55840969412955,-45.976687769937186,14.850044128286262,0.0,157.93783459113868,-37.58484823879643,1.7459652104718657,0.0,151.06833502847127,-36.48370986334413,3.637925187342878,0.0
185.15981841979067,-5.122526040303358,3.490396425698556,0.0,170.0233094919743,-11.119336298445477,9.679417085360564,0.0,138.08749771191796,-4.710992515798747,1.8859087418684322,0.0,200.42506738910578,-46.707124742336845,14.95441852367653,0.0,157.93781051009148,-37.57689961872461,1.7480162417755398,0.0,151.0684828358445,-36.49339463780827,3.6360598669159714,0.0
185.1466172268398,-5.114334878161382,3.477058359261539,0.0,170.0487124040732,-11.736837804701462,9.326320069846773,0.0,138.06707611409692,-4.715007513696465,1.8839005172139398,0.0,200.27616697411963,-47.138036141894446,14.6156858067514,0.0,157.9386028392438,-37.56365595400642,1.749860028704978,0.0,151.0714460696574,-36.4995053396788,3.6244484207759022,0.0
185.1358563284419,-5.104017773295073,3.4659763775097137,0.0,170.0766282647494,-12.365609036626868,8.968437845842063,0.0,138.05209616101294,-4.717314025872197,1.8830487006748644,0.0,200.12579919587003,-47.2850597784633,13.888957434341032,0.0,157.9397499523366,-37.54937749978643,1.748555024137449,0.0,151.07935565913513,-36.49771672599922,3.6018336660380825,0.0
185.13068615621216,-5.094284441107867,3.4617460215527984,0.0,170.0974918222446,-12.999446950802152,8.61705363841723,0.0,138.0472573752385,-4.7149009522537755,1.8839133794647882,0.0,199.97640542564423,-47.16296536556481,12.865151444811062,0.0,157.94113984477067,-37.538330910483346,1.7415331117342578,0.0,151.09321721271857,-36.48752881580816,3.568312257182521,0.0
185.1346506271085,-5.089521157150556,3.4695009463002986,0.0,170.10908791739809,-13.637170685210926,8.284756229681385,0.0,138.0570860759523,-4.70441954509397,1.8874498894272858,0.0,199.8242935164711,-46.78591205922821,11.64731692211598,0.0,157.94262334652078,-37.53463489677088,1.7252178188725118,0.0,151.1132107056423,-36.471075884362406,3.525089585812646,0.0
185.15076104614812,-5.093815818211564,3.493276122584126,0.0,170.11383140310596,-14.280771397216636,7.983298588976059,0.0,138.08484923296103,-4.683109133770456,1.8946940858457708,0.0,199.6618228464917,-46.17254444890433,10.330520054117953,0.0,157.9426826026082,-37.543648220516516,1.6939542951310695,0.0,151.1389038062022,-36.451585076614045,3.4740441911729416,0.0
185.18027264128014,-5.108879840931255,3.534052913558819,0.0,170.115070684612,-14.932475706156932,7.720971357228986,0.0,138.1311457534544,-4.649944338036722,1.9062381473501553,0.0,199.47805103943858,-45.35439461882266,8.990159063717172,0.0,157.9482161904338,-37.54371112385177,1.6918576082977594,0.0,151.1693802021916,-36.431968785729346,3.4172488229682187,0.0
185.22154342268638,-5.13322988563145,3.588762347396992,0.0,170.11423102021053,-15.59175718812471,7.5009643630793175,0.0,138.1927777188638,-4.606536630955813,1.9217443552047335,0.0,199.26148978773077,-44.38515455895397,7.678715059120265,0.0,157.95537452873242,-37.546229740312526,1.6897199761131567,0.0,151.20331817963657,-36.413937992306586,3.356620714455117,0.0
185.2697731374716,-5.16264785337318,3.650715483828659,0.0,170.1101224847722,-16.252754350603755,7.321392134712381,0.0,138.26269737264107,-4.557250048863247,1.9397734983859252,0.0,199.00618287772477,-43.34509490556247,6.426950786852535,0.0,157.9635277999081,-37.54948617909442,1.6878297796232928,0.0,151.23907073324753,-36.39780794772288,3.293836978961478,0.0
