LF_x,LF_y,LF_z,LF_w,LM_x,LM_y,LM_z,LM_w,LH_x,LH_y,LH_z,LH_w,RF_x,RF_y,RF_z,RF_w,RM_x,RM_y,RM_z,RM_w,RH_x,RH_y,RH_z,RH_w
-79.8850779413185,-11.35460212830193,3.1324888874457635,0.0,-116.39044411999365,-4.730927505923736,9.90644704891951,0.0,-125.78426399437912,-7.3561825425414735,3.688132271201521,0.0,-96.61994782433878,-41.61916459823108,2.8547658517921395,0.0,-102.26507337309887,-38.8674204625882,3.3549667234549485,0.0,-138.71902957942922,-36.34336765078331,3.9557967890195957,0.0
-79.9116772670212,-11.344551768444383,3.1621994305725565,0.0,-116.20411882810099,-4.664358753097256,10.00613639601758,0.0,-125.77861987518027,-7.344226519554071,3.6910433646049796,0.0,-96.65395761542774,-41.6749124473158,2.838652095320983,0.0,-102.25594203914746,-38.83528273926089,3.32054455155599,0.0,-138.71374252116365,-36.32262226708651,3.9827363818018497,0.0
-79.92914561645107,-11.33337906160191,3.1895048539425677,0.0,-115.98950175003124,-4.598263763847296,10.102883075072194,0.0,-125.77144515379891,-7.3317472422623995,3.6950672114446323,0.0,-96.67842754853147,-41.71046525164339,2.8360782615460014,0.0,-102.24492430298949,-38.80161063237964,3.2957844827173517,0.0,-138.69086106626472,-36.30489574815306,4.071180119019683,0.0
-79.93340670409829,-11.32083222178795,3.212465474946624,0.0,-115.73144627637505,-4.534157063136696,10.18890279363447,0.0,-125.76195721387525,-7.318158873943002,3.7010217148082525,0.0,-96.68826934527603,-41.70792619342407,2.854926412809874,0.0,-102.23060748583875,-38.76634883494691,3.286113999068224,0.0,-138.69253730103551,-36.29181232273988,4.094798914647328,0.0
-79.9236550452294,-11.306204680929016,3.2308931669637087,0.0,-115.42341609065585,-4.472984876910141,10.257340056405189,0.0,-125.75058858075178,-7.303646989427308,3.7090990373535124,0.0,-96.68476443328974,-41.6632465938347,2.8964275544895663,0.0,-102.21203925828364,-38.73072917029354,3.2915539277995425,0.0,-138.7020991055,-36.28124757923131,4.088065261984532,0.0
-79.90202430091264,-11.288091468469393,3.2462862816212326,0.0,-115.06607617663077,-4.414214396395634,10.304477546479633,0.0,-125.73905982466499,-7.28930353614179,3.7188019603308238,0.0,-96.67494214081172,-41.58830571575361,2.9540668427998504,0.0,-102.18934721046394,-38.697247132818674,3.306683305127864,0.0,-138.71844660872196,-36.27339018382052,4.055558633023354,0.0
-79.87312395885864,-11.26501425000349,3.2614708145109876,0.0,-114.66385601252284,-4.355417542502732,10.33139577493616,0.0,-125.72999892504755,-7.2768993111097835,3.7290790257202335,0.0,-96.66783678983077,-41.507518419793726,3.0142185946339914,0.0,-102.1641661376661,-38.6689985712144,3.3226609011877635,0.0,-138.74196212510793,-36.26940610011795,4.006132315549898,0.0
-79.84296842824337,-11.236377919220974,3.2794971720724924,0.0,-114.22138012698711,-4.292509242042829,10.344905294899686,0.0,-125.72624729940004,-7.268274377408249,3.7385704697196456,0.0,-96.66866938925148,-41.449860958155575,3.059535301932348,0.0,-102.13938084508504,-38.648670018142866,3.3304963187102103,0.0,-138.74124337969394,-36.263324596895075,4.006580108339424,0.0
-79.81720954212834,-11.203177691434416,3.302053177913635,0.0,-113.74144332501399,-4.2206965989294805,10.357103821180033,0.0,-125.73003150177507,-7.264639931509542,3.745921520890221,0.0,-96.6736015877973,-41.43948116434136,3.0748197567442794,0.0,-102.11805683875502,-38.637456291067046,3.32444756358554,0.0,-138.73269132586555,-36.25484986316164,4.0124572704359895,0.0
-79.79939317163635,-11.168144603710587,3.3284813595510254,0.0,-113.2252182455693,-4.136007998263143,10.382787152852588,0.0,-125.74216610108297,-7.266233461226508,3.7501419235850104,0.0,-96.66850006689235,-41.48936475491921,3.0527528051007984,0.0,-102.10189098548038,-38.63405863925216,3.3044507167668584,0.0,-138.70223092470113,-36.24152431999747,4.058722751559239,0.0
-79.79012620128685,-11.135134589979042,3.356157658646252,0.0,-112.67405684058014,-4.037051673165147,10.4349685976171,0.0,-125.76145965927655,-7.272503290280902,3.7509147707656822,0.0,-96.6335293479649,-41.60115590904937,2.9961471145002605,0.0,-102.08980705327647,-38.6339693010315,3.2767017384434975,0.0,-138.6711696324265,-36.22839908317291,4.112056498546238,0.0
-79.78740220207794,-11.107868847161411,3.3819245506115134,0.0,-112.09137717169872,-3.9263990516044043,10.520170063147564,0.0,-125.78453963165092,-7.282554457663289,3.748701988184612,0.0,-96.55177414470215,-41.770600972829044,2.915784972260708,0.0,-102.0774551870208,-38.62952679193237,3.2519748339097205,0.0,-138.64921361574193,-36.21590109457995,4.143844993590998,0.0
-79.78766999719716,-11.08857859547792,3.4035339585483477,0.0,-111.48318857760827,-3.810770225253556,10.635664441532608,0.0,-125.8062926666148,-7.29539939884391,3.744582170516267,0.0,-96.41712579692914,-41.99480043663942,2.825828620709528,0.0,-102.05827697222453,-38.61142678638483,3.2420408358133894,0.0,-138.63268952250291,-36.2036906621277,4.160133095267726,0.0
-79.78711722806032,-11.077245567637291,3.4202277751783843,0.0,-110.856704872182,-3.699490485653257,10.770088510088826,0.0,-125.82094274551854,-7.3097711300468236,3.7399227404745172,0.0,-96.23686978970576,-42.27686453096683,2.739332925539129,0.0,-102.0261890270435,-38.571953039937554,3.2553953154257425,0.0,-138.62018690173946,-36.19202255779333,4.162616766195265,0.0
-79.78283946154119,-11.071823885595425,3.4324564828196884,0.0,-110.21767776706221,-3.6016851656456446,10.907379962135792,0.0,-125.82352624390855,-7.323665376652756,3.7360494614940887,0.0,-96.02772263299182,-42.62578670502717,2.665207310232775,0.0,-101.97882906053576,-38.5089928837651,3.293906566170657,0.0,-138.61045251075092,-36.181319331042545,4.153957216184196,0.0
-79.77365514492493,-11.069253134021784,3.4413661686593873,0.0,-109.56791157462716,-3.52356597914995,11.032557445980439,0.0,-125.81131973675905,-7.334082032218561,3.7339800220121813,0.0,-95.80785831824558,-43.052418802366205,2.607057367228702,0.0,-101.91947700012052,-38.42869710614443,3.3516979019135,0.0,-138.6026506419637,-36.172143908785046,4.137557805286969,0.0
-79.76030775769554,-11.066584983971183,3.4484287436843015,0.0,-108.90449757741794,-3.467031465168473,11.137002690320385,0.0,-125.78472992741754,-7.337447416404416,3.7341893659579917,0.0,-95.58916631817827,-43.564237926494215,2.5639395977484423,0.0,-101.85623977658014,-38.3447077365144,3.4168227541287113,0.0,-138.5967766484149,-36.165145635170546,4.116497127547818,0.0
-79.74500318726918,-11.061632538922781,3.4551283309590737,0.0,-108.22159421221632,-3.429914574503229,11.221016388473933,0.0,-125.74730192677377,-7.330864645505534,3.7364129170112648,0.0,-95.37302857889595,-44.16139781117537,2.5326236813872978,0.0,-101.7988200932111,-38.273696369981046,3.47526696888899,0.0,-138.59406750431828,-36.160973321673254,4.09225415823469,0.0
-79.73060970929563,-11.053078131977376,3.4626610405716747,0.0,-107.51433304255868,-3.4074492830958807,11.292555100012937,0.0,-125.70482541152998,-7.3137580279268475,3.739597634089453,0.0,-95.15052998169485,-44.83514119990368,2.51047795439443,0.0,-101.75471348643208,-38.2293198567904,3.5156664441434344,0.0,-138.59752202500923,-36.16030967176788,4.063332873169127,0.0
-79.71994205916488,-11.040311941779372,3.471801248063908,0.0,-106.78314626274624,-3.3942296337873312,11.36273451534702,0.0,-125.66386628692729,-7.288985109423511,3.7421191543302452,0.0,-94.9059576612255,-45.568390542812,2.497830133261914,0.0,-101.72673334940072,-38.21759338794953,3.532619587476873,0.0,-138.6156521018989,-36.165140191194055,4.019381283899902,0.0
-79.7152690673094,-11.023262949187307,3.483030837811027,0.0,-106.03621017762929,-3.385911686688029,11.440089449199135,0.0,-125.630170275912,-7.26252998826154,3.7422850182100564,0.0,-94.62157117692725,-46.33784363361518,2.498793991407293,0.0,-101.71268320794755,-38.23550194853321,3.5273262270653074,0.0,-138.64096697477464,-36.173914603949534,3.9819632483856378,0.0
-79.71789487742306,-11.002325302511977,3.4968055587710634,0.0,-105.28835416883335,-3.3801172556461268,11.526022397281576,0.0,-125.60722084289421,-7.2415650048455,3.739034329282811,0.0,-94.2817722666535,-47.11688191590423,2.5201421049758466,0.0,-101.70687245247682,-38.27277157634276,3.5058741719752415,0.0,-138.65060307593816,-36.177913444285025,3.9760586679872656,0.0
-79.72769972037926,-10.978312710220637,3.513689620412004,0.0,-104.55652617367079,-3.376487313081757,11.613199116140006,0.0,-125.59510190541198,-7.231576781176618,3.7326242163003425,0.0,-93.87561598031692,-47.878857946227804,2.5686245724807772,0.0,-101.70254921124892,-38.31555246218591,3.4764775805772548,0.0,-138.66000391068403,-36.18128204105195,3.971503195411012,0.0
-79.74284170868539,-10.952315753400628,3.5341988269491456,0.0,-103.85374051979001,-3.376287146175983,11.687291781834425,0.0,-125.58998263515146,-7.23387132331487,3.7249482194095638,0.0,-93.39767645543559,-48.600649917811126,2.647891203422322,0.0,-101.69421551645348,-38.35057773278667,3.4468883250985076,0.0,-138.66563130084515,-36.18325403618255,3.9684904812117487,0.0
-79.76002688337041,-10.925452151801752,3.5584659631192253,0.0,-103.18422027955792,-3.381951802065883,11.731133891168149,0.0,-125.58473393067113,-7.244754024222066,3.7191359832931727,0.0,-92.84786095227727,-49.266048024099,2.7564637633785303,0.0,-101.67906044476234,-38.36866877842749,3.422608458307563,0.0,-138.66503827913175,-36.18355181887588,3.9670707502437583,0.0
-79.77549424232814,-10.898635180387817,3.5859821683052484,0.0,-102.54179788625001,-3.3965711557172895,11.729591156079623,0.0,-125.57090564349882,-7.256959771052619,3.718420935889739,0.0,-92.23054923400866,-49.8676746215877,2.887595260992917,0.0,-101.65720048050095,-38.366829062042704,3.4060384688775738,0.0,-138.65773406528575,-36.18227612123405,3.9672699166564698,0.0
-79.78626275098611,-10.872472325337016,3.615565497478608,0.0,-101.91212645986253,-3.42307910453156,11.673378309429951,0.0,-125.54158853503787,-7.262845575213777,3.7247435477639126,0.0,-91.55309666786296,-50.406108214091745,3.0306969797062813,0.0,-101.63090036236525,-38.34849133177903,3.396465238900376,0.0,-138.64514427016474,-36.179722842191396,3.9690927979347848,0.0
-79.79083822786887,-10.847295598115267,3.6455363972628003,0.0,-101.27771400113768,-3.463145540875562,11.560490864853268,0.0,-125.4941549934053,-7.25807652067846,3.737736108004272,0.0,-90.82388134072549,-50.88624325479269,3.1733134425095013,0.0,-101.603320083495,-38.32186244548042,3.3907476508694767,0.0,-138.62984695944854,-36.17626651723201,3.9724345478846192,0.0
-79.7889405974744,-10.823252495890278,3.6739910861889165,0.0,-100.62378258403172,-3.516247360664085,11.394787832747607,0.0,-125.43190607307646,-7.244398338314385,3.754469283364225,0.0,-90.05043530395135,-51.312530539081656,3.3028095683542276,0.0,-101.57738312175796,-38.29681195265732,3.3845761788713666,0.0,-138.61456256508,-36.17230491972913,3.977065218380549,0.0
-79.78065536807189,-10.800384610447875,3.6990726789911648,0.0,-99.94280704345162,-3.579584486750605,11.182464697181228,0.0,-125.3640677471762,-7.2304609071507935,3.769971724333132,0.0,-89.23826871193967,-51.685330231144235,3.4075651503355466,0.0,-101.55504903939493,-38.281229752673624,3.3741024288900157,0.0,-138.60134854455825,-36.168180378875945,3.9827471961899548,0.0
-79.76592006657563,-10.778661508500637,3.7192171442457163,0.0,-99.23634359459666,-3.649108498373982,10.928187567262196,0.0,-125.3039956162432,-7.230202775943999,3.7784121705002303,0.0,-88.39067800258074,-51.999908764047625,3.4779442489883614,0.0,-101.53692953068784,-38.27802596051924,3.357493896005348,0.0,-138.59119458199103,-36.16403128967942,3.989364530807487,0.0
-79.74487481698452,-10.757990655954863,3.7334286655642863,0.0,-98.51399607083653,-3.721224803235561,10.632751303717173,0.0,-125.26574123564322,-7.258886215934169,3.77486737200436,0.0,-87.50938377590975,-52.24814944784383,3.507338989592606,0.0,-101.52218264284963,-38.28391549241215,3.3357376566473764,0.0,-138.58394849323403,-36.15963643157923,3.9968928823585266,0.0
-79.71870820452874,-10.73823248469142,3.741613460331095,0.0,-97.7904139602928,-3.7943005106641525,10.293119836196158,0.0,-125.25955408326705,-7.3275648656552494,3.757386451140885,0.0,-86.5955803114729,-52.4217147186466,3.4932534367406802,0.0,-101.5088759530007,-38.290760444001215,3.312112444120732,0.0,-138.5784193187446,-36.15439344742652,4.005159007013534,0.0
-79.69008875859815,-10.719199006624384,3.74485377027219,0.0,-97.08158199155737,-3.8692661076127717,9.904415313012521,0.0,-125.2876775148637,-7.437616241427492,3.728481457725758,0.0,-85.65100298144432,-52.51499029249384,3.4379929652634544,0.0,-101.4949934112235,-38.289262734319415,3.2904055817043716,0.0,-138.57263205924872,-36.147536977760055,4.01354074709103,0.0
-79.6625734035585,-10.700599459553898,3.745379671900409,0.0,-96.40137341032614,-3.9491467909404516,9.462749786564808,0.0,-125.34251832926581,-7.577779768448624,3.6948309783098026,0.0,-84.67877887234502,-52.526736637815155,3.3484176017258402,0.0,-101.47968686855968,-38.27334227271845,3.2728503272454894,0.0,-138.56434253949874,-36.1385501313279,4.020894011368663,0.0
-79.63925088437524,-10.68197212929003,3.7460685538247507,0.0,-95.75889482884719,-4.037875810414125,8.96783108956038,0.0,-125.40886595033412,-7.726179653660742,3.664754389845731,0.0,-83.68392484677209,-52.4603097902793,3.234552884969945,0.0,-101.46385271352314,-38.24279089995234,3.259030579946435,0.0,-138.55181184991082,-36.12754264493606,4.025891067303949,0.0
-79.62153427960085,-10.662709386756868,3.749561430033898,0.0,-95.15695339883517,-4.13897697414151,8.424544643913775,0.0,-125.46973837335852,-7.857821825730477,3.6447289494416797,0.0,-82.67336381580603,-52.32292491925237,3.107401885183508,0.0,-101.44948874956172,-38.20284224066481,3.2462967657475836,0.0,-138.53456267411778,-36.11532341553506,4.027620218659504,0.0
-79.60887976815279,-10.6422462963162,3.757346059072505,0.0,-94.59195528751891,-4.254686476593092,7.843007452327417,0.0,-125.51273937742566,-7.954015351603467,3.6371962544184946,0.0,-81.65536298912889,-52.124542316020886,2.976701212793868,0.0,-101.43828777323871,-38.161355050544856,3.2312585773186715,0.0,-138.51372232480182,-36.10307166074398,4.026048938893734,0.0
-79.59948680909679,-10.620376514740865,3.769248789784516,0.0,-94.05541780040679,-4.385875801950293,7.2371156648093375,0.0,-125.53295927846226,-8.007459568282897,3.6408668152450137,0.0,-80.63848298674449,-51.876724036467614,2.8494239021969836,0.0,-101.43046096928103,-38.12550795991175,3.211436171479006,0.0,-138.49173077770294,-36.091768590281774,4.022056182460551,0.0
-79.59142945839177,-10.597548334128469,3.783646124844477,0.0,-93.53690391957022,-4.532713555046469,6.622308801221707,0.0,-125.53088878049736,-8.019510036026517,3.652784274167109,0.0,-79.63041554739948,-51.59152413847183,2.7295519172167655,0.0,-101.42445673506106,-38.09957461325501,3.1862791031656172,0.0,-138.4715008370653,-36.08169006369515,4.017049270052512,0.0
-79.58356481992114,-10.574904608129371,3.7983801761319196,0.0,-93.02763245166274,-4.6954884188816886,6.013593027901643,0.0,-125.50787462930766,-7.993082680968001,3.6704568369474906,0.0,-78.63721810191218,-51.28038299741305,2.6191082768113,0.0,-101.4175843134655,-38.08430722200002,3.157236044990322,0.0,-138.45536592317023,-36.07224036752365,4.0124072252811676,0.0
-79.57584210550523,-10.55385627434526,3.811949519697494,0.0,-92.52356052031116,-4.874767667944489,5.424477604239322,0.0,-125.46357056277265,-7.9286951701292,3.69275294205236,0.0,-77.6632278148579,-50.95310944529868,2.5198534884926573,0.0,-101.40711369849379,-38.07763604170919,3.127039390350502,0.0,-138.44422933072266,-36.06227285103361,4.009045761464462,0.0
-79.56902711354104,-10.535263751044866,3.824286839094297,0.0,-92.02673936511363,-5.070389899524099,4.866800375072681,0.0,-125.39758247084382,-7.8274599464779016,3.7193273227504644,0.0,-76.71151852813826,-50.61714434838668,2.434717485011566,0.0,-101.39132558838023,-38.07606872948301,3.09861923814851,0.0,-138.43722193294047,-36.05081920104621,4.007311754455731,0.0
-79.56413668178905,-10.518732030572272,3.8366099823355206,0.0,-91.54434109742202,-5.279627365914731,4.351028408053811,0.0,-125.3132888195615,-7.697240641989719,3.749328554695074,0.0,-75.78449925465908,-50.27726450361321,2.36818852889823,0.0,-101.37011541329032,-38.07617842246224,3.074090863580036,0.0,-138.43195205459827,-36.03790978282525,4.007215482613139,0.0
-79.56189633287865,-10.502631960555437,3.850452794064239,0.0,-91.08575835736708,-5.49564024238317,3.8865984717169857,0.0,-125.2198571769526,-7.554948994615592,3.7804559715022403,0.0,-74.88427481904974,-49.935763259745755,2.3254599144069115,0.0,-101.34497196734782,-38.07569823815439,3.054180616208395,0.0,-138.42520000806493,-36.02506035851346,4.00877821573185,0.0
-79.56233969860095,-10.484939532844797,3.8665687884814517,0.0,-90.65921837899057,-5.707182323795089,3.4821317748053673,0.0,-125.13030518522135,-7.422052807143036,3.809130492045332,0.0,-74.01261116552227,-49.59297597069082,2.3108245288216143,0.0,-101.31837377394442,-38.07394305700089,3.038260068011068,0.0,-138.41377348547738,-36.01510888044098,4.012164488171406,0.0
-79.56451444605868,-10.464264492801076,3.88441903420906,0.0,-90.2705317510655,-5.8972037636881085,3.148328406816777,0.0,-125.05679936372943,-7.3166119321031955,3.831805568954959,0.0,-73.17067178470181,-49.24777060618095,2.326226455215158,0.0,-101.29286434464099,-38.07157072679809,3.024864288201453,0.0,-138.39525118358125,-36.011338265741955,4.01738168131879,0.0
-79.56633914838804,-10.440292755875392,3.902444818293528,0.0,-89.9260886523479,-6.077801207959226,2.8807540737739536,0.0,-125.00622696770726,-7.247295980108778,3.84653023621901,0.0,-72.35885744363544,-48.897602396756504,2.370632730361198,0.0,-101.27022019223352,-38.069958999360836,3.0123732889493446,0.0,-138.36845610595887,-36.01608864709182,4.023602330626376,0.0
-79.56485476947815,-10.41343412760377,3.9187937541890427,0.0,-89.61041644724688,-6.233473747090265,2.6600386309386126,0.0,-124.97844052342519,-7.212278218175948,3.853631457937283,0.0,-71.57681081434689,-48.53826000926992,2.440062964461763,0.0,-101.2510680947767,-38.07052965630716,2.9995688030547694,0.0,-138.33361738795068,-36.02928713336476,4.028436483947377,0.0
-79.55710506784915,-10.384095519875563,3.9319937051323173,0.0,-89.32519355732265,-6.3431986193969365,2.495123299558278,0.0,-124.96762545210623,-7.202344173904128,3.8551967349923135,0.0,-70.82338642760723,-48.16382515094566,2.527723290978793,0.0,-101.23502805292864,-38.07420582752236,2.985937400442401,0.0,-138.29225385075256,-36.04749400527307,4.027631851843717,0.0
-79.54149531705873,-10.352139331628189,3.941268525789493,0.0,-89.07174579462891,-6.407288248629473,2.3782418513936365,0.0,-124.96559715876009,-7.205744534846512,3.8540208389182524,0.0,-70.09658118162338,-47.76707944584635,2.6241002402302502,0.0,-101.22117004478581,-38.08104786812219,2.9717124505181776,0.0,-138.24685389451076,-36.06412246044071,4.015673197399792,0.0
-79.51898137595829,-10.316850741318886,3.946545295732097,0.0,-88.85214133095573,-6.429474399115389,2.3001771869225927,0.0,-124.96525926576315,-7.2123906551385435,3.85282640624631,0.0,-69.39364632939146,-47.34020211230233,2.7172859380890575,0.0,-101.20848335307664,-38.090103282329615,2.957690742590364,0.0,-138.2004282493533,-36.071318945987684,3.9875739343002916,0.0
-79.49330161507496,-10.27745384560337,3.9484083143631192,0.0,-88.66775720310292,-6.416420561201693,2.2518492736512696,0.0,-124.96281813243814,-7.216040897066904,3.853947518279794,0.0,-68.71153816782628,-46.87550909840026,2.7938540518737405,0.0,-101.1961703651491,-38.09953953571061,2.9448850397183364,0.0,-138.1559804350629,-36.063499589456036,3.941749039701394,0.0
-79.46987208384732,-10.233951792212501,3.9481477249985364,0.0,-88.51787325615854,-6.377137953033627,2.2255138626806366,0.0,-124.95815770795986,-7.214363647160965,3.8591157012122075,0.0,-68.04768226076713,-46.366078910359235,2.8404479997092356,0.0,-101.18374874005048,-38.10707639681143,2.934121996832573,0.0,-138.11594051821166,-36.0417438808911,3.883226672554912,0.0
-79.45368455906458,-10.187824949684556,3.9477977554933403,0.0,-88.39907296573121,-6.322228394556985,2.215376686999054,0.0,-124.95360847925073,-7.207648220995984,3.8690558357469396,0.0,-67.40088485757045,-45.80629108608012,2.8459909348035275,0.0,-101.17103662906129,-38.11060810876901,2.9257244791926222,0.0,-138.0816489649105,-36.0173814524915,3.8258229541123328,0.0
-79.4471617049235,-10.142086967585334,3.949958829672422,0.0,-88.30573100416659,-6.26296924433216,2.2176211848604668,0.0,-124.95196547256474,-7.1972141135942795,3.8830553364972733,0.0,-66.77216277161999,-45.192493094982694,2.8041583661363845,0.0,-101.1580776017905,-38.10881366549026,2.919372963542699,0.0,-138.0529302850888,-36.01265660971216,3.7917038468326805,0.0
-79.4490768836972,-10.1005079369347,3.957312786104806,0.0,-88.24136470340245,-6.245125752269665,2.2219192304303608,0.0,-124.95483863681103,-7.18430463598153,3.898937482030057,0.0,-66.16534816178002,-44.52404937051645,2.7156003731635625,0.0,-101.14502580582567,-38.10155750713131,2.914154812869892,0.0,-138.02763919160572,-36.05683898858773,3.8073013562198863,0.0
-79.45519061249236,-10.066294936825324,3.971907431477069,0.0,-88.20754591216763,-6.253827405402173,2.253602551272383,0.0,-124.96207646927422,-7.1697332774828855,3.913675763838654,0.0,-65.58767802482143,-43.80471439667895,2.589514021598589,0.0,-101.13203270992743,-38.08995966608118,2.90876894650526,0.0,-138.0011004913594,-36.17771203103731,3.89573869687308,0.0
-79.4603803024973,-10.040841444057763,3.9944084709423393,0.0,-88.19171083151906,-6.280593602004788,2.3062923171923053,0.0,-124.97223767811258,-7.154103364965727,3.9244390045579127,0.0,-65.05040030007552,-43.044206285784846,2.4440615340714,0.0,-101.11919802844636,-38.07611648681447,2.9018639208714063,0.0,-137.96587490503242,-36.390603946236205,4.067383216213987,0.0
-79.46122064758333,-10.023146478614438,4.023611852361423,0.0,-88.19224564977891,-6.327399004562179,2.3738516016158124,0.0,-124.98346402235731,-7.138218299704318,3.929552643868302,0.0,-64.56373385595145,-42.2634983720762,2.301293982626154,0.0,-101.106582651311,-38.06255220628778,2.8924690132731374,0.0,-137.91287328221455,-36.689241932585006,4.311680288279906,0.0
-79.4576865385056,-10.010201816285301,4.056518798920285,0.0,-88.20824003727364,-6.387773328746331,2.447680033984417,0.0,-124.99408519011193,-7.12333331870051,3.92891768363428,0.0,-64.12973970187231,-41.498441441282324,2.1790368692238076,0.0,-101.09418915114999,-38.0515683292346,2.8803946382158205,0.0,-137.83444569421005,-37.04356737115912,4.594840490319919,0.0
-79.45306283631129,-9.998163872099916,4.0890802108479765,0.0,-88.23849342976361,-6.451482739229854,2.516163316940446,0.0,-125.00274236798104,-7.111069885654286,3.9237596806294945,0.0,-63.74951725889427,-40.78958219008371,2.091939619585469,0.0,-101.08184481533802,-38.0447141923507,2.866409703168946,0.0,-137.7281556072489,-37.40773359608098,4.867938102588691,0.0
-79.45201913391831,-9.98367862680986,4.117368013785725,0.0,-88.28062052580327,-6.508038757402934,2.567626772776939,0.0,-125.00825908114444,-7.103013358281585,3.91592896280795,0.0,-63.42572608166863,-40.17411649474273,2.049604599375783,0.0,-101.0690788225094,-38.042575344763506,2.852055086362313,0.0,-137.5981587305584,-37.73641191232286,5.086090092643878,0.0
-79.45771897083847,-9.964668980120422,4.138719740984149,0.0,-88.33083239333435,-6.549611937547851,2.5944952682443496,0.0,-125.0095641597507,-7.100166049111267,3.9071285465952457,0.0,-63.16070176506611,-39.679637344417145,2.0533092716085655,0.0,-101.05517840434909,-38.04492881111953,2.8391238969943657,0.0,-137.45238008471992,-38.002223933769706,5.231872174613203,0.0
-79.46938963494985,-9.940358443036626,4.152573519244216,0.0,-88.3842293664585,-6.57250709017789,2.5963541353003574,0.0,-125.0057523581697,-7.102492948909955,3.8983834802669293,0.0,-62.9550519408117,-39.318359118921784,2.0955510446374195,0.0,-101.0394940660768,-38.05111733711855,2.829015464110702,0.0,-137.29764289590364,-38.206011908569614,5.33081024348256,0.0
-79.48169598137778,-9.910880103826177,4.1608013590348865,0.0,-88.43523638385321,-6.577070223947523,2.5801904683670607,0.0,-124.99619179992845,-7.108767108598107,3.889907900877791,0.0,-62.80665668851572,-39.084665014887534,2.1623704095308955,0.0,-101.02183789742051,-38.06040001876242,2.8222366329143362,0.0,-137.13664994721194,-38.37521972599658,5.449424204368138,0.0
-79.48652386936105,-9.87701991011839,4.1663844325520465,0.0,-88.47818902655631,-6.566568823271982,2.557643007340374,0.0,-124.98062752394011,-7.1168042227430846,3.8813722203109524,0.0,-62.71004353791636,-38.957421975226204,2.2375712525258074,0.0,-101.00269776182964,-38.07212162778419,2.8182560680237163,0.0,-136.9678693378409,-38.550726127429144,5.675275932375527,0.0
-79.47647548304187,-9.840312530413112,4.170263112224092,0.0,-88.50830464785474,-6.545773759851871,2.5405721660968137,0.0,-124.9593200213993,-7.124013787028083,3.872425675507227,0.0,-62.6563500346746,-38.90625654397715,2.3074275177187538,0.0,-100.98307716783621,-38.08572063140272,2.81576436242616,0.0,-136.78624045066653,-38.76717945832433,6.087011053355334,0.0
-79.44795576966142,-9.802895917968259,4.171497192002759,0.0,-88.52288255764022,-6.519762269947455,2.5369500507924307,0.0,-124.93320627331174,-7.128065762155682,3.8632070620633723,0.0,-62.63407448142867,-38.89933872298478,2.3642599984462898,0.0,-100.96399690109088,-38.100698080341,2.8132154138649472,0.0,-136.58345625531348,-39.03549562761181,6.725634423884743,0.0
-79.40220925353617,-9.766687923196555,4.170754810308969,0.0,-88.52206399514726,-6.4931028793818895,2.548756347174548,0.0,-124.90394519508635,-7.127440098461735,3.854568699983359,0.0,-62.63060152635796,-38.909950537285944,2.407669063342327,0.0,-100.94590972484743,-38.11661030669019,2.809381016388304,0.0,-136.34923516785415,-39.33654462824051,7.576674103572552,0.0
-79.34436128128047,-9.732565779234701,4.170667081649016,0.0,-88.50857434647742,-6.469332709704325,2.572484543030333,0.0,-124.87369015383987,-7.121696314678115,3.8478882937533836,0.0,-62.634113980531964,-38.92011603050308,2.443118855163503,0.0,-100.9283615828524,-38.133012064927705,2.8036332669148774,0.0,-136.07475266689497,-39.630179293466284,8.569745924904389,0.0
-79.28123725373186,-9.70014751457845,4.173345083681218,0.0,-88.4865325647076,-6.450616829452924,2.6016164213768427,0.0,-124.8445731845003,-7.111423478477832,3.8445564192717807,0.0,-62.635265565360875,-38.92102975011762,2.4786058036217984,0.0,-100.91014496555017,-38.149241751726294,2.795846258578978,0.0,-135.75608475289894,-39.874927028671266,9.597515474489423,0.0
-79.2191369232272,-9.668226962221908,4.178495911998349,0.0,-88.45998108485746,-6.437590605045627,2.629657030851753,0.0,-124.81808733095568,-7.0979415577086655,3.8453705782975423,0.0,-62.628152726718135,-38.911145645207846,2.5208611023861085,0.0,-100.88996495950694,-38.16408709114843,2.7860786876683576,0.0,-135.3938329199988,-40.04667753064021,10.547926315515008,0.0
-79.16257720333834,-9.63561618345253,4.183480538031068,0.0,-88.43182977343507,-6.429459455372953,2.6523416422123933,0.0,-124.79465972445709,-7.08288420226569,3.8500982222608666,0.0,-62.610488325543194,-38.89324000092346,2.5726188668172334,0.0,-100.86735473496738,-38.175571877659124,2.7743322786044136,0.0,-134.98829362403373,-40.14621431470311,11.335710066116555,0.0
-79.11416456803312,-9.60194455995989,4.18479093805899,0.0,-88.40354832222566,-6.424398388112156,2.668294516442346,0.0,-124.77363851862171,-7.067805906137834,3.8574183720850304,0.0,-62.58311592748651,-38.87159643003957,2.63192327486826,0.0,-100.84337287238353,-38.181153776590044,2.7605712017213424,0.0,-134.53428853303453,-40.19433953916362,11.920064207585263,0.0
-79.07503783731764,-9.56796540052278,4.179804725014186,0.0,-88.3755165449293,-6.420184452668601,2.6783083767287916,0.0,-124.75371528781217,-7.053936091964051,3.865313124560382,0.0,-62.54906886165983,-38.849975089537644,2.6934994473698985,0.0,-100.82063983966287,-38.17844532440491,2.7449638396710068,0.0,-134.0203380164735,-40.22065232355779,12.304662835589117,0.0
-79.04523832627191,-9.535204141976937,4.167922146697174,0.0,-88.34766112625387,-6.414866374684353,2.6840309022904965,0.0,-124.73357094484255,-7.042133106461916,3.8717551315611303,0.0,-62.51241023295552,-38.830571258903724,2.751279338262975,0.0,-100.80255510260882,-38.166277357662715,2.728155500173621,0.0,-133.39527042982542,-40.224712825408545,12.517734964788188,0.0
-79.02374337716084,-9.505170967741945,4.150752712047934,0.0,-88.31995479825714,-6.407223465003057,2.686899877879851,0.0,-124.7123956594518,-7.032968250246675,3.875348063975901,0.0,-62.47712620795843,-38.81388645813887,2.800740904370679,0.0,-100.79193979321973,-38.14569023934801,2.7113579863456163,0.0,-132.68791951956166,-40.25076611146008,12.631198577123998,0.0
-79.00832679405633,-9.478603024181261,4.131470035428185,0.0,-88.29253652572731,-6.3968817134908456,2.6877528165745,0.0,-124.69002648700008,-7.026771513728901,3.875613983518509,0.0,-62.4463126712247,-38.79925622877769,2.840061407844864,0.0,-100.78966862093415,-38.12036389616109,2.6961224463536357,0.0,-131.90090316376617,-40.30650180079783,12.680242793450919,0.0
-78.99558768460375,-9.455153891153177,4.1136968433321215,0.0,-88.26551221851332,-6.3841791195934,2.6870201044660593,0.0,-124.6667435276843,-7.0235151540105125,3.872884114977156,0.0,-62.42176340959803,-38.78565518107143,2.8699258871435163,0.0,-100.793934583928,-38.09609690645828,2.683829767423056,0.0,-131.04324963667153,-40.38701885278799,12.689845670014364,0.0
-78.98136650982819,-9.433653070651474,4.100399095331596,0.0,-88.2387055920563,-6.369996131863435,2.6851207962841652,0.0,-124.64300329406316,-7.0226032700495065,3.867985612573449,0.0,-62.403905983788846,-38.77239780024692,2.8925246621083573,0.0,-100.80055742615176,-38.07925384521632,2.6751286432622496,0.0,-130.1285715344236,-40.48009549044894,12.665693466152636,0.0
-78.96150139677361,-9.412723798508402,4.09321296872111,0.0,-88.21161862535976,-6.355669872392406,2.682688051424826,0.0,-124.61933639141436,-7.022800076690897,3.8619127602328884,0.0,-62.39196176380562,-38.75948536014599,2.9104503305831777,0.0,-100.80426430423434,-38.07464462972409,2.6696231420988354,0.0,-129.1696799967827,-40.57072584976423,12.598260462218555,0.0
-78.9326598301299,-9.391393163213738,4.09235119534007,0.0,-88.18369206152126,-6.342912523906175,2.680445848370871,0.0,-124.59637413134445,-7.022478060611601,3.855502761850916,0.0,-62.3842501891458,-38.74753251470693,2.925980814482582,0.0,-100.80039855157578,-38.083805851820635,2.6659780546292637,0.0,-128.17500642975838,-40.645574811129116,12.471757956826256,0.0
-78.89290900935474,-9.369413463272984,4.096936667236742,0.0,-88.15477713522377,-6.333564769063377,2.6788155707653853,0.0,-124.5747868997309,-7.020125178180016,3.8490606534019953,0.0,-62.378595030654154,-38.73737804887527,2.9408712790832823,0.0,-100.78634795152885,-38.10459919172713,2.6623935887318524,0.0,-127.1474492696641,-40.6956355337996,12.273480817320381,0.0
-78.84177455758392,-9.347222242212716,4.1055304581325895,0.0,-88.12560775577545,-6.329101931811417,2.677534457057048,0.0,-124.55501251609813,-7.014840065571657,3.8420219904778836,0.0,-62.372763221489045,-38.7296041991076,2.956473082953721,0.0,-100.76217988398386,-38.13230627170981,2.657254510770736,0.0,-126.08560709804239,-40.71671227342223,12.000247260872486,0.0
-78.7797407462109,-9.325639483468919,4.116713315915343,0.0,-88.0979996958988,-6.329979447940991,2.675592200607266,0.0,-124.53693274990364,-7.006544039513301,3.8329415831675178,0.0,-62.364839046529575,-38.72421721791763,2.9738763221127833,0.0,-100.73032985281034,-38.16155081468392,2.6497009813540995,0.0,-124.98657054485423,-40.70827855832408,11.660406069097952,0.0
-78.70738075670205,-9.305449996499748,4.129659107813119,0.0,-88.07455046333274,-6.335047892847635,2.6716058893465657,0.0,-124.51981565091143,-6.995832445642693,3.8200614413305907,0.0,-62.35346677779495,-38.720655186878616,2.9938690999692668,0.0,-100.69452645264317,-38.188067340587345,2.639884602801539,0.0,-123.84905382012653,-40.67155760839451,11.271759130562963,0.0
-78.62446965981425,-9.286968845374457,4.1446615591094496,0.0,-88.0578195501559,-6.34133707399543,2.664487752276786,0.0,-124.50267672781501,-6.98361590405303,3.8023523660706235,0.0,-62.3379661870724,-38.718103079830165,3.0167518201162906,0.0,-100.65839176469636,-38.209654267455534,2.6287908014614434,0.0,-122.67580020195558,-40.607570368019665,10.857080866104976,0.0
-78.52945522759141,-9.269622610653357,4.163571689646556,0.0,-88.04925367497144,-6.344469200645456,2.6540899631836634,0.0,-124.48485386691395,-6.970792899205205,3.7804798629290968,0.0,-62.31835825251899,-38.715908813185415,3.0422409096447396,0.0,-100.6242886259467,-38.22619556505445,2.6176944062211067,0.0,-121.47474904073651,-40.51579448256581,10.439260693987546,0.0
-78.41953320344443,-9.25156977824069,4.190051906164433,0.0,-88.04831552268465,-6.339780771067454,2.641510383131676,0.0,-124.466363913213,-6.958103013332958,3.7569975500032697,0.0,-62.29529263654735,-38.71385515160412,3.0696426259955008,0.0,-100.59290112613401,-38.239004544906926,2.6074676084995083,0.0,-120.25895621517937,-40.39397795874987,10.037442455847705,0.0
-78.29134093518337,-9.229413861285217,4.229474381724229,0.0,-88.05225248280813,-6.323932224242165,2.6288843665275152,0.0,-124.44771909499755,-6.9461495329810194,3.73544028097154,0.0,-62.2698437759433,-38.712174099049406,3.0982365638453597,0.0,-100.56369252340387,-38.24985409121424,2.5980272602492676,0.0,-119.04534287966554,-40.23925049436612,9.664502322092746,0.0
-78.14204567056908,-9.198051971512356,4.28830048044161,0.0,-88.05668917136143,-6.296454928684997,2.618710549710693,0.0,-124.4292872472825,-6.9354824399052,3.7187005293650586,0.0,-62.24321611623441,-38.711354999204836,3.1276378768399713,0.0,-100.53591931883757,-38.26004908221907,2.588188808370374,0.0,-117.85220877182915,-40.04992220309866,9.325642444811178,0.0
-77.97049016272955,-9.150638928701614,4.372955688001607,0.0,-88.05685944377709,-6.260480528952994,2.612979463015158,0.0,-124.41071006684267,-6.9266182621227195,3.7076056224385727,0.0,-62.2164602673433,-38.71187833652014,3.1579141315556924,0.0,-100.50955838796312,-38.26986046429337,2.576060200643596,0.0,-116.69571301786007,-39.82676176642815,9.018047898274945,0.0
-77.77809809104954,-9.078658735254855,4.4884567274026015,0.0,-88.04901676816777,-6.22204101524768,2.612479635580513,0.0,-124.39094730240248,-6.9199186295300565,3.7005346900191753,0.0,-62.19025847911859,-38.71400184201382,3.189357327322103,0.0,-100.48554841766192,-38.27854509266625,2.5598719106532766,0.0,-115.5863426166654,-39.57277417820141,8.73187713388359,0.0
-77.56927193713301,-8.972254324074505,4.637135315554831,0.0,-88.03151342832919,-6.187968965637978,2.616572910530964,0.0,-124.36902155197558,-6.91535628811165,3.694275760404471,0.0,-62.16478050508131,-38.71767516224902,3.221998743840702,0.0,-100.46516892475947,-38.28496276522221,2.538917482248662,0.0,-114.52697358930311,-39.29155943176651,8.452698492543856,0.0
-77.35091544357539,-8.82108468797885,4.817713489157006,0.0,-88.00518873758813,-6.163302961438335,2.623495510051921,0.0,-124.34490318356126,-6.912316880311277,3.6855936958939797,0.0,-62.13963824019604,-38.72258778020618,3.2551412850109678,0.0,-100.44894281521283,-38.28848834854322,2.514192683230446,0.0,-113.51370658150311,-38.98539223188038,8.164966739498912,0.0
-77.13069227881205,-8.615789335235462,5.024962659063004,0.0,-87.97296444865219,-6.149527655583183,2.6309978618450067,0.0,-124.31984135661688,-6.909611926420205,3.6726411793026266,0.0,-62.114019519692235,-38.72828251214453,3.2872501693799165,0.0,-100.4357914959753,-38.289669331032506,2.488391793816948,0.0,-112.53945127960785,-38.654425877174894,7.855766963808893,0.0
-76.91401561772498,-8.349677525353734,5.2503106769155,0.0,-87.93883310174444,-6.144504540868379,2.6370434477725553,0.0,-124.29593805250741,-6.905778942262867,3.655559114288323,0.0,-62.08703088633225,-38.734236986373226,3.316380083534023,0.0,-100.42304894758132,-38.290152092211954,2.46513571130647,0.0,-111.5990447862064,-38.297863041572455,7.517986246372319,0.0
-76.70054701458399,-8.019884496064737,5.483737885600256,0.0,-87.90662029976639,-6.143927073553826,2.6403624166514454,0.0,-124.27534827341724,-6.899590668339738,3.636155235670868,0.0,-62.05813914417,-38.739863051970374,3.340981989011082,0.0,-100.40741647375472,-38.291875303053295,2.4476451014794396,0.0,-110.69401479367313,-37.916971199328586,7.152134676010805,0.0
-76.48179902679496,-7.627329114938719,5.71685035991651,0.0,-87.87891403427965,-6.143351793172833,2.6407610451790564,0.0,-124.25963040502609,-6.8905803220192805,3.617025363882135,0.0,-62.02751713675861,-38.74447047550018,3.360666770948992,0.0,-100.38635353232183,-38.29609365026064,2.437407645431298,0.0,-109.83506122320357,-37.51876838521633,6.766225559328207,0.0
-76.24175104281082,-7.175494540138164,5.946298355885368,0.0,-87.85644120776419,-6.139771515624809,2.6391291466651126,0.0,-124.24944083633336,-6.879367600609403,3.600611981938016,0.0,-61.99612934621819,-38.747304994374815,3.3764992419738107,0.0,-100.35913197397082,-38.302916519434575,2.4335096070815663,0.0,-109.04099483253653,-37.118378205233306,6.3736757643117965,0.0
-75.96163661518311,-6.66902392259801,6.176118821920392,0.0,-87.83803997279549,-6.1321711906045735,2.6371186246693856,0.0,-124.24438722792115,-6.867641695425267,3.588489191778219,0.0,-61.965482995098476,-38.74773945512376,3.3906379884499156,0.0,-100.32702232112341,-38.31158159013487,2.433016444565853,0.0,-108.33421553657736,-36.7381063359265,5.990105245369611,0.0
-75.62799544844403,-6.113607258071781,6.417489586757846,0.0,-87.8212364272054,-6.121126599896451,2.6365568258722707,0.0,-124.24284639714786,-6.857776594927816,3.5809073860103613,0.0,-61.9370958570882,-38.74558168764743,3.4054795639084627,0.0,-100.29267179311256,-38.32112815439409,2.432161183159325,0.0,-107.73439460176995,-36.402795253992295,5.630522679225473,0.0
-75.24044989339087,-5.517885779077643,6.685068840317433,0.0,-87.80325014249026,-6.107926719618742,2.6387779124327935,0.0,-124.24190335721332,-6.8521664292628905,3.5766071757453215,0.0,-61.9118827594208,-38.74133966859984,3.422732322135932,0.0,-100.25917266835313,-38.33095980720812,2.4276495115605314,0.0,-107.25287934645573,-36.133284164639186,5.30781237653761,0.0
-74.81439354807661,-4.896235587378849,6.990571987090924,0.0,-87.78207146575878,-6.0937746954701275,2.6441216891349644,0.0,-124.2378293954324,-6.852455846928159,3.573065007619924,0.0,-61.88974950060264,-38.736252145635355,3.4428702548792174,0.0,-100.22926165637021,-38.340992866688126,2.4175065498161743,0.0,-106.88974727293431,-35.94092634943542,5.031999442866251,0.0
-74.37567720156429,-4.2696983134062645,7.336041439242523,0.0,-87.75719696208829,-6.079404458479637,2.65180544885313,0.0,-124.22729008514669,-6.858907955022864,3.5673311144960635,0.0,-61.869602090587165,-38.73201223285582,3.465157584153898,0.0,-100.20477619533642,-38.35143584937129,2.401313983001401,0.0,-106.633945207399,-35.8251616236205,4.809108783591993,0.0
-73.94898980984212,-3.6628024553936833,7.710344879360417,0.0,-87.7297440637142,-6.065137009187715,2.660221908975112,0.0,-124.20885844382698,-6.870171640640709,3.5572778524462247,0.0,-61.849764927808934,-38.730310169040656,3.488087726743972,0.0,-100.18633769988743,-38.36245490730559,2.380006288438679,0.0,-106.46586176987653,-35.77441570474046,4.639456961210234,0.0
-73.54578239133753,-3.0968109580737666,8.091466508645855,0.0,-87.70193069086959,-6.051185741188577,2.6675251046920856,0.0,-124.18394500070363,-6.883608505935249,3.542644529700654,0.0,-61.82861280169318,-38.73241684708428,3.5099359295103127,0.0,-100.17329264781287,-38.37394267943092,2.3554761169885214,0.0,-106.36143115793327,-35.769630217408654,4.5166861538062495,0.0
-73.15794479028438,-2.5827819403152774,8.45400069876768,0.0,-87.67617511708045,-6.037968469763509,2.672242886674063,0.0,-124.156437581136,-6.896099408343314,3.5252272566132064,0.0,-61.80515963086695,-38.73894245830066,3.529225412074421,0.0,-100.16399991171207,-38.38545967602895,2.330141990463801,0.0,-106.29681831798496,-35.7893635307434,4.428942446124687,0.0
-72.75981197382521,-2.1181723859901465,8.778160512371073,0.0,-87.65422369398306,-6.026249386904424,2.6736671641574485,0.0,-124.13113486833643,-6.904997114321164,3.508066320836326,0.0,-61.77939162694764,-38.74975750679932,3.54504590544256,0.0,-100.15645767325577,-38.396321333676646,2.3064937631882803,0.0,-106.25253602043816,-35.81498294431337,4.362202005526015,0.0
-72.31650621237924,-1.6885815334212073,9.056170230758504,0.0,-87.63666426198067,-6.017059584392591,2.6719008600928955,0.0,-124.11184513269134,-6.908821924302501,3.494111150926905,0.0,-61.75223813195838,-38.76401150145937,3.5572085555095434,0.0,-100.14907243971568,-38.40579323612197,2.286588383143693,0.0,-106.21587925100783,-35.83429750473432,4.304272749919903,0.0
-71.79425365395696,-1.2736766442499543,9.294014947819624,0.0,-87.62295203107544,-6.011476265013497,2.6676018843304803,0.0,-124.10014162877118,-6.90748015523956,3.485078206965909,0.0,-61.72521075998393,-38.780240110098504,3.5662266312938815,0.0,-100.14124252997361,-38.413368438139045,2.2715557621258835,0.0,-106.1811341342605,-35.84261013848143,4.247623550448461,0.0
-71.16881611423318,-0.8548241284225497,9.508916673657783,0.0,-87.61180847440323,-6.010389462839468,2.661583378551951,0.0,-124.09519943873605,-6.902059620781393,3.4809723197835964,0.0,-61.69987010052481,-38.796609318485686,3.573156435125547,0.0,-100.13346424167577,-38.41907102880451,2.2612923902654956,0.0,-106.1478765128273,-35.84133130021591,4.1900185853853795,0.0
-70.4301582739755,-0.4216306766741269,9.724061893578522,0.0,-87.60171339652655,-6.0143094185438555,2.654468893031412,0.0,-124.09448452100322,-6.894402049941263,3.480322510897347,0.0,-61.67734040212978,-38.81132071434227,3.579386838017234,0.0,-100.12687470417056,-38.423676757210025,2.25451564035909,0.0,-106.11832019623384,-35.835219505954555,4.133187658263823,0.0
-69.58325478942649,0.024743468095522303,9.962228081404618,0.0,-87.59125279328642,-6.0231737712483975,2.6465517897571527,0.0,-124.09479208991442,-6.886623904254613,3.4808908971598953,0.0,-61.65804643554336,-38.82310646352347,3.586446608332528,0.0,-100.12244481293871,-38.42875459620404,2.249165584736703,0.0,-106.09481299693294,-35.82954333198384,4.080557411008726,0.0
-68.64578711518246,0.47228800481864486,10.239842167454759,0.0,-87.5792481302329,-6.03613293225831,2.6378921699093105,0.0,-124.09318420748968,-6.8806665829549685,3.4805050379841376,0.0,-61.64171912820463,-38.83165112134631,3.595813598975642,0.0,-100.12026055058409,-38.43651234795843,2.2429222986460964,0.0,-106.07826669667779,-35.82809647349294,4.03513182267414,0.0
-67.64365063326622,0.9021390816222921,10.562908595230367,0.0,-87.56475488571361,-6.051398400851349,2.62856081994393,0.0,-124.0875437456027,-6.877908093606171,3.477667326885454,0.0,-61.627594243277336,-38.83776494704303,3.608661945685716,0.0,-100.11929651433437,-38.44945098834264,2.2335884172677734,0.0,-106.06777962793666,-35.832405103315885,3.9982255971537963,0.0
-66.60526410741397,1.2940937155365884,10.925890943700123,0.0,-87.54708018650699,-6.066304825375632,2.618870327088459,0.0,-124.0766907849831,-6.878878182085773,3.4717154329816697,0.0,-61.61468197070714,-38.843219630744045,3.6255389905025766,0.0,-100.11780373753166,-38.46979225425722,2.2192818024975356,0.0,-106.0612002194271,-35.841952239052986,3.969260877582684,0.0
-65.55590647053157,1.6316332230961903,11.313812767385166,0.0,-87.52591126064206,-6.077702023613525,2.609450016451298,0.0,-124.06025789290892,-6.883142784291393,3.4625788011113343,0.0,-61.60200900671946,-38.850288316312195,3.646081813197796,0.0,-100.11411671605264,-38.49869324939765,2.1985676178301947,0.0,-106.0560763022277,-35.854961311300336,3.946415998730263,0.0
-64.51350709708919,1.9049639185617373,11.706742598551797,0.0,-87.5015247751782,-6.082680366721816,2.6011097254969506,0.0,-124.03862038021367,-6.889418856452546,3.4504560928690875,0.0,-61.5887791785624,-38.861129408812516,3.66896336572853,0.0,-100.10751028061803,-38.53546247252295,2.17066098310071,0.0,-106.05044348358742,-35.86926562677264,3.927638974620928,0.0
-63.48704140135665,2.1114698832992893,12.08490732648039,0.0,-87.47494267747518,-6.0794683922442445,2.594543660172448,0.0,-124.01300026348386,-6.89594747237478,3.4357574413021545,0.0,-61.57443740037248,-38.87718702544735,3.6922061366245043,0.0,-100.0987366970868,-38.577200477614795,2.1356923233690157,0.0,-106.0431690644641,-35.88297112324651,3.911465599372793,0.0
-62.47775485562823,2.253844578269568,12.432451037672385,0.0,-87.44786841771399,-6.068171763127561,2.5900008956856073,0.0,-123.9855535144267,-6.90108564180055,3.4193380731128116,0.0,-61.55865765527043,-38.89877048444205,3.713802603948448,0.0,-100.08996737796043,-38.61923005394376,2.0949233013551556,0.0,-106.03388719396062,-35.8948385736405,3.8972672796693946,0.0
-61.482339081984286,2.3368826158382987,12.738572306341185,0.0,-87.42230600540387,-6.050978526987774,2.5870786749421395,0.0,-123.95911960275792,-6.903943321735284,3.402681141522562,0.0,-61.54130622272037,-38.924937951368904,3.732370967535436,0.0,-100.08400917863503,-38.65626524572404,2.0508111126680735,0.0,-106.0227428965005,-35.90442550173082,3.8849369443713044,0.0
-60.49664595180403,2.364370699607301,12.996098931997247,0.0,-87.39993284424965,-6.031659041393347,2.5847642252822265,0.0,-123.93650785767599,-6.904744655171049,3.3876526086398844,0.0,-61.522436908673754,-38.95373870499322,3.747541297849059,0.0,-100.0830309972331,-38.68394351269895,2.006796961251071,0.0,-106.01015338692898,-35.91202569511489,3.8743632874361342,0.0
-59.51873503693864,2.3374425503049263,13.198725591675556,0.0,-87.38147931107476,-6.01455069857504,2.5817437780249257,0.0,-123.91957122609747,-6.90460919858985,3.3758280331085135,0.0,-61.50233785913672,-38.98276432009507,3.7599305567844947,0.0,-100.08750482105441,-38.7003188907221,1.9666909618675366,0.0,-105.99667805216491,-35.91842992769352,3.865100093178496,0.0
-58.550587796683345,2.2550165428597424,13.33856171974274,0.0,-87.36641163501199,-6.003461230801406,2.5768557739127136,0.0,-123.9085641425566,-6.904740258596464,3.3678432722169696,0.0,-61.481583255371724,-39.00984311199007,3.7707591762966874,0.0,-100.09599325479807,-38.70673646586929,1.9337955386985453,0.0,-105.98297667701411,-35.92458330967458,3.8564080324621965,0.0
-57.59831278429318,2.1158482229353375,13.405269400222927,0.0,-87.35308187172781,-6.00087509289342,2.5694862705725736,0.0,-123.90213820989914,-6.905429187382497,3.3632954532748887,0.0,-61.46100551843244,-39.03362953548193,3.7812720243535836,0.0,-100.10578919088225,-38.7074719581985,1.9101855266028647,0.0,-105.96978591401039,-35.93128226035073,3.8475655780670746,0.0
-56.67107896031915,1.920918550892516,13.387222099933359,0.0,-87.33932423226481,-6.0075979406882825,2.559744604792206,0.0,-123.8978872211789,-6.905499028647305,3.3612955811925076,0.0,-61.441546972767696,-39.05385926069171,3.7921858199790215,0.0,-100.11389856190272,-38.70812361424532,1.8964716824710486,0.0,-105.95785099198433,-35.93902709110311,3.838220937680463,0.0
-55.77934697908064,1.6748196216911744,13.274198869544872,0.0,-87.32332563408112,-6.02275055928394,2.5483766567208974,0.0,-123.8930700841581,-6.902573089697725,3.361238393357162,0.0,-61.424040765381875,-39.07119238587238,3.803412495767139,0.0,-100.11787278324066,-38.71353791202033,1.892021095960411,0.0,-105.94778464826835,-35.94801288672751,3.828597651156935,0.0
-54.9330630535513,1.3855128385935025,13.060538217519063,0.0,-87.3044573181818,-6.043971442991052,2.536485347520694,0.0,-123.8852310108728,-6.89402951717791,3.363226225850738,0.0,-61.40901230325013,-39.08676777406239,3.8142165728361235,0.0,-100.11638468664144,-38.72632449327752,1.8953444857864934,0.0,-105.93987639938493,-35.958136829800715,3.8194630363509994,0.0
-54.140283537071866,1.0628252625975705,12.747598718155865,0.0,-87.28367770843705,-6.0677768116139905,2.52518186965127,0.0,-123.87263582820036,-6.878134867519941,3.367914571080316,0.0,-61.39655371009985,-39.10169895067187,3.823723194893571,0.0,-100.10955418852032,-38.74641587124284,1.9044662924774247,0.0,-105.93393803511928,-35.96895067502607,3.8118518914801935,0.0
-53.4064280735111,0.7166627595368258,12.344716673941445,0.0,-87.26325400613183,-6.090105127954134,2.5152933646915425,0.0,-123.85453809308507,-6.854855809766025,3.3759486791438285,0.0,-61.38627629412659,-39.116705244040745,3.8314707817022366,0.0,-100.09874769311968,-38.7712142726895,1.9173391612506645,0.0,-105.92929824012577,-35.97962827097401,3.8066217714454105,0.0
-52.73422383999245,0.35584338008061067,11.868421908388624,0.0,-87.24589702236358,-6.107027849938718,2.507221317270073,0.0,-123.83128132507645,-6.826098150319079,3.3873301451497504,0.0,-61.37734521454644,-39.13196155697592,3.8377046282687015,0.0,-100.08587968052345,-38.796073643321286,1.932184747060008,0.0,-105.92499061700468,-35.989065818927806,3.8040056164295954,0.0
-52.1242978824751,-0.012112054466607347,11.340284900348525,0.0,-87.23371816123698,-6.115496526391468,2.5009794037382864,0.0,-123.80419376825216,-6.795367603670236,3.401004302643585,0.0,-61.368611668210285,-39.14715243752864,3.8433154898581137,0.0,-100.0727280621027,-38.81535857396537,1.9474981898416086,0.0,-105.92005189661722,-35.996136507329965,3.8033577470326634,0.0
-51.57609034584683,-0.38050337874804185,10.784157248997108,0.0,-87.22746954167923,-6.11395534214328,2.496354572251299,0.0,-123.77522959089951,-6.766949348928137,3.4148736210588453,0.0,-61.35882908036562,-39.16165783253643,3.8495262073062673,0.0,-100.06049488741,-38.82386128173373,1.9617859521784506,0.0,-105.91377872554648,-36.00000969248543,3.803209085324596,0.0
-51.088453861565384,-0.7428672546513511,10.223505068516099,0.0,-87.22632687850971,-6.1026960367921745,2.493077599988032,0.0,-123.74640813379986,-6.744716972264391,3.426429676088709,0.0,-61.346888678144296,-39.174772888193154,3.8574779473461867,0.0,-100.0495676051801,-38.81812323733503,1.9733503036547742,0.0,-105.90583658317746,-36.000418352458176,3.8016107329366253,0.0
-50.65942598739008,-1.092809257169744,9.679153833476715,0.0,-87.228203724641,-6.083871769630477,2.4909012058783304,0.0,-123.71922836540794,-6.730726345335299,3.434165845655965,0.0,-61.332001116213576,-39.18587606855511,3.8678252653597447,0.0,-100.03946294521973,-38.797427837598796,1.9803950005243625,0.0,-105.89621762705683,-35.99779005128718,3.7966490299642057,0.0
-50.28532389784266,-1.4244827109675509,9.16748906749842,0.0,-87.23040156215534,-6.061086124251283,2.4895668815167795,0.0,-123.69426629799861,-6.723857383485331,3.439697141339268,0.0,-61.31380075753739,-39.19450825738506,3.880441294519807,0.0,-100.0289790469086,-38.76431893118121,1.9815445355795749,0.0,-105.88512454627565,-35.99319338283995,3.786989155241333,0.0
-49.959966272262065,-1.7335567977535522,8.699186226581812,0.0,-87.2303366646258,-6.038524713423792,2.4887436305774404,0.0,-123.67106356567652,-6.718866267759097,3.4500292950597498,0.0,-61.29239315275152,-39.20037593448424,3.894360430542971,0.0,-100.01652484083996,-38.7244399690205,1.976644199269085,0.0,-105.87287375016665,-35.98809294554491,3.7723132541478144,0.0
-49.67482965110898,-2.0181677192521192,8.27863442257689,0.0,-87.22611394570019,-6.019781904468223,2.4880501771210604,0.0,-123.64821402862555,-6.706212405396461,3.4788752809947994,0.0,-61.26835218729915,-39.20330657793451,3.9080375101286755,0.0,-100.00040755183983,-38.68553509100597,1.9675156604087327,0.0,-105.8598642088359,-35.983970069842535,3.7535342585655247,0.0
-49.42032553639235,-2.279233171140744,7.904110225859753,0.0,-87.21682436311298,-6.006778810186468,2.48717741467755,0.0,-123.62330542867548,-6.672891064450487,3.545665652900226,0.0,-61.242640272305735,-39.20317853722574,3.9198489906064484,0.0,-99.97869706412051,-38.65571765483152,1.9582210572101797,0.0,-105.84657700150372,-35.98193403193938,3.732688179459725,0.0
-49.18774788936603,-2.5198062793665583,7.5685350361720936,0.0,-87.20257716461883,-5.999253854923214,2.485994314101932,0.0,-123.59229943924123,-6.604281356946028,3.6713745575833414,0.0,-61.21643610809965,-39.19986200233255,3.928615226469388,0.0,-99.9485363046173,-38.64153273869057,1.954421556726336,0.0,-105.83351293756122,-35.98246536677956,3.7124400503143384,0.0
-48.97118248896673,-2.743778792175518,7.26056665957076,0.0,-87.18433790180357,-5.99508313598799,2.484506988714811,0.0,-123.54837641110244,-6.486745371250917,3.8717111775423794,0.0,-61.190904965666874,-39.19323563361123,3.933905810624484,0.0,-99.90553521798604,-38.646776355041844,1.9617939522215622,0.0,-105.8210149261671,-35.985381223991595,3.6952010243009266,0.0
-48.76871868885863,-2.95474757876653,6.9658987039918685,0.0,-87.1636134879235,-5.991264797955411,2.4826955926223917,0.0,-123.48110991535891,-6.310343794765479,4.150135420914208,0.0,-61.16698481639646,-39.18332997783045,3.9360085208063342,0.0,-99.84417010792154,-38.672758479703795,1.984200958691316,0.0,-105.80906545491929,-35.99002462412695,3.682041960050002,0.0
-48.582538995503725,-3.1556873696882324,6.668817933883764,0.0,-87.14203194156688,-5.985088857487888,2.480430548060829,0.0,-123.37722295712378,-6.070678497200035,4.494392486256596,0.0,-61.145259290941546,-39.17056857007846,3.935616183791428,0.0,-99.75879477359595,-38.71905235429648,2.022633485640414,0.0,-105.7972588033089,-35.99557826017169,3.671942446840074,0.0
-48.41784123515209,-3.3493010334611437,6.354149276152098,0.0,-87.12095608356128,-5.975020739440046,2.4776502231975126,0.0,-123.2233839226932,-5.768968293468925,4.8796660356874,0.0,-61.12595051491174,-39.15597898409533,3.93343075816672,0.0,-99.64441358906305,-38.783836195208096,2.0753803456524977,0.0,-105.78504450752615,-36.00132940139634,3.662032744895571,0.0
-48.28090685302641,-3.538288461039963,6.009655700020199,0.0,-87.10130739009949,-5.961049602727943,2.474706558130423,0.0,-123.00995700675202,-5.410345986687721,5.278551601418305,0.0,-61.10900678343723,-39.14121178221161,3.9299202212557844,0.0,-99.49753722810635,-38.864814377012166,2.139583520267342,0.0,-105.77208345986237,-36.006753510190336,3.6488951830653686,0.0
-48.17680354961169,-3.7248554149547246,5.628730917564953,0.0,-87.08364691980515,-5.944452107986411,2.472490423182961,0.0,-122.73375695176703,-5.001608573196457,5.673779977735309,0.0,-61.094210012580966,-39.1282794388226,3.925342631189384,0.0,-99.31716322315452,-38.96103300772869,2.214139753656994,0.0,-105.75845835382228,-36.0114309642824,3.630201785397622,0.0
-48.10727409089798,-3.909450078275591,5.212828224485168,0.0,-87.06836557893806,-5.927080345018922,2.472021483686417,0.0,-122.39856946576855,-4.550191948500112,6.066738385826393,0.0,-61.081229643038704,-39.11907286707631,3.919956844168741,0.0,-99.10541169146143,-39.07471642792784,2.3031100139584897,0.0,-105.74465005092567,-36.01492287010928,3.6058331283079603,0.0
-48.06943547575849,-4.089434992498944,4.772709752413059,0.0,-87.05575821935801,-5.910540049232427,2.4737148636085937,0.0,-122.0136789990475,-4.065319565779765,6.476263614606135,0.0,-61.0696135077961,-39.114838049221575,3.9142356767945703,0.0,-98.8674162110281,-39.21213201863227,2.4179928459483406,0.0,-105.7313972306845,-36.016723812581034,3.5780818156677103,0.0
-48.055872030443005,-4.258686965690586,4.327656630458758,0.0,-87.04586114576185,-5.89579796662225,2.476976031332235,0.0,-121.59144575663939,-3.5605376420993657,6.927682422263395,0.0,-61.05877563395264,-39.115829767545534,3.908934470330223,0.0,-98.61017045730063,-39.38270483791507,2.577072107830892,0.0,-105.71958645599402,-36.0163192165793,3.551059720338136,0.0
-48.05631368095279,-4.408772954985917,3.9024299216947345,0.0,-87.03815245228682,-5.883424605669374,2.480484995883785,0.0,-121.14481682178528,-3.0553700555101004,7.437773249802339,0.0,-61.04805120250717,-39.12129700583601,3.9049720338642864,0.0,-98.34034491820941,-39.59611343289605,2.8009534869071064,0.0,-105.710196704595,-36.013303564449664,3.5296266009013717,0.0
-48.060381528763806,-4.531529918976174,3.522660576294321,0.0,-87.03139935097091,-5.874067202929332,2.482828141868456,0.0,-120.68518215775768,-2.5737856517638917,8.00338824470522,0.0,-61.03683110473378,-39.129820825699035,3.9031776873495954,0.0,-98.06173375054613,-39.85811100426815,3.1052236542321925,0.0,-105.70419651298799,-36.00755429689604,3.517874560575228,0.0
-48.060302576224096,-4.6220041853419,3.209860849137039,0.0,-87.02391817456947,-5.8685983583953,2.4829342033331336,0.0,-120.220574735688,-2.1389881006988656,8.599181057123566,0.0,-61.02470753276221,-39.139863730910356,3.90399881559528,0.0,-97.77344742383826,-40.16688480721942,3.4929871163067006,0.0,-105.70230403479817,-35.999512740442185,3.5170935352378585,0.0
-48.05251512969187,-4.680332220338584,2.977220850032497,0.0,-87.01425467700659,-5.867790279345449,2.480167255802675,0.0,-119.7540722901514,-1.7666757383830518,9.18512625869809,0.0,-61.01153231789419,-39.15028238295221,3.907263143298083,0.0,-97.46964064637105,-40.511906390367926,3.950635083195828,0.0,-105.70467723416894,-35.99037638916056,3.5245993745624666,0.0
-48.037677357734616,-4.7116289860501475,2.827148039383097,0.0,-87.00195791133184,-5.871799304422393,2.4742980134011816,0.0,-119.28262732562442,-1.460319894475571,9.71990810218786,0.0,-60.99735701601207,-39.1605816120436,3.9121304215667525,0.0,-97.14073308145572,-40.87610881754482,4.449068543909609,0.0,-105.71067237096297,-35.98184027153035,3.53521934216311,0.0
-48.019270334806144,-4.7240548107358045,2.7512721170356116,0.0,-86.98794701181441,-5.879849850119804,2.465567483822941,0.0,-118.79709457801073,-1.2109241044661427,10.173973587509913,0.0,-60.98232445665253,-39.170838311612165,3.9173800172071136,0.0,-96.7754365598613,-41.24047541117913,4.950244424031452,0.0,-105.7187734897664,-35.97556486228415,3.543943606753965,0.0
-48.00141487310673,-4.726164681791059,2.7330527559818734,0.0,-86.97412221580011,-5.890299660917453,2.454818818136209,0.0,-118.28409880021835,-1.0010937576685155,10.536951008091673,0.0,-60.966599517292515,-39.18139910077453,3.9219719300666807,0.0,-96.36276655279408,-41.588825717227735,5.416510109247768,0.0,-105.72681923660413,-35.972748987255976,3.5475266914015826,0.0
-47.98675144358429,-4.724737165468427,2.7521748427008283,0.0,-86.96233013097603,-5.900997345380761,2.4434919484494255,0.0,-117.72938534938083,-0.8112078533864562,10.817255710756676,0.0,-60.95035756371815,-39.192540001276505,3.9255386807577697,0.0,-95.8935932616824,-41.91075476239503,5.819120730326139,0.0,-105.73252815990159,-35.973883042310845,3.544873438201524,0.0
-47.97526846703583,-4.723651745093893,2.789231022200859,0.0,-86.95327084390637,-5.909734868531125,2.4333043629494497,0.0,-117.12126357093535,-0.6251619667197854,11.035131836807096,0.0,-60.93379006943398,-39.204237117124336,3.9284889813376775,0.0,-95.36172047683097,-42.20203422611683,6.143086083767376,0.0,-105.73410768398752,-35.978682065070664,3.536706151904948,0.0
-47.96457168477691,-4.723746912085005,2.829294652398051,0.0,-86.9460293291683,-5.9146652363743915,2.4256577045121315,0.0,-116.45263914974338,-0.43402954282821327,11.212687320201663,0.0,-60.91708669486358,-39.216105169662924,3.931708346926275,0.0,-94.76453283271017,-42.46307563584456,6.387336892569997,0.0,-105.73068207053981,-35.986216819022175,3.5248985325546176,0.0
-47.95131054658597,-4.723405790988552,2.8636643276127334,0.0,-86.93850431604791,-5.914641981399787,2.4210634093309107,0.0,-115.7210445474401,-0.23709763400830397,11.365070804148075,0.0,-60.90037992589171,-39.227489078745826,3.9360894219806912,0.0,-94.10311219912973,-42.69657355228964,6.561090067596785,0.0,-105.72238739077642,-35.99520394784852,3.511805169994039,0.0
-47.93286247718728,-4.719685464264844,2.8897550018504123,0.0,-86.92842527234279,-5.909416553334225,2.418942142966756,0.0,-114.92725011009809,-0.040605906052052276,11.495832972653524,0.0,-60.883659453847734,-39.2376540684415,3.9421417053927605,0.0,-93.38179119539197,-42.90532020450384,6.678495595181033,0.0,-105.7101329761296,-36.0043600758455,3.499780195395555,0.0
-47.90838703763699,-4.709758268326852,2.9095490148990635,0.0,-86.91434762524125,-5.899570710574338,2.417919876065131,0.0,-114.07358200276003,0.1449131835204014,11.597396282907653,0.0,-60.86668586826044,-39.24600307572015,3.9497997962849265,0.0,-92.60740219890796,-43.09080988768834,6.753805949013301,0.0,-105.69515438631552,-36.01273981586962,3.4908206810529485,0.0
-47.87888216717985,-4.692259515215367,2.9272717053646016,0.0,-86.89614343741188,-5.886146336758257,2.416431456157305,0.0,-113.16277764628637,0.3075837334064424,11.655537759234537,0.0,-60.84896215194557,-39.25225719259026,3.958428949602288,0.0,-91.78864584052887,-43.252859161256666,6.798517228089824,0.0,-105.67855905960675,-36.02002770722343,3.486108387102007,0.0
-47.84643574688035,-4.668075215808376,2.9470728048511443,0.0,-86.87486705262374,-5.870180360523513,2.4133270652669996,0.0,-112.19757445867724,0.43652544583270547,11.655679129107398,0.0,-60.82981650018779,-39.25655949477896,3.9669856323313564,0.0,-90.93578021317265,-43.39010616851441,6.820732966312536,0.0,-105.66104893290903,-36.02672317176827,3.4854660998747455,0.0
-47.813163677311316,-4.640263087716656,2.9713855616126317,0.0,-86.85220927254214,-5.852521608414518,2.4082567772482353,0.0,-111.18079558017307,0.5232198855158678,11.588684720639076,0.0,-60.808583988806575,-39.259493056924484,3.9742801145137108,0.0,-90.06036436775196,-43.500977654908134,6.826051458032553,0.0,-105.64287992359759,-36.034045416411956,3.4872291177471624,0.0
-47.78035649053662,-4.613122339629832,3.0002985216214473,0.0,-86.82988478398237,-5.83415686002923,2.4017208224085724,0.0,-110.1155938014192,0.5620966020829723,11.454448770334567,0.0,-60.78480726356754,-39.26203283500108,3.979255869209105,0.0,-89.17451450639912,-43.58463340159197,6.818934545498515,0.0,-105.62399817670358,-36.043454024492036,3.488842313993013,0.0
-47.7481901147199,-4.590798302395934,3.0318885141363907,0.0,-86.80919170591898,-5.816837931751437,2.3947617659236595,0.0,-109.00562072372252,0.5507251291735216,11.262443661721845,0.0,-60.75837939836209,-39.2654628605174,3.981192152635664,0.0,-88.28936443760021,-43.641534027253144,6.8037163209604055,0.0,-105.60427548321782,-36.05597089749067,3.4876916417164168,0.0
-47.716040909931934,-4.57602760677236,3.0631851304221875,0.0,-86.79078335054004,-5.803442459312237,2.3883918213721778,0.0,-107.85512826738864,0.4897399671563374,11.029376069534864,0.0,-60.72959952410578,-39.27126535931709,3.979798269203661,0.0,-87.41303515180886,-43.67349296555206,6.784845238589901,0.0,-105.58376930655841,-36.07162430842377,3.4815775861098697,0.0
-47.68312084150732,-4.569519135125738,3.091312105549445,0.0,-86.7746009440446,-5.797605223552821,2.3829976171847047,0.0,-106.66926744160588,0.38230298519520645,10.774936700342113,0.0,-60.6991347472469,-39.28094036501346,3.9752367942684685,0.0,-86.5489372582197,-43.683217284207345,6.7663638255912,0.0,-105.56291367930895,-36.089241943818365,3.4687791367447254,0.0
-47.64901759949037,-4.570102793153614,3.114392167649715,0.0,-86.7599780481571,-5.802717658832553,2.3780255605744642,0.0,-105.45481941923308,0.23297945898200467,10.517018757144582,0.0,-60.66787679375066,-39.295695448018215,3.9681125567354716,0.0,-85.69525498190379,-43.67342515431854,6.750934096354478,0.0,-105.54256829230131,-36.10669682439851,3.4479502590766753,0.0
-47.61386066319249,-4.5754352248627415,3.131974903579728,0.0,-86.7460086610647,-5.8209619415214515,2.3720931875428164,0.0,-104.22112706421919,0.0463114777878495,10.267606132082129,0.0,-60.63669525164787,-39.31600257020871,3.959414185485331,0.0,-84.84597654161011,-43.645756160084744,6.7388894869469205,0.0,-105.52393045937659,-36.121617774257444,3.4179624597323848,0.0
-47.578114523655316,-4.582912325340048,3.144942134173741,0.0,-86.7322089657059,-5.853114429801948,2.3633802054520743,0.0,-102.98049677440203,-0.17437106841830285,10.030091175311192,0.0,-60.60614320496635,-39.341149223971165,3.9503659586455857,0.0,-83.99316760930294,-43.599860846367356,6.727767750707441,0.0,-105.50847866347429,-36.13258730329454,3.3771661144207794,0.0
-47.54220901205792,-4.590494523097094,3.1549798354165564,0.0,-86.71925456890418,-5.899265152654926,2.3500258786182044,0.0,-101.74740270177001,-0.427541993374561,9.798412850614573,0.0,-60.5762349939169,-39.36903522364902,3.942184913077341,0.0,-83.12970524486146,-43.533115535775885,6.712522335815175,0.0,-105.49988733035997,-36.14335648103528,3.3135364661354973,0.0
-47.50622559364812,-4.597283197954963,3.163793820606468,0.0,-86.7092916194692,-5.95970173220013,2.3304364017291768,0.0,-100.53646045738247,-0.7135436921028067,9.558122220427666,0.0,-60.54642445648717,-39.396459674436855,3.9358157766420234,0.0,-82.25157220302978,-43.441210533527254,6.686246445153584,0.0,-105.49277369572384,-36.14357608259612,3.2730054592629223,0.0
-47.46973490740821,-4.603760863416341,3.1723216935193204,0.0,-86.70529721921888,-6.034747186272541,2.3036426789138513,0.0,-99.35982770912369,-1.0344826531137823,9.289230006082027,0.0,-60.51582676751524,-39.41995098014948,3.9317468912970224,0.0,-81.35902328570984,-43.31941789196564,6.641013283695818,0.0,-105.48155433861919,-36.13206659592809,3.256489713197748,0.0
-47.431782112471865,-4.6115985461047835,3.180225865826305,0.0,-86.70941876514644,-6.122967521596056,2.269817914253636,0.0,-98.22515048245704,-1.3941348946754912,8.970570148043873,0.0,-60.48359767500154,-39.43692259227215,3.929954022917599,0.0,-80.45636356293235,-43.16388636583973,6.568494910607727,0.0,-105.46934668989492,-36.119441973259796,3.2425668635428213,0.0
-47.39100251199846,-4.622985159837765,3.185882398388353,0.0,-86.72099778964923,-6.2186213244851585,2.2307634888008856,0.0,-97.13535673035425,-1.797378767030267,8.585302348837896,0.0,-60.44930514887857,-39.44675489381329,3.9299493685517035,0.0,-79.55058121156397,-42.972192410837465,6.460307973980624,0.0,-105.45551955117172,-36.10952274283211,3.231118935484412,0.0
-47.34586885765367,-4.639659305235501,3.1869130606252725,0.0,-86.73550568722224,-6.310312074425163,2.189959329604971,0.0,-96.09109837506182,-2.2480704828631977,8.1266635127878,0.0,-60.41313249724232,-39.451367886606725,3.9308993808107697,0.0,-78.64947703019735,-42.74277468458937,6.308347090251546,0.0,-105.44008055806005,-36.10524231817837,3.2213273935935547,0.0
-47.295071676097265,-4.662070017430239,3.181119118884636,0.0,-86.74532124189868,-6.382490083492634,2.1519729474895364,0.0,-95.09517090561258,-2.7446693719194926,7.602163244503032,0.0,-60.37580721397002,-39.4549284685323,3.9317829174712386,0.0,-77.76008171660516,-42.47355662087746,6.105539950947888,0.0,-105.42368612081417,-36.108102620758395,3.2120130160352787,0.0
-47.237994003778965,-4.689086271265977,3.1675171640257282,0.0,-86.7422269583129,-6.419862741999955,2.1214506729104503,0.0,-94.15657819182738,-3.2747757201419994,7.033967072730041,0.0,-60.33824823337235,-39.46255242650474,3.9315550063120064,0.0,-76.88802572120717,-42.160621943384285,5.8473954582814684,0.0,-105.407370809211,-36.118126351568606,3.2020623740038214,0.0
-47.17515300823458,-4.718376530447244,3.1470611761740894,0.0,-86.72047201755358,-6.413014422542631,2.10205665872439,0.0,-93.29155333905261,-3.8120761863153563,6.454386604485544,0.0,-60.30107666959265,-39.478281319804005,3.9292939182901474,0.0,-76.0381799291981,-41.79802945409162,5.534359589926378,0.0,-105.39208514320086,-36.1341331916252,3.190780228781259,0.0
-47.1083941480099,-4.747223410993148,3.12265210843605,0.0,-86.67900281479385,-6.362669449303894,2.09549646040864,0.0,-92.52057172620607,-4.319466418982797,5.898180738397734,0.0,-60.26427589111296,-39.50313795884328,3.924341364803041,0.0,-75.21638765448456,-41.379643219413374,5.1744020604824765,0.0,-105.37824925307198,-36.154139915307695,3.178049626049072,0.0
-47.04065611390269,-4.773364439259017,3.098334962356329,0.0,-86.62198980688811,-6.280389425622772,2.100705325827759,0.0,-91.86307188325189,-4.758613461658175,5.395452781092041,0.0,-60.227275258346744,-39.53430723542024,3.9164444619606105,0.0,-74.43156526142197,-40.90313863464507,4.784669818331302,0.0,-105.36554218577231,-36.175767527641455,3.164268788716484,0.0
-46.97531983969124,-4.795520167669737,3.0780743128461037,0.0,-86.55752916647822,-6.18497800820991,2.113655163479738,0.0,-91.33272868330037,-5.1014044997039605,4.967761407245883,0.0,-60.189500541790345,-39.56605991370276,3.9058708027813562,0.0,-73.69704294790643,-40.37516144557758,4.390819408924461,0.0,-105.3530333007837,-36.196626523564525,3.1501430531183203,0.0
-46.91539213840164,-4.813486941945299,3.064767225751373,0.0,-86.49502584395034,-6.09607125367849,2.1283809838930274,0.0,-90.93470897887892,-5.337485838215617,4.626883423740331,0.0,-60.1511087146685,-39.59204544885945,3.893444839656917,0.0,-73.03001818886699,-39.81535629567301,4.02313012145795,0.0,-105.33959812966556,-36.21468105815029,3.136466433460514,0.0
-46.862883033469586,-4.827868488379164,3.059903416633464,0.0,-86.44224521651124,-6.028031741705185,2.1391035474409374,0.0,-90.6644535772232,-5.475213413881368,4.374365514476008,0.0,-60.11344542877114,-39.6077291902111,3.8804644762025653,0.0,-72.4486630191405,-39.25646857615443,3.7098617459604757,0.0,-105.3244453220339,-36.228564911711935,3.123985977524951,0.0
-46.81863478255873,-4.839601228142953,3.063745204845537,0.0,-86.40319250556495,-5.9868351546077045,2.142360036135443,0.0,-90.50738169332138,-5.536930355431925,4.2015248435331785,0.0,-60.07887956108703,-39.61172290846767,3.8684884339697767,0.0,-71.96771365492542,-38.73883808025327,3.4701731789604917,0.0,-105.30755630229864,-36.23778456202757,3.1133539150372744,0.0
-46.78258841031859,-4.849444595787923,3.0755751578325032,0.0,-86.37759446749865,-5.970484919159528,2.1380158292029368,0.0,-90.43998379338453,-5.551060817962676,4.091158744380053,0.0,-60.05002331049684,-39.605550397199465,3.859031142469421,0.0,-71.59447530117899,-38.30050979326864,3.3098764427534064,0.0,-105.28987705510568,-36.24274264258512,3.10511482041135,0.0
-46.75417683358904,-4.85762926623934,3.0936743539399743,0.0,-86.36198246065638,-5.971639639763464,2.128873657417813,0.0,-90.4331235119032,-5.543860991397327,4.021757310054642,0.0,-60.028709677433525,-39.59232909494632,3.8532447284238014,0.0,-71.3269105292624,-37.967195377529954,3.2218589743749977,0.0,-105.27316214508403,-36.24455637104084,3.0996712273310845,0.0
-46.73244022383452,-4.863821426491579,3.115062406534072,0.0,-86.3517209934904,-5.980726996678464,2.119324432841191,0.0,-90.4572969814518,-5.533549115400411,3.973085886676806,0.0,-60.0152251062984,-39.575254057400734,3.8516702516168895,0.0,-71.15408916226764,-37.746507801003695,3.1902462410694916,0.0,-105.2594637728721,-36.24471150718562,3.0972055263878033,0.0
-46.715735306230044,-4.867407369844588,3.1353630925477116,0.0,-86.34304788707637,-5.988419253720187,2.113674836452251,0.0,-90.48814659240968,-5.528448263331353,3.9306948618631026,0.0,-60.00812520827262,-39.55655382684843,3.8541142662533225,0.0,-71.0583349745862,-37.62813175679189,3.195987785682032,0.0,-105.25041680198524,-36.24465533158191,3.0975861388184853,0.0
-46.701403512328056,-4.867922628323959,3.149278326048245,0.0,-86.33419300646712,-5.987353711338772,2.114747107529677,0.0,-90.51010280323634,-5.528868826404542,3.8875569162060533,0.0,-60.00466147882103,-39.53714883630935,3.8597020281431274,0.0,-71.01836063200531,-37.58876885027044,3.221907792731363,0.0,-105.24663591820325,-36.24545613640769,3.100324429052799,0.0
-46.68598302724348,-4.8653712380817264,3.1519030596112145,0.0,-86.32508754608854,-5.973529955762113,2.1231947992843665,0.0,-90.51696186739169,-5.530970430044525,3.8428753571893797,0.0,-60.00160941276116,-39.51691291454893,3.867125187098509,0.0,-71.01279900230601,-37.599419043151165,3.256060616777786,0.0,-105.24753941070622,-36.247621661543604,3.104646087154494,0.0
-46.66619242742099,-4.860253790177021,3.140500488763683,0.0,-86.31616957356847,-5.947171291943069,2.137576473821891,0.0,-90.5097024968422,-5.5305487635883885,3.7993565823182607,0.0,-59.99618638145347,-39.495272096923806,3.8749707870706764,0.0,-71.02339559515458,-37.63248503666061,3.2928351825737625,0.0,-105.25167054711743,-36.251100843199424,3.10968343556339,0.0
-46.64029404414252,-4.853325431090585,3.1158385004525186,0.0,-86.30734895288683,-5.91236499480475,2.1549096499544316,0.0,-90.49292614378179,-5.525348928803824,3.7603010564786423,0.0,-59.98676257881316,-39.47184283769981,3.881935155169117,0.0,-71.03701954427305,-37.666805064352594,3.3318082730839222,0.0,-105.25729299468959,-36.255435315381696,3.11471077573945,0.0
-46.609099216852776,-4.845296233039112,3.08229487868004,0.0,-86.29774307805494,-5.8754578381021245,2.17151683221498,0.0,-90.4715247626381,-5.515528306435121,3.727456665514188,0.0,-59.973162642217986,-39.44688611169885,3.8868568811752677,0.0,-71.04603058959526,-37.68972797311832,3.375068604574455,0.0,-105.26293930781323,-36.25999554863974,3.1193005431461494,0.0
-46.575999119823805,-4.836701377088012,3.0466198457302003,0.0,-86.28610936960723,-5.842873681071679,2.184095437473067,0.0,-90.44865895354128,-5.502769937785684,3.700162542854523,0.0,-59.9565003300674,-39.421467677917896,3.888707153017682,0.0,-71.04730611206277,-37.69639189200625,3.42436969953385,0.0,-105.2677068962326,-36.26422767892341,3.1233234244277277,0.0
-46.54587453764543,-4.827995204955519,3.0159409814873666,0.0,-86.27154205356236,-5.819155600927321,2.190766176732142,0.0,-90.42529783642019,-5.488961875703936,3.6758235860489474,0.0,-59.938643387003665,-39.39729986160422,3.8867019055211998,0.0,-71.04070906422987,-37.68724481857774,3.479332616228092,0.0,-105.27126278702977,-36.267845598067346,3.126822834766134,0.0
-46.52331016375048,-4.819709199856842,2.9958272269701975,0.0,-86.2539712611288,-5.80583886075657,2.1916450670710574,0.0,-90.40087696358368,-5.475253458856869,3.6512471060093947,0.0,-59.9215161981728,-39.37630015299624,3.8805416031316486,0.0,-71.02764169811287,-37.66526083655868,3.537027782853949,0.0,-105.27363027397034,-36.27092298400971,3.1298723437419778,0.0
-46.51089654214649,-4.812463844628015,2.9889965611532343,0.0,-86.23422442252526,-5.801411588457613,2.1886110912527545,0.0,-90.37433215641549,-5.46185524072018,3.6240837230117524,0.0,-59.906483258014255,-39.35999431385156,3.870637302742441,0.0,-71.00999699265529,-37.63389235169314,3.592611459956485,0.0,-105.27488910563616,-36.27386731303531,3.1325069701826056,0.0
-46.508329349887966,-4.806790354014176,2.99490625187857,0.0,-86.21371277911742,-5.802275024264442,2.1843625818052885,0.0,-90.34487721948025,-5.448457369352646,3.5936956092720838,0.0,-59.89401309974567,-39.349010648355595,3.8581743081335045,0.0,-70.98957214521404,-37.595972438670806,3.640584862696544,0.0,-105.27493987128082,-36.27728982121376,3.1347320418555054,0.0
-46.512574306480495,-4.802881084259865,3.0102193120770906,0.0,-86.19397257685054,-5.804346284989554,2.1812291377193365,0.0,-90.31224697022479,-5.434856564242244,3.5611641080448813,0.0,-59.88370624469776,-39.34293708310432,3.8449496775526217,0.0,-70.96780900015432,-37.553305725894546,3.676227864139383,0.0,-105.27344664950684,-36.281815552524826,3.1365467370249274,0.0
-46.51887769076608,-4.800398856877658,3.0299552443272546,0.0,-86.17627936136662,-5.8047070252209805,2.1802855621603427,0.0,-90.2765013191716,-5.421397270596545,3.528617787075401,0.0,-59.87462427163569,-39.34065285754586,3.8330058400107347,0.0,-70.94563119493961,-37.5066860022376,3.696708897570822,0.0,-105.26997931246305,-36.28789397462172,3.137931395103392,0.0
-46.522160523324374,-4.7984457635410935,3.048969273606419,0.0,-86.16145186940548,-5.802616425551796,2.181102101482434,0.0,-90.23769885232822,-5.409044597524509,3.4983533176335424,0.0,-59.865758371031276,-39.340988011166864,3.8241609147147386,0.0,-70.92324314922391,-37.456217012323364,3.7014703147852437,0.0,-105.2642690488158,-36.29566369691787,3.13880718917504,0.0
-46.51831951630539,-4.795743068214101,3.0632810668680683,0.0,-86.14982606341255,-5.799481998454259,2.1821353606626186,0.0,-90.19573168480757,-5.399125930926775,3.4721929159156772,0.0,-59.85645882621029,-39.34338571262737,3.8196029259768487,0.0,-70.89998785495287,-37.40181373820677,3.6918330177768155,0.0,-105.25642459669437,-36.30490059830238,3.139011109597247,0.0
-46.50505558114526,-4.790954321528995,3.0707697292974743,0.0,-86.14126989031453,-5.79788257753473,2.181510162630289,0.0,-90.150439764995,-5.392891096273677,3.451240908105282,0.0,-59.84667718230802,-39.34823783627727,3.8196905811951627,0.0,-70.87450551251071,-37.34365246678667,3.670169691067585,0.0,-105.2469734149804,-36.315053589549876,3.138317531317856,0.0
-46.482085230361875,-4.7829995815560515,3.071006508693376,0.0,-86.13511146819995,-5.80012371141945,2.1778452826386125,0.0,-90.10194184879605,-5.391057777151475,3.4359076110440636,0.0,-59.83693260711326,-39.35670534817324,3.823974298524501,0.0,-70.84528619871426,-37.28235906153414,3.6390975962402585,0.0,-105.23668808331337,-36.32535331217324,3.136518679210072,0.0
-46.450913465938896,-4.771270234089237,3.0644857404488697,0.0,-86.12998795166412,-5.8069351089692915,2.1708163393355573,0.0,-90.05104247347214,-5.39349320815238,3.4259742981683434,0.0,-59.82802347509738,-39.37004560554382,3.8313536581498386,0.0,-70.81139324119317,-37.21893771671357,3.6009076544097525,0.0,-105.22627681440136,-36.33496534793111,3.133563007094823,0.0
-46.4145226826523,-4.75578970719048,3.0519019229744995,0.0,-86.12379608677827,-5.8168442124295705,2.1612901170385825,0.0,-89.99958734468979,-5.399159829164356,3.4205863743069074,0.0,-59.82063526127246,-39.38866733479098,3.84031034811599,0.0,-70.77299800400706,-37.15461361540117,3.5572580012472326,0.0,-105.21609151012653,-36.34315833377472,3.129708940132188,0.0
-46.37718668815297,-4.737404419792767,3.034048309198722,0.0,-86.11399369879615,-5.826522616932377,2.1510623951353374,0.0,-89.95064251383174,-5.4063767358110955,3.4182258438676136,0.0,-59.815050262753346,-39.411250653122245,3.8492124968582946,0.0,-70.73149926547948,-37.09073531293374,3.5091743163946347,0.0,-105.20600877856863,-36.34947140923785,3.1255903469279662,0.0
-46.344265039576065,-4.71795773779149,3.0124054255742525,0.0,-86.09838050700945,-5.832028785470203,2.1424011094309954,0.0,-89.90832300673937,-5.413296479800961,3.416790877431213,0.0,-59.81108695232022,-39.43427581785611,3.856667191137433,0.0,-70.68920448939225,-37.02874156695238,3.457392649046808,0.0,-105.19556749565788,-36.35386738747858,3.122091001109961,0.0
-46.321593190294,-4.700219903842912,2.9899360574856715,0.0,-86.07622753967186,-5.8304814831757845,2.1376233967356377,0.0,-89.87710033803008,-5.418365032468117,3.413879646100188,0.0,-59.8082491374988,-39.452234379088296,3.861830772570663,0.0,-70.64868610801005,-36.970093951457095,3.4029082698638167,0.0,-105.18431223744552,-36.35682101279572,3.120031836312519,0.0
-46.31421061226586,-4.687334576784281,2.9713748517688163,0.0,-86.0493670005461,-5.82151290455516,2.1387727704989903,0.0,-89.86060830217066,-5.420555455216601,3.4072855897271968,0.0,-59.805955460221725,-39.45868993228158,3.864582961437968,0.0,-70.61199975805263,-36.91610176657135,3.347382303861746,0.0,-105.17215670319592,-36.35925327817399,3.119814524537974,0.0
-46.32462473339968,-4.681783350187894,2.9624902960721844,0.0,-86.02269971991532,-5.808000739113923,2.147244061768193,0.0,-89.8603001361125,-5.419340710578952,3.3956027345224733,0.0,-59.80368276438924,-39.44817823518736,3.865549471681403,0.0,-70.58000522611941,-36.86769040637579,3.2930582050685775,0.0,-105.15954921296131,-36.36226058747336,3.1212259293110023,0.0
-46.35129960477959,-4.6842343042815795,2.9683029915337045,0.0,-86.00358511027669,-5.795904994287512,2.163182969721003,0.0,-89.87456206056598,-5.414549905356743,3.3787385900583793,0.0,-59.80087747956184,-39.41863186318363,3.8660077262374717,0.0,-70.55206338271715,-36.82524850804604,3.2421749361373173,0.0,-105.14733373392038,-36.36670735368977,3.123540458978205,0.0
-46.38823930041426,-4.692890304344152,2.9908929096909045,0.0,-85.99987059043795,-5.7932254953552516,2.1847881834326177,0.0,-89.89883253076539,-5.406290129225223,3.358090594020469,0.0,-59.79658341665909,-39.37364159587696,3.8676667904555853,0.0,-70.52630776720585,-36.78864539249823,3.196273238284215,0.0,-105.13637581708142,-36.37286113652942,3.1258926415669492,0.0
-46.426202957512224,-4.7038551866249865,3.0279257598659246,0.0,-86.0169520821076,-5.808087768182372,2.208069380117969,0.0,-89.92684937833855,-5.394994684852369,3.336235838762736,0.0,-59.788906266488766,-39.32361354026954,3.87226791885303,0.0,-70.50043592800387,-36.757409773911476,3.1558266433882487,0.0,-105.1271482954892,-36.38026206479189,3.1277262618372124,0.0
-46.45533033857037,-4.712520025015261,3.072951702607414,0.0,-86.05497362901662,-5.846010927104508,2.227771733033034,0.0,-89.95253915006175,-5.381493798105954,3.316211288613255,0.0,-59.77460157281182,-39.28496209788453,3.881023264696797,0.0,-70.47268403745505,-36.73099210603302,3.120298682878323,0.0,-105.11948792991043,-36.38791891346543,3.1290697380897576,0.0
-46.46819098740232,-4.715321719360443,3.1176514009975342,0.0,-86.10760013059534,-5.906702519441561,2.239832968413591,0.0,-89.97168594662097,-5.366947032450275,3.3006750417462793,0.0,-59.74910704903855,-39.277032878766946,3.8940612887595876,0.0,-70.44257413540497,-36.70899958146033,3.088475253271694,0.0,-105.1126451089127,-36.3947623054088,3.130483295908334,0.0
-46.46198194743553,-4.710947367263181,3.154960003236221,0.0,-86.16342266160983,-5.98115573590997,2.2450086312376953,0.0,-89.98267998929626,-5.352577090272771,3.2912687788275665,0.0,-59.7071789337869,-39.3174194715967,3.9101125410803217,0.0,-70.41115508617051,-36.69129009094786,3.0589181919529125,0.0,-105.10559768662986,-36.40014652264779,3.1327121639628643,0.0
-46.438961723541475,-4.7003830655254575,3.1813712745003393,0.0,-86.20996045329498,-6.050114640251903,2.2525149234314483,0.0,-89.98621313989845,-5.339303902700618,3.288344890578635,0.0,-59.643993643145045,-39.41735415808607,3.926563527903152,0.0,-70.38065719654665,-36.677853580030806,3.030451916286916,0.0,-105.09746621829974,-36.404158593992896,3.1362381963469836,0.0
-46.40501274005517,-4.685879000812478,3.1973115187876147,0.0,-86.23870910609912,-6.084902882146118,2.282053719858247,0.0,-89.98431554113884,-5.327460487022057,3.291034689339723,0.0,-59.556291487123,-39.57930641831663,3.9398784904060555,0.0,-70.35368321752821,-36.66850873043139,3.002577077224922,0.0,-105.08783333641473,-36.407587649883595,3.1409536311976094,0.0
-46.36708524660226,-4.669479539968236,3.2057901223844,0.0,-86.24859472203744,-6.051212527350548,2.3627391094811134,0.0,-89.97930832887488,-5.316741208080332,3.2975431590461266,0.0,-59.443039127851414,-39.79830725340198,3.946462909369087,0.0,-70.33222889942535,-36.662581573583914,2.9756152972723395,0.0,-105.07684766946247,-36.41156583297434,3.1460934264950655,0.0
-46.3307781185812,-4.651948138477957,3.2105071692728746,0.0,-86.24559205341839,-5.91589161612841,2.528367243686686,0.0,-89.97310408916154,-5.306432614433641,3.305555258937961,0.0,-59.30527326041815,-40.06683410156217,3.944229140897976,0.0,-70.31689347437162,-36.658818654980486,2.9503757682572456,0.0,-105.06510894620341,-36.41702655458385,3.150438003434475,0.0
-46.29915314075594,-4.632615724129508,3.214577886841118,0.0,-86.23829778609776,-5.655895404513324,2.8097157840667712,0.0,-89.96701113553966,-5.295842640080599,3.31266983162549,0.0,-59.145190472225806,-40.38104508807702,3.9349740202885872,0.0,-70.3065799002416,-36.6557015272249,2.927386475216986,0.0,-105.05340660780297,-36.42419591657633,3.1526963796099157,0.0
-46.27310128075726,-4.610059950756558,3.2202044112106645,0.0,-86.23169492764816,-5.267056837801701,3.2254193040269232,0.0,-89.96194977145903,-5.284726175344722,3.316810452083363,0.0,-58.964912238244395,-40.74492548620594,3.926960248531504,0.0,-70.29883614484595,-36.65206295927796,2.906204102792138,0.0,-105.04240843663024,-36.43233749865117,3.1519222520555576,0.0
-46.25264859863933,-4.5830406563299295,3.2287926191849596,0.0,-86.22261691527746,-4.76875215591761,3.773585023869823,0.0,-89.95883966140765,-5.273494683584646,3.316581174152093,0.0,-58.765438449281554,-41.169483728949395,3.9362675470579074,0.0,-70.29072792545058,-36.64766700807653,2.8854463172074674,0.0,-105.03239991303033,-36.43989611108502,3.1478156838979974,0.0
-46.238110877231534,-4.5511673309024525,3.2409041592102046,0.0,-86.19961561583025,-4.200710747176418,4.427440719829701,0.0,-89.95887870752243,-5.263118099007901,3.311525763727616,0.0,-58.54611804865312,-41.66653226947135,3.9853033097150696,0.0,-70.27982651748556,-36.643426788688835,2.8635789314915066,0.0,-105.0231688403742,-36.44502252912702,3.14081440137665,0.0
-46.23026274760482,-4.515166813598154,3.2559616327865992,0.0,-86.14716387113418,-3.611737419817568,5.138871016364214,0.0,-89.96348454547211,-5.254787278909495,3.3022352105273978,0.0,-58.30471393009276,-42.239703251301684,4.097694179537248,0.0,-70.26487464464105,-36.641099943440956,2.839857578808859,0.0,-105.01409143120767,-36.44627073479476,3.1319542492140204,0.0
-46.22945313392321,-4.476820945018505,3.272097357117456,0.0,-86.05109467110758,-3.04547866664703,5.850733607300285,0.0,-89.97379572014994,-5.249512507246006,3.2902636229745656,0.0,-58.037940584681316,-42.877500352882244,4.2904734068325965,0.0,-70.24598994899108,-36.64248888995039,2.8148582617850035,0.0,-105.00438971337826,-36.44316221232768,3.1225601018869398,0.0
-46.23436659605101,-4.438547549558869,3.2865403975550382,0.0,-85.9017386593019,-2.530531310694599,6.512864906888049,0.0,-89.98984410526464,-5.247852688939279,3.277843560608014,0.0,-57.74217540496047,-43.552882734199784,4.5665089996775805,0.0,-70.22448487430356,-36.64844050513123,2.7903808157790504,0.0,-104.99342802101398,-36.43637866776349,3.1138954516800315,0.0
-46.24143654152872,-4.402612755683193,3.296584725430572,0.0,-85.6938732370401,-2.0784367072550722,7.093754261780882,0.0,-90.00978214523485,-5.249879293269553,3.26741216889779,0.0,-57.4139289262988,-44.23059526346068,4.911257660940775,0.0,-70.20239714493653,-36.65818051231723,2.76878783161289,0.0,-104.98088279644368,-36.427531316051855,3.1069044710565006,0.0
-46.24557618877413,-4.370294243822038,3.3007652521564044,0.0,-85.42516623978756,-1.6875601389224428,7.5834432423159495,0.0,-90.02971713930512,-5.255304487050689,3.2609985155347285,0.0,-57.04978874025504,-44.87872210801697,5.296505515209589,0.0,-70.1818324903229,-36.66943261224058,2.752076314006466,0.0,-104.96670922603255,-36.41864330510638,3.102106326778273,0.0
-46.242109106023356,-4.341584339399179,3.2996513606846385,0.0,-85.09489824033957,-1.3488096040221293,7.988977720877209,0.0,-90.04454353184289,-5.263582777935665,3.2596223902917014,0.0,-56.6459383272651,-45.47820610705402,5.689740832501872,0.0,-70.16430041745976,-36.67929514922746,2.741161401964595,0.0,-104.95097804489126,-36.41156720740669,3.0996080624752533,0.0
-46.229022888898605,-4.315780213324848,3.295794810194101,0.0,-84.70347308271292,-1.050575592175223,8.326507827032632,0.0,-90.04961411632779,-5.27387093518448,3.2629591608542583,0.0,-56.197677923808314,-46.02565631337959,6.064190438868229,0.0,-70.15025403656723,-36.685364021878655,2.7357590651509582,0.0,-104.9337407128505,-36.40752353749656,3.0991668849160092,0.0
-46.20837000085286,-4.292645638270459,3.2927849524999164,0.0,-84.2523630606295,-0.7821347010689887,8.613650882163398,0.0,-90.04246979343804,-5.2849438206046395,3.2694863039825197,0.0,-55.69936824171998,-46.52904925012711,6.404522691882786,0.0,-70.13895467623624,-36.686558380827826,2.7348009526936625,0.0,-104.91503750594647,-36.40685366682849,3.100264812478203,0.0
-46.18595768365061,-4.273300765935767,3.2938564312139533,0.0,-83.74398164170259,-0.5355050486432678,8.864234212945334,0.0,-90.02369185346151,-5.295293120342491,3.2770848748027017,0.0,-55.14495520902496,-46.99943263918169,6.706418734386075,0.0,-70.12867469242619,-36.6834443082174,2.7369334524652196,0.0,-104.895027506737,-36.409000961069914,3.1022069929977967,0.0
-46.169258472316905,-4.2600961373515425,3.300778180620437,0.0,-83.18113631870497,-0.30581108656553546,9.086248827884287,0.0,-89.99645350226851,-5.303546414325673,3.2837867083841115,0.0,-54.52893195981311,-47.44283168318947,6.971655510480856,0.0,-70.1171997446591,-36.67810447115571,2.7407664446487914,0.0,-104.87409490807609,-36.41268882674065,3.1042681338900753,0.0
-46.16435371283675,-4.255425728639715,3.3135786747885714,0.0,-82.56604028858382,-0.09039801013052795,9.28280250714604,0.0,-89.96511512460387,-5.3090837971074745,3.288284575917718,0.0,-53.84738470877401,-47.85570905050419,7.201955353451591,0.0,-70.10252169391971,-36.67363034873189,2.7448951269310466,0.0,-104.8527798002882,-36.41624357699728,3.1058773607693144,0.0
-46.17321730999582,-4.260165815412146,3.3310833573482466,0.0,-81.8993317268823,0.11265000374446643,9.454966931112796,0.0,-89.93364934377112,-5.3124725044065535,3.2900217556100966,0.0,-53.09872887918165,-48.225369466238284,7.39461881013345,0.0,-70.08350300738482,-36.673300879459134,2.747895617884364,0.0,-104.83151474097232,-36.4179994444738,3.106777936863997,0.0
-46.19249480016258,-4.272637320741373,3.3517170932278617,0.0,-81.1798838996494,0.30570879397096284,9.604899537197042,0.0,-89.90460453803985,-5.315326451932187,3.2889668325292227,0.0,-52.28389832927014,-48.53435020366793,7.541610476637496,0.0,-70.06024002790745,-36.67957607915273,2.7484503783021754,0.0,-104.81032222578179,-36.41671055967866,3.1070694712125952,0.0
-46.21430498110552,-4.288652811289972,3.373994706099772,0.0,-80.4059720694471,0.4919148847095709,9.737757631282083,0.0,-89.87891040672544,-5.319531663556916,3.285329617212387,0.0,-51.40602450666556,-48.766156573748404,7.631938514295024,0.0,-70.03393985698291,-36.69316301175177,2.7456310871979817,0.0,-104.78869767738762,-36.41187523927473,3.1070764652822813,0.0
-46.22885102835962,-4.302667828896107,3.3965301290499443,0.0,-79.57757469614633,0.6745107549918838,9.861629348733906,0.0,-89.8563737051351,-5.326228577561291,3.2794127751880655,0.0,-50.469895209126335,-48.909639841633144,7.655621571608981,0.0,-70.00633573498332,-36.71251876194727,2.739220024746368,0.0,-104.76578476853747,-36.403870409494,3.1070858985792533,0.0
-46.22796696513952,-4.309573366689037,3.4178214947926016,0.0,-78.6987632492835,0.8556412615552809,9.985598444653554,0.0,-89.83642191351473,-5.33513227929087,3.271621129333896,0.0,-49.48157271327016,-48.9606750033157,7.607074789316568,0.0,-69.97888291196793,-36.73411216397249,2.7298501590415185,0.0,-104.7407085976522,-36.39384598297677,3.1070816463243585,0.0
-46.20822852049338,-4.306355267817594,3.436189376895822,0.0,-77.77886493546579,1.0352199236065367,10.116783153769745,0.0,-89.81863963858562,-5.34456504785479,3.2625180780060017,0.0,-48.44836368380516,-48.92136929453688,7.486490662325052,0.0,-69.9520824481943,-36.75349546037492,2.718804294004375,0.0,-104.71276719276251,-36.38345827910503,3.106591781202569,0.0
-46.17221164450362,-4.292847043803679,3.450042521042878,0.0,-76.83152701913917,1.2104705212457958,10.257562329722443,0.0,-89.80286758755429,-5.3521612173401305,3.252810116320397,0.0,-47.378949291660604,-48.79788081538616,7.299081795488371,0.0,-69.9252412728688,-36.766823134289304,2.707540245451595,0.0,-104.68125909997981,-36.37464734403451,3.104681744565921,0.0
-46.12722116180189,-4.271251563478574,3.4583461912694027,0.0,-75.87172348785207,1.3764861748832953,10.404142936231947,0.0,-89.78893802615676,-5.355878466974273,3.243223679125011,0.0,-46.28326282870693,-48.597984262358636,7.0530689722817765,0.0,-69.89680677261775,-36.77214938838487,2.6971944651922417,0.0,-104.64499894997509,-36.36965909574331,3.1000856377507375,0.0
-46.08210636238053,-4.244844592626241,3.4610350108899013,0.0,-74.91170938975425,1.5276557836376874,10.547121213042036,0.0,-89.77633687944544,-5.354870239008472,3.2343194846662247,0.0,-45.171896993020454,-48.32917381359861,6.757571526615763,0.0,-69.8651416056845,-36.76989965495186,2.688271161959909,0.0,-104.60183041598852,-36.37134115919666,3.091528266771329,0.0
-46.04375945985212,-4.216737337847621,3.459187374878237,0.0,-73.95753069239805,1.6593326695088813,10.673880981644343,0.0,-89.7641023127964,-5.3498841924312215,3.226325094523876,0.0,-44.05520769905767,-47.997702060117014,6.421186212618549,0.0,-69.82935202271373,-36.762355342059074,2.6805574656006055,0.0,-104.54851217398789,-36.38349746025549,3.078380713114381,0.0
-46.01486807162506,-4.189311600641532,3.4549029017841164,0.0,-73.00764211957885,1.7689840911775114,10.771891876558456,0.0,-89.75107228419581,-5.34302396823295,3.2190790556309707,0.0,-42.9424716994027,-47.60864316701588,6.051497836296722,0.0,-69.78973144907951,-36.75251109312521,2.6732299998437252,0.0,-104.48120891756933,-36.410936707253576,3.0617729302919,0.0
-45.993629893889455,-4.164216827736181,3.450903833906578,0.0,-72.0544331109104,1.8563627010721486,10.831628543324609,0.0,-89.73630284313643,-5.336918228884027,3.2121600794382488,0.0,-41.84137460597856,-47.16673912113616,5.655373064479683,0.0,-69.7475887486389,-36.74291503094456,2.665116124886479,0.0,-104.39655642974084,-36.45892967201826,3.0460834663144336,0.0
-45.97516035506686,-4.1423925067463605,3.4499233392384117,0.0,-71.08829526864673,1.9227881518851646,10.848117133641798,0.0,-89.71933324111214,-5.333600176642161,3.205171866169687,0.0,-40.757894521985776,-46.677418900470315,5.239658864154862,0.0,-69.70457754915097,-36.7349811565463,2.655034648641765,0.0,-104.2929887058422,-36.5321188002978,3.0404275772492433,0.0
-45.95377113382386,-4.12383257264144,3.4539785457062298,0.0,-70.10275997513567,1.9700889802803516,10.820818423901105,0.0,-89.70011887606412,-5.333615861857528,3.1980057737394585,0.0,-39.696454970093576,-46.147255012772774,4.811831752089635,0.0,-69.66192575848956,-36.72893587728833,2.6420917967236903,0.0,-104.17179132668055,-36.63335590155681,3.0595712997948166,0.0
-45.9252001255359,-4.10735167956686,3.463712543821991,0.0,-69.09866558851417,1.999854660617233,10.752249208805122,0.0,-89.67875383010256,-5.335860803585085,3.1908632606886105,0.0,-38.660168095853905,-45.58349811887726,4.380265070542691,0.0,-69.62000904949522,-36.72426870687813,2.6258240081735593,0.0,-104.03726299467263,-36.763202413039984,3.1237432189628738,0.0
-45.88801918977862,-4.090808805375581,3.4780907418837295,0.0,-68.08560289880366,2.0133146234311106,10.646111546653252,0.0,-89.6552563473938,-5.338294763474199,3.1839840683661915,0.0,-37.6510539360127,-44.99298419995051,3.9540113097918628,0.0,-69.57848094831557,-36.72041371369297,2.6061628420884944,0.0,-103.89553125913189,-36.92064159401702,3.257053978345551,0.0
-45.84374773874453,-4.071914430881035,3.49465947224874,0.0,-67.08002591081305,2.011628838405077,10.505686126661386,0.0,-89.62955243947441,-5.33915158668095,3.177284017460801,0.0,-36.67017894439702,-44.38113673479248,3.542182517399395,0.0,-69.53681672466044,-36.71736800249435,2.5832983206825357,0.0,-103.75202134529749,-37.10486679155088,3.4845002245828818,0.0
-45.795694455227746,-4.049260981392986,3.5102722449629873,0.0,-66.10090814841773,1.996074673384891,10.332960879273045,0.0,-89.60154892807435,-5.337914402576994,3.1702192357565,0.0,-35.71771795571756,-43.75176838470647,3.153120764773117,0.0,-69.49489570166148,-36.71601025560302,2.5575622101483546,0.0,-103.60821799122202,-37.31714785387106,3.8276950306074298,0.0
-45.74712974313047,-4.023005842638684,3.5219379888474815,0.0,-65.16485479637927,1.9678024929586346,10.128570100717425,0.0,-89.57112175406996,-5.335471837573483,3.162029448843491,0.0,-34.79312702432253,-43.1080725838171,2.7936247160354686,0.0,-69.45328075973924,-36.71799459938859,2.5293970370966132,0.0,-103.4589592422942,-37.56139251677058,4.2996527212834454,0.0
-45.69973099434217,-3.994818117768872,3.527479391466658,0.0,-64.28255008514544,1.9272962575790373,9.892287225296721,0.0,-89.53800106105797,-5.333423751879812,3.1522035164787514,0.0,-33.895818720409686,-42.454774324407516,2.468512067672199,0.0,-69.4130804180601,-36.72523124940211,2.499384168870497,0.0,-103.29173871552344,-37.84263974081814,4.899529034809441,0.0
-45.65305615454597,-3.967111805088066,3.525895839621626,0.0,-63.45745537935667,1.8739516249177104,9.623681750582818,0.0,-89.50169080439801,-5.333046705644437,3.140833937555218,0.0,-33.026605230404385,-41.800922503324735,2.180681432247395,0.0,-69.37550833685246,-36.73909812363844,2.468280254160087,0.0,-103.08902562514723,-38.16407358598697,5.60920007065317,0.0
-45.60517196668797,-3.94197367464022,3.517463171073862,0.0,-62.68652048821646,1.806060072532052,9.322619080178102,0.0,-89.46155141473746,-5.334585953808298,3.128617733044784,0.0,-32.189587666419,-41.162273706083,1.931601779799541,0.0,-69.3413786677091,-36.75965062337729,2.437049968725624,0.0,-102.8333294503452,-38.524129115629044,6.394044277586698,0.0
-45.55394298137784,-3.920334133572598,3.503606913476345,0.0,-61.96202292293851,1.721146592143839,8.989421686479744,0.0,-89.4170675894124,-5.337246947273587,3.1165083993019564,0.0,-31.393518369418118,-40.56186041839986,1.721914161209403,0.0,-69.31079913513096,-36.7851621426103,2.4068923652354766,0.0,-102.51315058953796,-38.91503863616276,7.209061732079605,0.0
-45.498285936078496,-3.901770586691359,3.4865500041912814,0.0,-61.273664082668354,1.6163450822485181,8.624621914093533,0.0,-89.3682300463389,-5.339756292481121,3.105240338365549,0.0,-30.65152924862406,-40.02755151393734,1.5517285769270863,0.0,-69.28324584382878,-36.8122404823841,2.379207564759879,0.0,-102.1271651663297,-39.3231508179908,8.008646350619571,0.0
-45.43890944284149,-3.8850119946396915,3.4687421369382356,0.0,-60.61043653705282,1.4884907567134373,8.2283673796742,0.0,-89.31587616831456,-5.341021192866919,3.0950127608359814,0.0,-29.97874277717439,-39.58644274178948,1.4203652876702044,0.0,-69.25800320428687,-36.83652801410018,2.355410128312224,0.0,-101.68475812349561,-39.73065548329243,8.755920597702232,0.0
-45.37837529776002,-3.8688923712563605,3.452150163422724,0.0,-59.96216160570526,1.3338831969558314,7.799761356814042,0.0,-89.26178132994993,-5.340466384388869,3.0855025910004397,0.0,-29.3883815023878,-39.257532289426344,1.3257002584280748,0.0,-69.23471523415775,-36.85377241834787,2.336558978821218,0.0,-101.20283158252045,-40.11836197970563,9.427664590533583,0.0
-45.32049736464794,-3.8532672374838857,3.4376047423056857,0.0,-59.320786057966714,1.1480352843388992,7.336634515497769,0.0,-89.20838275670707,-5.337970020264026,3.0761583605906253,0.0,-28.88792859577936,-39.04552937244305,1.2636470360955077,0.0,-69.21369959173903,-36.86098161173795,2.3229556543613707,0.0,-100.70035067776179,-40.46929778878982,10.013508471342403,0.0
-45.269186087825716,-3.839364363340935,3.4244884771432087,0.0,-58.68152207125621,0.9258688723085449,6.836244314162926,0.0,-89.15823955481366,-5.333630204842065,3.0665743780830166,0.0,-28.477033206651566,-38.938713605919595,1.2282968025522099,0.0,-69.19580135649613,-36.857398776941224,2.3139921640907986,0.0,-100.19261231753714,-40.77254228133723,10.511140518092255,0.0
-45.22701950011455,-3.8293049219048862,3.4110188974783533,0.0,-58.043796979829615,0.6626508040607604,6.297126197104673,0.0,-89.11347098345692,-5.327624066109841,3.0567476651715744,0.0,-28.148028071295577,-38.91205426899493,1.212812970979348,0.0,-69.18182157162315,-36.845052509432385,2.3083844026820852,0.0,-99.68695598676138,-41.02611781971141,10.920807948151674,0.0
-45.19405266197772,-3.825022278021722,3.395141720916964,0.0,-57.41183812744393,0.3556775790924398,5.721890534587669,0.0,-89.0753386275092,-5.32020873325498,3.0471213567592237,0.0,-27.888632951456543,-38.93425661235604,1.2106855557666414,0.0,-69.17179550075917,-36.82862754229857,2.3046129176411867,0.0,-99.18099585700844,-41.237596415566486,11.241877346918521,0.0
-45.1674307753696,-3.827182327229181,3.375672691352001,0.0,-56.79464698712856,0.006491645666259593,5.12026099705319,0.0,-89.04400205300216,-5.311714496053472,3.038422895267992,0.0,-27.68546526477055,-38.975719970964136,1.2167682265023156,0.0,-69.16449594339217,-36.814446500441775,2.3012617004335763,0.0,-98.66364704855664,-41.42172543561115,11.472476333906421,0.0
-45.14210435683323,-3.8346753131358686,3.3531052873022595,0.0,-56.20516751078002,-0.37681281836263025,4.511166361329366,0.0,-89.01847877971116,-5.3024103727933545,3.0313848244600496,0.0,-27.52685579177889,-39.014489105405886,1.2277166817707261,0.0,-69.15744807249263,-36.80862584094747,2.2971067292311673,0.0,-98.118431659758,-41.5956147107621,11.611409774050745,0.0
-45.11247616595338,-3.844868433860637,3.329669395028665,0.0,-55.65859763292986,-0.7779988583911637,3.9224918324552123,0.0,-88.99690771049387,-5.292338095280231,3.026485134927622,0.0,-27.404080160227316,-39.03870341738538,1.2418164734513848,0.0,-69.1475033099399,-36.81496389087642,2.29106365289484,0.0,-97.52799373970663,-41.77319162416489,11.660502837324149,0.0
-45.07437747005804,-3.8544107336926716,3.308645196518169,0.0,-55.16999202622047,-1.1729897947375,3.3875565360312283,0.0,-88.97713996946484,-5.281343572217875,3.0238237551818763,0.0,-27.31100481736647,-39.04569900998119,1.2584821718249177,0.0,-69.13176077413904,-36.833477115558104,2.28222566637449,0.0,-96.87851185881254,-41.96100795431238,11.625595602358384,0.0
-45.02658317082836,-3.86020582730615,3.293284241033387,0.0,-54.75155184671886,-1.5330960752987055,2.9386389620776825,0.0,-88.95745587485187,-5.269390422151849,3.023152728804032,0.0,-27.242817749450204,-39.03897958651284,1.2777834967841084,0.0,-69.1084921208722,-36.860326827018405,2.270110207468731,0.0,-96.16273801670683,-42.1568091156811,11.51538382649806,0.0
-44.97123418829427,-3.860205676312321,3.285793456201059,0.0,-54.41021540046456,-1.8310393936765186,2.599395953066036,0.0,-88.9370573974366,-5.256948749175557,3.0239844521912396,0.0,-27.194709921217317,-39.02454581246509,1.3002127000849804,0.0,-69.07775650015412,-36.889211398228944,2.254976345903005,0.0,-95.38073242236922,-42.35096305716982,11.338625204936031,0.0
-44.91299235604183,-3.853813429930752,3.286706630062536,0.0,-54.1461888749169,-2.0479323106495313,2.3788327918636654,0.0,-88.91608851353722,-5.245127611974504,3.025698440193233,0.0,-27.161143038145063,-39.0077923319213,1.326670717458244,0.0,-69.04152447358508,-36.91360401163895,2.2379022325609377,0.0,-94.53809513624189,-42.5296799833546,11.10127220964821,0.0
-44.85732185687475,-3.841838119590683,3.2947174533725594,0.0,-53.95282676082441,-2.1783986051968416,2.2690208392101177,0.0,-88.89522870442573,-5.23539198294532,3.0276256448594907,0.0,-27.135913653166547,-38.99167129895382,1.3584574058330112,0.0,-69.0033030070267,-36.92889219308587,2.2204219799292417,0.0,-93.61845548878755,-42.65395389067351,10.804893349867442,0.0
-44.80868610705044,-3.8260783137441643,3.3068773082225675,0.0,-53.81790108305933,-2.2316278972566153,2.2473519330020615,0.0,-88.87516388263771,-5.229006248742625,3.029125798963932,0.0,-27.112850396574906,-38.97629474807934,1.397005446414152,0.0,-68.96741009156386,-36.93358169436951,2.2038637834200223,0.0,-92.65204882876733,-42.73354069695538,10.462624490264822,0.0
-44.76941008546288,-3.8086955137244987,3.319098691083939,0.0,-53.72594538037757,-2.2279813467720464,2.28250309176612,0.0,-88.85628119860199,-5.226524070308754,3.0296577834377825,0.0,-27.086805346087456,-38.95971301046592,1.4432438448405875,0.0,-68.93810415276339,-36.929175297836004,2.1887934570032144,0.0,-91.64806311318245,-42.766492552044184,10.067905945647901,0.0
-44.73950797468038,-3.7915672004943195,3.3270249648955375,0.0,-53.66111914523304,-2.192734254208074,2.342075221804004,0.0,-88.83874365284818,-5.227593125115701,3.028822216065004,0.0,-27.054593247312887,-38.939326751829185,1.4967597031284114,0.0,-68.91871319463634,-36.918990600349005,2.174887460875082,0.0,-90.60480711820944,-42.74769302076839,9.624165562267443,0.0
-44.717263575259615,-3.7757906905024834,3.3272604796318745,0.0,-53.60991201481455,-2.1495563821555024,2.3994388097086503,0.0,-88.82281397352489,-5.231140994698574,3.0263753400714677,0.0,-27.015569821302094,-38.91329884427454,1.555181528563363,0.0,-68.9108352912894,-36.9066882558716,2.1612297904338735,0.0,-89.5211063947441,-42.677613939508376,9.14255017522685,0.0
-44.700111986633885,-3.7614422590842684,3.318640702041737,0.0,-53.5630055777965,-2.1159048547771864,2.437807520016765,0.0,-88.80910235199521,-5.235806570338519,3.0222439730069244,0.0,-26.97158190904848,-38.88142777882348,1.6142538320227082,0.0,-68.91370414207636,-36.89524969962303,2.1467837618417374,0.0,-88.39836575030523,-42.56011828141801,8.641078395593958,0.0
-44.68544007851676,-3.7476141518402364,3.3029365662891585,0.0,-53.515838792498606,-2.101180417878619,2.4507944296420945,0.0,-88.79844005715962,-5.240388661672826,3.016552434381964,0.0,-26.926142027356313,-38.845200932464266,1.6688276376523081,0.0,-68.923925135626,-36.886640088206555,2.130807585672718,0.0,-87.24323021255515,-42.400840923770616,8.14145920754014,0.0
-44.67111870757313,-3.7327157518552507,3.2844741212905504,0.0,-53.46788613541185,-2.107288549568728,2.4401125728108095,0.0,-88.79133879125823,-5.2441228854758855,3.00962740370829,0.0,-26.882939085449358,-38.807100299111,1.7145280634465188,0.0,-68.93586332769443,-36.881910900536106,2.113130847904408,0.0,-86.0683944378924,-42.20543617878511,7.664034808354783,0.0
-44.6557426218498,-3.71502323590281,3.2686651146070513,0.0,-53.42112206541283,-2.1306787269189513,2.411952910642915,0.0,-88.78734482373682,-5.246715756997586,3.0019474729528994,0.0,-26.84413899621171,-38.76955209248665,1.7494183015817981,0.0,-68.94285414950305,-36.88138210052461,2.094288403598128,0.0,-84.89060835767502,-41.97783866164147,7.222677623873622,0.0
-44.63865181693996,-3.6933961376908497,3.2600623745157264,0.0,-53.378336505490786,-2.1648895472472427,2.373590641926814,0.0,-88.78478312183307,-5.248180273444292,2.9940371672170016,0.0,-26.809173409450903,-38.73403363450412,1.7748653369826606,0.0,-68.93908275708641,-36.88472999500761,2.075479422852231,0.0,-83.72650035763544,-41.71898505799536,6.821731452180407,0.0
-44.61985543282161,-3.667923889465641,3.2608214334414587,0.0,-53.34182329354184,-2.2028415610447567,2.3311744347160044,0.0,-88.78120910531902,-5.248592917890944,2.9863186307202163,0.0,-26.77465404166067,-38.700716294666606,1.7951607390633928,0.0,-68.92159019069945,-36.891034498721346,2.05828633813387,0.0,-82.58826374384287,-41.426560297313266,6.456266889456332,0.0
-44.599948708599335,-3.640172342113519,3.2701882310018746,0.0,-53.31266099472797,-2.2384562996186466,2.2889034479481634,0.0,-88.77442816508166,-5.247931029198711,2.978953560912604,0.0,-26.735621356626048,-38.66873605210695,1.8160549314091305,0.0,-68.89163236764145,-36.89892200580489,2.044153751724597,0.0,-81.4815804823713,-41.096104411502644,6.115482624328987,0.0
-44.58001242127567,-3.6128429268046838,3.2850831963206097,0.0,-53.2905602529416,-2.267529356650072,2.2492249347357305,0.0,-88.76355154583487,-5.24612562329821,2.9717541619547845,0.0,-26.68771677546437,-38.63691696851207,1.8428322390721839,0.0,-68.85469545218012,-36.90684753489563,2.0337968044090307,0.0,-80.40711777987197,-40.72332968312499,5.787840907949828,0.0
-44.561427858302686,-3.5889928179975534,3.301387894108064,0.0,-53.27413669394397,-2.2880147596936578,2.2134333085892344,0.0,-88.74951729594176,-5.2433348811239195,2.964242535985342,0.0,-26.629371899613787,-38.60463281708731,1.8786489513804376,0.0,-68.81892375754742,-36.913419978420855,2.0268510047503625,0.0,-79.36512419548096,-40.307072283173724,5.465956046976286,0.0
-44.54560024091896,-3.571224310433503,3.3153485759513384,0.0,-53.261427796091716,-2.2999204499769945,2.182143110132257,0.0,-88.7347992968958,-5.240252097275286,2.9558517198498873,0.0,-26.562998329617834,-38.572473855097826,1.9236480318706874,0.0,-68.79244339655155,-36.91767104481147,2.022001707573798,0.0,-78.3610151935907,-39.85212661428476,5.149409188880371,0.0
-44.533663868870484,-3.5612020315857715,3.3245837345146736,0.0,-53.25046290319041,-2.3049251385048137,2.155443407113262,0.0,-88.722407096796,-5.238165589361869,2.946176362914546,0.0,-26.494532823748816,-38.542440702726516,1.9750673883517944,0.0,-68.7806624125687,-36.919265693565315,2.0175540279075754,0.0,-77.40916510679224,-39.371149176355466,4.8444931847198625,0.0
-44.526225100358964,-3.5595550029841254,3.32843517876773,0.0,-53.239718890068865,-2.3057462826211497,2.1328818613042717,0.0,-88.71453692401997,-5.23860987076847,2.935176722773104,0.0,-26.43143374170763,-38.517513667944584,2.028288537122334,0.0,-68.78465604836968,-36.91864149738594,2.0121661815223213,0.0,-76.53276907619177,-38.884741528014814,4.561236985611528,0.0
-44.523119384189336,-3.565956635651587,3.3276994532782034,0.0,-53.2283424581461,-2.3053380458541595,2.1135354398098016,0.0,-88.71137969975074,-5.2427189240001235,2.9232677756012873,0.0,-26.38000143565192,-38.50068680499658,2.0784907132083887,0.0,-68.80121618632904,-36.916962746075235,2.0054258517615757,0.0,-75.75936344014885,-38.41902722258042,4.30936460148515,0.0
-44.52316244564877,-3.5791624573343266,3.3239792803800245,0.0,-53.216089713805545,-2.3061459956245844,2.096276352043258,0.0,-88.71067342618097,-5.250612722331881,2.911240307422002,0.0,-26.343251695246337,-38.49385797853907,2.1222940617159054,0.0,-68.82442435004305,-36.91578080714485,1.9980550350269741,0.0,-75.11357897118177,-38.00093370508452,4.095251617515114,0.0
-44.52402483337626,-3.5969742593385354,3.3189497046236838,0.0,-53.20303756813687,-2.3097114040961175,2.0801271685574587,0.0,-88.70843787421441,-5.26118066362533,2.9000156743575705,0.0,-26.320248112719334,-38.49710630186961,2.1587084305367696,0.0,-68.84801517380876,-36.916476563658364,1.9916670732551651,0.0,-74.60991055226613,-37.65262209036962,3.9210244772729883,0.0
-44.522503581530856,-3.6162906893310027,3.3137771080525678,0.0,-53.18923088538229,-2.3167646388866103,2.0645087635548993,0.0,-88.70077529454178,-5.27246016442647,2.890327096993298,0.0,-26.30701014496646,-38.50869564109561,2.1890304869949517,0.0,-68.86752910205547,-36.919787815927,1.9881106103107271,0.0,-74.24814008208523,-37.38703728103424,3.7854000068375484,0.0
-44.51538450733302,-3.633448961774007,3.3088256277112453,0.0,-53.17446654487654,-2.3276410673243584,2.0492594797433483,0.0,-88.68590505584514,-5.282502256046966,2.8824487921974633,0.0,-26.298377811721423,-38.525739621026865,2.215877634490816,0.0,-68.88140966558795,-36.92573102756283,1.9885911054203298,0.0,-74.01283262544177,-37.20592905165844,3.684995318865269,0.0
-44.500756043271444,-3.644933760326175,3.303684775435036,0.0,-53.15834101010914,-2.3426174205635872,2.034463953019994,0.0,-88.66529412137683,-5.290301829426575,2.876051603528756,0.0,-26.28990334204905,-38.54514762084748,2.2419212595829094,0.0,-68.89069514052728,-36.933896802327226,1.9929898948574003,0.0,-73.87680273299496,-37.10058724765683,3.615175106201024,0.0
-44.4792534282061,-3.648299790026315,3.2974733394173033,0.0,-53.140539294226514,-2.361817542558886,2.0202530785145463,0.0,-88.64317533213031,-5.296271002462293,2.87024183735363,0.0,-26.27899541658957,-38.56442514219815,2.268882565203201,0.0,-68.89760024052069,-36.94377974870088,1.999830578807341,0.0,-73.8072231965254,-37.054735478895594,3.5703635913693272,0.0
-44.45453512804344,-3.642964787958172,3.2892995163788967,0.0,-53.12119434178751,-2.384706343239487,2.0067250355025124,0.0,-88.62466619365962,-5.301981149408907,2.863833053316391,0.0,-26.26500662897188,-38.582078809900466,2.2971001867480894,0.0,-68.90384091604724,-36.9549048965294,2.0069454261887376,0.0,-73.7724008322201,-37.04864332118451,3.544252686499629,0.0
-44.43247242253862,-3.6305141178518943,3.27866912012146,0.0,-53.10108106516565,-2.4096074788394164,1.994000911916613,0.0,-88.61352400740924,-5.309334137829026,2.855812870984572,0.0,-26.248493007642548,-38.59760315218166,2.325695192428549,0.0,-68.90962510508736,-36.96680178258198,2.0124228219435487,0.0,-73.7472634861121,-37.063330975467196,3.530256171312425,0.0
-44.41902456178968,-3.614342455181245,3.265636760043746,0.0,-53.08149113954948,-2.433736987066885,1.9823007822434509,0.0,-88.61078514266866,-5.319634006897154,2.8458265286592628,0.0,-26.230229747302566,-38.61117946333045,2.3531647983608206,0.0,-68.91370553450561,-36.978981502062574,2.015298195097074,0.0,-73.71624360661484,-37.08377848862918,3.5221995319530297,0.0
-44.41735325453137,-3.5987359687796348,3.2507356976102972,0.0,-53.06382691424983,-2.453860733514932,1.9719242017415013,0.0,-88.61498807235952,-5.333042667498763,2.8344504280550513,0.0,-26.210574222157163,-38.62328641990505,2.3781324161803976,0.0,-68.91423165967467,-36.99103222668233,2.0156556032068806,0.0,-73.67326713437177,-37.100455767797555,3.5149915672007346,0.0
-44.42516645201174,-3.58769098397367,3.2350578240389947,0.0,-53.049114904766334,-2.467246458899724,1.9631085759705762,0.0,-88.62367757818731,-5.348646279768095,2.8231084811952414,0.0,-26.189448088248895,-38.63442200105495,2.3999517714232432,0.0,-68.90978361599855,-37.002817022437476,2.014177994570323,0.0,-73.61953097542224,-37.10914123006332,3.5050506840630415,0.0
-44.433420240660574,-3.5837524248850006,3.220901679954597,0.0,-53.03765659228084,-2.4724743065563706,1.9558156385573664,0.0,-88.63505603812884,-5.364985710001184,2.8136031921191194,0.0,-26.16677945114985,-38.64504732603627,2.418934698964394,0.0,-68.90000535715359,-37.014589143602095,2.011529116112765,0.0,-73.56026742738979,-37.10955456131907,3.490414073811884,0.0
-44.42725060871653,-3.5870015066489627,3.212985918300575,0.0,-53.02892852352688,-2.469851820339014,1.9495355012393958,0.0,-88.64858976857333,-5.380653596977266,2.8073613099977095,0.0,-26.142983048730695,-38.65570553170721,2.436160279720724,0.0,-68.88562489925341,-37.026901145762096,2.007955675444041,0.0,-73.5016361677755,-37.103554254662924,3.4705619463009025,0.0
-44.38934000299614,-3.5942142031271738,3.2195899092772002,0.0,-53.02172591714342,-2.4613747955035663,1.9432214096132956,0.0,-88.66422548903634,-5.394630638448804,2.804652987157798,0.0,-26.119097334196134,-38.66714318548244,2.453030275706693,0.0,-68.8681220691483,-37.040481885065674,2.0031744323443768,0.0,-73.44846643396546,-37.09355675782124,3.446029784245443,0.0
-44.304977201727034,-3.5982576417864696,3.2526336058788576,0.0,-53.01448722695567,-2.450261144036605,1.9354495658042339,0.0,-88.68103775909496,-5.406355486822756,2.804161509165441,0.0,-26.096461763908962,-38.680262031384544,2.4708172590658197,0.0,-68.84949169276088,-37.056384579115694,1.9963611557241379,0.0,-73.40310865991576,-37.08156484399413,3.4179215720954232,0.0
-44.16714582535208,-3.587936396683272,3.326000640207262,0.0,-53.005720840486894,-2.4401393307488375,1.9248053671292027,0.0,-88.69665049103796,-5.4157583129445594,2.8032239145784317,0.0,-26.076123852099123,-38.69585563004038,2.490379954790697,0.0,-68.8326128642113,-37.076809059918105,1.9858539718236816,0.0,-73.3653335800227,-37.06887402925242,3.3874670078429023,0.0
-43.97955674443206,-3.5486067112329693,3.4522670636877386,0.0,-52.99442426113851,-2.4340740131535217,1.9103756197802468,0.0,-88.70813091188583,-5.42338216547075,2.7987798940925455,0.0,-26.058339308547374,-38.7142491815449,2.5120865732661546,0.0,-68.83240287361238,-37.11898118709629,1.9599953699641155,0.0,-73.33303348052398,-37.056254690212164,3.3557309343411994,0.0
-43.75605682006464,-3.463811493521297,3.638951857030083,0.0,-52.9803487767057,-2.4337155027640094,1.8921576422331174,0.0,-88.71373939939986,-5.4304070748715345,2.7886582697218216,0.0,-26.042462200373254,-38.73504896378819,2.5358718504561626,0.0,-68.80672074016525,-37.132704548838596,1.9637393989082792,0.0,-73.30335416712151,-37.04428242654656,3.32348853633105,0.0
-43.516230821262525,-3.3179037893244376,3.885877317733641,0.0,-52.963995063511916,-2.438854111198265,1.8712142202593451,0.0,-88.71410394281631,-5.4382830432589815,2.7725558170757054,0.0,-26.027266091486617,-38.75716149725693,2.561303600484832,0.0,-68.78301209231924,-37.14881257246668,1.9656592544874876,0.0,-73.27381777064791,-37.03355203277505,3.291203155753175,0.0
-43.27855859164944,-3.09919589634422,4.184916439229674,0.0,-52.94635217905713,-2.4475115310327746,1.8494955343916697,0.0,-88.71181347527327,-5.447979032899197,2.752177654991204,0.0,-26.01149244331819,-38.77909446576795,2.5875936248120457,0.0,-68.76206369057469,-37.16715911854284,1.9650263308461913,0.0,-73.24306220519715,-37.02468114820157,3.2590418753557753,0.0
-43.05339888944094,-2.802736689235089,4.522470713195355,0.0,-52.928512190684856,-2.4565187367993797,1.8293832169501325,0.0,-88.70968535068334,-5.459299626046349,2.7304815887766516,0.0,-25.99434948267485,-38.79940439155841,2.613622897321081,0.0,-68.74373173220359,-37.186425845128305,1.9617001360537643,0.0,-73.2110268482819,-37.018154166813574,3.2269129446335985,0.0
-42.83812107570999,-2.4316069659069734,4.883911657213503,0.0,-52.91130175247846,-2.462422849169596,1.8131183489923028,0.0,-88.70894709117107,-5.470815832441618,2.7104700134388082,0.0,-25.97576952833357,-38.81710688240962,2.6381167648507784,0.0,-68.72681273525765,-37.20419386783471,1.9559972956348037,0.0,-73.17865044686192,-37.014118600066524,3.1945464730807043,0.0
-42.61619000211856,-1.995987116621504,5.258370863914221,0.0,-52.895019109758735,-2.4625049023260583,1.8022871691165303,0.0,-88.70852085512405,-5.4805249030181145,2.6941741593075186,0.0,-25.956368661528266,-38.83192103198897,2.6599969494763176,0.0,-68.70927977131944,-37.2174941532822,1.94834340686627,0.0,-73.147314287919,-37.012255480750675,3.1616346205516006,0.0
-42.3610684753536,-1.510331546474354,5.641949704590921,0.0,-52.8793569011019,-2.455621974190505,1.797476538352262,0.0,-88.70572580666155,-5.486779542497381,2.6822960766476953,0.0,-25.937165258977704,-38.844302831299196,2.678739453258073,0.0,-68.68889564614194,-37.22370180543752,1.9389501193343328,0.0,-73.11831183147936,-37.01182226905264,3.1280202599178093,0.0
-42.0442222726903,-0.990166208667862,6.037783406594155,0.0,-52.863593158316164,-2.4425731495762726,1.7981515635418326,0.0,-88.69782643078624,-5.488866780350005,2.6745655166200226,0.0,-25.9191853256804,-38.855273718367364,2.694493173815946,0.0,-68.66404481142966,-37.22149786977962,1.9277682578643258,0.0,-73.0925393398838,-37.011892238598406,3.093902065346006,0.0
-41.64450211371954,-0.45016154818268816,6.452539974672009,0.0,-52.84703031775655,-2.4258177446199545,1.802775163920975,0.0,-88.68350140343816,-5.486977840159854,2.670458449380524,0.0,-25.90311314784766,-38.866088334355176,2.7078716187529395,0.0,-68.63451405127111,-37.211563686950015,1.9147629194728868,0.0,-73.07043063160039,-37.01170202933668,3.0599992950423527,0.0
-41.15492306573733,0.09621119540474155,6.89071068686181,0.0,-52.8294823761569,-2.408624043316939,1.8091559824697452,0.0,-88.66349603441681,-5.481778481248125,2.6697220977317873,0.0,-25.889121669539428,-38.87784131416874,2.719573445066393,0.0,-68.60194706069176,-37.196699736930675,1.9003026763181161,0.0,-73.05201963373521,-37.0109394342855,3.0275824194985876,0.0
-40.58363906940496,0.6367469920609681,7.349629978613425,0.0,-52.81152684964956,-2.393974100222355,1.8149556531335325,0.0,-88.64022080751172,-5.473973019702424,2.6723019037790454,0.0,-25.876926129907716,-38.89115247290178,2.7300682940182472,0.0,-68.56975854016329,-37.18116358485184,1.885349444912725,0.0,-73.03699735406282,-37.009819406348925,2.9982707534377244,0.0
-39.94865755317683,1.1616752239105166,7.81829476256352,0.0,-52.794358536358814,-2.3836514783494813,1.8182183984874847,0.0,-88.6165970359701,-5.464138058686524,2.6777060626136286,0.0,-25.865986990455426,-38.906035284362375,2.7394703148223982,0.0,-68.54240213898309,-37.16925288762097,1.8712581757147646,0.0,-73.02472593222244,-37.00890769133445,2.973572216215869,0.0
-39.26899153084009,1.6656414769233319,8.28113836632703,0.0,-52.77932236515173,-2.3778380260311014,1.8177497162759266,0.0,-88.59478109140244,-5.452863464262173,2.6842791318427164,0.0,-25.855728589500412,-38.92196017546673,2.7476077703710544,0.0,-68.52411098456724,-37.16357914759923,1.859288444365557,0.0,-73.01428013449986,-37.00879606058686,2.9542778338001856,0.0
-38.556588693112644,2.148665536517303,8.724896036091527,0.0,-52.7673816496565,-2.375325380665325,1.8132153886681461,0.0,-88.57542515775613,-5.44102757013243,2.689015107016276,0.0,-25.845679703800375,-38.938051751922,2.754272856482485,0.0,-68.51754321725075,-37.16389063376714,1.850198225493763,0.0,-73.0045937722658,-37.009818273306735,2.9399671980573334,0.0
-37.81259794978088,2.614471426375226,9.144666264169759,0.0,-52.758790716329,-2.3742176734517297,1.8049537510570346,0.0,-88.557905364169,-5.429940402471866,2.6883847925609263,0.0,-25.835526232697013,-38.95334466331042,2.759581162416467,0.0,-68.52291571409137,-37.16723690927857,1.8442733781434235,0.0,-72.99468833185729,-37.01195640314458,2.9289318505255704,0.0
-37.02903777877215,3.066291557884422,9.54570192578865,0.0,-52.75310500834963,-2.3728117183909827,1.7936373790108835,0.0,-88.54153027485194,-5.421116333951496,2.6802919577659825,0.0,-25.825110240034153,-38.967029585446824,2.7642418731976335,0.0,-68.53798685475722,-37.169547782630104,1.841777833487038,0.0,-72.9838704741157,-37.01494555167933,2.9186546583853783,0.0
-36.19435615181235,3.5020170107574398,9.939884145747646,0.0,-52.74945900403259,-2.3702478808486633,1.7800112514449324,0.0,-88.52722685969282,-5.415524566083789,2.6667885243251916,0.0,-25.814402016415702,-38.9786227442183,2.7695063785178515,0.0,-68.5588189483098,-37.16784589433353,1.8433969026941526,0.0,-72.9718097803806,-37.018449080163414,2.9066455032897274,0.0
-35.29997663833608,3.911378085500589,10.338567282903576,0.0,-52.746892301951966,-2.366628743820055,1.76489488737883,0.0,-88.51881036852103,-5.412331953061044,2.6566480750274604,0.0,-25.803460729718086,-38.9880112521199,2.77674062200715,0.0,-68.58096495393089,-37.16196811160554,1.8502046518248338,0.0,-72.95851671230841,-37.02215178819649,2.8912265844923564,0.0
-34.34500115805689,4.27720529780192,10.745204896082647,0.0,-52.74451918743624,-2.362612690454771,1.7494357513521805,0.0,-88.5229158361864,-5.407468240205268,2.6665314794495405,0.0,-25.792403698358566,-38.99537522708318,2.7868220776044748,0.0,-68.60067674991332,-37.15493094397899,1.8630635494129493,0.0,-72.9443092577124,-37.02571322298492,2.871964784838564,0.0
-33.33742407153686,4.580735390177779,11.151273679383625,0.0,-52.741510425399454,-2.3588090640640456,1.7353411708310382,0.0,-88.54705996589387,-5.392681902833755,2.7195797649679676,0.0,-25.78140585553127,-39.00104195664117,2.799692068884786,0.0,-68.61575167568083,-37.15166089173036,1.881778345807792,0.0,-72.92981960532143,-37.02864735342142,2.8496955862428788,0.0
-32.29190131672972,4.808395161689042,11.537397190183983,0.0,-52.73704219080525,-2.355362084857,1.724718650727322,0.0,-88.59604129366042,-5.355796398498398,2.840975701906748,0.0,-25.77073881216253,-39.00535693520658,2.814328915565884,0.0,-68.62565444767506,-37.156460241442915,1.9044086762920749,0.0,-72.9160008303824,-37.03025169745613,2.8262262172949644,0.0
-31.225585727943987,4.9563524423292,11.878907284624724,0.0,-52.730398663541166,-2.351894730129267,1.7193936112195214,0.0,-88.66784364776376,-5.282454446856865,3.051168617396508,0.0,-25.76083213398323,-39.0086462350372,2.829181725236106,0.0,-68.63075077921388,-37.17009168426227,1.9269362026066705,0.0,-72.90403846399461,-37.029672929804995,2.8038044729254015,0.0
-30.154067997964322,5.030452646581711,12.15292774372376,0.0,-52.72125138720179,-2.3477317153297106,1.7200315181281773,0.0,-88.75099905407394,-5.158945187573673,3.3587500827621275,0.0,-25.752303515551286,-39.011292509702784,2.84282059870689,0.0,-68.63096438634928,-37.187638818419984,1.9433243813080363,0.0,-72.89509969621832,-37.026103541047185,2.7844216537120534,0.0
-29.088860411471963,5.041969105936856,12.34376661433006,0.0,-52.7099383185355,-2.3421974458967103,1.7256588146811893,0.0,-88.82528951629097,-4.9751496173805965,3.7560061538780642,0.0,-25.7458873229534,-39.01387235691591,2.854407233144512,0.0,-68.62463696960525,-37.19832392081206,1.9461319039873537,0.0,-72.88995359248081,-37.0190128435883,2.7690924250208973,0.0
-28.036772678648596,5.00171488795203,12.444857698459169,0.0,-52.69753456955455,-2.3348107986349493,1.7339586493489243,0.0,-88.86624227778896,-4.726558306785573,4.220172641835885,0.0,-25.742229524937407,-39.017253801350826,2.8637175860694626,0.0,-68.6084052763388,-37.18813389843561,1.9280845535184366,0.0,-72.88861733607465,-37.00828607199048,2.757392866875918,0.0
-27.000738167717948,4.915333629826687,12.457439224831926,0.0,-52.68564101374986,-2.3253502492918967,1.7421835294549446,0.0,-88.8516612136634,-4.4147961644294655,4.721367542118183,0.0,-25.741611902579155,-39.022572389733114,2.8707751274368327,0.0,-68.57843691949105,-37.14527412762648,1.884896933647159,0.0,-72.89024336632704,-36.99421033855858,2.747559875287225,0.0
-25.981307379197546,4.7815158555435815,12.38746682329393,0.0,-52.67594350496682,-2.313922945956289,1.7481305329739154,0.0,-88.767075946471,-4.046829169914449,5.234268763823544,0.0,-25.74375392198357,-39.031073884257324,2.875430853880607,0.0,-68.53271235209715,-37.0672440925557,1.8188237432635361,0.0,-72.89338643081685,-36.97735572881666,2.7371985024217906,0.0
-24.978024608247146,4.5934332390751695,12.242536266493378,0.0,-52.66965325919169,-2.3011623714139553,1.750652780882568,0.0,-88.60773937257983,-3.633507299972594,5.747396817897147,0.0,-25.747827467862123,-39.0438642223939,2.8772610151951152,0.0,-68.47343974538525,-36.96703034455917,1.7412566908464644,0.0,-72.8965923193257,-36.958440960830664,2.72426852894783,0.0
-23.990307539011276,4.342386721573256,12.02997944331882,0.0,-52.66699809828995,-2.2884816907443097,1.7495547124982256,0.0,-88.37700581451888,-3.1880793437971597,6.26444257265028,0.0,-25.752696288538765,-39.061620941889416,2.8759193201530593,0.0,-68.4080596781461,-36.87489820872039,1.6721916050993197,0.0,-72.89904966299115,-36.93821472403249,2.7078771867857636,0.0
-23.01802198607431,4.021900899064493,11.756269503909348,0.0,-52.66698587564252,-2.2781252298762427,1.7451207954772325,0.0,-88.08272156903537,-2.7249967316011876,6.796694677339804,0.0,-25.757255367578253,-39.08433595526348,2.8717208168484003,0.0,-68.3469665827466,-36.83239357050948,1.635469696257772,0.0,-72.90097021934919,-36.917342685866096,2.6885600227141477,0.0
-22.062095219647734,3.6305833610465132,11.427118217048122,0.0,-52.66761035028409,-2.272774092496217,1.7376813925871133,0.0,-87.73367205271995,-2.258960639656463,7.351083582207788,0.0,-25.760699941512758,-39.11119138602124,2.8660157357755978,0.0,-68.29746523482723,-36.87811251231052,1.651046980367802,0.0,-72.90346250485742,-36.896345852638625,2.667996930066165,0.0
-21.125156733926673,3.1728790150822945,11.047628852721045,0.0,-52.66649847028218,-2.274674072923575,1.7274897248320347,0.0,-87.33745619434842,-1.8039225910331371,7.92088793823001,0.0,-25.762615241822672,-39.1406671433939,2.8610337646759074,0.0,-68.25724275644049,-37.03078096137959,1.727485166454814,0.0,-72.9079050419673,-36.87567800991842,2.648336387598217,0.0
-20.21190083313956,2.6578762119361397,10.622378212692569,0.0,-52.6617946662184,-2.2845479244307834,1.7149209829302183,0.0,-86.89999626021535,-1.3718157203566648,8.484248985086019,0.0,-25.762888400023897,-39.17090144809438,2.8592509522075744,0.0,-68.21332708861685,-37.279776523586044,1.8582345183046094,0.0,-72.91510263098203,-36.85592747125728,2.6314200789101587,0.0
-19.32898718886292,2.0971401143523547,10.155716198090483,0.0,-52.652941201246634,-2.3007777796713427,1.700780100619058,0.0,-86.42586348483593,-0.9712023338597486,9.01084265183958,0.0,-25.7615322115089,-39.20020659786086,2.862628427035368,0.0,-68.14905192026997,-37.590119365874706,2.0244743102650204,0.0,-72.92465935751545,-36.83796441596165,2.6181870611404907,0.0
-18.484578727053353,1.5028824516308,9.652502748521187,0.0,-52.641008386454125,-2.3193559743770367,1.686437488932956,0.0,-85.91839437213339,-0.6063959268876413,9.472612542507637,0.0,-25.758531348020554,-39.22755433843686,2.872078809370729,0.0,-68.05395690302207,-37.91876163772112,2.2045820140318284,0.0,-72.93489783524521,-36.82284189584428,2.6084284919116634,0.0
-17.687671756604793,0.8873755749101839,9.119111401717731,0.0,-52.62837898005843,-2.3348346713520547,1.6736334491506817,0.0,-85.37923976067708,-0.27751682074396555,9.85296218128751,0.0,-25.75377556447251,-39.25283596667993,2.887316764764778,0.0,-67.92887739225013,-38.2314681743642,2.3855428183699683,0.0,-72.9433421320466,-36.811449456970024,2.6009326087272466,0.0
-16.94717948552484,0.26350499452441056,8.564227459584695,0.0,-52.61784307977027,-2.3420294509266624,1.6640084529279981,0.0,-84.80772296340484,0.01854847571173046,10.150511815586768,0.0,-25.747071547745396,-39.27677615769943,2.9070510919409394,0.0,-67.7594256222438,-38.48459803968861,2.56858587699966,0.0,-72.94748666240604,-36.80413263039676,2.5939461811409963,0.0
-16.270594324271052,-0.3545553082242403,7.998964260495772,0.0,-52.61138942129142,-2.337799718634689,1.6585695372347526,0.0,-84.20051964507361,0.28671433609639685,10.376735627370532,0.0,-25.738176155069926,-39.30051376389581,2.9293742153369067,0.0,-67.58576180618437,-38.712670453845234,2.7801846103590977,0.0,-72.94549356418898,-36.80053494113569,2.585783130496056,0.0
-15.662240037314229,-0.9516664648035089,7.4360567455738344,0.0,-52.60910807125161,-2.3221296119466377,1.65730894849162,0.0,-83.55184965051988,0.532269394288603,10.549511264482717,0.0,-25.72680056984595,-39.3250119276824,2.9521895531013147,0.0,-67.41310436759038,-38.92456412893013,3.0325394026699666,0.0,-72.93658885597814,-36.79977588053476,2.5753510179094583,0.0
-15.121565566557933,-1.513478433761577,6.888245732574804,0.0,-52.60866222538994,-2.2980375932180657,1.6591055636811358,0.0,-82.85407083711343,0.7597554951599417,10.685779524645541,0.0,-25.712588356029418,-39.350556620149554,2.973563065840626,0.0,-67.24040390569073,-39.13733850416811,3.3377503430739557,0.0,-72.92111230877316,-36.80087292580988,2.5623956599909725,0.0
-14.642268728232448,-2.0291276767037374,6.366298568732308,0.0,-52.60571403647065,-2.2703613100086244,1.6619610408534573,0.0,-82.09851824356764,0.9722253687322144,10.796114431447208,0.0,-25.695120442254577,-39.376584064609204,2.9919606471055147,0.0,-67.05786385817844,-39.36627386690971,3.6948854300147635,0.0,-72.9002986423357,-36.80318026188974,2.5473958165059702,0.0
-14.212953321001514,-2.4937800311230305,5.877263789244354,0.0,-52.595378957828345,-2.243955037651075,1.6635494050344377,0.0,-81.27654817322896,1.1707729588020506,10.88265523036633,0.0,-25.67399495548784,-39.401927030909796,3.0063893107549795,0.0,-66.84872598978328,-39.61960908370326,4.088366954855169,0.0,-72.87589999019524,-36.806618268536845,2.531202598553568,0.0
-13.819501999109262,-2.90982904737022,5.423480763442827,0.0,-52.57426554475097,-2.222101589194459,1.6619241380443661,0.0,-80.38083496181201,1.3541826841021578,10.940350014226933,0.0,-25.64897095503925,-39.425353837472066,3.0164725877156506,0.0,-66.59444916994318,-39.89790309489585,4.492990609979067,0.0,-72.84973374596764,-36.81159255729111,2.5146157709262624,0.0
-13.448587238357076,-3.2859828330412935,5.0026537766614325,0.0,-52.54226624324163,-2.205814012277018,1.6560928914112871,0.0,-79.40693346448566,1.5186744465986841,10.960396387018466,0.0,-25.62010839805735,-39.44612507386865,3.022470650262745,0.0,-66.28030283629148,-40.196556008680325,4.882493482711292,0.0,-72.82322810747948,-36.81867029682856,2.498072845711995,0.0
-13.091050189378747,-3.634257005742062,4.609059527133203,0.0,-52.50329856471792,-2.194216058622417,1.6462166035671206,0.0,-78.35498548986975,1.6579198713181036,10.934325467757851,0.0,-25.58783340330656,-39.464314087707095,3.0252309157090096,0.0,-65.89855900726491,-40.50932480209343,5.237183881804521,0.0,-72.7970848054431,-36.82819632622954,2.481529710543146,0.0
-12.743714958231156,-3.9657399145700483,4.235749097220534,0.0,-52.4645705570592,-2.1856583129395224,1.6334236504552653,0.0,-77.23124508269126,1.7635828148571946,10.857268807127271,0.0,-25.552908038262856,-39.48079819970435,3.026060272140324,0.0,-65.44831322030333,-40.83095739339726,5.54728995667694,0.0,-72.77121656690785,-36.84003386102681,2.4645164414690353,0.0
-12.408916193856392,-4.286583418917918,3.8774261199205906,0.0,-52.43439786419046,-2.1789536281790367,1.619412724699412,0.0,-76.04884316481541,1.8265082966733797,10.729437751821782,0.0,-25.5163358160947,-39.49698673663457,3.026545449904784,0.0,-64.93313224363553,-41.15816946288898,5.811648137516157,0.0,-72.74503878253513,-36.85351907029281,2.446312247258488,0.0
-12.092247973502833,-4.595756440713307,3.5333956547833694,0.0,-52.41904874101965,-2.174129610172522,1.605991906316783,0.0,-74.82706303071254,1.8383939972106482,10.555614679534099,0.0,-25.47923416503619,-39.51440498881596,3.0283500697471624,0.0,-64.35846771359618,-41.489249701729435,6.0337891144769795,0.0,-72.7180185030928,-36.86759883332999,2.426181615243438,0.0
-11.799842916668691,-4.885497172734498,3.2095368384358007,0.0,-52.41958218845766,-2.172296132232618,1.5945899814691185,0.0,-73.58868389320466,1.7934664343917515,10.343285766736155,0.0,-25.442674773386145,-39.53424106048688,3.0329549639381437,0.0,-63.730040930950416,-41.82308823989801,6.217987502936385,0.0,-72.69023941337109,-36.881055113164074,2.4036106659473173,0.0
-11.536354206867767,-5.144237749235623,2.918040237809617,0.0,-52.43006101153127,-2.174624955310753,1.585782256864169,0.0,-72.35580892425871,1.6895854972775606,10.100560007076854,0.0,-25.407508649404324,-39.556976483176676,3.0412753170536817,0.0,-63.05332066958224,-42.15831296021107,6.366902475157224,0.0,-72.66271968209593,-36.8927332517481,2.3784819449992636,0.0
-11.304166015000956,-5.360707112779586,2.6742263077773902,0.0,-52.438460041671746,-2.1810100082718966,1.5790054291368119,0.0,-71.14560095163165,1.5284728552436793,9.834897829446625,0.0,-25.37425106029275,-39.58223298143035,3.053198968191383,0.0,-62.33363779518951,-42.4927804617272,6.481213651929642,0.0,-72.63731711482197,-36.90174524727787,2.351146676429801,0.0
-11.103748750795436,-5.527577331418901,2.4911717760245278,0.0,-52.43061326973012,-2.189322695818052,1.5727172671332745,0.0,-69.96775914763384,1.3152129248325242,9.55297473468518,0.0,-25.343099657807926,-39.608879777327104,3.067295029868811,0.0,-61.57646915119571,-42.82334077373551,6.560802977490345,0.0,-72.61622246329077,-36.90764715761126,2.3223859623973624,0.0
-10.934636349863284,-5.643443160102559,2.3743223924746975,0.0,-52.395860786618805,-2.1958589689793193,1.5651100694654332,0.0,-68.82497435991776,1.057411627579036,9.261206319591265,0.0,-25.314066491037444,-39.63529961088336,3.0810153636537567,0.0,-60.78764310535642,-43.145772426284466,6.606595550694194,0.0,-72.60121296294565,-36.91055830674118,2.293288641650406,0.0
-10.796270852618896,-5.712728973822754,2.3186522513624457,0.0,-52.33184461410654,-2.1968067104854816,1.5550923492513338,0.0,-67.71619765330546,0.7642725338635774,8.966079990962719,0.0,-25.287128035106402,-39.659667099959876,3.091484861627272,0.0,-59.97341576772352,-43.45488965498845,6.622036335088876,0.0,-72.59294980115172,-36.91113626534951,2.265113114061128,0.0
-10.688068390001867,-5.743911685135589,2.3097927030155425,0.0,-52.246323118252185,-2.1900154239722625,1.5428922783022863,0.0,-66.64102321563375,0.4455918225594804,8.673676004084028,0.0,-25.26231578288324,-39.680183689715335,3.0965754594842796,0.0,-59.14046406467024,-43.74483966507825,6.613353795065189,0.0,-72.59060956933098,-36.9103353049952,2.2392003312087105,0.0
-10.608560103425258,-5.746987764784249,2.3285647755143533,0.0,-52.15558552628176,-2.1763460413272915,1.5297363455182573,0.0,-65.60282671741803,0.11059129950486657,8.388455402436273,0.0,-25.239727993872876,-39.69529875984132,3.0957269160883385,0.0,-58.29580894602554,-44.00955871362278,6.588285520197903,0.0,-72.59202972413644,-36.909007210616025,2.2169172016404577,0.0
-10.554133916379435,-5.731233986517332,2.356777297590213,0.0,-52.080475785251394,-2.1601317725340197,1.5166759155189062,0.0,-64.60920907741873,-0.23324750126758254,8.112101439874513,0.0,-25.219465303248096,-39.703930081720635,3.0901167280111697,0.0,-57.44652724734119,-44.24334379846804,6.5536617639475345,0.0,-72.5943572115695,-36.90757228714542,2.199481016710198,0.0
-10.518323476358097,-5.70397007513344,2.3818662578756467,0.0,-52.04128932478939,-2.148475547372506,1.50333343261355,0.0,-63.6701166974472,-0.5807841456221681,7.84333386143431,0.0,-25.201493898756713,-39.70563424815341,3.082150817902665,0.0,-56.59899996857536,-44.4414775327772,6.512813761409999,0.0,-72.59498195135171,-36.90600746645635,2.187529477328521,0.0
-10.492415109115843,-5.670440832774426,2.3988638829635587,0.0,-52.05250237705973,-2.1493588204218312,1.4875605341136708,0.0,-62.79510882415734,-0.9286824667319031,7.578927233196643,0.0,-25.185470985825056,-39.70065743154216,3.074560918396937,0.0,-55.757613817832144,-44.600743174771516,6.463895841215332,0.0,-72.59236255084721,-36.90414596462757,2.1806466233092188,0.0
-10.467389235739857,-5.634460311451027,2.4095535814539204,0.0,-52.118360617087816,-2.168994078082032,1.4664553815604453,0.0,-61.990984140835664,-1.2739058468297921,7.315183154703266,0.0,-25.170625277904623,-39.68984016174809,3.0695042450603367,0.0,-54.92328154748532,-44.71958086826664,6.399847045547512,0.0,-72.58633964406478,-36.9019864824479,2.177346358292054,0.0
-10.436332182900852,-5.599276410500005,2.4197323941619473,0.0,-52.230754892037844,-2.209249833676412,1.438204901241841,0.0,-61.26030897129786,-1.6123776193880284,7.048693672109957,0.0,-25.15581213709637,-39.67442530861493,3.0679813567471417,0.0,-54.092538016822246,-44.79773076721969,6.310096871844786,0.0,-72.57785171305441,-36.89978476677216,2.1755568051517944,0.0
-10.396104304040456,-5.568130553895209,2.435912856729482,0.0,-52.37067320604531,-2.2660143313216237,1.4036483754847815,0.0,-60.601158372375565,-1.9391080901095519,6.77579018692578,0.0,-25.139801953771833,-39.65586786581117,3.069703831640785,0.0,-53.25793293747707,-44.83548486208208,6.18355141624137,0.0,-72.56834401808663,-36.897977612194666,2.1731377095046636,0.0
-10.347549265617772,-5.544130805447418,2.46262458032691,0.0,-52.51326050607584,-2.329219651902772,1.3667439382282858,0.0,-60.00828490605381,-2.2500474528677543,6.491262614441823,0.0,-25.121719370996427,-39.6357156677343,3.073365010794584,0.0,-52.409939938825175,-44.83294075225907,6.01206132568443,0.0,-72.55920549311409,-36.89705675940244,2.168224413049499,0.0
-10.29445341875364,-5.529397065479269,2.500981531043477,0.0,-52.63473635319487,-2.385041643518628,1.3337671070900914,0.0,-59.47542228498188,-2.5443833689750868,6.187856528245325,0.0,-25.10142533712502,-39.615540868246114,3.0771732207063707,0.0,-51.53994592368791,-44.78971503117221,5.7934629666599085,0.0,-72.5514126080463,-36.8974545923542,2.159523696731119,0.0
-10.242008926549277,-5.523932094389184,2.5486049348510544,0.0,-52.718488087400296,-2.420094847313714,1.3114997857791266,0.0,-58.99775879657018,-2.8253187825904176,5.857831859252357,0.0,-25.079629210984784,-39.59684470332597,3.0794776836646385,0.0,-50.64341979574488,-44.70536627559217,5.533343793481166,0.0,-72.54541546391563,-36.899473874969814,2.146614316449197,0.0
-10.195371836022776,-5.5250160154902455,2.600553790781875,0.0,-52.75828426070589,-2.426171014334355,1.3049214500269972,0.0,-58.57344972432781,-3.0982427752675132,5.496504124336891,0.0,-25.057646127021787,-39.58089461949343,3.0793012834055222,0.0,-49.722223499410184,-44.58039196157407,5.244938195714048,0.0,-72.54119959909363,-36.90327557521033,2.130125029944967,0.0
-10.15847849162141,-5.527795864640578,2.650784124078191,0.0,-52.75808074532689,-2.4032986267221252,1.3151641669491703,0.0,-58.20352102411218,-3.3669255236447464,5.106205922621255,0.0,-25.03689347304443,-39.5685433260977,3.0766153058251238,0.0,-48.78523024284435,-44.41728914389408,4.947042897882403,0.0,-72.53840450023789,-36.90890890642303,2.111645635576588,0.0
-10.133156585601132,-5.527097902564437,2.6937608710457805,0.0,-52.72920900000734,-2.3596999364321096,1.3385667512899904,0.0,-57.89023662688682,-3.629670287291189,4.6985655936419715,0.0,-25.0183463078165,-39.56012764396082,3.072286201943907,0.0,-47.84694844793872,-44.221031271014404,4.660441557559301,0.0,-72.53639946141877,-36.9163304898514,2.0933614207316484,0.0
-10.118721217088243,-5.519637591224994,2.7258781882549936,0.0,-52.68635209686661,-2.308963739644276,1.3673351874906992,0.0,-57.63463289789587,-3.8776028938585814,4.2936804336491186,0.0,-25.002184340945583,-39.555501735903924,3.0677478311788136,0.0,-46.924571164358746,-43.998560051458874,4.403795338932895,0.0,-72.53430874485993,-36.92535829695536,2.0775138941672733,0.0
-10.112264420492448,-5.505365594008437,2.746216852232509,0.0,-52.64367775233831,-2.2659092172033164,1.3916958318883115,0.0,-57.43432285191005,-4.096400963117608,3.916206252040462,0.0,-24.98777308836698,-39.5541721746007,3.0645278586534115,0.0,-46.034426838004066,-43.757399619392274,4.190066189818305,0.0,-72.53110569074015,-36.93559293384464,2.0657333506080136,0.0
-10.109604456312208,-5.487162171015968,2.756250760974309,0.0,-52.61199626843157,-2.242671515550084,1.4028488713383354,0.0,-57.28261812382672,-4.271023091628832,3.5897496423102897,0.0,-24.973978867373457,-39.55545728866456,3.063765848470929,0.0,-45.18890729862264,-43.50390725054034,4.0242821707345975,0.0,-72.52595774215754,-36.946454285318346,2.058188228636597,0.0
-10.10657591387771,-5.469183545536076,2.758654500972211,0.0,-52.59722699882362,-2.2459259570040473,1.395730206330752,0.0,-57.16939611069639,-4.391324240949002,3.3314416990257456,0.0,-24.95967447010551,-39.55862242242406,3.0658540516190094,0.0,-44.394641441603476,-43.241742043794105,3.9030298643877632,0.0,-72.51875588754821,-36.95735376340865,2.0529232280003864,0.0
-10.100161967149702,-5.454957987566942,2.75593761382647,0.0,-52.60014637511661,-2.2755545717707113,1.3706405840153213,0.0,-57.08329145443225,-4.4560402478908685,3.148136807517501,0.0,-24.944210846206257,-39.56300124376082,3.0703301267488747,0.0,-43.6522223219875,-42.970976178466785,3.815661442640099,0.0,-72.5103193487452,-36.967698976512665,2.046404129785948,0.0
-10.089011112345633,-5.446242817143119,2.7496530826769803,0.0,-52.61729807944042,-2.324858760681728,1.3331713967074421,0.0,-57.014252665618116,-4.473666253042484,3.0350287355560166,0.0,-24.92765824035818,-39.56812552258131,3.076073726299409,0.0,-42.95734135179724,-42.68810180754083,3.746870615108529,0.0,-72.50206523137128,-36.976699423062136,2.035184134285208,0.0
-10.073256417965403,-5.442934746781185,2.740418651279281,0.0,-52.64277164870097,-2.3824022209352815,1.2924410302160059,0.0,-56.95545739789206,-4.460222183850182,2.9770637279344996,0.0,-24.910743554591857,-39.57382784497786,3.0816960336232686,0.0,-42.302815777206,-42.386990031068635,3.680011785242332,0.0,-72.4955975294826,-36.98340794877949,2.0171443980446533,0.0
-10.054003924920904,-5.443663001752547,2.728468092445386,0.0,-52.67023146747904,-2.4352653115753737,1.258247248579739,0.0,-56.90387172834347,-4.434905408068815,2.9530421206148922,0.0,-24.894549293807085,-39.580224640850666,3.0859333100444832,0.0,-41.68086166142796,-42.0605688606463,3.6003864154014664,0.0,-72.49260567672434,-36.98720653566522,1.991354992945297,0.0
-10.032910270827774,-5.4465381389647085,2.7142850749593617,0.0,-52.69443550676673,-2.4728535860567495,1.2381038549531826,0.0,-56.85928632550346,-4.415114886720145,2.9414062845331976,0.0,-24.880110847666064,-39.5875202670361,3.0879413108241405,0.0,-41.085129704326924,-41.70275875346485,3.4977953973598765,0.0,-72.49637145905378,-36.989636383836036,1.954188261372824,0.0
-10.011943949378296,-5.449778761240376,2.699006794520141,0.0,-52.711849279386115,-2.489876163044693,1.2351456776098395,0.0,-56.82238810703438,-4.412426450481531,2.9257848319153457,0.0,-24.868046754787468,-39.595692826027914,3.0874781627741843,0.0,-40.51228865577874,-41.31024072096358,3.367948946998844,0.0,-72.50160387954523,-36.98610005363122,1.9221016053969766,0.0
-9.993162232573148,-5.4521825817413765,2.684467743856519,0.0,-52.72060106402585,-2.4872764899432234,1.2475746897115503,0.0,-56.79296598561296,-4.430676385834764,2.898212796032274,0.0,-24.858338215341526,-39.60423108813457,3.08494608475082,0.0,-39.96306580818932,-40.883884092530586,3.2127044970126892,0.0,-72.50037078377107,-36.971510566844316,1.9083764102779934,0.0
-9.978356463072348,-5.453414548177782,2.672860172080817,0.0,-52.72029957568781,-2.470877853361908,1.2697731462209827,0.0,-56.76925575257151,-4.466417396730857,2.8589825040844143,0.0,-24.850353546716047,-39.612096145306865,3.0812285014665814,0.0,-39.44261842377938,-40.4298734203985,3.03937070926745,0.0,-72.4998349916125,-36.954485508243096,1.8964206230600276,0.0
-9.968592392002554,-5.453996509251132,2.6660803759380016,0.0,-52.711931102621804,-2.448647900359827,1.2945764640326898,0.0,-56.74865884191704,-4.511164215815531,2.813745178801213,0.0,-24.843137414833173,-39.617975193911825,3.077316186315583,0.0,-38.96004951970835,-39.960508866085775,2.859340478480439,0.0,-72.49909717907619,-36.93735192590259,1.8865410695251335,0.0
-9.963819693281387,-5.454942321619458,2.664981670697749,0.0,-52.69764675868639,-2.4279829198922025,1.315725976284666,0.0,-56.72913054303841,-4.554506536987319,2.7696598338630274,0.0,-24.83584653802127,-39.62074930388481,3.073852370739008,0.0,-38.52691654395509,-39.49428373739423,2.6861754246431033,0.0,-72.497292248915,-36.92242460201897,1.878843435135769,0.0
-9.96274954969049,-5.4571862084273315,2.6688841415860036,0.0,-52.68021701167512,-2.4140649511228123,1.3295054762971583,0.0,-56.71013234459809,-4.5872536760545755,2.732389343981124,0.0,-24.828111462891073,-39.6199891170224,3.0708423771998703,0.0,-38.15480530742897,-39.05448430572596,2.5332140166295893,0.0,-72.49380550123742,-36.91157301466066,1.8732024469831803,0.0
-9.963096446626864,-5.461088111258513,2.67564003980943,0.0,-52.662210974802164,-2.4095423509004297,1.3350794659705176,0.0,-56.69248250686882,-4.603932078744005,2.7048193557706472,0.0,-24.82013714434819,-39.61626411904839,3.0677358555791905,0.0,-37.85246226640934,-38.66573976815749,2.410984204641096,0.0,-72.48845138065525,-36.90590801332554,1.8691692414489385,0.0
-9.962130140938871,-5.466239260404619,2.682305576497601,0.0,-52.64521906518942,-2.4150649512109883,1.3337681928106546,0.0,-56.67730910267156,-4.604047762100808,2.687306948467441,0.0,-24.812508094860824,-39.61111418622063,3.063862673066721,0.0,-37.62337026039192,-38.34891227187781,2.3250221721040507,0.0,-72.48154216298468,-36.90562670737362,1.8659492724985753,0.0
-9.957378944834705,-5.471608358123536,2.6861899181675177,0.0,-52.62948674237718,-2.4299435620880665,1.3279360487768788,0.0,-56.6649039227164,-4.591725939337799,2.678680450808681,0.0,-24.805823394077265,-39.60666079834092,3.058947919266366,0.0,-37.46465345371547,-38.11596163639038,2.274787181412279,0.0,-72.47378429705262,-36.9100327357463,1.8625562455503335,0.0
-9.947291351786069,-5.475900000518774,2.6858851016273544,0.0,-52.614152206311566,-2.452469013995123,1.3201059426287003,0.0,-56.654251894281266,-4.573834088515692,2.6772257747161134,0.0,-24.80034900784124,-39.604968095583835,3.0533605984920342,0.0,-37.36768638701682,-37.966956610720786,2.2540618763564595,0.0,-72.46600805870385,-36.91774627741747,1.858110226729778,0.0
-9.93166893183842,-5.477923912115226,2.6818487259331683,0.0,-52.597967426737185,-2.47993765353276,1.3125204970401967,0.0,-56.64351914555407,-4.55734406713607,2.6812396907066596,0.0,-24.795831650893692,-39.607354392831574,3.047923925980184,0.0,-37.32004554120545,-37.890645913401414,2.252747392908372,0.0,-72.45883763289874,-36.92708186648257,1.852111865664149,0.0
-9.911724947112589,-5.4768271196665665,2.6762361556443786,0.0,-52.58011086666716,-2.508738213072773,1.3070520128047187,0.0,-56.631168412621314,-4.547047194103095,2.6891002503031167,0.0,-24.791529515686626,-39.61389191330257,3.043416771452778,0.0,-37.30790541241532,-37.86834750278098,2.2596143145948275,0.0,-72.4524666960849,-36.93649255310639,1.8445172894487936,0.0
-9.889722878539075,-5.472180549228827,2.6719805140446056,0.0,-52.56065864657812,-2.5347740549373556,1.3052941456297802,0.0,-56.61698641664192,-4.544474708489394,2.699054410903516,0.0,-24.78642293190227,-39.623293961986356,3.040111381958676,0.0,-37.31790161302849,-37.8793813912959,2.2654147904521054,0.0,-72.44665740345573,-36.94492272676936,1.835578084268752,0.0
-9.868292453931979,-5.4640161914649745,2.6714784291107048,0.0,-52.54050707358013,-2.5542366851823664,1.3086592937002886,0.0,-56.60239534044422,-4.548166467847735,2.7090250119501764,0.0,-24.779493556928756,-39.6332459751584,3.037646028736516,0.0,-37.337868110193924,-37.905718870900444,2.265646866635347,0.0,-72.44094588959496,-36.951940407093915,1.8255846060177436,0.0
-9.849674484910492,-5.45289257087211,2.6754717493474836,0.0,-52.52089868417948,-2.56453090249658,1.3182573522606829,0.0,-56.589893996674625,-4.554802750856128,2.7166950192210564,0.0,-24.769942275774156,-39.64104404148408,3.035270181559042,0.0,-37.356512983857534,-37.9341804554195,2.262172822321574,0.0,-72.43490715112576,-36.957617026450194,1.8147188526301452,0.0
-9.835230256156445,-5.439954961889869,2.6826978966211588,0.0,-52.502956030801144,-2.5650243814766904,1.3344232210377207,0.0,-56.58194246362923,-4.560541880280048,2.7199582757610354,0.0,-24.757284364645322,-39.644298468239676,3.0322666585477958,0.0,-37.36271212793789,-37.95594327986062,2.263018135277335,0.0,-72.42830659456868,-36.962234652116514,1.8031304085166422,0.0
-9.825402416447943,-5.426859525557749,2.6905427040677967,0.0,-52.487565536484325,-2.5572780864061855,1.3560665089452453,0.0,-56.57976674994902,-4.562127626836228,2.7175950566805565,0.0,-24.74137511256764,-39.64150653313738,3.0283125067167784,0.0,-37.34536187041737,-37.96448786098277,2.2801099991599365,0.0,-72.42107098500219,-36.96598403419806,1.791155797514996,0.0
-9.819946832341884,-5.415452342300178,2.6963709780718315,0.0,-52.475584856529366,-2.544565232388006,1.380294404195987,0.0,-56.58248099949073,-4.5576297239733385,2.709848968553578,0.0,-24.722464542065413,-39.63240773577736,3.0236433228470787,0.0,-37.29448700250402,-37.95370059830236,2.3253291197074635,0.0,-72.41316595524356,-36.96882420554766,1.7794522055643718,0.0
-9.818030109169182,-5.407239652560487,2.698811966310611,0.0,-52.46794280631665,-2.5307858184007905,1.4027300442711086,0.0,-56.586831674192474,-4.546826462838624,2.6985638453012424,0.0,-24.701290597610317,-39.61808630838933,3.0190121631353257,0.0,-37.203608208038574,-37.917435648801295,2.4058754362477774,0.0,-72.40453722895796,-36.9705734469853,1.7688526836207874,0.0
-9.817981759532813,-5.402827207235383,2.6983541169511795,0.0,-52.46512176504619,-2.519141050378524,1.4186453173969706,0.0,-56.587811319675744,-4.531224031323648,2.686713342298871,0.0,-24.6790917085202,-39.60077267586315,3.015496685063024,0.0,-37.07248104681752,-37.85077378073045,2.5204348364761326,0.0,-72.39519287382437,-36.97114563058587,1.7599730219001692,0.0
-9.816921339782631,-5.401548898693066,2.697049460148115,0.0,-52.46590411887202,-2.5109490655132802,1.4247000028147312,0.0,-56.580196163713396,-4.5136603946397855,2.67744094426509,0.0,-24.657407008214022,-39.5833144289216,3.0141883550160173,0.0,-36.90869040444842,-37.752133568333,2.6577350612357744,0.0,-72.38534718386337,-36.97075475259621,1.7528271254351306,0.0
-9.81076447285478,-5.401492031995138,2.697590520298485,0.0,-52.46589135381581,-2.504821229580065,1.420853838080566,0.0,-56.56060658120841,-4.497480136277481,2.672983303129122,0.0,-24.637670651979732,-39.56842158804718,3.015784378021573,0.0,-36.72677265029139,-37.62486903076462,2.7984909494733934,0.0,-72.37546351918012,-36.96994936507502,1.7467360216775383,0.0
-9.79500890910218,-5.400078962025811,2.702244108316524,0.0,-52.45670919195774,-2.4963117700131736,1.411865272131795,0.0,-56.52918735870176,-4.485432654440459,2.6739279255395143,0.0,-24.620778696237302,-39.557985608338164,3.020201532733976,0.0,-36.54469568747676,-37.4772800422439,2.9204250020268034,0.0,-72.36610836634532,-36.96946273341331,1.7406263976350704,0.0
-9.76621690480348,-5.395166265666411,2.712060852901921,0.0,-52.42665900864495,-2.478186376631111,1.4077635872051806,0.0,-56.48994735504047,-4.4786708420907075,2.6790936426494785,0.0,-24.606857039051487,-39.552829293601,3.026450714431819,0.0,-36.379003297633695,-37.320856999637805,3.0045728234754474,0.0,-72.35769669461091,-36.96998076806083,1.7335645307575103,0.0
-9.723539875244327,-5.386249593176641,2.726557640071194,0.0,-52.362909875996586,-2.4414760595159173,1.4229024760252793,0.0,-56.44943804640984,-4.476320429242897,2.6860197409216777,0.0,-24.595337877470296,-39.55301894152349,3.0329239950549205,0.0,-36.240678375241586,-37.167509919512426,3.0403910854338854,0.0,-72.35031600497213,-36.97196728969945,1.7252303441239007,0.0
-9.669448231402436,-5.375093574467128,2.7438606050368364,0.0,-52.25454401902417,-2.3772885792355414,1.473651637659616,0.0,-56.41438891043212,-4.475873836167258,2.6917961433577773,0.0,-24.585262947375586,-39.558481933297195,3.03796508163588,0.0,-36.133303184022935,-37.02694621581243,3.02780079245019,0.0,-72.34376507282575,-36.975625857074164,1.7160770139174293,0.0
-9.609257062410121,-5.365269924607404,2.761188206129434,0.0,-52.09527863019384,-2.2789514538249005,1.575235032848581,0.0,-56.38942683716748,-4.47421735057718,2.6938858821489102,0.0,-24.575624727666316,-39.56945529456236,3.040403219864361,0.0,-36.05383106338656,-36.905107306617644,2.97580221438119,0.0,-72.33777319348796,-36.98096545733968,1.707111030800192,0.0
-9.549756133947724,-5.360658463744518,2.7755655084688957,0.0,-51.884655341022516,-2.1437829081458855,1.7383809686437948,0.0,-56.37578000610599,-4.468771207384279,2.6906914958883448,0.0,-24.56559439080027,-39.58644669307907,3.0397776665969367,0.0,-35.99511163679081,-36.8039381861721,2.8987231128507798,0.0,-72.33221679133838,-36.98786218791757,1.6994486171089065,0.0
-9.497655765138607,-5.3635829264564565,2.7846995583619343,0.0,-51.62702410185209,-1.973820540221329,1.966412292919939,0.0,-56.37125767266879,-4.458252549411094,2.681815211574552,0.0,-24.554607739934017,-39.60976996729626,3.0361838391739795,0.0,-35.94884622984983,-36.72218305871716,2.811791659367188,0.0,-72.32714753232489,-36.99603174602619,1.6939109233934744,0.0
-9.458349598501304,-5.373522865796947,2.7878176238031447,0.0,-51.328762953982555,-1.7750348343420885,2.253757341177873,0.0,-56.37130857538571,-4.442853235412278,2.668114523653948,0.0,-24.542377805561795,-39.63900164081765,3.029917199981643,0.0,-35.907920792530504,-36.65663600428664,2.727505293268404,0.0,-72.3225975282124,-37.00492876774842,1.6908421602416475,0.0
-9.43499899257289,-5.387073503103766,2.786015146834151,0.0,-50.99522361345229,-1.5551667249719046,2.5870607719074394,0.0,-56.37073043353037,-4.423904329354057,2.651652172676595,0.0,-24.528917559993413,-39.672723872899,3.0212353976047055,0.0,-35.86767521879717,-36.60333597641697,2.653609350692342,0.0,-72.31831519933422,-37.013684545935696,1.6901490126767609,0.0
-9.427775599909813,-5.399176318640907,2.7817155845012635,0.0,-50.629002648861054,-1.3212781225828856,2.9489658572605357,0.0,-56.36548235175261,-4.403261981171707,2.6355080264171047,0.0,-24.514610799165016,-39.708726301509486,3.0104645801745598,0.0,-35.82619137613076,-36.55843974046821,2.592825156851168,0.0,-72.31365875964883,-37.02120036914246,1.6914318553368357,0.0
-9.433439847725737,-5.405036030317738,2.7774434561986983,0.0,-50.230248505991284,-1.0783177506638797,3.3230053746873986,0.0,-56.353986125683086,-4.382703548019098,2.6232995945916002,0.0,-24.500304062445004,-39.7445651856316,2.998390496963408,0.0,-35.78390792547599,-36.51875261932254,2.5439631409362935,0.0,-72.30777203033055,-37.02641116165279,1.6940989259681025,0.0
-9.445778136271347,-5.401884591821231,2.77472690501887,0.0,-49.79851919903511,-0.8291528453641988,3.6974234348649144,0.0,-56.33743685698165,-4.363569626203718,2.618305086844334,0.0,-24.487328532812093,-39.77815674486772,2.986631977697357,0.0,-35.74283827897185,-36.48201537373272,2.503757206258811,0.0,-72.29997348085872,-37.028596460394425,1.6974499066398732,0.0
-9.457181097662328,-5.389879811417386,2.7738518638682184,0.0,-49.33497551347662,-0.5754836870385969,4.066556039439423,0.0,-56.31905652005678,-4.346731458171421,2.622350370813866,0.0,-24.477326541901785,-39.808051035054,2.9776559384823162,0.0,-35.70557318081765,-36.4470266258517,2.468688211952278,0.0,-72.29015603628532,-37.027560291726154,1.700755651332221,0.0
-9.460915156639754,-5.37183170110385,2.7744556459199217,0.0,-48.8436939934621,-0.3186818130755711,4.42989237183384,0.0,-56.30270952239124,-4.332774506065029,2.6349425599496126,0.0,-24.471790535410022,-39.83324900678751,2.9742150376508842,0.0,-35.67425023739389,-36.41360798863258,2.436240238012264,0.0,-72.27899831513012,-37.02358322916679,1.7033284566047833,0.0
-9.453115179532826,-5.35196129948556,2.776347572342658,0.0,-48.33137812281029,-0.05996565757930661,4.790008954884447,0.0,-56.2915285434764,-4.3221799070065146,2.6531956606990743,0.0,-24.4713306930933,-39.85276779806235,2.9781731875377044,0.0,-35.6497375435506,-36.38238371891337,2.4053653722971173,0.0,-72.26788076522118,-37.01720139256916,1.7045646023611987,0.0
-9.433644420227415,-5.334278494138125,2.7799456590113927,0.0,-47.80548168124105,0.19997773446207034,5.150599908966733,0.0,-56.28705596986813,-4.315330020144868,2.6727441240754093,0.0,-24.474835732611538,-39.86540711216668,2.9889372727672097,0.0,-35.63126612955139,-36.35438149727949,2.3762489276850953,0.0,-72.25850835280835,-37.00896365826723,1.7039903216594965,0.0
-9.40551876038909,-5.321254918567654,2.7860957003730125,0.0,-47.27156786530515,0.46130821138783773,5.515103554422084,0.0,-56.289064943239204,-4.312329716330909,2.689288820456783,0.0,-24.478823724617,-39.87016174330182,3.0020513691599557,0.0,-35.616610904571246,-36.33053804944959,2.3496526104107183,0.0,-72.25234399428722,-36.99929688604436,1.7013724856709267,0.0
-9.373197607081337,-5.3132736386470665,2.7954354544027193,0.0,-46.73124774649542,0.7246767383388644,5.885714653001803,0.0,-56.29592664432727,-4.312789818969986,2.700066694586287,0.0,-24.477336083528314,-39.86743785821001,3.008777044898922,0.0,-35.60274053189802,-36.31126050056091,2.326174820793751,0.0,-72.25004725701494,-36.988509719669544,1.6968872907267762,0.0
-9.340523008956172,-5.308970559323543,2.8077409176214783,0.0,-46.18182007264069,0.9900886303932275,6.26238485311455,0.0,-56.30525163357784,-4.315755451035109,2.704605478560527,0.0,-24.462661963715252,-39.86078399057545,2.9974138388285123,0.0,-35.58671113053435,-36.29620530052389,2.3057376094510023,0.0,-72.25115074634135,-36.97687617927114,1.691230538791725,0.0
-9.309284310121017,-5.306188051616191,2.8217302394782973,0.0,-45.6177751065254,1.255484987210874,6.6417092162877855,0.0,-56.314545496932276,-4.319882122960463,2.7045178614490855,0.0,-24.42696930745707,-39.85845998915067,2.9565779882828647,0.0,-35.5665083222535,-36.28436645352907,2.287484899041262,0.0,-72.25414890637478,-36.964719027036,1.6855349186346142,0.0
-9.2790955335578,-5.3030223933089715,2.835516349984383,0.0,-45.03327072124186,1.5158224470409767,7.016023257374034,0.0,-56.32172672273574,-4.323817523727476,2.702541030004628,0.0,-24.364555854990414,-39.87402822086497,2.8797820228506357,0.0,-35.54158116514952,-36.27443539065071,2.2700875976716475,0.0,-72.2570173107105,-36.952448403975986,1.6810794740774284,0.0
-9.248535511601926,-5.2985015677138705,2.8474476748270714,0.0,-44.42428209564411,1.7632227703354477,7.373285043078713,0.0,-56.32547864433462,-4.326598118284444,2.7013199841928177,0.0,-24.273979070176917,-39.925333075742344,2.7697664516129468,0.0,-35.51294195486244,-36.26527649967451,2.25229457152699,0.0,-72.25797321914033,-36.94054705703613,1.6789322027498557,0.0
-9.21675820507623,-5.29271732349481,2.85680207826419,0.0,-43.789550193345356,1.9882458520113886,7.698270603912467,0.0,-56.32546732393268,-4.327826522439161,2.702461639814885,0.0,-24.15901719159001,-40.03171278766641,2.640582162812489,0.0,-35.48283764651559,-36.256321930316496,2.23350109729388,0.0,-72.2561336376045,-36.929499309550664,1.679710422552656,0.0
-9.184570752375489,-5.286528092001676,2.863928799548159,0.0,-43.13026745156499,2.1818428333055415,7.97527233259554,0.0,-56.32242655187225,-4.327538710953932,2.706174096665425,0.0,-24.027626110893852,-40.209953654593306,2.5158707450522453,0.0,-35.454077530913054,-36.24774204699482,2.214096998938441,0.0,-72.25174645996259,-36.91966286846962,1.6835355979952293,0.0
-9.154439910392115,-5.281067444612598,2.8698457477950114,0.0,-42.44904986254284,2.3373235113276873,8.19191010564002,0.0,-56.31804466959666,-4.325898050148027,2.711504694577199,0.0,-23.888942642112717,-40.47012975194342,2.423241310854751,0.0,-35.4291771539685,-36.24035512477906,2.1953940466032513,0.0,-72.24589419826341,-36.91111099672107,1.6901106626224003,0.0
-9.129626512921286,-5.27724148154632,2.8756296410074214,0.0,-41.74885374002461,2.451782965657209,8.343023199250222,0.0,-56.31457239544987,-4.322957727637066,2.716966866076911,0.0,-23.749514834092636,-40.81277216090517,2.3865050824981395,0.0,-35.40958654493142,-36.235333947186355,2.179085898047237,0.0,-72.23986559991496,-36.90351351358633,1.6987979836897829,0.0
-9.113073988349612,-5.275321266814707,2.881949826280378,0.0,-41.032227069534294,2.526717457986962,8.433259055875753,0.0,-56.314142701196026,-4.318644539800866,2.7212485125900105,0.0,-23.610481107996545,-41.228523530966264,2.4187684457818612,0.0,-35.39531329180783,-36.23380296369497,2.1664697445219456,0.0,-72.23455348820059,-36.89614266587525,1.7086487319792631,0.0
-9.106549922901472,-5.274725060841844,2.888888497507139,0.0,-40.30101358291583,2.567767361543039,8.477198009241269,0.0,-56.3179188837147,-4.312947064182155,2.7237076908095688,0.0,-23.4668962223422,-41.7005168894275,2.519224016723328,0.0,-35.38509784159986,-36.23642195380734,2.1578571356698895,0.0,-72.23016878670168,-36.88806443467894,1.718438236572288,0.0
-9.11019741596802,-5.274067053488655,2.8960003245722987,0.0,-39.55656533381173,2.5835794864675865,8.496626431774324,0.0,-56.32531444390293,-4.306166485749868,2.7244892117105657,0.0,-23.309211498477627,-42.20854383308579,2.674890554473947,0.0,-35.377001847407705,-36.24306928517244,2.1524896762524097,0.0,-72.22633474346652,-36.878505992158466,1.7268051613490254,0.0
-9.122530481200364,-5.271451992310416,2.902521761407211,0.0,-38.80049713394494,2.5838809426862497,8.515593800097957,0.0,-56.33362690510812,-4.299056315867401,2.7243039326522176,0.0,-23.125940466249347,-42.73337326627138,2.866321098887429,0.0,-35.36906779982614,-36.252748035033974,2.1489218884972185,0.0,-72.22240673530989,-36.86729697364346,1.7325532955664897,0.0
-9.140930282979086,-5.264904836129384,2.907686844248529,0.0,-38.035792069142886,2.5771855563958557,8.554725873488866,0.0,-56.33843913964348,-4.292736120150646,2.7240719877095394,0.0,-22.90631112028844,-43.2598388406514,3.0746616229750057,0.0,-35.35976177804288,-36.26377673838438,2.145570041555189,0.0,-72.21778677366017,-36.855217438417974,1.7350830346875252,0.0
-9.162539938279926,-5.25281744121626,2.911105759733763,0.0,-37.26770460627588,2.5689214644826617,8.626521640727962,0.0,-56.33494326741726,-4.288384561402637,2.724625208669588,0.0,-22.642080236654326,-43.77820203047829,3.287262978573928,0.0,-35.348128130185,-36.27420529519023,2.141143502672614,0.0,-72.21208813134919,-36.844088690072915,1.734821893742593,0.0
-9.185168620827763,-5.234296059421288,2.91308258402384,0.0,-36.50374064894336,2.56072233141642,8.732957338858675,0.0,-56.31987272772419,-4.28683164094813,2.7265275240573974,0.0,-22.328224222634674,-44.28401872740941,3.500154735032762,0.0,-35.333754121426615,-36.2823050245822,2.1348570214489797,0.0,-72.20515182397847,-36.83649712973826,1.7334643202377364,0.0
-9.207747599095896,-5.209286750802616,2.9147038110935313,0.0,-35.75232306723231,2.551033070352082,8.865935382884963,0.0,-56.29321068739334,-4.288213832134675,2.7299608152946124,0.0,-21.962646175886086,-44.776930775487784,3.717185423692893,0.0,-35.31666753184259,-36.28697567114605,2.1264664070736554,0.0,-72.196991382086,-36.83511154210636,1.7338352891049418,0.0
-9.230157216711481,-5.178457770144466,2.917610771162753,0.0,-35.02050916493606,2.536499185866223,9.010259414531914,0.0,-56.25873505921117,-4.291829877236092,2.7346372878150333,0.0,-21.545295353366786,-45.258755385808726,3.946752989928081,0.0,-35.29723018396341,-36.28796617348701,2.116205594878659,0.0,-72.18770852990426,-36.841656634794305,1.7392590823495429,0.0
-9.252649604484926,-5.142991033184744,2.923517353902634,0.0,-34.31180211749848,2.513384617487546,9.148073226315294,0.0,-56.22299336853007,-4.2962725130854915,2.739784449983288,0.0,-21.077177235529582,-45.73128676619603,4.197537899369728,0.0,-35.27603926358152,-36.28586767583268,2.1046773362218865,0.0,-72.17736002679999,-36.85577941041532,1.752439688599246,0.0
-9.275319088134502,-5.104452112864434,2.9336406734332137,0.0,-33.62516149338966,2.478554845972379,9.263295703482044,0.0,-56.193134710248586,-4.299811943865661,2.744290051506363,0.0,-20.559627014816066,-46.194330715265465,4.474601316077354,0.0,-35.25383872541386,-36.28188741155236,2.0927165866141966,0.0,-72.16575171247696,-36.87425282947324,1.7740554636569783,0.0
-9.297961229389735,-5.0647248701920144,2.948248723294677,0.0,-32.95572582802804,2.4299825351493034,9.344743827541414,0.0,-56.17455093544813,-4.300892627779261,2.747038350425912,0.0,-19.99399211321937,-46.64447707371843,4.776837060422865,0.0,-35.231448678258694,-36.277462564806946,2.081223912503585,0.0,-72.15217918212261,-36.89105792795498,1.8015353992034822,0.0
-9.320309902638428,-5.025841832912976,2.966506989923829,0.0,-32.29693874767283,2.3669242783389794,9.387291094631593,0.0,-56.16921864607042,-4.298563585635971,2.747341971508394,0.0,-19.381660532770727,-47.074919921508865,5.096282936116422,0.0,-35.20970415529037,-36.27382377352974,2.070962426845936,0.0,-72.13515897723954,-36.89872368720534,1.828715220401845,0.0
-9.342341651656657,-4.989598478897451,2.9867104352302505,0.0,-31.64319475268483,2.2898683633172574,9.391173797555792,0.0,-56.17521120929006,-4.29272984669211,2.7452569771531365,0.0,-18.724272279256155,-47.47633081307174,5.419323769685695,0.0,-35.18935919939491,-36.27164273788289,2.062333097592372,0.0,-72.1121938001086,-36.890885725665726,1.8470613144334127,0.0
-9.364336092937736,-4.9570588644401665,3.006834150278454,0.0,-30.99201788130524,2.2002913864127205,9.360082034838173,0.0,-56.1874229840109,-4.28420258944649,2.7415713411182487,0.0,-18.023945873679494,-47.83845140970949,5.729367766022175,0.0,-35.17091345435203,-36.27087668328638,2.0551904141379307,0.0,-72.07965719148395,-36.865529075237475,1.8487458849280838,0.0
-9.386653695536564,-4.928245566705486,3.0252003234235723,0.0,-30.345103943138604,2.1003189418200705,9.29885466311709,0.0,-56.19924494735851,-4.2745571797051545,2.7374264871685146,0.0,-17.28338842517317,-48.15181106439948,6.010177970774723,0.0,-35.154394431574936,-36.27086570740309,2.0488040984218667,0.0,-72.03298708328867,-36.82800913790841,1.831130936784918,0.0
-9.409459896911128,-4.90227578349022,3.0410050772491886,0.0,-29.708054711310957,1.9924528770564187,9.211496614312345,0.0,-56.204683752112444,-4.2658083825332955,2.733770181008145,0.0,-16.50581439787097,-48.40896552658178,6.2488391336616615,0.0,-35.13922528987374,-36.27067515749437,2.0420495667135317,0.0,-71.96741882968611,-36.79277370673941,1.801450485534958,0.0
-9.432626422749792,-4.877947615343364,3.054499978566337,0.0,-29.08904167803555,1.8794383213638035,9.09996862497064,0.0,-56.20022671854089,-4.259934956428562,2.730959753444745,0.0,-15.694671935465594,-48.60494788022947,6.437504086552263,0.0,-35.12431959109257,-36.26960485282357,2.0337991574487653,0.0,-71.8792795520813,-36.7827542649015,1.7799950559940445,0.0
-9.45578802932678,-4.854488930457365,3.0667752768486096,0.0,-28.496838897518302,1.7641325234720355,8.963898520641763,0.0,-56.185777850215146,-4.258332065270012,2.7287288813712554,0.0,-14.85324001757498,-48.73703850321106,6.573587928181389,0.0,-35.10842656018659,-36.26769428617701,2.0233655879437666,0.0,-71.7673946115371,-36.82578131481102,1.8001662692578444,0.0
-9.478311342023694,-4.832061123512566,3.0792873560449703,0.0,-27.938718780379325,1.649128961997599,8.801114876897124,0.0,-56.16432316495608,-4.261325617633039,2.7264776819259424,0.0,-13.984192327538434,-48.804234466710554,6.658729016224479,0.0,-35.09057715548054,-36.26597714080828,2.0108086856896996,0.0,-71.63374448660768,-36.948257476662995,1.9044956372670985,0.0
-9.499012074140168,-4.811716144430936,3.0933960943807275,0.0,-27.41870341190038,1.5360449777104392,8.608717990007971,0.0,-56.14049944927205,-4.267934515306064,2.723649905568873,0.0,-13.08925341108335,-48.806804879820874,6.69726436461203,0.0,-35.07039358387742,-36.266269962820076,1.9969677722824688,0.0,-71.48262174873388,-37.1675390747339,2.136902388929329,0.0
-9.515787560250407,-4.794779972626697,3.1101308308161446,0.0,-26.936593350277874,1.4247073734071698,8.384285511774042,0.0,-56.118683587681055,-4.276050243843301,2.719968037750556,0.0,-12.169115873689188,-48.746130508725955,6.694947929120513,0.0,-35.048102510445474,-36.270460630997306,1.98318730241456,0.0,-71.3183167663754,-37.48546330595629,2.532613200934062,0.0
-9.52558616662411,-4.7819658128216895,3.1302014002406864,0.0,-26.487974985315358,1.3126792385552548,8.126797544122573,0.0,-56.101392883845584,-4.2830533726502615,2.715456678664843,0.0,-11.223771848482624,-48.62480592636182,6.658266484185054,0.0,-35.02427301023682,-36.27952957246019,1.9708223660195792,0.0,-71.14238201032752,-37.88561261955774,3.107960333633807,0.0
-9.5250438228724,-4.77272959569598,3.1540522670750963,0.0,-26.065073579299867,1.1954461713429083,7.83697126813471,0.0,-56.08861790922708,-4.286666139184436,2.7103265303302706,0.0,-10.25327255842808,-48.446838889543564,6.594288815227301,0.0,-34.99944861625784,-36.29274901563979,1.9607090162712915,0.0,-70.95205338100556,-38.336000408912135,3.852803005137976,0.0
-9.511699525507202,-4.765300038367758,3.1816794431561632,0.0,-25.65808025725213,1.0672180510489273,7.516876679562182,0.0,-56.07825688180142,-4.285715707723641,2.7048237448715753,0.0,-9.258732217722482,-48.2177407901215,6.510740029734572,0.0,-34.97387697867311,-36.30751985079701,1.9528299369305948,0.0,-70.74088475181256,-38.797006657515105,4.728529831967703,0.0
-9.485235359163413,-4.7574302679900375,3.2120734754517564,0.0,-25.256591051424348,0.9220101609269999,7.1689164609321345,0.0,-56.06729229077235,-4.280540672154279,2.6991154306296394,0.0,-8.2432704709382,-47.94435746048415,6.415932651215192,0.0,-34.947463903158415,-36.32008107674707,1.9463567350730706,0.0,-70.50118812504142,-39.23204789981006,5.673703876398303,0.0
-9.448031825450249,-4.747455457321865,3.2425098341954612,0.0,-24.85096827057393,0.7546286958352937,6.794487520811171,0.0,-56.05304305032737,-4.272928110342831,2.693245436795367,0.0,-7.212605721428927,-47.634416480962955,6.318257714701408,0.0,-34.9199376042718,-36.32695462877184,1.9400769078651212,0.0,-70.22652503234923,-39.616796541782165,6.616677437877737,0.0
-9.40465285726092,-4.735053069487827,3.268299613561668,0.0,-24.433577972951838,0.5613492304744909,6.392878610928845,0.0,-56.033925068278464,-4.265594847844574,2.687164186168893,0.0,-6.175113939903599,-47.29588511496719,6.22514084859907,0.0,-34.891084906825746,-36.326607358595496,1.9329856820418172,0.0,-69.91258160057019,-39.943252721299665,7.491057952460785,0.0
-9.36045585267955,-4.721333259587231,3.283640511407725,0.0,-23.999900353403667,0.340300959178335,5.961084745193608,0.0,-56.009554339043675,-4.261324351626275,2.680804115783788,0.0,-5.141240411272578,-46.93623104084266,6.141659192797061,0.0,-34.86090775649414,-36.320562715110505,1.9247146321021038,0.0,-69.55630518872226,-40.217712770860615,8.248475059763706,0.0
-9.31993120966762,-4.708299382830536,3.2836004866344695,0.0,-23.549489468545143,0.09173553281844349,5.495083521446633,0.0,-55.980401611478676,-4.262003183101962,2.674149586178899,0.0,-4.122204582348836,-46.561574997474835,6.069260176103777,0.0,-34.82965784288689,-36.31325755036142,1.9155865324885593,0.0,-69.15463248163059,-40.45468155583083,8.864909254881274,0.0
-9.285401889216622,-4.6979638355946856,3.266376461771989,0.0,-23.086681585934787,-0.1815987315124472,4.9926648041066075,0.0,-55.94730874702331,-4.267919619099007,2.667254330420299,0.0,-3.128142834680572,-46.17572723008032,6.005098083794021,0.0,-34.797823195041936,-36.31043702283412,1.9063271568232434,0.0,-68.704165969379,-40.6699848527785,9.34007258750889,0.0
-9.256496494942114,-4.691401959546674,3.234592299107467,0.0,-22.62080814252293,-0.4738523945859452,4.457219158006841,0.0,-55.911051222423254,-4.27764739380563,2.66019365615891,0.0,-2.166211750783811,-45.779341563797466,5.942368061850685,0.0,-34.7661325488285,-36.31664365351621,1.897621512993524,0.0,-68.20203309338471,-40.87561994993011,9.691566161846179,0.0
-9.230544624468257,-4.6879774352473795,3.1948855809378305,0.0,-22.16556229203051,-0.7753554199393848,3.9011874698884563,0.0,-55.87200201326651,-4.288586242757879,2.6529823298086637,0.0,-1.239402201447084,-45.369702347141015,5.87171252562495,0.0,-34.735521270439804,-36.33293561983817,1.88969159802285,0.0,-67.64710201145307,-41.077411438638705,9.94625872321155,0.0
-9.203754419859804,-4.685034439472517,3.155915994035812,0.0,-21.737281879329192,-1.0722592821178996,3.3474902555976502,0.0,-55.82994201847942,-4.297898329616104,2.645510512135454,0.0,-0.3465957647390514,-44.941607392961636,5.783426848896028,0.0,-34.70692309317182,-36.3559916923631,1.882013775385694,0.0,-67.04053846476765,-41.27528787478192,10.13133255335978,0.0
-9.17272813889875,-4.678384927388935,3.125600240962674,0.0,-21.352285979655974,-1.3472998847524469,2.827554998876309,0.0,-55.784110249813885,-4.303385745994598,2.6375423876508055,0.0,0.5161505839965814,-44.48930394708185,5.669931553583677,0.0,-34.68085266103524,-36.37919561182675,1.8733009526252147,0.0,-66.38527168452865,-41.46530994091145,10.267195335329069,0.0
-9.135717603339803,-4.663639050027801,3.1086555549918966,0.0,-21.023807209941126,-1.5822213073033415,2.3756921651735476,0.0,-55.73357758781181,-4.3039390985840935,2.6288043070376403,0.0,1.3536183040470195,-44.00878624487521,5.527852742522951,0.0,-34.65696776521598,-36.39537656456118,1.861856523615696,0.0,-65.68467294324347,-41.64238480117603,10.363787720142742,0.0
-9.093161633931159,-4.6378806555881695,3.1054280578236835,0.0,-20.759203180753882,-1.7614456541227481,2.0211611471317994,0.0,-55.67790286496697,-4.299493104292362,2.61915812968315,0.0,2.169510740827672,-43.49943719316133,5.3590670597852395,0.0,-34.63391709769966,-36.39998715263013,1.8462298952908025,0.0,-64.94113773787748,-41.8026385884847,10.420644279603986,0.0
-9.04737581520899,-4.600881960549623,3.1124640919797937,0.0,-20.55803038043299,-1.8756025668060428,1.780455724234562,0.0,-55.61782819643219,-4.2907199218514815,2.60879172845927,0.0,2.965303466273544,-42.964214692312716,5.170264499424034,0.0,-34.609639209424394,-36.39312129752958,1.8258755861315539,0.0,-64.15521974529138,-41.94458642945152,10.429812661834093,0.0
-9.001564329615572,-4.555317926353353,3.1244603523402716,0.0,-20.41159449219072,-1.9237409259339957,1.652525945597687,0.0,-55.555632773446845,-4.278752917437955,2.5982963940470416,0.0,3.740204518017846,-42.40822740580901,4.970992984453472,0.0,-34.581994443216985,-36.37931106893906,1.801488753624918,0.0,-63.30118720148245,-42.0444083301914,10.371221800664856,0.0
-8.958539226036033,-4.505989073261892,3.1365457334840894,0.0,-20.30463556680563,-1.9137627915472946,1.6189537112846297,0.0,-55.49484787994799,-4.26505928285886,2.588521008396608,0.0,4.492046465568179,-41.836319935481114,4.7707015351759345,0.0,-34.549419633455024,-36.365307694200375,1.7748953514331607,0.0,-62.404613521132106,-42.128214308394135,10.256536265800714,0.0
-8.919688286381183,-4.45842212985533,3.145832238236986,0.0,-20.219115800322783,-1.8606486879939723,1.6494246842504676,0.0,-55.43934984445853,-4.251373549499286,2.5802215274379385,0.0,5.2184651212378075,-41.250864358425254,4.575795373658311,0.0,-34.51131781359353,-36.3571964324952,1.7485615438007116,0.0,-61.46280687438149,-42.19530135201198,10.069865877585514,0.0
-8.884701972145553,-4.417294432611007,3.151792798419761,0.0,-20.138953877086994,-1.782728456722456,1.7104424709533639,0.0,-55.392185129485625,-4.239542603148453,2.573676251225855,0.0,5.917559193656576,-40.651059162861884,4.38789153888716,0.0,-34.46809768208647,-36.35840009955473,1.7247925363619565,0.0,-60.47331734107452,-42.24179385491924,9.80720431553706,0.0
-8.852200238869035,-4.385089494966758,3.1557083398927457,0.0,-20.054007439283282,-1.6975345117380742,1.7737909978200257,0.0,-55.35460434831157,-4.231213847095087,2.5684830824267912,0.0,6.587488156972876,-40.034555232299304,4.204126469165843,0.0,-34.42100583183521,-36.36930267266563,1.7047858979560129,0.0,-59.43501779749291,-42.262354594280026,9.470670581924985,0.0
-8.82082218215031,-4.361338537610074,3.1597284991437107,0.0,-19.961860824962315,-1.618851439659326,1.8217739227394372,0.0,-55.32566859184728,-4.2274230994040565,2.5636507784394613,0.0,7.225061687905624,-39.40126988610173,4.019548013403888,0.0,-34.37193851557583,-36.38802626884132,1.6880912359658762,0.0,-58.347725687133256,-42.25144422964709,9.068082906037684,0.0
-8.789998558464621,-4.342717634856409,3.165969518474272,0.0,-19.866847382395264,-1.5555328889578917,1.848103383172381,0.0,-55.30257519949187,-4.228234524482791,2.557928882593126,0.0,7.824057606123466,-38.758102471916295,3.830635007695731,0.0,-34.3232668858212,-36.41139266824829,1.672994005957177,0.0,-57.21235122260161,-42.20496078730267,8.612789967783979,0.0
-8.75988550030798,-4.324098142896123,3.1757823736525186,0.0,-19.776914496210726,-1.5116363507154347,1.8552794627898237,0.0,-55.28160335580952,-4.2326121332992654,2.550211304795079,0.0,8.374417311805251,-38.122359650976506,3.638339383299231,0.0,-34.27761830662238,-36.43568708907576,1.6574753712027341,0.0,-56.03181362838886,-42.12132031330197,8.12304280553882,0.0
-8.730625579779073,-4.300332561759314,3.189193998701013,0.0,-19.699828435966154,-1.4870993643796737,1.8503865002487885,0.0,-55.259353897233645,-4.238635475025388,2.5398518183661984,0.0,8.863265128782283,-37.521587727594344,3.4491823186339285,0.0,-34.23759553570871,-36.45740152196867,1.639965419884648,0.0,-54.812515701618636,-42.00156667490302,7.620324501680276,0.0
-8.70161060135368,-4.268158710804073,3.204644748094463,0.0,-19.64029769254573,-1.4785401440069768,1.8411372694788586,0.0,-55.23386452258744,-4.244026689625937,2.526824440909113,0.0,9.27785783053572,-36.98865426611772,3.273864461199544,0.0,-34.20541891643916,-36.47398047734861,1.6196329667393439,0.0,-53.565512409960945,-41.8485345349055,7.126450564273144,0.0
-8.671346956173753,-4.227404514479219,3.219258241551646,0.0,-19.5989013293878,-1.4802784359000318,1.8332469377488945,0.0,-55.205262260910715,-4.246813719098604,2.5117633519376614,0.0,9.60953037858313,-36.5531719214955,3.124037756300094,0.0,-34.18244982040097,-36.48435046040963,1.5964274852421099,0.0,-52.30639944611774,-41.6654468366875,6.659979474777174,0.0
-8.638028424259309,-4.180946714384883,3.2297144153352253,0.0,-19.572756005200077,-1.485763015690642,1.8294547721998597,0.0,-55.175777205364845,-4.245910068944762,2.495926690735349,0.0,9.85707552654155,-36.23258049292593,3.0086541202007933,0.0,-34.16863415006587,-36.48905797176199,1.5710482999575568,0.0,-51.05351954067295,-41.454507708776504,6.23305011365534,0.0
-8.600436606592664,-4.133510098831329,3.2334230587798043,0.0,-19.557180060151524,-1.4892440200093544,1.829923102376787,0.0,-55.149089655102756,-4.24144914186874,2.4810421667522906,0.0,10.028135751203083,-36.02682901538443,2.931338400213223,0.0,-34.16211372916056,-36.48998661425263,1.5448079106596122,0.0,-49.82493384976286,-41.21599447053443,5.849789087491349,0.0
-8.558611695206395,-4.089948240966974,3.229452339716536,0.0,-19.547450719807102,-1.4872139172917462,1.8333449636692016,0.0,-55.129121699767566,-4.234784459470242,2.468938138822166,0.0,10.138004956174516,-35.9189618998892,2.889664055474187,0.0,-34.15938639406683,-36.48972783252694,1.51931428980998,0.0,-48.63523328747476,-40.948124120704435,5.506881718629478,0.0
-8.513900994384574,-4.053777957562348,3.218792982869976,0.0,-19.540003592387833,-1.4791620533649956,1.8380303973261007,0.0,-55.118580686133335,-4.228122499232749,2.4609626272985423,0.0,10.206291175901924,-35.8810119587536,2.876374801228657,0.0,-34.156213093210546,-36.4907569461382,1.4960348872916818,0.0,-47.493412331287445,-40.647700951231194,5.196077470659333,0.0
-8.468359843459778,-4.026457391061696,3.203914836358555,0.0,-19.532838309139002,-1.467429255883495,1.842558055480822,0.0,-55.11779336210637,-4.223851142037845,2.4573924169601735,0.0,10.252665438622435,-35.8823230080427,2.881852192373099,0.0,-34.14902350740765,-36.494638148945796,1.4759232638772275,0.0,-46.40268058303824,-40.311335301735895,4.90771764651473,0.0
-8.423840013803034,-4.007459395837374,3.187879167620471,0.0,-19.525249392051705,-1.4562262036143565,1.8460093919997593,0.0,-55.12443012772712,-4.2237609514488454,2.457154370152388,0.0,10.293125668902682,-35.896977391058236,2.8967713216915563,0.0,-34.136198047917105,-36.50150864380984,1.459245080108083,0.0,-45.36235942450107,-39.93689612170554,4.634117333937178,0.0
-8.381252489488919,-3.9948618107936467,3.1733582344525253,0.0,-19.51718476078239,-1.4501470413697612,1.8480154899068886,0.0,-55.134389388047,-4.228421259291197,2.458105348193815,0.0,10.337844245967647,-35.90815567091426,2.9140207760397363,0.0,-34.11860348646365,-36.51002406000909,1.4455997701873944,0.0,-44.371137543985526,-39.52483561014997,4.3718288560222565,0.0
-8.340340319740603,-3.9860747921850206,3.1618733545224806,0.0,-19.508548338615977,-1.4527125372073515,1.8487615949856604,0.0,-55.14347452941339,-4.23691289450919,2.4578642148315684,0.0,10.390953291423186,-35.90891133639515,2.9294488817633884,0.0,-34.09912943580967,-36.51776961986768,1.4340838931694115,0.0,-43.43031036165479,-39.07910024135697,4.122285577700644,0.0
-8.299947168068412,-3.9784279431169733,3.153477386024244,0.0,-19.49869265226767,-1.4654694946450593,1.8489040232861367,0.0,-55.14899169200603,-4.24699029116552,2.4548670485168245,0.0,10.451896204348959,-35.900109569988274,2.9415439083414956,0.0,-34.0814432011101,-36.52194823323376,1.4236101917958344,0.0,-42.54556550662553,-38.60748034525471,3.890865981518136,0.0
-8.25848250591102,-3.969541119776813,3.1469621095413522,0.0,-19.48626960050518,-1.4878994003751043,1.8492827490129446,0.0,-55.15045260303456,-4.255621018298897,2.44911404157172,0.0,10.517551660537098,-35.88689285915087,2.950505849136805,0.0,-34.068503901077634,-36.52018233209585,1.4133432483060293,0.0,-41.72651204158721,-38.121380865342196,3.6848679583809023,0.0
-8.214283078924462,-3.9575651552633,3.140486939229339,0.0,-19.469521099831063,-1.5180053977314554,1.8504127040126672,0.0,-55.149157121337474,-4.259765629053305,2.4421803155645687,0.0,10.584301083954838,-35.875097091502504,2.957232261487185,0.0,-34.06144707104553,-36.51141850941277,1.4030218774834058,0.0,-40.9842143219652,-37.63506892279409,3.5111123387031284,0.0
-8.165810299989563,-3.941394932527148,3.132387196170342,0.0,-19.44694869236008,-1.5531697865625267,1.8519115392209269,0.0,-55.14707855658634,-4.257211152423283,2.436455160658838,0.0,10.64944290656976,-35.86869643457324,2.962584797817007,0.0,-34.059250689971705,-36.49674485232315,1.392957957117007,0.0,-40.32792505441966,-37.16448342188468,3.3738542102778606,0.0
-8.111833023624275,-3.9208401070139605,3.1218683191970626,0.0,-19.418112896062475,-1.5908154435821147,1.852153254363623,0.0,-55.14572757431743,-4.247243580238164,2.4339925759290253,0.0,10.71170480782218,-35.86875546715529,2.96706342073786,0.0,-34.05926628729479,-36.47956891943058,1.3837296507294212,0.0,-39.762510119566564,-36.725741721548076,3.2734733867370807,0.0
-8.0517181759162,-3.8966188370383934,3.109323926754607,0.0,-19.384192256447704,-1.6285898622631692,1.8484282744171558,0.0,-55.145512194687214,-4.230968925961613,2.4355322967823465,0.0,10.770960172459567,-35.87374050376984,2.970817644490987,0.0,-34.05839353398722,-36.4647108792579,1.375734812439882,0.0,-39.28758032893665,-36.33355746686592,3.2061802012971476,0.0
-7.9857637338058645,-3.8700422745698653,3.096153445407827,0.0,-19.3479909142644,-1.6641687080431131,1.8376991184575822,0.0,-55.14580638090715,-4.2111915755249,2.440133022337678,0.0,10.827523360360598,-35.88063825210681,2.973828590671644,0.0,-34.05443504794544,-36.45666277248155,1.3688066183814147,0.0,-38.89835917247334,-35.99977923944629,3.164735653606355,0.0
-7.915393784483516,-3.842412808128376,3.0841888017994865,0.0,-19.313290900083135,-1.6951326633067203,1.817763017835711,0.0,-55.14558769634718,-4.1918543512739825,2.445557458942286,0.0,10.881486716218056,-35.88625880640689,2.976100484130866,0.0,-34.04707120831464,-36.45792915551143,1.3621033007451118,0.0,-38.58738516940248,-35.732121000831405,3.139930112049317,0.0
-7.843107159034157,-3.8143933604767417,3.07503625012078,0.0,-19.283662951748816,-1.7194196106282522,1.7884476101573323,0.0,-55.144124426076075,-4.1770829074544045,2.4491815410257747,0.0,10.932438514761804,-35.88827373396978,2.9777682338578924,0.0,-34.03802098220465,-36.46831704803394,1.3544028085433144,0.0,-38.345889961889114,-35.53307943370883,3.122349485574123,0.0
-7.7722093180693275,-3.7857454036856772,3.0696325277074283,0.0,-19.2609972973976,-1.7365022438966982,1.752449657393738,0.0,-55.141104428067116,-4.169973032347484,2.448924364780529,0.0,10.979646006740928,-35.88577988947735,2.979103336371775,0.0,-34.030257540574354,-36.48533409207703,1.34468244235498,0.0,-38.164280498933906,-35.399217116477594,3.1038925981584313,0.0
-7.706374161588895,-3.7556924858744374,3.0680925061414026,0.0,-19.244115057810337,-1.7488816654569788,1.7155231627723246,0.0,-55.13610466444914,-4.1714957773057275,2.4437251556218254,0.0,11.022538505697959,-35.879357876751385,2.9804479708287417,0.0,-34.026512334705444,-36.5052008836567,1.3325873124477194,0.0,-38.03204801819119,-35.321270953430776,3.0786731091229615,0.0
-7.649004419535982,-3.7237619521892027,3.0696976410112367,0.0,-19.22790740536822,-1.7630486874284488,1.6858699567096451,0.0,-55.128041825766175,-4.180079338320104,2.433468867322233,0.0,11.061185293787918,-35.87069977540654,2.9821367583039713,0.0,-34.0276215212749,-36.523922417693115,1.318383695200028,0.0,-37.937863312338244,-35.28552260207132,3.043295647748991,0.0
-7.602410157497497,-3.690609326831895,3.072897079244232,0.0,-19.20349675835461,-1.7890446335337815,1.6727595400982675,0.0,-55.11543218490148,-4.192259436197475,2.41867275676435,0.0,11.096480131922558,-35.86197202974932,2.9844841388867334,0.0,-34.031444174212744,-36.538232461711964,1.3023630827057318,0.0,-37.8703320722762,-35.276374166810804,2.9968043438372387,0.0
-7.567044554172456,-3.6583463569226833,3.075437198903698,0.0,-19.159799523557744,-1.8382576926464695,1.6845770859853584,0.0,-55.0976092859171,-4.204231532037114,2.4003036042072594,0.0,11.129911705688821,-35.85516811566258,2.987885863215535,0.0,-34.033040841894845,-36.54653292743511,1.284156293517908,0.0,-37.81925330733628,-35.27941646729091,2.940600401831823,0.0
-7.541160296392875,-3.630202771407104,3.0748345425645756,0.0,-19.086453315258126,-1.9199085898363317,1.7266357175386968,0.0,-55.07606446458719,-4.213536066344027,2.379785973208291,0.0,11.163031541922045,-35.85171193125082,2.9929904131900837,0.0,-34.026638170385965,-36.550176964987116,1.2625756102482146,0.0,-37.77680165173767,-35.283974447452366,2.8783118371841905,0.0
-7.521104689986663,-3.6096547657284077,3.0691354243914724,0.0,-18.97740266483688,-2.0374054542962092,1.7991987278569734,0.0,-55.05472029050419,-4.219963580872487,2.3589710191800233,0.0,11.196889650583234,-35.85242664094995,3.000810329716751,0.0,-34.013729086300636,-36.56266301740173,1.2353239579388084,0.0,-37.738090926921366,-35.28437649234943,2.815303001719869,0.0
-7.502203671403565,-3.599322636630279,3.05755873120712,0.0,-18.833848364301307,-2.186049633985208,1.896275965945689,0.0,-55.03863978485104,-4.225273286738617,2.3398693727531352,0.0,11.23170818807308,-35.857752523014035,3.012644391662457,0.0,-33.96998290669646,-36.5482102480757,1.2170867512901289,0.0,-37.70093480991275,-35.27976334256612,2.757578901462093,0.0
-7.479991426382292,-3.6000110645673216,3.040644485999975,0.0,-18.665189911751607,-2.3532807530185655,2.0058269861610896,0.0,-55.03186977075295,-4.23208684279685,2.324201152179487,0.0,11.266929554759368,-35.86795595847612,3.0297633143077753,0.0,-33.918917025445666,-36.54128623524532,1.2013516118986391,0.0,-37.665007172691396,-35.272738912888144,2.71025431256027,0.0
-7.451443435456417,-3.6102314155758775,3.019914544971421,0.0,-18.48724539543528,-2.5217457373688026,2.1117818509234763,0.0,-55.03575257062931,-4.242700589587468,2.3129737163061286,0.0,11.301592218954994,-35.883124760259236,3.052921342155365,0.0,-33.87567236442792,-36.54963151328575,1.1975359031208015,0.0,-37.63080815102684,-35.267408967413964,2.6761579047399753,0.0
-7.4158300499911665,-3.626397202719745,2.997364929848491,0.0,-18.318183973062578,-2.6742480192925697,2.1975976709603113,0.0,-55.048566786779304,-4.258314420177684,2.306246660051409,0.0,11.334841701763171,-35.902927811028505,3.0818597243826247,0.0,-33.860885401532265,-36.580479822563944,1.2174673722241725,0.0,-37.59881949894142,-35.26741690127313,2.655178041255528,0.0
-7.374864489852033,-3.6436736011428255,2.9750746494609164,0.0,-18.173633936723057,-2.7986929816479793,2.250204440730448,0.0,-55.066332388799,-4.278699012948954,2.303114569653143,0.0,11.366334653649503,-35.92629101849393,3.1150278815436394,0.0,-33.895017686544804,-36.638065691104,1.2724928075310444,0.0,-37.56906807400978,-35.274536862290795,2.6446006414474166,0.0
-7.332026200855385,-3.6572235279905034,2.954976982729324,0.0,-18.062772318325184,-2.8910541428899093,2.262863014365589,0.0,-55.08406855347255,-4.302146666969522,2.301887763405059,0.0,11.396349216199491,-35.95122594850406,3.1497087005412876,0.0,-33.990320684157844,-36.72034675013785,1.3694671300821248,0.0,-37.54112351831681,-35.28819441114514,2.6402143062240366,0.0
-7.291269523922848,-3.663388751244727,2.938697757994108,0.0,-17.986749110857854,-2.955241163918374,2.2360306304732056,0.0,-55.09702283354004,-4.325728364526957,2.3004797418386076,0.0,11.425546824132152,-35.97501808601159,3.1825801555414373,0.0,-34.142798380418604,-36.81631570090016,1.5057889625451626,0.0,-37.514403555678165,-35.30594018052567,2.6376690201617308,0.0
-7.255643970790016,-3.660356319034646,2.9274141721466584,0.0,-17.939818120733648,-3.0001572496704982,2.176343108838088,0.0,-55.10176253738463,-4.345994737571887,2.2969855050584336,0.0,11.454498027951528,-35.99482435575341,3.210546247247109,0.0,-34.32807923541348,-36.90624898923233,1.6644599741454797,0.0,-37.48857027766226,-35.32453292238866,2.633582184556996,0.0
-7.226442508804507,-3.648174771621318,2.9217730603651244,0.0,-17.91244101111686,-3.035470773286157,2.094472285551193,0.0,-55.09700540598374,-4.360024149547855,2.290294340533185,0.0,11.483216971455196,-36.00848900433893,3.23154304451411,0.0,-34.50523637886307,-36.966656455415,1.8127324300722734,0.0,-37.463796857752094,-35.3411011514365,2.626106263771069,0.0
-7.203220793309675,-3.62835788583367,2.9218880338447075,0.0,-17.894890236667447,-3.068007990050203,2.0026196518789234,0.0,-55.08391053346709,-4.366370402449749,2.2804612527322394,0.0,11.510956262231598,-36.01521366067103,3.2450433468848097,0.0,-34.62906566423874,-36.978609646114386,1.9093330321583224,0.0,-37.44078037428066,-35.353938044744844,2.6149460613411577,0.0
-7.184542536184036,-3.603413597931655,2.9273512571197244,0.0,-17.879909374308035,-3.100071766203705,1.9121474658696336,0.0,-55.065663295450285,-4.365424193711779,2.2686432442285263,0.0,11.536372530462547,-36.015757025192215,3.252120769879749,0.0,-34.665584150345346,-36.93489379827151,1.9206686579592667,0.0,-37.42051976421186,-35.36274441862466,2.6009937692313265,0.0
-7.168964935770001,-3.5764465913112224,2.9371714358276293,0.0,-17.863730215821903,-3.1299240226696967,1.8317334846124176,0.0,-55.04649380289281,-4.359057891712954,2.256658286298901,0.0,11.55797798516807,-36.01207952042699,3.2550938072522637,0.0,-34.603486117298026,-36.84232793030174,1.83779493170295,0.0,-37.403976260421096,-35.368392158592705,2.585780350805585,0.0
-7.155788383681756,-3.5507760559691954,2.94963217454813,0.0,-17.845628327300957,-3.1537602984945203,1.766409396705308,0.0,-55.0304773918134,-4.349852094260189,2.2464193606632588,0.0,11.57467261584895,-36.00662564803909,3.256870117842709,0.0,-34.45761816839303,-36.719579797571235,1.6826632911603365,0.0,-37.39175014298002,-35.37241986709754,2.5708951517413237,0.0
-7.145326965014116,-3.5294804014182852,2.962197687517042,0.0,-17.826687906078458,-3.168067335918152,1.717634771517309,0.0,-55.020495749741926,-4.340358627445724,2.239480076132242,0.0,11.586151095938435,-36.00158188488945,3.260147494175328,0.0,-34.26403683424849,-36.59225344315393,1.4987299601356856,0.0,-37.3838734178253,-35.376482483135426,2.557503797359102,0.0
-7.138651429678782,-3.5148702154239735,2.9716800052629964,0.0,-17.80846627004533,-3.1713371271526927,1.6841672900642628,0.0,-55.017644870906416,-4.332665851061791,2.236775672884086,0.0,11.59305863699441,-35.99839685903433,3.2666505559019274,0.0,-34.0679660584498,-36.48572267037867,1.3317934972221117,0.0,-37.379771564254476,-35.38191026479689,2.5460923965684295,0.0
-7.1368191910677155,-3.507960853567886,2.9748470253959027,0.0,-17.792036963329608,-3.164586892996606,1.6632188842633866,0.0,-55.021205748084135,-4.328216246143439,2.238528517018217,0.0,11.596863400956153,-35.99766227118906,3.276621204852395,0.0,-33.90862424696645,-36.41689587747704,1.212796330586066,0.0,-37.37840227818305,-35.38945196531714,2.5365044232820786,0.0
-7.139684748680518,-3.508058023776454,2.969475050284606,0.0,-17.777628300416886,-3.1507415383537287,1.6514492921979436,0.0,-55.02910155722437,-4.327684996253726,2.2442764165272884,0.0,11.59948562994862,-35.99926329186464,3.288786431376373,0.0,-33.80738287292713,-36.38877259120988,1.1508426683712614,0.0,-37.37852946152407,-35.39921394135207,2.528206467565445,0.0
-7.144634736503219,-3.5126319524286935,2.9555803576979898,0.0,-17.764799256935067,-3.1334004459262212,1.645623520858674,0.0,-55.03862924207422,-4.330855444225365,2.253006812741658,0.0,11.60279276421134,-36.00263590998286,3.300901774014335,0.0,-33.764310912392894,-36.39157271703417,1.1367595340855985,0.0,-37.37903573618348,-35.41075969850766,2.5206148937735673,0.0
-7.14589016681142,-3.5176625769314604,2.9363450866500997,0.0,-17.75287770266493,-3.115658103211744,1.6429796757330681,0.0,-55.04721879324329,-4.336622544843025,2.2633805800478672,0.0,11.60813222178147,-36.00702427891726,3.310707303955393,0.0,-33.763383816546856,-36.410323481159566,1.152870007515343,0.0,-37.37914999293897,-35.42330182982221,2.513325194061883,0.0
-7.13504169330764,-3.518475835838958,2.918310076375475,0.0,-17.741352385162074,-3.0994467600146107,1.6414015404138862,0.0,-55.053026555300335,-4.343272050530915,2.274012789129589,0.0,11.61607249087572,-36.011718066207614,3.3168898877602437,0.0,-33.78241853515132,-36.43470295680888,1.1842489471096922,0.0,-37.378512687882576,-35.435915326942535,2.506196588518671,0.0
-7.103054211961255,-3.5108037362785365,2.910778612433493,0.0,-17.730058989335095,-3.085481431407508,1.6394474949054008,0.0,-55.055260310681554,-4.349003303491123,2.2837508110096216,0.0,11.626423900816924,-36.0162802313417,3.3196190838544446,0.0,-33.802588635878614,-36.46588911470072,1.2273828974325127,0.0,-37.37710235855197,-35.447729647191935,2.499355507898878,0.0
-7.043230623979431,-3.4915502459957612,2.9247217754320705,0.0,-17.719174776253304,-3.073586481371824,1.6362674982078609,0.0,-55.054215533276874,-4.352475661505554,2.2918569631218393,0.0,11.63846262550446,-36.020745291898656,3.320463839975355,0.0,-33.81390740908953,-36.51728156859183,1.2930950991017642,0.0,-37.375116132621066,-35.458087361011486,2.4931921160769495,0.0
-6.953951211024942,-3.458687312179522,2.971472177810748,0.0,-17.709110592352232,-3.0631223278465454,1.6314671082439123,0.0,-55.051054317668296,-4.353127473959013,2.2980122656720443,0.0,11.651192611130536,-36.025724808824755,3.321828614063895,0.0,-33.815626618542375,-36.6092054730355,1.4027634918904592,0.0,-37.37288114769037,-35.46665920110588,2.4883403015496484,0.0
-6.839876522668421,-3.4099811090807606,3.061260383582068,0.0,-17.700374361960744,-3.0533448137161048,1.6250016184079321,0.0,-55.04739017260904,-4.351147380531324,2.302147755885935,0.0,11.663523440877874,-36.03233944360288,3.3262252386755105,0.0,-33.812622601691274,-36.7602383557064,1.5796337572544612,0.0,-37.37080876208657,-35.473484857014896,2.4855731767946665,0.0
-6.7109389509721185,-3.340886060500873,3.2015665294978515,0.0,-17.693442250638306,-3.043659094783877,1.6171500301142387,0.0,-55.04476626838472,-4.3471687127637315,2.3042288743615877,0.0,11.674375276114981,-36.04192678349901,3.3356386507229328,0.0,-33.810082320258196,-36.9790604367603,1.8388670164417835,0.0,-37.36935526711054,-35.47890900912154,2.485588080881083,0.0
-6.579507038087391,-3.2426459983131437,3.395481208887009,0.0,-17.688644660086368,-3.033774778169326,1.6085310527520402,0.0,-55.04413634516426,-4.3418949189511755,2.3041603815224896,0.0,11.682808379080678,-36.05556064591463,3.3510883992071534,0.0,-33.80906917078773,-37.26052784325849,2.1803020499311243,0.0,-37.368951540784046,-35.483433859029354,2.488738709266027,0.0
-6.456847450306929,-3.1018608376316132,3.640586784817673,0.0,-17.686056405035437,-3.0237434233981473,1.6000564383823033,0.0,-55.04548607515625,-4.335865186403399,2.3018854198867054,0.0,11.68822069577064,-36.073532134296215,3.3724120522020637,0.0,-33.8047035775825,-37.58771723683785,2.5869508535287045,0.0,-37.36990155480977,-35.48757250748578,2.494818665452378,0.0
-6.349966693122401,-2.9022012499228795,3.92897755993757,0.0,-17.685381814793146,-3.0138509895181507,1.5927465658391142,0.0,-55.04776448130219,-4.329432824043551,2.297589713716583,0.0,11.69053148308348,-36.095013470885824,3.39830814761598,0.0,-33.787106896635414,-37.93856123592262,3.0300189661374572,0.0,-37.372294862699974,-35.49178308616586,2.502994319267133,0.0
-6.259351265282714,-2.627862241640785,4.248804299155513,0.0,-17.685857830951168,-3.0044047405200485,1.5874426995644377,0.0,-55.04925453102962,-4.322863538592503,2.2918516271197724,0.0,11.690227425017387,-36.11808823838654,3.42664686724736,0.0,-33.74396203145275,-38.2933208062806,3.4781940146403993,0.0,-37.37598796838596,-35.496486528570365,2.5119311846877483,0.0
-6.177723424763865,-2.267411211421412,4.587241037716808,0.0,-17.686249532946196,-2.995547288771016,1.5845405811647275,0.0,-55.048304439838404,-4.316396362779245,2.2856723179754486,0.0,11.688229066346628,-36.14018365507597,3.454959296450637,0.0,-33.64893280918228,-38.61899347191272,3.8973070019217824,0.0,-37.38066128544235,-35.502103490146624,2.5200780829836926,0.0
-6.090058756680695,-1.8164996849580919,4.934201765326634,0.0,-17.68503657732296,-2.987242876161526,1.5838669127057408,0.0,-55.0440496392747,-4.310173736974303,2.280437860770732,0.0,11.685634677855106,-36.158758018823264,3.4809646437573374,0.0,-33.50980189517711,-38.93458515622627,4.293994513171227,0.0,-37.38589170677672,-35.509043374924445,2.5260183599278285,0.0
-5.975438121247457,-1.278638828155474,5.285611203222297,0.0,-17.6808295895246,-2.9794759132960174,1.5847393391535078,0.0,-55.036667211619175,-4.304068869218788,2.27784095785716,0.0,11.683436641317531,-36.17199134811663,3.5030314234117057,0.0,-33.31904497932858,-39.23668928656753,4.658234628835255,0.0,-37.391170826120046,-35.51761669629183,2.528789185105346,0.0
-5.811108072511175,-0.664423418352828,5.644729880992228,0.0,-17.672910043609118,-2.9725517853049297,1.5861598320105017,0.0,-55.02698529290207,-4.297531072371883,2.2796747532844712,0.0,11.682299778583715,-36.17925035967671,3.5205086575043367,0.0,-33.074679883133975,-39.52559117911505,4.993772746916568,0.0,-37.39586396683235,-35.5278824493866,2.528080621240619,0.0
-5.578050534554857,0.009750648987919774,6.020371418029329,0.0,-17.66164758444794,-2.9672949051761512,1.5870493623489423,0.0,-55.01570745183698,-4.28958516739618,2.2873873226359116,0.0,11.682471143066415,-36.18120450534898,3.5338585273727254,0.0,-32.778650560512766,-39.80086657743256,5.306301712101058,0.0,-37.39918010589129,-35.53947953094787,2.5242504776430827,0.0
-5.266005592284344,0.7229391501634388,6.422200250576857,0.0,-17.64853665967672,-2.964955214603981,1.5864547108456595,0.0,-55.002742191044014,-4.279070866369466,2.301419001612606,0.0,11.683850437870554,-36.17959743452655,3.54451216443203,0.0,-32.43525324209403,-40.060076392219244,5.598917740679094,0.0,-37.40023724510482,-35.55152904994735,2.5181450031770556,0.0
-4.875467163763194,1.4514052462893834,6.85516968728639,0.0,-17.635750551340955,-2.966768395026784,1.5837112520720211,0.0,-54.98702183069948,-4.265125968139006,2.3205482400249906,0.0,11.686184495485492,-36.17679548920446,3.5544104646000907,0.0,-32.04949470822852,-40.29953896609128,5.870501109446789,0.0,-37.398249367350004,-35.56271110109969,2.510773561509218,0.0
-4.4153791905352975,2.171661728989583,7.316136585054709,0.0,-17.625358900358357,-2.973309622284668,1.5785707139613177,0.0,-54.96690385789912,-4.2478075613622925,2.341622195998596,0.0,11.689290909906983,-36.17528547259982,3.565316910962972,0.0,-31.62559546681502,-40.516073872508656,6.116550273257144,0.0,-37.39277026091313,-35.571575282024895,2.502919012821433,0.0
-3.8974813092428007,2.864546880661127,7.794690846074245,0.0,-17.618542536704396,-2.9839183513958725,1.5712822447670387,0.0,-54.94096569267867,-4.2286080920127285,2.360054104707965,0.0,11.693208650351561,-36.17723040957584,3.5781669594818375,0.0,-31.166025061571276,-40.70856614614241,6.33147228164567,0.0,-37.38387371809474,-35.57702336347295,2.4948036529074855,0.0
-3.3300308988789227,3.5188047248729273,8.277779856833861,0.0,-17.615136681020836,-2.9964737146555334,1.5625874359664014,0.0,-54.90882245253565,-4.210507523304192,2.3712857018605806,0.0,11.698213492705683,-36.184090337794295,3.5928079729833104,0.0,-30.671464730490882,-40.878541768312786,6.511145020453899,0.0,-37.37217624997353,-35.57876255237118,2.48597498792412,0.0
-2.71386783066108,4.132369273612099,8.755568133174801,0.0,-17.6136465952466,-3.0076891230632263,1.5535947803714656,0.0,-54.871551134242665,-4.197208260120156,2.373065504704453,0.0,11.704690781444558,-36.19631545060911,3.6083367863568547,0.0,-30.1418543606708,-41.029655343148406,6.654844867715455,0.0,-37.35869116950039,-35.57748969218747,2.475520131258884,0.0
-2.0424757678752545,4.710457125463664,9.225533483046384,0.0,-17.61165621787054,-3.013915743106921,1.5455356796460524,0.0,-54.831424600750374,-4.1914209308797306,2.3679796401792608,0.0,11.712914500504715,-36.213214479858316,3.6238992812528323,0.0,-29.578175331837215,-41.16661218928629,6.766125821183405,0.0,-37.344571693335034,-35.574697214864194,2.462531930938656,0.0
-1.3057102197569481,5.260992828751973,9.69297410191148,0.0,-17.606442544885706,-3.012227436585308,1.5394499500147685,0.0,-54.790914656393774,-4.1924979443709285,2.3653190243683024,0.0,11.722832444524261,-36.23313497179142,3.639520833627124,0.0,-28.98414161859617,-41.29418709751407,6.852629816341959,0.0,-37.330825910697115,-35.57219827810914,2.4466170335581587,0.0
-0.4952823954674706,5.789123611929306,10.167832442320353,0.0,-17.595638407661923,-3.0013908551252846,1.5358865157214314,0.0,-54.7511839451865,-4.1941657198719735,2.381222174410743,0.0,11.733980776025174,-36.25398107271576,3.6564984728747305,0.0,-28.36689897926033,-41.416685177475514,6.925006842102261,0.0,-37.31808306874248,-35.57158696722248,2.428270291654016,0.0
0.3904663521383537,6.293139877573944,10.659115092747252,0.0,-17.577843555301115,-2.982327608673819,1.534721179762153,0.0,-54.71042957129155,-4.183344156043235,2.4362875685508243,0.0,11.74561989248976,-36.27391865086298,3.6771086220906675,0.0,-27.73629548589249,-41.53777268690815,6.995220649538509,0.0,-37.306471832794934,-35.57381691446969,2.409034681259996,0.0
1.344480919670718,6.7636826074358485,11.168932395425626,0.0,-17.553066639992807,-2.9578816259932195,1.5351697549216503,0.0,-54.662514598640016,-4.1409500419798135,2.5506566595543116,0.0,11.757088463944338,-36.29199663804334,3.7037157039196114,0.0,-27.103018172447822,-41.66042266487765,7.074572612533795,0.0,-37.29563815151231,-35.57897820159159,2.3913991995312998,0.0
2.3523777738176816,7.1866428899524415,11.688353362548858,0.0,-17.52283741305812,-2.9320063680432247,1.536003796042781,0.0,-54.5964876002708,-4.0451366146790395,2.7378338772643636,0.0,11.768240608441499,-36.30841127320605,3.737656738576284,0.0,-26.476407857940828,-41.78680570620497,7.171783084063511,0.0,-37.284880941276256,-35.586311898610965,2.378246306550606,0.0
3.396580544117376,7.548199405273612,12.196737695107583,0.0,-17.48989666750512,-2.9087164400999024,1.5358851328101242,0.0,-54.49777359468838,-3.8765963477694765,2.9997475667526317,0.0,11.779732375916694,-36.324275574207846,3.778436322915713,0.0,-25.862786414473444,-41.9180938595882,7.291443293917944,0.0,-37.27334277101745,-35.5945567119928,2.371407280238591,0.0
4.4613075559793245,7.839206739237094,12.66485229386462,0.0,-17.457554170851413,-2.8911849745919724,1.533683900491809,0.0,-54.351581269224766,-3.624467628757559,3.326003263265303,0.0,11.792956133677285,-36.34099870455874,3.8236873984546396,0.0,-25.264778843841057,-42.054191682231746,7.4331110617641505,0.0,-37.26024600510785,-35.60255472523134,2.369806095178232,0.0
5.5363076964573645,8.056658573887503,13.060484448108127,0.0,-17.428932508130885,-2.8812121052018895,1.5286776112077032,0.0,-54.148020090879434,-3.290538222575907,3.6992099342142,0.0,11.80961008719259,-36.35960214029053,3.8699759976374164,0.0,-24.68167011806956,-42.1934419126673,7.591233223437359,0.0,-37.24521207994864,-35.6095869797612,2.369559341953382,0.0
6.618101033040498,8.201875855938964,13.354449634146219,0.0,-17.40629229529194,-2.8790663636129343,1.5206185706171365,0.0,-53.886853700437086,-2.8896202471538706,4.105411047523737,0.0,11.831107422780226,-36.380337332628564,3.9140395469075866,0.0,-24.110475459819686,-42.33245553481254,7.75591732218107,0.0,-37.22850758566803,-35.61528508854225,2.366129926994315,0.0
7.708701961718237,8.276938330978115,13.525221550256488,0.0,-17.390563802452398,-2.8835692945474807,1.5097212490523635,0.0,-53.5789607869975,-2.445601179772547,4.544958201699159,0.0,11.858107662539247,-36.402780846722976,3.953805457974548,0.0,-23.54720351529216,-42.46628950346104,7.9144076236555545,0.0,-37.21104754560919,-35.619565732086585,2.3559266933015213,0.0
8.812617433375259,8.281559867834629,13.561335971503432,0.0,-17.38118844096536,-2.892320116239522,1.496614795435308,0.0,-53.24270992135816,-1.9850040501472046,5.037118104755856,0.0,11.890357766201957,-36.42629102628554,3.9887342318761245,0.0,-22.987826516581748,-42.58911154324218,8.053024362049708,0.0,-37.19421651725311,-35.62271251197182,2.3365849368925424,0.0
9.933194145249752,8.212077756023032,13.46157731081941,0.0,-17.376341138363475,-2.9020624300526063,1.4822610707359836,0.0,-52.89631586025469,-1.5311954343584473,5.613813317921059,0.0,11.926870745762827,-36.45049951336253,4.019499618101065,0.0,-22.428729190729022,-42.69527645101372,8.159304909308167,0.0,-37.17961283544484,-35.62560205736244,2.306060293145377,0.0
11.069409456327396,8.063025088041867,13.233502520170534,0.0,-17.373480842295397,-2.909244779412564,1.467811481248603,0.0,-52.54982920655997,-1.1014795130931887,6.303833196568601,0.0,11.966353071006976,-36.475515097299464,4.0473638319440255,0.0,-21.866742251055634,-42.78052839876993,8.224057456019882,0.0,-37.168899324160705,-35.63200062964354,2.2534607117264915,0.0
12.214069862749525,7.8304544920718,12.891087474222553,0.0,-17.370020274968063,-2.9107689037643167,1.4543896990488818,0.0,-52.20080515197014,-0.7069480939596957,7.11486792772024,0.0,12.007729831416418,-36.50172940017811,4.073596225727345,0.0,-21.299076397736886,-42.84295762726362,8.242933347279331,0.0,-37.16422113981695,-35.6359084997705,2.217353461911598,0.0
13.354017505896618,7.515327824758565,12.452182680952898,0.0,-17.363863706029694,-2.90480290382718,1.4428254343926845,0.0,-51.835626207645525,-0.3532867728394109,8.022687282569123,0.0,12.050583010956077,-36.52937583203016,4.099064825086121,0.0,-20.723430383838444,-42.88342528723077,8.217043215431346,0.0,-37.162207431808746,-35.63502720746999,2.2015200629000624,0.0
14.47236992999845,7.1252444182718,11.936116342003421,0.0,-17.353687384119777,-2.891436102180995,1.4333986665945844,0.0,-51.43523485846265,-0.0411802612101706,8.973371846182387,0.0,12.095333440258601,-36.5581326044914,4.123991594892503,0.0,-20.138301832691894,-42.90537704755972,8.152295742881062,0.0,-37.160487222858556,-35.63492224160351,2.1885289992491757,0.0
15.552175989265372,6.673517816139711,11.361525342097234,0.0,-17.339009295931305,-2.8729130364830664,1.4256773672688912,0.0,-50.98177716986663,0.23335244063836313,9.897712671290357,0.0,12.143094252547712,-36.58702320984653,4.147879746952039,0.0,-19.543297104043084,-42.91416055297803,8.057565474844015,0.0,-37.1559182166246,-35.63725411778241,2.1782222646043277,0.0
16.580302929848052,6.1758277375718365,10.744617167333688,0.0,-17.320139865150832,-2.8532226709290613,1.4185459915895215,0.0,-50.46291970934386,0.4775570274398184,10.730756928839646,0.0,12.195275587824442,-36.614699675977484,4.16965252784623,0.0,-18.939202555395067,-42.91604310616444,7.942258019852474,0.0,-37.14543015088825,-35.64359385740898,2.1699215887245185,0.0
17.550130919656198,5.645892819751712,10.098270923696388,0.0,-17.298007975171032,-2.8369702771049474,1.4104934076619315,0.0,-49.87283200852648,0.6993387552927981,11.427687938981633,0.0,12.253131270663413,-36.639980507181,4.187992701068545,0.0,-18.327731612106568,-42.917125146611625,7.814050243753666,0.0,-37.12691714596187,-35.65486358941516,2.1629376990219438,0.0
18.462073366193252,5.092124248223389,9.43210480521254,0.0,-17.273794138993193,-2.827752970972645,1.400119067462569,0.0,-49.210829018065404,0.9047973499806226,11.970387055436152,0.0,12.317423135557336,-36.662371610892166,4.201789018955761,0.0,-17.711049091225586,-42.92234913818484,7.677445534422629,0.0,-37.099894347593455,-35.671038742703985,2.156851156666608,0.0
19.321979544016585,4.516605372755171,8.753017042040435,0.0,-17.24842414306779,-2.8265873612056245,1.3866742725940586,0.0,-48.47910072343247,1.0973415653112557,12.364255217982635,0.0,12.388262459185448,-36.6823215284454,4.2105450325071825,0.0,-17.09127928514081,-42.93480782172035,7.533411693213358,0.0,-37.06571064363788,-35.69119971262312,2.151443284089531,0.0
20.138387727415974,3.916502249236471,8.065569515731283,0.0,-17.22217864780746,-2.8310660242844174,1.370410377174819,0.0,-47.68042857511742,1.278426591710904,12.628830132347169,0.0,12.465093992735865,-36.70113188418989,4.214598594942281,0.0,-16.470201915380947,-42.95548459024245,7.379961586340442,0.0,-37.027271138295774,-35.71381978989613,2.146450038295564,0.0
20.91974906573067,3.2871092053313777,7.372199321907855,0.0,-17.194703979285485,-2.8357289053944847,1.352609850653355,0.0,-46.816407250323024,1.4486581250062631,12.78712995028399,0.0,12.546791460749214,-36.72062141241937,4.215045457222722,0.0,-15.84923719621501,-42.983417600922174,7.213267897254525,0.0,-36.98835316318029,-35.73712531555148,2.1414125838804665,0.0
21.67224793566287,2.625532091190708,6.6739161221102385,0.0,-17.165509045394703,-2.8337337639732523,1.3353119519770011,0.0,-45.88665085612534,1.6080210006772848,12.857829180834266,0.0,12.63187176168971,-36.74270487112681,4.213368149487021,0.0,-15.22964731221221,-43.01616467494892,7.0288480826879205,0.0,-36.952686003995794,-35.75943007064103,2.1357536524886935,0.0
22.398283475240635,1.934147536793434,5.972166756293168,0.0,-17.134792634293888,-2.819467154575091,1.3207750849844668,0.0,-44.88929710014943,1.7550162472014232,12.852211595915563,0.0,12.718816817474636,-36.76899973650898,4.210904329808427,0.0,-14.612734502960686,-43.05040256791005,6.82247832227932,0.0,-36.923027435343265,-35.779420676668295,2.12898751458847,0.0
23.09545363977459,1.2231064810432022,5.271910145843153,0.0,-17.10428343137957,-2.791331624434082,1.3106859950977814,0.0,-43.82264273303023,1.885471337093028,12.775472032191235,0.0,12.806424267564704,-36.800510104815494,4.208369460765198,0.0,-13.999818309092745,-43.08248391701888,6.5906969619889715,0.0,-36.900500541856545,-35.796375199831765,2.1208796914442747,0.0
23.756029319128896,0.5113078203599821,4.585026666878862,0.0,-17.07766963164756,-2.753644964070687,1.305207292362919,0.0,-42.68726827849609,1.992053569907993,12.630362346278869,0.0,12.894053967143895,-36.837433717855276,4.2056314367223155,0.0,-13.391950828457718,-43.10878330414997,6.330943579880686,0.0,-36.88440857572662,-35.810248324749324,2.1114658063967315,0.0
24.36725158194929,-0.17448561472917756,3.932397230178692,0.0,-17.060232955557737,-2.716606945657019,1.3022153087270922,0.0,-41.487867708947974,2.065082276445361,12.420815502518046,0.0,12.981631529246759,-36.87916055934476,4.201838068077334,0.0,-12.789561144894552,-43.12572463554831,6.041501031689037,0.0,-36.87259523656995,-35.82155157266589,2.1009835042249883,0.0
24.91303628300972,-0.8025406115492641,3.3428186275685405,0.0,-17.057612833681386,-2.6938502044985073,1.297323315531317,0.0,-40.23417073467927,2.0945099618432685,12.153842963690899,0.0,13.069339514470297,-36.9244805804325,4.195863447337528,0.0,-12.192331712665018,-43.12950068657548,5.721455860353362,0.0,-36.862212022383694,-35.8310611626012,2.0897991127505016,0.0
25.377434061114943,-1.3411057030035263,2.847846742458845,0.0,-17.074055654001064,-2.69807510886488,1.2851587673393237,0.0,-38.9406102747598,2.072351943375814,11.839176352422452,0.0,13.157085918254293,-36.97189284569383,4.186898431272137,0.0,-11.599494828187689,-43.11562781495293,5.370859059600684,0.0,-36.85061429509021,-35.839511061707604,2.078322712009008,0.0
25.749290139556358,-1.7649636205115415,2.473576697678883,0.0,-17.110720237218224,-2.7361628035438876,1.261712675828333,0.0,-37.62465190129579,1.9946071247224246,11.487271367788939,0.0,13.244010421547754,-37.01984921398808,4.1749163422579,0.0,-11.010449314068737,-43.078585490201654,4.9911488858453295,0.0,-36.83611090521969,-35.84741420399314,2.0668627658096614,0.0
26.026435851531634,-2.061937361632669,2.2322731045370396,0.0,-17.164564654985647,-2.805514435592693,1.2267460338717182,0.0,-36.3040825993525,1.8618665709045157,11.106989503874653,0.0,13.328324976778877,-37.06685621881616,4.1607747616806705,0.0,-10.425339330046434,-43.01183597032503,4.585734318496645,0.0,-36.8183877482171,-35.85500172339199,2.0554592359983204,0.0
26.21738553635601,-2.236697433824526,2.1173796913554987,0.0,-17.228266357394617,-2.8931757952140806,1.1848923181919364,0.0,-34.994091560543126,1.6783137722478454,10.704271546771045,0.0,13.407623720690417,-37.11149039522065,4.145895279105137,0.0,-9.845237025925833,-42.90843507172671,4.160522513415807,0.0,-36.798521725975036,-35.86216977354535,2.0438331740645914,0.0
26.339501401594283,-2.30977920415139,2.1042476762885887,0.0,-17.29151864591417,-2.978699731690189,1.1446438465767574,0.0,-33.70535019093469,1.449526820746863,10.282421567228115,0.0,13.479535069962395,-37.15241703522876,4.131707199106307,0.0,-9.271880084685716,-42.76221316983709,3.7241694300754595,0.0,-36.77858753403661,-35.868398662017256,2.0315533355301927,0.0
26.414377359267377,-2.3119660249222926,2.15647488014719,0.0,-17.343585502103355,-3.0404614354234667,1.1155453938319848,0.0,-32.44406222146845,1.1800876788533508,9.843621921936101,0.0,13.542402518404328,-37.18845904204761,4.1191765683656065,0.0,-8.707296964336692,-42.56926456204168,3.2879139780733038,0.0,-36.76096899151053,-35.872751447806735,2.018367838028201,0.0
26.462492315465614,-2.276495674564191,2.235327661935747,0.0,-17.376274331018205,-3.0633107154717676,1.1048086735132916,0.0,-31.21406387695609,0.8721823412578544,9.390621766150268,0.0,13.595687001925288,-37.21872608899029,4.10865505100945,0.0,-8.15374960301561,-42.32938651511602,2.8649284529355654,0.0,-36.74759579334511,-35.874087611575675,2.0045172473191712,0.0
26.49919673869818,-2.232160490647675,2.3086612557034876,0.0,-17.38615212059014,-3.04416119325915,1.1146604496063013,0.0,-30.01998015157168,0.526011251942176,8.927539928728557,0.0,13.639958692418631,-37.24277935328063,4.100053120820222,0.0,-7.614115845735512,-42.04710540520439,2.469133324393704,0.0,-36.7393646133451,-35.87150255867582,1.990828385356144,0.0
26.533085038311082,-2.199179189716525,2.3564792526614866,0.0,-17.375186059707875,-2.992782122643855,1.1413096211683378,0.0,-28.86974561306902,0.14194854458720663,8.459245715005919,0.0,13.676558338848018,-37.26075059884384,4.09316155195364,0.0,-7.092392514452356,-41.73189520420402,2.113479887158425,0.0,-36.73593220840136,-35.86483440149478,1.9784950889427346,0.0
26.566603655812692,-2.188015722217683,2.372053473700735,0.0,-17.349662035267404,-2.9275484798997864,1.1759414169303515,0.0,-27.77491199131414,-0.2767568814605479,7.989538413621908,0.0,13.70713116854764,-37.2733229948833,4.087904539235275,0.0,-6.593817507626912,-41.39725089821981,1.8079319633205664,0.0,-36.73591947216004,-35.85499323725774,1.9686289254762368,0.0
26.598014587433134,-2.200311831492482,2.3592858255924494,0.0,-17.317871664701084,-2.8684552232378993,1.20757751493535,0.0,-26.748381987599338,-0.7225834611496236,7.519162227549867,0.0,13.733229907809472,-37.281561213594955,4.084367694760942,0.0,-6.124312584313831,-41.05863174618869,1.5576967134004995,0.0,-36.73741579190551,-35.843919629890664,1.961804759611006,0.0
26.62374569599461,-2.2310261196895755,2.3280410009660493,0.0,-17.28752475958777,-2.8306193580436734,1.226843213880434,0.0,-25.801056770830435,-1.184705977048658,7.045135840133472,0.0,13.75609012592434,-37.28667299634697,4.082578524107092,0.0,-5.689337527057369,-40.730810503449796,1.3623743308713046,0.0,-36.7385859583048,-35.83413510339169,1.9578367645952213,0.0
26.640484052872093,-2.2712261269144483,2.289355892637573,0.0,-17.263904795038474,-2.8205678116257307,1.2290940747224468,0.0,-24.939779934890506,-1.6514907010795898,6.562330539532725,0.0,13.77657444106186,-37.28980643478277,4.082202289440568,0.0,-5.292550893418413,-40.425465089685716,1.2164305746045567,0.0,-36.738172683591664,-35.82802324075496,1.9558898532021107,0.0
26.646710811427255,-2.311167323060147,2.2519490130464472,0.0,-17.249322636972863,-2.83593175310269,1.215572867945335,0.0,-24.16777827518126,-2.112396916872104,6.066869119105704,0.0,13.795219434037126,-37.29194980831971,4.082424263949186,0.0,-4.934758043416765,-40.14971497552678,1.1108712525970326,0.0,-36.73574224880874,-35.827101033362375,1.9548441586732732,0.0
26.643487365705187,-2.3431570096606418,2.2206472066493177,0.0,-17.243726107497373,-2.8678610636620183,1.192255307338561,0.0,-23.486617663766385,-2.5577716658945775,5.559792900614129,0.0,13.812318198789743,-37.293957012935756,4.082185664596798,0.0,-4.613496954833309,-39.90585399256465,1.0355312049038474,0.0,-36.73161699130169,-35.831569248198676,1.9537096197645205,0.0
26.634308325378694,-2.3635362361114334,2.196552957839039,0.0,-17.24580837667063,-2.90485392806925,1.167140851677166,0.0,-22.897664435017,-2.976904725942675,5.049278394782622,0.0,13.8280096791481,-37.29668215129853,4.080678035221441,0.0,-4.323354312920421,-39.692047023592046,0.9812285826035705,0.0,-36.72654725843139,-35.84034218363818,1.9519077693906262,0.0
26.624032550429284,-2.3732322366301757,2.1782860532519805,0.0,-17.253864514297053,-2.9365859662837615,1.1472993145746901,0.0,-22.40189254358548,-3.356333597548179,4.550370133490256,0.0,13.842376443832576,-37.3011555035883,4.0777941889007465,0.0,-4.056852194375934,-39.503517490284686,0.9412000660683315,0.0,-36.72126978124386,-35.85155157839736,1.9493523891694586,0.0
26.617308744585046,-2.3767634782231832,2.163551145823609,0.0,-17.266001597637292,-2.956587986425534,1.1368068740916595,0.0,-21.998471585742276,-3.680570672343586,4.082330956154346,0.0,13.85554276343024,-37.3086818120304,4.074249540391625,0.0,-3.8056118853117002,-39.333875410763895,0.9115798823136831,0.0,-36.71614984002574,-35.86328529786104,1.94635579544377,0.0
26.61719146775335,-2.380135931568242,2.1504491395370717,0.0,-17.279890668454122,-2.9631841877550844,1.1360864841505052,0.0,-21.68341112321238,-3.935813497306355,3.66474192986413,0.0,13.86773289492792,-37.32074088732528,4.07130017945668,0.0,-3.5615334153881646,-39.17655974763958,0.8910852736479384,0.0,-36.71106811414501,-35.87420933520144,1.94341647732446,0.0
26.624507019020847,-2.388495500919862,2.1381679658762636,0.0,-17.29262009621508,-2.958772548058783,1.142556391118335,0.0,-21.449094906705962,-4.114837160687303,3.313719245562595,0.0,13.879247122861706,-37.33865729035106,4.070216559578016,0.0,-3.3179105874217703,-39.02656074829318,0.880437759757223,0.0,-36.70558048188073,-35.88381275015285,1.940954654108257,0.0
26.6380679986674,-2.4044473557673998,2.1269364801958233,0.0,-17.301079215053417,-2.9480453751345284,1.1521231767947455,0.0,-21.284570817429348,-4.220237503499661,3.0390081507620224,0.0,13.890361772637373,-37.36314693963373,4.071763907718928,0.0,-3.0706031302620342,-38.88244230499275,0.8821718937153094,0.0,-36.6992263031756,-35.89224588307528,1.9390929374203605,0.0
26.655407326734302,-2.4275581897542944,2.117435583900267,0.0,-17.302818176704328,-2.9359588212440704,1.1608932623439028,0.0,-21.176106556457995,-4.264374776339556,2.8421498813863835,0.0,13.901217823994667,-37.3939466335352,4.075876209087973,0.0,-2.8193686945056946,-38.74827091617031,0.9010817924679628,0.0,-36.691794262959725,-35.899939801621294,1.9375899738403657,0.0
26.673581806867052,-2.4549666268180266,2.1101034060339803,0.0,-17.296906942722607,-2.926184886681061,1.166458948139807,0.0,-21.107980226296238,-4.266331163234089,2.7159840925600793,0.0,13.911772778560621,-37.42970793594279,4.081597961130061,0.0,-2.569119213326837,-38.6345938657287,0.9447762892117861,0.0,-36.68341133307537,-35.90726678929953,1.9359666299129845,0.0
26.689780259306232,-2.482596664449014,2.104749853725993,0.0,-17.284264922017414,-2.920477908928487,1.1683123264634254,0.0,-21.06395380222388,-4.2472630438395536,2.6459401471564767,0.0,13.92184346849481,-37.46820823635994,4.0873123262569955,0.0,-2.3304631553552557,-38.55738248670777,1.0233555965807604,0.0,-36.674444129181325,-35.914405039688106,1.933741229653446,0.0
26.701735940432606,-2.506380033887317,2.100614787569116,0.0,-17.267261554730077,-2.918936149072591,1.1673800538746821,0.0,-21.0296568060436,-4.225634206273931,2.613197505469092,0.0,13.931207895891516,-37.50679810691354,4.091252821573704,0.0,-2.118760337845023,-38.53422696750961,1.147545333684313,0.0,-36.665302822093096,-35.921404968088936,1.930623745790566,0.0
26.708043109518833,-2.5230813439561404,2.0966975188532757,0.0,-17.248817696415298,-2.9207463431433274,1.1651259298285197,0.0,-20.99526651938719,-4.213640610984802,2.598936001413536,0.0,13.939709067970925,-37.54293965657621,4.092188465456886,0.0,-1.9511445649981427,-38.578107120975815,1.3254023172069012,0.0,-36.65626426675533,-35.928342745523175,1.9265756852767186,0.0
26.708390808505314,-2.5306207302374455,2.092079537237252,0.0,-17.23144130743375,-2.924903088285851,1.1627923670765838,0.0,-20.957192390754287,-4.2157789928366425,2.588235611662446,0.0,13.947325367402279,-37.57468722042551,4.089983667180649,0.0,-1.8415580307349497,-38.690340876495775,1.5583653891322733,0.0,-36.64739389250879,-35.9354313651111,1.9217565225245394,0.0
26.703662476456746,-2.528076892769075,2.0860875581805907,0.0,-17.21653759980363,-2.9306044947748857,1.161076779274909,0.0,-20.917712195783416,-4.229779273300832,2.572320694610232,0.0,13.954213080944147,-37.60098576760447,4.085677644060953,0.0,-1.7948324638384738,-38.855306228734754,1.837789741779261,0.0,-36.638580916729126,-35.943010854544085,1.9164404204273833,0.0
26.695914035754402,-2.515703820802149,2.0783542488198243,0.0,-17.204142657558574,-2.937324744312031,1.1601687259145574,0.0,-20.882580866435,-4.249247760922197,2.54870874460463,0.0,13.960740383644913,-37.62171492582449,4.080962061104488,0.0,-1.8020255375519962,-39.03977840734025,2.1433283503843885,0.0,-36.629641578610666,-35.951417123646465,1.9109669936809848,0.0
26.688265965402213,-2.4951609197380176,2.0689432967479497,0.0,-17.193124857860425,-2.9447350985643412,1.1599318078096434,0.0,-20.857669510722594,-4.266838208297013,2.5197443700286613,0.0,13.967497059414853,-37.63749159833058,4.07732733297512,0.0,-1.839780652149697,-39.19856804115554,2.444612226257828,0.0,-36.62042607123803,-35.960801036225284,1.9057244083239677,0.0
26.68462090194555,-2.469788211962033,2.058620895867808,0.0,-17.18184506086625,-2.9526116784669716,1.16011315594295,0.0,-20.845980953569917,-4.276828861914728,2.490391950356342,0.0,13.975223170560845,-37.64932805794148,4.075393778304795,0.0,-1.8754225480670002,-39.28540814897794,2.7071320707414177,0.0,-36.610896399576276,-35.97100277888856,1.9011097739722125,0.0
26.6890372936428,-2.44448482768731,2.0491425068205196,0.0,-17.1691122822324,-2.9607378680424388,1.1605712221174667,0.0,-20.846043878084235,-4.27649902077517,2.4660129630676284,0.0,13.984622302352149,-37.658285184082416,4.074830851911345,0.0,-1.8767133196097632,-39.265324088674696,2.901402151031359,0.0,-36.6011775120183,-35.981560686081004,1.8974250873049208,0.0
26.704725466784954,-2.424842657359285,2.0432590415732452,0.0,-17.15501741407559,-2.9687688215661696,1.1614737811664675,0.0,-20.852191929521414,-4.2663036281871065,2.4505382118584436,0.0,13.996113880432652,-37.66525066823535,4.074851923313748,0.0,-1.8222861684458849,-39.12429462359154,3.0119918388714186,0.0,-36.59157902268519,-35.99186114079621,1.8947484838591002,0.0
26.732901170821428,-2.4156029216390262,2.044179507833496,0.0,-17.141123178550657,-2.976120978384965,1.163332034381547,0.0,-20.856661194081955,-4.249234654657062,2.44527444269033,0.0,14.00965063944488,-37.670908780684734,4.074879659290318,0.0,-1.7080210067109265,-38.8736191145007,3.041966571788313,0.0,-36.58256271388097,-36.00136158377481,1.8928881916622693,0.0
26.771963050057472,-2.4189938515454266,2.0544701352789847,0.0,-17.129769641152574,-2.9820257418873997,1.1667884107453776,0.0,-20.85268901000378,-4.229828727095709,2.4485477806046454,0.0,14.024707067116058,-37.675859228568,4.0749235358434,0.0,-1.5467038281325616,-38.54779183323146,3.0102296505842627,0.0,-36.574633975244424,-36.00978330884323,1.891491992678139,0.0
26.81750539598925,-2.433765815202877,2.074730545015983,0.0,-17.122808617062315,-2.9857967685535725,1.1722680350602683,0.0,-20.83723615975095,-4.213098038258351,2.456266969655587,0.0,14.04044784449616,-37.68074365181262,4.075485760254091,0.0,-1.36182474641112,-38.19562589798013,2.943298081987317,0.0,-36.568165045591705,-36.017181295720086,1.8902647403941515,0.0
26.863386354568853,-2.4555092633831537,2.1027034275149212,0.0,-17.120480855321738,-2.9871705706070024,1.179751489229293,0.0,-20.812099483355002,-4.2034509897511985,2.4632235100903426,0.0,14.055985768082634,-37.68624143305946,4.077143726970139,0.0,-1.1790727162536419,-37.866647954613974,2.866173439845591,0.0,-36.56320049734623,-36.02384514394008,1.8891534244074517,0.0
26.90350001393037,-2.478172292527823,2.1334672819722407,0.0,-17.121067376456153,-2.9864908554887277,1.1888700911246044,0.0,-20.782993780334305,-4.203668037362769,2.4646945139596994,0.0,14.070597733669135,-37.6929239911738,4.0801156094840145,0.0,-1.019293121839496,-37.59773583070796,2.7965263874685444,0.0,-36.559341533370784,-36.030065737286655,1.8883754754422313,0.0
26.93345920683566,-2.49605402282375,2.1608468019432383,0.0,-17.121465575561174,-2.9846040960314486,1.1992908555369386,0.0,-20.757156150781977,-4.214175284051803,2.4578175656868737,0.0,14.083804437620062,-37.7010984453754,4.084054733183514,0.0,-0.8947276207941544,-37.40526985107173,2.7431846766506265,0.0,-36.55581653255514,-36.03588907250346,1.8882660273142502,0.0
26.95149109734804,-2.5054166746062503,2.1794507975036126,0.0,-17.118340251484184,-2.9825157424014,1.2111306815125982,0.0,-20.74066351717162,-4.232936752669337,2.4422848505762307,0.0,14.095309995715656,-37.71078911400697,4.088141418702357,0.0,-0.8083494256319836,-37.284953125948554,2.707383082378996,0.0,-36.55176795933723,-36.041003220303416,1.8890272587605725,0.0
26.958389491825713,-2.5052270673575308,2.186403058964631,0.0,-17.10929055602785,-2.9809845171354246,1.2250988112708496,0.0,-20.736644540032188,-4.256102986659515,2.4201427566423934,0.0,14.104884335684147,-37.721884872753556,4.091388094995773,0.0,-0.7553824563110583,-37.217867136454764,2.685115412154053,0.0,-36.54664242870579,-36.044828947769325,1.8905233546292273,0.0
26.95684217267857,-2.49700413855839,2.182083892731681,0.0,-17.09358670390308,-2.9802599565058836,1.2422356190608177,0.0,-20.74491446867408,-4.279226530244676,2.3948397871856564,0.0,14.112298225657002,-37.73433995378344,4.093001900940655,0.0,-0.7261672290403194,-37.17951405231368,2.6698448678284024,0.0,-36.54047753978238,-36.04676175893376,1.8922478507127174,0.0
26.950512365968986,-2.4840152230959163,2.169739828952407,0.0,-17.072280761379325,-2.980114271246423,1.2633545054887794,0.0,-20.762709049764197,-4.2985986089158486,2.3699893464065855,0.0,14.11737613233301,-37.74827612860466,4.092644702144328,0.0,-0.7095634285505712,-37.14839491106119,2.6551809895809377,0.0,-36.53392720106228,-36.046435495751204,1.8934931135039506,0.0
26.94307221191614,-2.470136303906398,2.1542476209736794,0.0,-17.047699270574277,-2.980187401417279,1.2884487038482124,0.0,-20.78578718575955,-4.312203956582227,2.3483839609427104,0.0,14.120155147140768,-37.7639157898164,4.090493791377925,0.0,-0.6959799585396382,-37.111459292000525,2.636918466085758,0.0,-36.528016430009025,-36.04388845973029,1.8936323413310294,0.0
26.937323932988555,-2.4586911380669703,2.140495834449508,0.0,-17.02244615772859,-2.980471017026728,1.3163382338488878,0.0,-20.80944258749628,-4.319959591025441,2.3315486965439725,0.0,14.121075240089354,-37.781410773218056,4.087126302854989,0.0,-0.6792556176587308,-37.06529659100913,2.6138311124739424,0.0,-36.523748070846096,-36.039581987622995,1.8923704936138783,0.0
26.934644675011825,-2.451572618076515,2.1318781872382573,0.0,-16.99815488495225,-2.9816014501383963,1.3447274550285773,0.0,-20.82940978343371,-4.323233543409583,2.3197843948795107,0.0,14.121091331578599,-37.800729444501236,4.083346310713029,0.0,-0.6570883168289523,-37.01370780807479,2.587111871205103,0.0,-36.52172808081981,-36.03428871198478,1.8898554582171059,0.0
26.93498684265826,-2.4488989144095044,2.1293835285379856,0.0,-16.974353337370758,-2.984640369974234,1.3707001568064614,0.0,-20.8426806676315,-4.32396168013538,2.3124978714515976,0.0,14.121597027420798,-37.82174792268847,4.080070264210997,0.0,-0.6302591800905528,-36.96348744325458,2.558961158523168,0.0,-36.5219443983428,-36.02889954212822,1.8866126722180212,0.0
26.937414538115213,-2.4492971440354943,2.131643949328353,0.0,-16.947850584878253,-2.990232199981988,1.391596469403459,0.0,-20.848009020248256,-4.323806665005339,2.308641613888307,0.0,14.12410619065801,-37.84454063928184,4.078302403146646,0.0,-0.6012210498215724,-36.9204184325114,2.531108704322568,0.0,-36.52375959152576,-36.024203130479975,1.8833327257728723,0.0
26.940857990160715,-2.4506420240873155,2.13593922950958,0.0,-16.912929192171863,-2.9973291859299938,1.406217146891513,0.0,-20.845891460961614,-4.32368357604005,2.3071250055918817,0.0,14.129746947157377,-37.869672235080806,4.079139206017119,0.0,-0.5726518154628444,-36.88684476636852,2.503924637069858,0.0,-36.5260917722346,-36.02069227305787,1.88059533187994,0.0
26.944707582032265,-2.4508667309972934,2.1396530631658965,0.0,-16.86236988056844,-3.0018888045228547,1.4162890471535512,0.0,-20.838093720266535,-4.323731853356621,2.3070729138254045,0.0,14.138717425628698,-37.89821457625802,4.08369520005208,0.0,-0.5464108609720499,-36.86125116351036,2.476400338893507,0.0,-36.52770412471345,-36.01845290052722,1.878641617504389,0.0
26.94906753001054,-2.448502285478768,2.14140197611432,0.0,-16.789072031316536,-2.9960010788742943,1.4279759679904442,0.0,-20.82697369031137,-4.323597859991649,2.3078647513778527,0.0,14.149875486079672,-37.93132000624038,4.092869374489659,0.0,-0.5230960426843394,-36.8394737656195,2.44685281711846,0.0,-36.52751647265919,-36.017175298967224,1.8772952438605532,0.0
26.95470026074461,-2.4428670557808285,2.1413107298700353,0.0,-16.6878392393758,-2.9678779487450804,1.4529292791793322,0.0,-20.814817988094575,-4.322789997898092,2.3089972016227076,0.0,14.160606717760572,-37.96940307086591,4.106966607338977,0.0,-0.5021666540188585,-36.81670370137125,2.4138858571387924,0.0,-36.52486337759495,-36.01628344511504,1.8760803427381312,0.0
26.962747777725504,-2.434058021394276,2.1405224061819847,0.0,-16.556775931648428,-2.903069753657074,1.5081592135103632,0.0,-20.803310369274655,-4.320895928262557,2.3099035058114605,0.0,14.167090934601644,-38.0112137981928,4.125308020193694,0.0,-0.48244008600869037,-36.78937316517825,2.3770660016568854,0.0,-36.51963534550831,-36.01513004080892,1.8744907622241005,0.0
26.97432155749751,-2.4228901642603926,2.140465045628618,0.0,-16.397714720664396,-2.7870223674879933,1.6141832901039415,0.0,-20.793199625465554,-4.317576240609499,2.3098702204335204,0.0,14.165072650585461,-38.053267436825365,4.146058150376282,0.0,-0.4627093320276332,-36.75626048887379,2.337007879335758,0.0,-36.51226746172189,-36.01318566275634,1.8722661077988487,0.0
26.99012215274613,-2.4107774819105563,2.1423269690370184,0.0,-16.21526891749634,-2.6085432676035722,1.791524870380944,0.0,-20.784225063120473,-4.312396270679032,2.3081320265180256,0.0,14.151180929300292,-38.09016935451841,4.166512257761143,0.0,-0.44224908151273645,-36.71856250145395,2.2949780756984506,0.0,-36.5035824302596,-36.01016364523342,1.8695119513819591,0.0
27.01026792052923,-2.3994696196556555,2.1468470819626777,0.0,-16.01456397963436,-2.3631136248525753,2.056324123524896,0.0,-20.775333473468606,-4.304652021818638,2.304146853511975,0.0,14.124667908571203,-38.11623606962246,4.183959031399112,0.0,-0.42105352429504084,-36.6790905234249,2.2524056557781105,0.0,-36.494533686287504,-36.00605174195825,1.8666018012791472,0.0
27.034366176990595,-2.3906202853321297,2.1542986107504287,0.0,-15.798341396018415,-2.054721145570552,2.4161747244366953,0.0,-20.765141538480584,-4.293351691835872,2.297974326521498,0.0,14.08912480982027,-38.12836766220711,4.196964251897127,0.0,-0.39974970965334133,-36.64103127582715,2.210614628911337,0.0,-36.48592308876805,-36.001060274055305,1.8639403731788242,0.0
27.061676732852526,-2.3852739762130604,2.1645390935906796,0.0,-15.564616694243472,-1.695315955592637,2.8672793809822963,0.0,-20.752492328273522,-4.277439921759203,2.2905954376652264,0.0,14.053402674328058,-38.12942103966279,4.206634357786319,0.0,-0.37923454733920003,-36.606809747527045,2.170790251737774,0.0,-36.478183098012714,-35.99553154934733,1.861744642899323,0.0
27.091188831285933,-2.3834403752599487,2.1770872786314897,0.0,-15.306032970965394,-1.3020031776406995,3.3938055393145685,0.0,-20.73690506541076,-4.256235944807679,2.2839558650561678,0.0,14.030855141300577,-38.1306811863469,4.217293639564247,0.0,-0.36018588001998086,-36.57747921126028,2.1339784870015865,0.0,-36.471298787956755,-35.98985954278537,1.8599679797954156,0.0
27.121573380374052,-2.383955690464485,2.1912420339917578,0.0,-15.0113738511917,-0.8931567013051218,3.9698896487722513,0.0,-20.718765264102423,-4.229941879160021,2.280566087245383,0.0,14.03636043224489,-38.151895931233554,4.236166921843328,0.0,-0.3426706786343656,-36.55279518650274,2.1009630543822375,0.0,-36.46489146571891,-35.98443521284976,1.8583845220012165,0.0
27.1511366510118,-2.3847658147672046,2.2062300572368,0.0,-14.668725429217936,-0.48509363206490796,4.563951202026383,0.0,-20.699212585470086,-4.199992818515932,2.282689970506718,0.0,14.081399878497757,-38.21796878447842,4.272033906793913,0.0,-0.3260530878522587,-36.53182150604882,2.0720516792434243,0.0,-36.45841300026727,-35.979592843737606,1.8567477472490186,0.0
27.17793948490912,-2.383590342769117,2.2213163019234674,0.0,-14.269073816967484,-0.09043127589630373,5.144097767926281,0.0,-20.67979302419369,-4.169007906526399,2.2914245568100995,0.0,14.168527280093105,-38.35257413891908,4.333110118928358,0.0,-0.3092652285674955,-36.51369890935723,2.046928915694533,0.0,-36.451352467692224,-35.9755286959284,1.8549157239199605,0.0
27.20013587442081,-2.3787174521533867,2.2358432235462846,0.0,-13.809024442907297,0.2818793671623947,5.683041425713911,0.0,-20.66200961085163,-4.140230918214247,2.3061303815815215,0.0,14.28743493338904,-38.570257241923656,4.42438243006119,0.0,-0.2913106770124383,-36.49817217837557,2.02471905734739,0.0,-36.44336977938311,-35.97220606779101,1.8528942346663353,0.0
27.216436208500426,-2.369575815343766,2.2492678626327756,0.0,-13.291769776102603,0.6257156110104081,6.161369664793278,0.0,-20.646919834545677,-4.116626737090555,2.324553200143324,0.0,14.41507022612716,-38.86978271265871,4.544584800047495,0.0,-0.2717433621522929,-36.48563852174462,2.0042972304976647,0.0,-36.43433406915667,-35.969308845319226,1.8508137969483034,0.0
27.226524498345086,-2.3568175864143415,2.2612932485059325,0.0,-12.72616688622244,0.9370411771480622,6.568798761331289,0.0,-20.634904002872762,-4.100052652377439,2.3436145667015396,0.0,14.521425292200572,-39.23229017281084,4.683635665613968,0.0,-0.2508831437384931,-36.476763977735274,1.9847540589481927,0.0,-36.42430649528137,-35.966300295092324,1.8488720148597952,0.0
27.231266455601073,-2.341890138885109,2.2720729744932715,0.0,-12.124467965845207,1.2135862257544048,6.90359021402586,0.0,-20.62568800695078,-4.090903197909181,2.3604736736827974,0.0,14.580337146367413,-39.62711136668007,4.822662116399185,0.0,-0.2296744399979893,-36.47195037333052,1.9658108256696103,0.0,-36.41351937831787,-35.96258106854145,1.8472568811742125,0.0
27.232601554249108,-2.326339994337734,2.28231031374521,0.0,-11.499502889224576,1.4547507794990224,7.170489148334746,0.0,-20.618617531678566,-4.088321176320187,2.373337101815819,0.0,14.581460295251892,-40.02473042071171,4.939043900779998,0.0,-0.20927229072900388,-36.47098651318876,1.9479600383564737,0.0,-36.40236280693203,-35.957681610094376,1.8460667733426561,0.0
27.233110330348232,-2.3112185977761674,2.293043607283842,0.0,-10.861916955932104,1.661411018337649,7.3776557371840985,0.0,-20.613030659108375,-4.090747630897117,2.381688886804806,0.0,14.537663440526561,-40.41157302784609,5.016380483972302,0.0,-0.19056017597949104,-36.473078078140695,1.9322163734646782,0.0,-36.39134463770111,-35.951424466862676,1.8452654692561001,0.0
27.235362680919703,-2.296857153904222,2.305101240816212,0.0,-10.217832259340085,1.8354750879425676,7.533350289549373,0.0,-20.60849614730948,-4.0964784130120275,2.3859620328256614,0.0,14.48351097858916,-40.79894198635726,5.055234160294535,0.0,-0.1738221587308182,-36.47721148411218,1.91958712026406,0.0,-36.38098896962131,-35.9440367458266,1.8447189278833065,0.0
27.241229634524537,-2.28302880536207,2.3185286300878403,0.0,-9.567350652424736,1.9792593142247021,7.643420833315975,0.0,-20.604825844032696,-4.103992556875822,2.3869336537583994,0.0,14.464599974293092,-41.22075998253813,5.0790056811311945,0.0,-0.1587010438408747,-36.48259161019211,1.910576191312133,0.0,-36.3716743384826,-35.93622271332187,1.8443264286830683,0.0
27.251379353669346,-2.269317077877952,2.3324320590601975,0.0,-8.904479322229095,2.0949133617611455,7.710544289202712,0.0,-20.602009016325184,-4.111999291811815,2.3851846033601873,0.0,14.521641541374374,-41.720035760863794,5.131774080351208,0.0,-0.1444047850124086,-36.488853953454594,1.9050039399329055,0.0,-36.363445642156954,-35.929189072743455,1.8441969928063955,0.0
27.265178970733924,-2.255469415224555,2.3454251433513953,0.0,-8.2189217181118,2.184163274092926,7.735560937786488,0.0,-20.600259970008633,-4.119316599615551,2.3808622291739443,0.0,14.675304244047236,-42.32890915973866,5.2681611311900625,0.0,-0.1299902935821846,-36.4959379185397,1.90215348391329,0.0,-36.355844984199486,-35.92457022285406,1.8447758560631389,0.0
27.281100075833663,-2.2415851370678084,2.356402698278318,0.0,-7.499575982972327,2.2485367312578113,7.720363258768046,0.0,-20.600145993217996,-4.124774375977533,2.3738176819024304,0.0,14.91767951600987,-43.050117662227485,5.536677355946161,0.0,-0.11457719909136621,-36.50374397401527,1.9010594479077803,0.0,-36.347806806689576,-35.924174220490656,1.846819346738048,0.0
27.29746005435769,-2.228087930799556,2.365141452384643,0.0,-6.738786236371708,2.290000900577107,7.671043148842382,0.0,-20.602530054921843,-4.127302993993725,2.3640185288241593,0.0,15.21433448531129,-43.84869934728812,5.959677033162134,0.0,-0.09746502610033936,-36.51179918911144,1.9007930376026145,0.0,-36.33767259819835,-35.9295109419767,1.8511421254128848,0.0
27.313115891870105,-2.2155359852504066,2.3724047058156774,0.0,-5.935861365345894,2.3116710654309696,7.599726182412209,0.0,-20.608113420498047,-4.126238943705402,2.351995224930304,0.0,15.517450203730412,-44.660488865187865,6.51761869426379,0.0,-0.07818805624203229,-36.519130060771715,1.9006801641714741,0.0,-36.32340163222061,-35.941183749661704,1.8581248939353774,0.0
27.32774897353797,-2.2044003751482943,2.3795853269531566,0.0,-5.098454831650322,2.3181021092700576,7.523976574016602,0.0,-20.616694711642577,-4.121700741163589,2.3390276307869993,0.0,15.785432695277667,-45.41563775287986,7.148652188715211,0.0,-0.05651704455219253,-36.52445727609453,1.9003820584662634,0.0,-36.303030861683794,-35.958362454118884,1.8671032574952608,0.0
27.34160536392094,-2.194936234887799,2.388146886895095,0.0,-4.2411315296710645,2.3148166769445133,7.463757434870422,0.0,-20.626590464576864,-4.114765067744784,2.3268929126241282,0.0,16.000027134407237,-46.06443305471654,7.768189369521085,0.0,-0.03240527986974362,-36.526687469487435,1.8997685364891073,0.0,-36.27530664175418,-35.978611441436,1.8759324794510217,0.0
27.354854946042494,-2.1871657912889537,2.3991066262547935,0.0,-3.3815290356685352,2.3071522856727,7.437112862047187,0.0,-20.63469338385633,-4.10722891251642,2.3172617183794415,0.0,16.172894763031024,-46.5909874052502,8.299015860506056,0.0,-0.00592644971407541,-36.52549617962238,1.898631534585256,0.0,-36.24023628447852,-35.99827249527216,1.8811196618784791,0.0
27.36700775913366,-2.1808805461218457,2.412687653902326,0.0,-2.5354483449943856,2.2989586118005416,7.456286040142507,0.0,-20.637305537801197,-4.100983768223221,2.311072872564539,0.0,16.339956487670584,-47.01097612634611,8.695369491357159,0.0,0.022718814606400795,-36.52168927112562,1.896422914476032,0.0,-36.19926138332909,-36.01342520136356,1.8788125043866,0.0
27.37689752013354,-2.175577452241364,2.4282267075809187,0.0,-1.7126020114448162,2.2917885311698942,7.525621480360047,0.0,-20.631402767002143,-4.097288683210925,2.308233660556702,0.0,16.54794378485661,-47.35985202324287,8.950965496708376,0.0,0.05312271479850228,-36.51710696719318,1.8921852717359489,0.0,-36.15490565974284,-36.02125179044156,1.8666077964226258,0.0
27.383388339596145,-2.170374642217472,2.4444209514370225,0.0,-0.9144985832377848,2.2848988482096537,7.641663042414435,0.0,-20.615726063825345,-4.09632021436177,2.3077649283605126,0.0,16.839616010943168,-47.679067995693366,9.091967385899075,0.0,0.08461631367331979,-36.51404481796033,1.884715049212053,0.0,-36.109969276927586,-36.02149372493706,1.845697315669998,0.0
27.386329785099726,-2.164074729292282,2.4598709431770356,0.0,-0.13513564323213556,2.275870330324466,7.79495565403208,0.0,-20.591216087103177,-4.0972416429720155,2.3082452232254873,0.0,17.242854131622707,-48.00414608677633,9.161871964732685,0.0,0.11635060204371683,-36.51437587313896,1.8729115586930565,0.0,-36.06648972611083,-36.017608255232474,1.8224997166606194,0.0
27.386981400200877,-2.1555307179518364,2.473649578812724,0.0,0.6359340644500358,2.261360356750531,7.972599587110369,0.0,-20.560656982361145,-4.09875498783309,2.3083119944804036,0.0,17.76630404000086,-48.35611114310148,9.205304186632983,0.0,0.14751731131510182,-36.5187019911805,1.8562398008480656,0.0,-36.024756780381644,-36.017182668468116,1.8088355157154332,0.0
27.387507945840923,-2.144298004120529,2.485549897571241,0.0,1.409535822698433,2.237610096626179,8.160649355438727,0.0,-20.5277318171457,-4.099828419144341,2.3070487239591184,0.0,18.401525112128258,-48.73745919025591,9.255130021754491,0.0,0.17759693362428175,-36.52591376325485,1.8351850498649203,0.0,-35.98266848324086,-36.031185112118315,1.8200152593366052,0.0
27.389834909257893,-2.1313038951179393,2.4958909623559773,0.0,2.193450560500005,2.2006865063333887,8.34580533647777,0.0,-20.4958788530862,-4.100178927671825,2.304186409846265,0.0,19.129491955451012,-49.13344762582153,9.324951848303806,0.0,0.20648948788871602,-36.53345018822547,1.8114984948652086,0.0,-35.93562259925349,-36.0718537535302,1.8709265423603227,0.0
27.394569801859348,-2.119084547059321,2.505094624099474,0.0,2.9907556212273327,2.1466864362460303,8.516267644513775,0.0,-20.467357218231847,-4.1002200443409444,2.3000975711580622,0.0,19.928360742209133,-49.51813707314798,9.407825144610843,0.0,0.23445288978283507,-36.53830289449775,1.7880041291162758,0.0,-35.877015477723916,-36.14954212432358,1.9711604233812956,0.0
27.400653859673454,-2.1112083316124304,2.5133623011806083,0.0,3.8000843186181603,2.072067497262177,8.66192765865993,0.0,-20.44281688609708,-4.100516983706594,2.2955908738275816,0.0,20.779666383428587,-49.86287117401603,9.481076248575224,0.0,0.2618872485795931,-36.53846971674265,1.7678327695444587,0.0,-35.79938671959759,-36.26953432361299,2.121126823103344,0.0
27.406015424684167,-2.1108951838670427,2.5206210460632903,0.0,4.617141757729311,1.9740498900490024,8.774186631106712,0.0,-20.421464484794228,-4.101138732601891,2.291568080919216,0.0,21.67124095134919,-50.143979333135874,9.515527947145028,0.0,0.28907717754611495,-36.534227101958976,1.7532606050428097,0.0,-35.69623458485972,-36.43031291809177,2.3115910317819477,0.0
27.40893686487883,-2.1193683416502913,2.5266850185178473,0.0,5.436527380958909,1.8509152566399312,8.845637115745857,0.0,-20.40167749366973,-4.101398881847819,2.288665976239381,0.0,22.596693439092913,-50.34725628628581,9.485816442501415,0.0,0.3159971791952674,-36.528420077213475,1.744808384836583,0.0,-35.564279972777804,-36.62448578389446,2.5285363818205333,0.0
27.409403997861187,-2.134791641464579,2.5314773877702645,0.0,6.2531421024736,1.7020673360907939,8.869705625187787,0.0,-20.381742510258775,-4.100213401008543,2.2870163162593187,0.0,23.552655638996868,-50.46872288852383,9.378179731615733,0.0,0.34227126122348084,-36.525327797516915,1.741276481353509,0.0,-35.40544989263921,-36.84238960591174,2.7631055719077358,0.0
27.409643058510362,-2.152514315405861,2.535189862933155,0.0,7.062895437537174,1.5277998335694463,8.840235544407152,0.0,-20.360389907353884,-4.096853154853952,2.286194032472533,0.0,24.535602766363894,-50.512819200067355,9.193528722493728,0.0,0.36737636702230514,-36.52859333419424,1.740568653388861,0.0,-35.22749982868525,-37.0767993325,3.0229049474140366,0.0
27.413427408223427,-2.1667648565417394,2.538330724581165,0.0,7.862781897759355,1.32877876741626,8.750992454672186,0.0,-20.336973104259403,-4.091580492431345,2.285340778270708,0.0,25.53975398290022,-50.489565197741484,8.945790918150733,0.0,0.39104649155406523,-36.53936342858642,1.7405573488058206,0.0,-35.042392373421926,-37.3261322217468,3.3382682583751153,0.0
27.424400476538892,-2.1731323287584594,2.5416416922429566,0.0,8.650563784750737,1.105322905337502,8.595236887580675,0.0,-20.31135387819685,-4.08573467408376,2.283409210543338,0.0,26.556679611255475,-50.41170855689888,8.657156604280472,0.0,0.41364214461598436,-36.555612188155266,1.7395537918265607,0.0,-34.8622487009081,-37.59384648181932,3.757913462939234,0.0
27.44429218935692,-2.1705914593831217,2.545858393416779,0.0,9.424311842800702,0.8566678481178318,8.36570567197592,0.0,-20.283657750681492,-4.081183138993056,2.2794662238004673,0.0,27.57632891558657,-50.292358301611536,8.352382590614146,0.0,0.436240847104413,-36.57296765363395,1.7364401434934784,0.0,-34.693766722719275,-37.88364877083571,4.333288309681753,0.0
27.472108651990524,-2.1619395197802045,2.551343581775523,0.0,10.181977497006852,0.5804772775770388,8.055362538616272,0.0,-20.254039339473078,-4.079438629173338,2.272981485579672,0.0,28.58868503900196,-50.14341216178933,8.053910049006975,0.0,0.4603908743685512,-36.58662475217895,1.7306741520509696,0.0,-34.533399436766956,-38.19298658058786,5.096874659924246,0.0
27.5049032848557,-2.1523892965840754,2.557747977861615,0.0,10.921076221666278,0.27287109128857345,7.659049807157859,0.0,-20.22252438556588,-4.0809340010158675,2.2640118469177892,0.0,29.585259239826836,-49.97490025299983,7.778726717162893,0.0,0.48767074862629745,-36.59341078641249,1.7222783431379742,0.0,-34.36646775960597,-38.509304639459096,6.0432258199450315,0.0
27.539755630588886,-2.1471537291496348,2.5639032124268812,0.0,11.638517800803236,-0.07083321484325289,7.175811295645497,0.0,-20.18894269805267,-4.084844822247371,2.253202366454598,0.0,30.559949851638464,-49.79496563029494,7.5370593753522,0.0,0.5192526867476621,-36.59303995953787,1.7117863624248741,0.0,-34.172081464508445,-38.81260005236005,7.121361904907138,0.0
27.575718135101702,-2.1493766345642142,2.568039720452763,0.0,12.330607719690281,-0.45461244807958767,6.611299252337755,0.0,-20.152955087653012,-4.089517850437108,2.24157628569359,0.0,31.509158105323,-49.609898807962466,7.332364511181549,0.0,0.5555801747475275,-36.588042488423,1.7000802578399625,0.0,-33.931874284021134,-39.0836214501101,8.243505038212492,0.0
27.61444044595164,-2.1593702948950044,2.5682676111823994,0.0,12.993198237163597,-0.879623142157544,5.979431790547223,0.0,-20.11417906990587,-4.093216740892526,2.2301741292204103,0.0,32.43133441032207,-49.42380668950077,7.161878082165357,0.0,0.5961765250522346,-36.5824786185065,1.6881177412839037,0.0,-33.63700645373267,-39.31254657409665,9.307988012178466,0.0
27.6590657902053,-2.1752014067462895,2.5631729195486326,0.0,13.62191492952206,-1.3419336598751324,5.302503103514177,0.0,-20.072391307749808,-4.094764427757143,2.219691106760168,0.0,33.3262622043582,-49.2380021068972,7.017268342754594,0.0,0.6396009942874132,-36.58003269551699,1.676623382353597,0.0,-33.28880006353427,-39.502481191254255,10.226469112120524,0.0
27.712153272331783,-2.193933205761882,2.5523428874698073,0.0,14.212409039722303,-1.8308613126533775,4.609397160373358,0.0,-20.02773269691654,-4.0938019939001045,2.210283117087254,0.0,34.194347253251976,-49.05061753781848,6.8854698369569824,0.0,0.6836075021782353,-36.58228072711304,1.6658380917518425,0.0,-32.89358725898241,-39.66639164361857,10.94374594271079,0.0
27.773945058152528,-2.2127070870123036,2.536630855416261,0.0,14.760654272979423,-2.3287665011223826,3.9322513760196394,0.0,-19.980814383055655,-4.090648670287545,2.2016249725820334,0.0,35.03602643841096,-48.85696771867944,6.7500754897053135,0.0,0.7255289398222067,-36.58783329140434,1.6553980064683724,0.0,-32.456515769023746,-39.82064809366808,11.444294356791094,0.0
27.841927830660428,-2.2292399248624113,2.518036447770875,0.0,15.263299273645785,-2.812802476354568,3.302443802239659,0.0,-19.93265464792978,-4.085947397269877,2.1931623695527858,0.0,35.85129178306944,-48.65077795711292,6.593465371088241,0.0,0.7628047542308931,-36.5927305356547,1.6443878682123092,0.0,-31.978488473435696,-39.97922834176737,11.747056049799673,0.0
27.91171328533651,-2.241829207222045,2.4991903158810516,0.0,15.717995098345277,-3.258384411314241,2.7468299280325583,0.0,-19.88445233401649,-4.080330835727698,2.1844014226243242,0.0,36.639348097594215,-48.425828087248355,6.39939359453607,0.0,0.7935010280790433,-36.59198576234804,1.6315993746438018,0.0,-31.456985247079466,-40.150608710644505,11.893365030553381,0.0
27.978511020305564,-2.249233885214091,2.4825684599848703,0.0,16.123569715026477,-3.6434561006018678,2.2847995582603984,0.0,-19.83728445506284,-4.074258080905,2.17507687900107,0.0,37.39850734341144,-48.1772808542875,6.155462030704651,0.0,0.8167124064749096,-36.58167699260072,1.6159738827071308,0.0,-30.88883413325385,-40.33724863858059,11.932730722272023,0.0
28.038373016840758,-2.250724461966399,2.4697168079010723,0.0,16.48000642075657,-3.9524119373793836,1.9263340367737607,0.0,-19.791866302469717,-4.068022615332393,2.1651174878107895,0.0,38.1264076289499,-47.90219334371719,5.854942354719153,0.0,0.8328161622210448,-36.56070068894948,1.5970807766557265,0.0,-30.27257966807788,-40.536666174529834,11.91019528282813,0.0
28.088838888801817,-2.2463260418659883,2.460847543686228,0.0,16.788323415763536,-4.178763451038887,1.6711492526804683,0.0,-19.74849414698784,-4.061828278514849,2.1544542686095767,0.0,38.82050413263483,-47.59921513782579,5.497625020550041,0.0,0.8435500627941491,-36.53143278228961,1.5753693621614513,0.0,-29.609290638130673,-40.74318254282887,11.857949951337655,0.0
28.12911785572514,-2.237048091073789,2.4550167959409492,0.0,17.05050360388829,-4.325991283804393,1.5091512748054097,0.0,-19.707196378885214,-4.055850249297496,2.1428465400981853,0.0,39.47864536721705,-47.26782259844973,5.089579269814108,0.0,0.8518063704396355,-36.499056955440636,1.5519954671236462,0.0,-28.902009390783974,-40.94981909170799,11.792316822587999,0.0
28.160129141976988,-2.2248385695916566,2.4507411711577056,0.0,17.269536239619573,-4.4063215231339985,1.4224434979480236,0.0,-19.667998835545447,-4.050287204291047,2.129929558674087,0.0,40.09953027287896,-46.90744228026226,4.641842658423748,0.0,0.8610318871546268,-36.46991038616633,1.528285680672587,0.0,-28.154585411929602,-41.150043432722704,11.715285699169986,0.0
28.18453264701481,-2.212117529739094,2.446649869901515,0.0,17.449469572637728,-4.437579840413754,1.3887767976241463,0.0,-19.631140180257454,-4.045429430780564,2.1155357840658056,0.0,40.68291875818178,-46.51665846633754,4.168207514526346,0.0,0.8743235769930331,-36.449541446542945,1.505172596459138,0.0,-27.370450803646456,-41.339017390604525,11.618578810921296,0.0
28.206535610075356,-2.200963190202827,2.4418525269420996,0.0,17.595266639976888,-4.43892454989662,1.3857760490183644,0.0,-19.597103470330346,-4.041689866304585,2.100093304804858,0.0,41.22957281872135,-46.09263184143171,3.6825198162502417,0.0,0.8935751367477928,-36.44118787011596,1.4829615507217753,0.0,-26.531724116229967,-41.4963939397431,11.4820860577152,0.0
28.23111206669904,-2.192258166534668,2.436033450386553,0.0,17.71233760861133,-4.426790571872566,1.3948606346962098,0.0,-19.566447054227847,-4.039515516328718,2.084779831191833,0.0,41.74099019881866,-45.63093649404785,3.1961871804387183,0.0,0.9190643281667057,-36.44515239989324,1.4615082989455441,0.0,-25.654040004257773,-41.632782467615385,11.307584496725315,0.0
28.26254443284928,-2.1852545037677484,2.4294825961831137,0.0,17.805869508776013,-4.412292532567672,1.4037783820099872,0.0,-19.5395460909251,-4.039205704806247,2.0712379730362915,0.0,42.218999021556385,-45.126152466257125,2.7167139506227773,0.0,0.9496021868319444,-36.459181707111576,1.4405414922246766,0.0,-24.743874172035362,-41.75388482725608,11.077969212582172,0.0
28.30273326105687,-2.1779422510033895,2.423132131139951,0.0,17.880265187252064,-4.4006377857737435,1.4071377828550276,0.0,-19.51641101990466,-4.040783595655467,2.060939471878143,0.0,42.665208646880615,-44.573590628178046,2.247872591256332,0.0,0.9830604391213609,-36.47956935442598,1.4198029061477868,0.0,-23.79919276014666,-41.85766771020395,10.783774778056937,0.0
28.350067550378583,-2.168235707145035,2.4184329850555937,0.0,17.93895024590154,-4.392278027985062,1.405052681923321,0.0,-19.496689799421155,-4.044034591957859,2.0545094760276523,0.0,43.08030465308548,-43.972305378894404,1.7915575093004037,0.0,1.0170077996602163,-36.5024464653165,1.3989776562440106,0.0,-22.820266568546927,-41.94234213972545,10.422922429256785,0.0
28.399477928963496,-2.155489072009657,2.416938139532556,0.0,17.98456321645998,-4.3850155005233225,1.4006651720071144,0.0,-19.479820462965733,-4.048675386654366,2.051346697296829,0.0,43.463348097460575,-43.32894785268365,1.3506310071389578,0.0,1.0492770908415672,-36.52472588414193,1.3776827551121489,0.0,-21.808735437891237,-42.00522246338672,10.000171915043463,0.0
28.44372671608825,-2.1415612600854743,2.419717916789189,0.0,18.019323840343727,-4.376182192724097,1.3975878606819876,0.0,-19.465201256612197,-4.054516548410671,2.0497168535458297,0.0,43.81144696083187,-42.661161939274905,0.931512134475609,0.0,1.0783656869574632,-36.5444667397739,1.3556858213450464,0.0,-20.76694915248198,-42.04285766601679,9.526061247972995,0.0
28.475438595929248,-2.1307948560367795,2.426888082666556,0.0,18.045336045609815,-4.364219580453172,1.3981187832015944,0.0,-19.45228821482513,-4.061502412380789,2.0472818621375737,0.0,44.12014654001246,-41.99859368446188,0.5452231614321708,0.0,1.1036032126060988,-36.560800175041024,1.3332117407880393,0.0,-19.697451103400077,-42.05162036756394,9.015038644854547,0.0
28.489159441681377,-2.1287696111006174,2.43745588556415,0.0,18.064707767347024,-4.349335759926252,1.4025924944753623,0.0,-19.440636913818878,-4.069595219698678,2.0418729420716506,0.0,44.38458184679431,-41.37977379284009,0.20621619257900115,0.0,1.12508130807366,-36.573697367987826,1.3110855022278223,0.0,-18.60317662006196,-42.028385875339424,8.483413862508428,0.0
28.482864824184865,-2.140234553107359,2.449522128981588,0.0,18.079508444575072,-4.333268403262226,1.4097189951288893,0.0,-19.429920431815674,-4.078555480785997,2.0322475068518244,0.0,44.60107772171104,-40.844509990762894,-0.07068253501638644,0.0,1.1434173186280936,-36.58375532742434,1.2905862072979595,0.0,-17.488557535559718,-41.97110001710898,7.947630208349608,0.0
28.4586429793638,-2.1669603440084075,2.4607432203614685,0.0,18.09162231780969,-4.3184559364121995,1.4174435854221024,0.0,-19.419900093440894,-4.087747630382765,2.0185657089715434,0.0,44.7687272842812,-40.423673858042335,-0.27399477972581465,0.0,1.159451711472731,-36.59201587658945,1.2730572238388191,0.0,-16.360961300792155,-41.87914225060296,7.422853105006812,0.0
28.422537194649752,-2.206330811938701,2.4688992053767773,0.0,18.102531520866506,-4.307058790429784,1.4238112784698878,0.0,-19.410340756224123,-4.096135001114992,2.002390836619547,0.0,44.89053383340459,-40.13018552993767,-0.3985215475087589,0.0,1.1739663873206942,-36.59975922312421,1.2594291641822366,0.0,-15.23136322913872,-41.75337161037878,6.92156761855971,0.0
28.383625051782452,-2.251349712376581,2.472447185586139,0.0,18.113084643265402,-4.3002315852016615,1.4275014810265727,0.0,-19.400944454085195,-4.102553741904608,1.9861803493678387,0.0,44.97376972127762,-39.95514098060606,-0.4464657443653621,0.0,1.1875018825428085,-36.608244169378224,1.2498542308846368,0.0,-14.113376562657816,-41.595690591124765,6.452086267259521,0.0
28.352412770427414,-2.2923222060460446,2.47098121127064,0.0,18.12337784414175,-4.297854482293741,1.427980169667853,0.0,-19.391396256749466,-4.106185729465521,1.9724464562862103,0.0,45.02923693704123,-39.87094153546074,-0.4264987795415571,0.0,1.2003394031239376,-36.61843420585652,1.2436267266768475,0.0,-13.02074391807645,-41.408069202370854,6.017389219595451,0.0
28.338738560063746,-2.319748028020782,2.4654833905552014,0.0,18.13288897858795,-4.298708932213377,1.4254153813988673,0.0,-19.38154702801709,-4.107015255965598,1.9629031810085085,0.0,45.06933148573323,-39.84010821838204,-0.3512862482240884,0.0,1.2126546353667504,-36.63078581789929,1.239463014356529,0.0,-11.964484103675737,-41.19132912360265,5.6150283819060824,0.0
28.349620494001286,-2.327258480190698,2.45822803422379,0.0,18.14089015260423,-4.300942248016763,1.4205193589585452,0.0,-19.371684572078966,-4.106044462883631,1.9579053708643563,0.0,45.10534567749939,-39.82609532905869,-0.23452560458592764,0.0,1.2247444611023424,-36.645175691061716,1.236036814889074,0.0,-10.951244665322212,-40.94437957225752,5.238560689061515,0.0
28.387581123063004,-2.3133117129370153,2.4523039049776454,0.0,18.146984191926027,-4.302625558793684,1.414381577500322,0.0,-19.362794345258973,-4.105110975125268,1.9563833749759567,0.0,45.144985697892075,-39.8020812048763,-0.08864174088274268,0.0,1.2371470638837507,-36.66102751837182,1.2324786746687497,0.0,-9.983744595952421,-40.664619610392364,4.880279439426316,0.0
28.449796888279835,-2.2810133679249254,2.45087737019999,0.0,18.151504001085918,-4.302234360340014,1.4082716075866557,0.0,-19.356637750680783,-4.106265211929679,1.9563395448800378,0.0,45.191138096012416,-39.755208684540534,0.07616789842441385,0.0,1.2505157239957012,-36.67763795951502,1.2285243020200056,0.0,-9.063049794455681,-40.34971723396404,4.534361748145951,0.0
28.52819623383321,-2.2363806670798376,2.456404939837288,0.0,18.155564853390395,-4.298943781996252,1.403387234485999,0.0,-19.35541905845093,-4.110886524703248,1.9557501535016968,0.0,45.24233210480013,-39.6859075574915,0.25161646621858225,0.0,1.2653076909820338,-36.69453310231416,1.2243060785963866,0.0,-8.191591057936954,-40.00024078388117,4.199307153521451,0.0
28.610593162702525,-2.1859922232268296,2.4700026775132304,0.0,18.160734471643423,-4.292709598250078,1.4005812546633685,0.0,-19.36091706693809,-4.118966065921672,1.9534499853009244,0.0,45.294492509737196,-39.60363783957173,0.4304357209545202,0.0,1.2815512683691677,-36.711568289004404,1.2201414035548606,0.0,-7.375634387667418,-39.62212188357019,3.8787739779525854,0.0
28.6829449821168,-2.1350242623587237,2.4911304243188965,0.0,18.16847539023524,-4.2841693859873295,1.4001520412338575,0.0,-19.373281752671662,-4.128988280522752,1.9495008467224597,0.0,45.343035902489106,-39.521183670676166,0.6057233767436205,0.0,1.2988720443523762,-36.728717679444166,1.216500990690692,0.0,-6.62618864865703,-39.227896336137015,3.580507457438923,0.0
28.732567164160567,-2.0863203393403893,2.5176605274724437,0.0,18.179616884892173,-4.274430145543494,1.4017714079692833,0.0,-19.39007720296707,-4.1385190852778635,1.9448167546838082,0.0,45.384424768249,-39.44957490547962,0.7709713783097207,0.0,1.3166939594532032,-36.74582527924582,1.2139377618600093,0.0,-5.957856380146804,-38.836022494669905,3.3137995357297054,0.0
28.751581181068445,-2.040645959777997,2.5462946846464156,0.0,18.194085597852478,-4.264814071865644,1.4045538788770795,0.0,-19.40630814570367,-4.145218150814557,1.9402971002310672,0.0,45.41678612230974,-39.39503840947932,0.9206850910528317,0.0,1.3344418109977365,-36.76252368072243,1.2128216242320615,0.0,-5.385796750898372,-38.46818059895662,3.0865330301989644,0.0
28.739328981231672,-1.9978293809055907,2.573214620019078,0.0,18.210987817917868,-4.256621895456143,1.4072100171875483,0.0,-19.41588434453856,-4.147823928787538,1.9360771132342105,0.0,45.439714530483236,-39.35837310916188,1.0511811965724167,0.0,1.3516559090655083,-36.77825950820486,1.2130383961492885,0.0,-4.921661658809565,-38.14519595951814,2.902983270979174,0.0
28.702482279909134,-1.9581814741796024,2.594818863043672,0.0,18.228969331990413,-4.250956851179627,1.4082343207459758,0.0,-19.41426625296458,-4.146762968956259,1.931449275402212,0.0,45.453647526920456,-39.3362317361479,1.1611430733096366,0.0,1.3680015909188956,-36.792275297627086,1.2139037154258396,0.0,-4.569832256633614,-37.88282770199904,2.7630385894857774,0.0
28.65247941678841,-1.9235087454370543,2.608396220714198,0.0,18.24667622003725,-4.248630614475771,1.4061334273852601,0.0,-19.401222330078774,-4.144245479448312,1.9255121710581626,0.0,45.4592329604203,-39.3233386670067,1.2516705080938575,0.0,1.383179137544695,-36.80351468908387,1.214401949087998,0.0,-4.325264655065428,-37.68874760572658,2.6627241974729774,0.0
28.601428933696642,-1.8972226344131762,2.6126114539657337,0.0,18.26314839844025,-4.250120813378968,1.399711071290179,0.0,-19.382225293930162,-4.143832221320339,1.9180390388616235,0.0,45.45700514208444,-39.314702163689944,1.3257529864377613,0.0,1.3967572856638486,-36.81059062060948,1.213655838945522,0.0,-4.173715796901087,-37.561528109731704,2.595463139593832,0.0
28.558638467894195,-1.8833806790335306,2.6077364530115403,0.0,18.27804896591865,-4.255501868993687,1.388364660504772,0.0,-19.36736398846812,-4.149483242512677,1.9099156863900895,0.0,45.447496785406855,-39.3071657701959,1.3872947955286214,0.0,1.4079931454400745,-36.81203936878367,1.2113889076597086,0.0,-4.094281074681287,-37.49170700741813,2.5535764740342657,0.0
28.52953838617947,-1.8847886166961965,2.5956680997722366,0.0,18.29169123400514,-4.264318538084291,1.3722976430702758,0.0,-19.36770550375077,-4.164209982832554,1.9028554453559643,0.0,45.43166818877529,-39.2999727750828,1.4399924309472123,0.0,1.4157532200051786,-36.806972119604076,1.2081285803308166,0.0,-4.063363470004687,-37.46438286706354,2.5297935099714373,0.0
28.517250710362145,-1.9005366767745957,2.579899110175388,0.0,18.30486956285194,-4.275496266045113,1.352568760833849,0.0,-19.390421843747962,-4.188725398833462,1.8985766310442092,0.0,45.411325263922365,-39.29431245756686,1.4864446003963554,0.0,1.4186690068479169,-36.79592043191538,1.2050270697057925,0.0,-4.058721472648915,-37.462472070097704,2.518643976640279,0.0
28.525546557393042,-1.9236578184574307,2.565625733755537,0.0,18.318559332010118,-4.287437908302821,1.330948150974816,0.0,-19.4349890400078,-4.220701109936108,1.8978757716887653,0.0,45.38916600809778,-39.2921103150006,1.5278125269962377,0.0,1.4155989491532397,-36.78132843747611,1.2033866133900197,0.0,-4.062309867547319,-37.469731420272005,2.517492040120377,0.0
28.561297576610386,-1.9399298017965498,2.5600264900797924,0.0,18.333597818795848,-4.298360295105656,1.3095944625034956,0.0,-19.492565086833714,-4.255130268831828,1.9000446714369144,0.0,45.36832084635442,-39.294609845976524,1.5641245045053562,0.0,1.4063178484986159,-36.76711125893448,1.2041137724435025,0.0,-4.061221643047256,-37.47288993997277,2.5268648568491994,0.0
28.634880135938435,-1.928855685432369,2.5725548868834522,0.0,18.350445193515384,-4.306753421006236,1.2906143513229935,0.0,-19.549076989416324,-4.285842872186468,1.9029701869964821,0.0,45.35160516458077,-39.301408525897955,1.595009259624618,0.0,1.3921779159838668,-36.75716952691133,1.2072677375672107,0.0,-4.046884955407521,-37.4626394176414,2.5498249480535105,0.0
28.75801301357568,-1.867228770901443,2.614999380809861,0.0,18.369068299767267,-4.311751230101579,1.2756171038981314,0.0,-19.590531157868146,-4.307635843792691,1.9039713603132213,0.0,45.34088653433634,-39.3103923277393,1.620452489361032,0.0,1.376423303972309,-36.75343857745727,1.2117301117636625,0.0,-4.01335303836364,-37.43363151745771,2.5904284197731045,0.0
28.939755331678214,-1.734580127986772,2.701042396143521,0.0,18.388946222989482,-4.313271568554296,1.2653967903535772,0.0,-19.607983860220898,-4.31808241252367,1.9009822643406196,0.0,45.33683579480349,-39.31855032354744,1.6412431375817036,0.0,1.3639583371626411,-36.75444375821403,1.2150376876733713,0.0,-3.9557616803731106,-37.38387986896213,2.651634638210897,0.0
29.182413374656935,-1.5188674064411392,2.845009612789962,0.0,18.40919156570275,-4.311944216547397,1.2598289559411313,0.0,-19.600044096151468,-4.318163173813789,1.8934146780481313,0.0,45.33905428787338,-39.32323510474696,1.6589999215960063,0.0,1.360543829131469,-36.75521219020078,1.2135578589279756,0.0,-3.8697928626567197,-37.31402081439791,2.733249555019375,0.0
29.479458164355584,-1.2205302353480518,3.059561004237736,0.0,18.42878846257245,-4.308944564312673,1.2579818572462678,0.0,-19.572185321608288,-4.311444798946982,1.8822393877964299,0.0,45.3464081449017,-39.323283782256624,1.6758322945637563,0.0,1.3714959126577067,-36.74888167243059,1.2032227265748254,0.0,-3.752408759383626,-37.22674399435839,2.8305711464095378,0.0
29.816904799355896,-0.8534935847194354,3.3524802452193914,0.0,18.446928414390367,-4.305816912979533,1.258378749266159,0.0,-19.533636646173356,-4.3023108270846375,1.8693423402676839,0.0,45.35741236015891,-39.319537729395,1.6937522151808384,0.0,1.400019442152336,-36.729693013862466,1.1808348544025247,0.0,-3.6034166163533228,-37.12642322367715,2.9343389636641657,0.0
30.178051877486414,-0.4425654250652684,3.7234390696613637,0.0,18.463369001363382,-4.304274172365648,1.259341685335551,0.0,-19.493569297219157,-4.294234769092117,1.856593639402412,0.0,45.370580186814394,-39.31457789447267,1.7140175106896454,0.0,1.4454458822247744,-36.696451821992035,1.1455772507590165,0.0,-3.426910204693031,-37.018746366573,3.0322573069515517,0.0
30.5497764317547,-0.017800668196906066,4.162173518522774,0.0,18.47867932377356,-4.305908247920949,1.2593680142709243,0.0,-19.458316847580125,-4.288929227396129,1.8450946150301775,0.0,45.38469345360615,-39.31180144958091,1.7366708054707836,0.0,1.5019434111231043,-36.655083051341705,1.1000377574426867,0.0,-3.2316285981069566,-36.91014644616149,3.111748705556959,0.0
30.92775699422082,0.39243986614757365,4.649318755755528,0.0,18.49421764308064,-4.311790383642683,1.2574876935692227,0.0,-19.43052123310137,-4.286526666444725,1.8348828077136048,0.0,45.39895238778011,-39.314211123201346,1.7605268106636647,0.0,1.558631254707603,-36.61868897552508,1.0500893505576094,0.0,-3.029802730539695,-36.80703124144259,3.1629993937888923,0.0
31.318555161674016,0.7673983150944972,5.160085832378229,0.0,18.511747933114926,-4.322051712651973,1.253514277984916,0.0,-19.409964772046653,-4.286299635320339,1.8251737428950818,0.0,45.412970615663944,-39.323388193043584,1.7836875959655742,0.0,1.6020368485815446,-36.60397052323769,1.003477416306593,0.0,-2.834777712864942,-36.71496973011426,3.181188312662231,0.0
31.737955633511703,1.0969050670580298,5.669628040570965,0.0,18.53274660834291,-4.335623621027994,1.2480782803410317,0.0,-19.395123599619133,-4.287282495924278,1.8150320674100833,0.0,45.4266272061506,-39.339028111923774,1.8044023590307816,0.0,1.6208779522811207,-36.624492512887144,0.9676994426625694,0.0,-2.658206503713186,-36.63799981174069,3.1671629215113892,0.0
32.206399961908105,1.3808741115574668,6.158205509648337,0.0,18.55762578348547,-4.350306295909086,1.242372826362672,0.0,-19.38444327584355,-4.288489938508164,1.80417519195516,0.0,45.439862297665556,-39.35917770125878,1.8218869584947068,0.0,1.6118521106586665,-36.683089249032655,0.9489145162085908,0.0,-2.50774608999075,-36.57816115953327,3.12650182129579,0.0
32.74316959280229,1.6261490091570314,6.6145130126879845,0.0,18.585201333771757,-4.363206159613458,1.2376639654801735,0.0,-19.376807122702555,-4.28885177210048,1.7935003661824496,0.0,45.452544792051214,-39.381040552577176,1.8367136919271658,0.0,1.5906741734647412,-36.759897447174374,0.9621791541731213,0.0,-2.3859784598138916,-36.53534006203814,3.0675262111818604,0.0
33.36115013586734,1.842255972369041,7.036430817447995,0.0,18.612678724158446,-4.371407213537651,1.234763059105271,0.0,-19.37126722057955,-4.28717887573246,1.784994206338986,0.0,45.4644961237464,-39.40202085130477,1.8505946364745434,0.0,1.565709956611986,-36.84080750255721,0.9976045150343094,0.0,-2.2908154666135268,-36.507506879416695,2.9991046305712743,0.0
34.063667272765315,2.037481783806758,7.4293246758923015,0.0,18.63623210152316,-4.3726391030393446,1.2337130669951595,0.0,-19.366507465250216,-4.282401033874152,1.7809243660144336,0.0,45.475640686566585,-39.42060595515304,1.8656832093351827,0.0,1.5397932996718198,-36.91679714253484,1.0351244079605522,0.0,-2.2170947309605493,-36.49133973535007,2.9289510137671524,0.0
34.84413420958061,2.216151452198277,7.802554832927516,0.0,18.652025165240175,-4.365747707416753,1.2338395009468819,0.0,-19.360544528848447,-4.274091082638317,1.7825196319428045,0.0,45.48615562415599,-39.43675887880331,1.8837237488606995,0.0,1.5208487598973282,-36.97474277902823,1.067280054274251,0.0,-2.1586728304572596,-36.48307543654316,2.862709732085124,0.0
35.68832551989439,2.3775347797942192,8.16519829888702,0.0,18.65738642393415,-4.350907155753573,1.234122294818448,0.0,-19.35092879353895,-4.263049573276467,1.7886205911781623,0.0,45.49649167465055,-39.45169396469901,1.9053975081604975,0.0,1.5118151069623456,-37.009121196588886,1.0897329471351558,0.0,-2.110245604921133,-36.47932385480971,2.803740778796815,0.0
36.578323388128055,2.5164919666516514,8.522251334236106,0.0,18.651835779993235,-4.329615034552468,1.2336855732890122,0.0,-19.335416521665504,-4.25160353258772,1.7949756456868684,0.0,45.50723189934051,-39.467170194913926,1.930095811287746,0.0,1.5109576023976445,-37.02206978102813,1.101191030287005,0.0,-2.068361953562971,-36.477603654344,2.7533450507561312,0.0
37.49678049927733,2.6255023121122516,8.872557199980792,0.0,18.63769232448412,-4.30451856075929,1.2321621956262359,0.0,-19.312899753112127,-4.243328622174278,1.7948779171568834,0.0,45.51885992879297,-39.48463074197183,1.9561855942475113,0.0,1.5142936472835657,-37.02053868697763,1.1028760296309645,0.0,-2.03149656244571,-36.476489787070115,2.7111925425408234,0.0
38.43015461286239,2.6971659975279625,9.20912893376072,0.0,18.620005181590273,-4.279057297064875,1.2297735026705965,0.0,-19.28430659570514,-4.242054520091311,1.7815488704368772,0.0,45.531545369857895,-39.50455436441547,1.9816486000167153,0.0,1.5181073008833201,-37.012723051812216,1.0974872440729015,0.0,-1.9994276813692209,-36.47543095115166,2.6758237186913956,0.0
39.36998613372919,2.7261214358518036,9.521512065051803,0.0,18.60559219390167,-4.256878126682641,1.2271167516473085,0.0,-19.25316227936019,-4.250169965042943,1.7520372566982108,0.0,45.54502847159583,-39.526262358208534,2.0048005584413726,0.0,1.5204863370165893,-37.005152961665665,1.0881768271770955,0.0,-1.9723762537835006,-36.47440791427927,2.645184775545374,0.0
40.3120290470589,2.7098276969781434,9.798950937195716,0.0,18.601205970636002,-4.241076135093789,1.224787350955248,0.0,-19.225480937871797,-4.266446453449964,1.7115944665786724,0.0,45.55864975535338,-39.548209533797426,2.0247383314097753,0.0,1.5216214754193693,-37.001180964879445,1.0778209639639034,0.0,-1.9503329699754262,-36.4736072119172,2.6171800681924378,0.0
41.25385011877104,2.6483849508014146,10.032977410859194,0.0,18.611319053873782,-4.233485881766882,1.2230178761520563,0.0,-19.208672754876105,-4.283920435325274,1.676835489783615,0.0,45.571529360912564,-39.56858037857373,2.0413241552743067,0.0,1.5231619331036237,-37.00096140368403,1.0686226746173606,0.0,-1.9327921863048738,-36.473201743421605,2.590186465589257,0.0
42.1920699812913,2.5438903494522265,10.218639667104824,0.0,18.63643082625182,-4.234284509527373,1.221495779961101,0.0,-19.20931720680054,-4.288746064491866,1.6758366489406775,0.0,45.5828301832374,-39.585907417804705,2.054834713704494,0.0,1.5271023892295754,-37.00253308766329,1.0619310907871142,0.0,-1.9188695522594044,-36.47323621108898,2.5634237314392756,0.0
43.12055721428181,2.3996697557278193,10.354428176091647,0.0,18.672701309085987,-4.24199272919465,1.219460520109072,0.0,-19.230055914228473,-4.26110629035458,1.74385935678254,0.0,45.5919723382124,-39.59946365549856,2.0656380644143475,0.0,1.5346266822975965,-37.00342439769761,1.0581265891875304,0.0,-1.9076182209768229,-36.47357356110646,2.5370595434656966,0.0
44.03051134000218,2.2194701929634366,10.441535196487518,0.0,18.71307914387044,-4.253776422803065,1.2160750217211689,0.0,-19.266453377604073,-4.178929786382259,1.9145680167774026,0.0,45.59869057031216,-39.60931878469915,2.074184762561597,0.0,1.5453599948583054,-37.00209874330117,1.056618881406214,0.0,-1.8983200770809834,-36.4738760650376,2.511974984508571,0.0
44.912475902038416,2.0066442887376006,10.483170785858855,0.0,18.749422280444268,-4.265964292960501,1.210911682884829,0.0,-19.30525917481399,-4.024135128614373,2.2081948237022333,0.0,45.60294749030099,-39.61611133183302,2.081252410944421,0.0,1.5574954814530315,-36.99855602815164,1.056222476888049,0.0,-1.8906029933510324,-36.473634993736106,2.4892458991379716,0.0
45.759264384199774,1.7634951290053351,10.484293096563638,0.0,18.77485345738001,-4.274808127382064,1.2042770674571148,0.0,-19.325716247308442,-3.7896199500876717,2.619912347586081,0.0,45.604819701041,-39.62069470935531,2.088094306555476,0.0,1.568673098546121,-36.994009116776816,1.0558238216401374,0.0,-1.8843668829117317,-36.472278675292024,2.4695730425561173,0.0
46.568229110734926,1.4910777195070306,10.451585535786906,0.0,18.78567398804518,-4.277456050058578,1.1971556167236859,0.0,-19.304826401647524,-3.4839622743730025,3.113418443962744,0.0,45.60447067418818,-39.62382507933545,2.096188516493042,0.0,1.5768849455895353,-36.990203718798085,1.0548510552161403,0.0,-1.8796080128801522,-36.469350609043715,2.4529690908700967,0.0
47.341637847932,1.1896845567157222,10.393207454019647,0.0,18.782301531986057,-4.272837081530442,1.1907879264455055,0.0,-19.225311593541313,-3.130972253833356,3.6251778383271684,0.0,45.602241487569415,-39.625998640416704,2.1066085837162376,0.0,1.580960731961878,-36.98880888965735,1.0533276600793968,0.0,-1.8762567827369425,-36.464677461773114,2.438846596627812,0.0
48.08489978891428,0.8599717643358105,10.31795085537605,0.0,18.76888134341531,-4.26196906433153,1.1861382634402915,0.0,-19.08227262814311,-2.763499820260172,4.081670627111331,0.0,45.59879879550648,-39.62746912267579,2.1193627359044047,0.0,1.5806747844180373,-36.99098433050745,1.0516600714750695,0.0,-1.874098066704048,-36.45841590002611,2.426360669436427,0.0
48.80344580730606,0.5043624089495129,10.233847453590228,0.0,18.75161406867962,-4.247409416133548,1.183557009700344,0.0,-18.884178607342413,-2.4139360047831637,4.42511842189088,0.0,45.59522130306255,-39.62840968987879,2.1331399206367294,0.0,1.5766514473858937,-36.997158043559324,1.0503758698403303,0.0,-1.872780225277808,-36.45093281791098,2.4147198086047847,0.0
49.49974773494388,0.1281532719840559,10.146701020175952,0.0,18.736412826433554,-4.232065055724916,1.1827855844240478,0.0,-18.647552192665827,-2.1050743890291734,4.637043869293581,0.0,45.592909832043496,-39.62912963541439,2.1457074771263542,0.0,1.570190180315583,-37.00699723991117,1.0499389655511262,0.0,-1.8718856917909763,-36.44259113934157,2.4032828969555844,0.0
50.17196247938056,-0.2602582205702966,10.059204433908771,0.0,18.726891199032632,-4.217945128285209,1.183230849558397,0.0,-18.389341456961738,-1.8440485476351682,4.748986838609406,0.0,45.593288853405575,-39.63023234610515,2.1548444556749864,0.0,1.5630455838457706,-37.019460454236544,1.0506453195616032,0.0,-1.8710329631943123,-36.43357673538867,2.39146522442822,0.0
50.814911430821844,-0.6503883237470216,9.971130052479309,0.0,18.72354533252386,-4.205431382620407,1.1843107731512585,0.0,-18.121693618783212,-1.6210417690920504,4.835463369802396,0.0,45.59739610004183,-39.63263007731689,2.1593712547650306,0.0,1.5571349054017949,-37.0328277670924,1.0525322328122808,0.0,-1.8699735539418731,-36.42386085421493,2.378615649911648,0.0
51.422868619030965,-1.0318539924528114,9.880611239737723,0.0,18.724378713124928,-4.193361826821399,1.185690001548533,0.0,-17.85056398093414,-1.4139790708040287,4.991579390983273,0.0,45.60554857995883,-39.637398736677625,2.1597397247070766,0.0,1.554135492539758,-37.04477508617181,1.055272506109537,0.0,-1.868628776981474,-36.41329699455651,2.364024012901556,0.0
51.99270916182932,-1.3971466140084328,9.785970863001618,0.0,18.726531983994285,-4.179869241691518,1.1873248885665006,0.0,-17.57645040297205,-1.198632475371813,5.303430816226938,0.0,45.61725991109396,-39.645517248943534,2.157852103433333,0.0,1.5549987102211889,-37.05271241530847,1.0581395120594639,0.0,-1.867018878470093,-36.40178428120484,2.3470898717462028,0.0
52.52600954373761,-1.7440487053116271,9.687240615242056,0.0,18.72809246835102,-4.1635947524644035,1.1893365135768157,0.0,-17.29544330255584,-0.9601306023708691,5.821682828696213,0.0,45.63146320380216,-39.657570003659785,2.15619643484267,0.0,1.5595488045369894,-37.05451229930432,1.0602145279334785,0.0,-1.8650996286210382,-36.38942293701196,2.327543092880049,0.0
53.02950321515615,-2.076754766171641,9.586703317521861,0.0,18.729260628167488,-4.14470517802922,1.1917824151175385,0.0,-17.000513415346052,-0.6997083651957592,6.546832318549924,0.0,45.64693075589361,-39.67351010891912,2.156785893114046,0.0,1.5664188327298785,-37.049460257745864,1.0609074355474064,0.0,-1.8626017490713647,-36.3766119938121,2.305576323802809,0.0
53.51406168537969,-2.4051126885605054,9.48833774812318,0.0,18.732350566264305,-4.125200717158445,1.1944210650803928,0.0,-16.683599478039024,-0.4325917968401516,7.43026391558757,0.0,45.662680543026994,-39.692583869688626,2.160485321236285,0.0,1.5734232662398826,-37.0390322355959,1.0605397983408835,0.0,-1.858992928150355,-36.36406158227977,2.2818328546427153,0.0
53.99259546575405,-2.7420041149497028,9.396524630796563,0.0,18.74060380967297,-4.10833200632794,1.1965871599490345,0.0,-16.337850887388342,-0.17842851833933793,8.390285598047036,0.0,45.678191506239195,-39.71347711789427,2.1670116692530534,0.0,1.5782367010128606,-37.027011964811514,1.060499948353943,0.0,-1.8536159605109943,-36.352711493913596,2.2572828942439163,0.0
54.477225869724975,-3.09961196356695,9.314524230749736,0.0,18.756391269793642,-4.097394282067204,1.197289962644419,0.0,-15.95834968571819,0.049520656279131714,9.337294213411173,0.0,45.69338475447335,-39.73466580504398,2.175452328646939,0.0,1.57915402248568,-37.018564855887924,1.0626260135497123,0.0,-1.8459424281771035,-36.343571457387974,2.2330342255533555,0.0
54.97627674011302,-3.4858675336046954,9.243149854776728,0.0,18.779797537893526,-4.094462055866421,1.1955533507120322,0.0,-15.540651780017447,0.25012958797817575,10.19846763226621,0.0,45.70846226194837,-39.7548778272904,2.1848959639531227,0.0,1.5756432793353996,-37.018415850283404,1.0679334479167526,0.0,-1.8358035640996833,-36.337518901534764,2.2100918377451215,0.0
55.49204767842669,-3.9023301889180964,9.179930382622329,0.0,18.80845211883487,-4.099587027304273,1.1908672571048786,0.0,-15.078572160345082,0.4331746428133538,10.932983892326154,0.0,45.723740868533,-39.77352046756993,2.194824031939371,0.0,1.5681882254883472,-37.029202954099006,1.0752761838712885,0.0,-1.8234714010290785,-36.33510059407631,2.1890925431665096,0.0
56.02035897950142,-4.344105973551507,9.118948842762974,0.0,18.838710524998262,-4.110664135130338,1.183535932617648,0.0,-14.563296845232118,0.6136595391947726,11.534004929238604,0.0,45.73956131554437,-39.79089989770129,2.2051470784065295,0.0,1.5544752250615366,-37.05388568556106,1.079996452718662,0.0,-1.8095493383451875,-36.33638937536135,2.170106488878181,0.0
56.55212898199644,-4.80157069246256,9.051432237956966,0.0,18.8673919877574,-4.123855633556186,1.1747450906641124,0.0,-13.984584679249334,0.8054518919340232,12.01968856952229,0.0,45.75625599438714,-39.808097357272246,2.21600532582481,0.0,1.5523334606721875,-37.076184148393594,1.0906936268083331,0.0,-1.7947315312702035,-36.34094599898805,2.152630210842325,0.0
57.07622299054405,-5.263064922216369,8.967022064294317,0.0,18.892983298534876,-4.134411160268005,1.166270647496745,0.0,-13.333212118240004,1.0166749238791972,12.418872638497108,0.0,45.774121162715026,-39.82651305395673,2.227537634563282,0.0,1.5703440844934962,-37.0854929186051,1.102655720378042,0.0,-1.7795456288315585,-36.347921164468566,2.1358282849048464,0.0
57.582330778173265,-5.7175832636131165,8.855481995929228,0.0,18.915743442034657,-4.137864216462455,1.1598700650608418,0.0,-12.603303755731957,1.2476907533428179,12.75739384183684,0.0,45.79337708102425,-39.8472780891328,2.2397391954736143,0.0,1.5950700178744857,-37.095469652239466,1.1136829067412215,0.0,-1.764184021600344,-36.35629921374543,2.1189514456478307,0.0
58.062945741852545,-6.1567711183381535,8.708430050007683,0.0,18.936963589178387,-4.1315494637641335,1.1565414657971544,0.0,-11.79365970710488,1.4915674463201842,13.049318404267844,0.0,45.81413655616289,-39.87082042323499,2.252424797450381,0.0,1.622417217728664,-37.11616602283579,1.136020707123377,0.0,-1.7484782061276012,-36.36523473033397,2.101755967340555,0.0
58.51417932005205,-6.576041019336895,8.520582795155432,0.0,18.958055122043817,-4.115990917475653,1.155966390658552,0.0,-10.9078535801039,1.7364010197924298,13.294729716971046,0.0,45.83639033299452,-39.89678290367826,2.2652975330088037,0.0,1.6459745079282975,-37.164806515335684,1.189993358437789,0.0,-1.7320112433709927,-36.37437569384316,2.084722911991989,0.0
58.935619824554955,-6.975008842862079,8.290070657641037,0.0,18.97996484183915,-4.095336150973225,1.1564575575395644,0.0,-9.953297120635966,1.9685072540882036,13.483132066270995,0.0,45.85999775101892,-39.92429844569654,2.2781124189282327,0.0,1.6595983060571875,-37.26136239510555,1.3002781757510213,0.0,-1.7143142041472892,-36.38402534014786,2.068934558817322,0.0
59.329593244739456,-7.357540463922621,8.017679200153323,0.0,19.002995877678888,-4.076224951548201,1.155539984964733,0.0,-8.939683721479597,2.1754104364005666,13.599879016548321,0.0,45.884691343840544,-39.9524517673385,2.290840151812896,0.0,1.661084102565634,-37.42197576261983,1.4894903816614349,0.0,-1.6950682658697578,-36.395010825624404,2.055603591191675,0.0
59.70015356023099,-7.731522227220858,7.705298382730197,0.0,19.0268359855113,-4.065340877277827,1.1509534162487238,0.0,-7.877319400131769,2.3478444209949174,13.632721881575016,0.0,45.91014242985304,-39.98068407140545,2.303675553359936,0.0,1.6554523393606573,-37.65298582337868,1.7708276000971637,0.0,-1.6742449222913702,-36.40823089101753,2.045431664113936,0.0
60.052056846221156,-8.108190840252654,7.354212683942604,0.0,19.050565964457036,-4.066788910530076,1.1415602898317676,0.0,-6.775779695817372,2.4804896816403748,13.576340333599166,0.0,45.93613127958609,-40.00894958342528,2.316826911987249,0.0,1.6560268754302054,-37.94809637292012,2.1420682121555155,0.0,-1.6521570030292754,-36.42402014970425,2.0380988669578475,0.0
60.38987682212642,-8.500679785381482,6.963955085656384,0.0,19.07257202065873,-4.080640055064357,1.127634641528493,0.0,-5.6431039581668765,2.5716151655221804,13.433950217001515,0.0,45.96280420102696,-40.037579369493095,2.330198938541388,0.0,1.6952931990567892,-38.27678516899728,2.5805416774553604,0.0,-1.6294359646937595,-36.44161134001374,2.0321496053144337,0.0
60.717316642372005,-8.921531822265148,6.532256185622355,0.0,19.090554608431276,-4.10329793148214,1.1104002691797792,0.0,-4.485517149680646,2.622020581048435,13.216226719493285,0.0,45.99092732556022,-40.06697359625308,2.3431607412560496,0.0,1.7900381766251687,-38.62173808676771,3.06063712142526,0.0,-1.6069606888846997,-36.45901344264567,2.0253444705769965,0.0
61.036724235812535,-9.379357655145506,6.056298461563335,0.0,19.10204676606466,-4.129291726132713,1.0912055644053016,0.0,-3.307575113436867,2.6337088582680384,12.938492620533635,0.0,46.02201441327136,-40.097329216372,2.354524346825867,0.0,1.9368917642257077,-38.97841664841144,3.5359947217009537,0.0,-1.585731258421658,-36.473501838400935,2.015320449229961,0.0
61.34883778517914,-9.875439256371896,5.53517286355623,0.0,19.105700799231876,-4.153434573437522,1.0709089754761258,0.0,-2.1126181781810374,2.608636361152925,12.617297010995514,0.0,46.05821970503487,-40.128556602789686,2.362753001892818,0.0,2.150101306493447,-39.32743706314568,3.970083017874374,0.0,-1.5666530632204725,-36.48264069215097,2.0002883627489183,0.0
61.65280749367619,-10.40149845816364,4.973111653976503,0.0,19.1029663990244,-4.172360278603818,1.0497645511938423,0.0,-0.9034152636980042,2.5477548429676737,12.26730676008147,0.0,46.10192643347867,-40.16039541268798,2.36634887885349,0.0,2.434352197540141,-39.66247614509985,4.341125373031594,0.0,-1.5502359004445045,-36.4854311126748,1.979534587109148,0.0
61.94650486895,-10.939702167576659,4.382666572141007,0.0,19.099110753023343,-4.185020047507617,1.0276609598776165,0.0,0.3171120919186805,2.4504598607118275,11.899125394589195,0.0,46.1550357536895,-40.19262156558543,2.3643252919019933,0.0,2.7897896637917325,-39.98623491807142,4.642686414043019,0.0,-1.536316136526764,-36.482999143932105,1.9536126939764014,0.0
62.22703699995027,-11.465259997785747,3.786554548288942,0.0,19.102462430331688,-4.192275690522074,1.004390539360637,0.0,1.5451981975467273,2.314532731845329,11.51835920930478,0.0,46.21809902378505,-40.22520687936574,2.3566264419017298,0.0,3.2142100569028207,-40.30716346936414,4.880060736081923,0.0,-1.5239737508355518,-36.47837600030937,1.9242182758155426,0.0
62.491283742408754,-11.951095615895188,3.2166940256416634,0.0,19.121519542904434,-4.195980095947254,0.9798059816393607,0.0,2.77575180380913,2.1366073442008524,11.125918118668272,0.0,46.28960716007886,-40.25834027863901,2.3443339769441547,0.0,3.7041116087766355,-40.63553235219887,5.0640308224482995,0.0,-1.5117411830203937,-36.475370565767356,1.893788699041755,0.0
62.73627828405987,-12.37342287668411,2.7095073613644853,0.0,19.160824179909326,-4.197962534084741,0.953979876649516,0.0,4.0022803469969475,1.9130350901475826,10.719215709223578,0.0,46.36582940384029,-40.29231342086476,2.3295297957651684,0.0,4.254867729725806,-40.9798663979465,5.204921956180742,0.0,-1.4980364680102978,-36.4770474811883,1.8648779720742503,0.0
62.95938649139933,-12.716729583583126,2.2980627145422208,0.0,19.21757792338718,-4.1992920950614465,0.9274831000349852,0.0,5.217187444609722,1.640909744799293,10.293785199968033,0.0,46.441449603161715,-40.327359952897936,2.314787304033521,0.0,4.860671667171594,-41.344543754767436,5.308873636726318,0.0,-1.4816538985227181,-36.484557131269334,1.8394108434337522,0.0
63.15840545794272,-12.976693770865879,2.0034503557555503,0.0,19.28105745062923,-4.200091757683776,0.9016576941939825,0.0,6.412095128076125,1.3191033275008923,9.84487018101083,0.0,46.51088725845715,-40.363541769525895,2.3024132292917034,0.0,5.514778967752632,-41.728979393543206,5.376961501300418,0.0,-1.4621647174860861,-36.496844306147736,1.8180737059872474,0.0
63.33176479802846,-13.16007106214691,1.828756766877623,0.0,19.33566238908266,-4.1999583682680655,0.8785937855309776,0.0,7.57787456926226,0.9492822203998283,9.368637558867414,0.0,46.569816012032305,-40.40069405847466,2.293694716382081,0.0,6.210193922407403,-42.128378734715646,5.4067450860412825,0.0,-1.4401239746249581,-36.511253578073,1.8001988455900602,0.0
63.47888278925384,-13.281600564529807,1.758272794335472,0.0,19.366519163789718,-4.198721951620733,0.8606118049325691,0.0,8.704466811042197,0.5367285173811531,8.86277381310352,0.0,46.6162647592261,-40.43837925276346,2.2884561906889385,0.0,6.940712669016262,-42.53554895219726,5.3949728650390245,0.0,-1.416999968719781,-36.52461029861021,1.7842737184037674,0.0
63.60046864589983,-13.359097430390742,1.7623907189750359,0.0,19.365132649979287,-4.1970226777438775,0.8493131392333542,0.0,9.780834538139647,0.09047161357329436,8.326484143978659,0.0,46.650890467920455,-40.47584512495757,2.2851527872524056,0.0,7.702080065906122,-42.942990494229036,5.340032338249796,0.0,-1.394805672409962,-36.53423044308935,1.7687599483543792,0.0
63.69845520993406,-13.408551434919813,1.8062402113497296,0.0,19.332462334739027,-4.19628210039793,0.8445715466061436,0.0,10.795211683494669,-0.3777696707154252,7.760301905431884,0.0,46.676398471527044,-40.51207301988478,2.281517414787386,0.0,8.492860898365683,-43.344518479797635,5.243320900733472,0.0,-1.375532862897316,-36.538482448932264,1.752710199777182,0.0
63.7754905893165,-13.440859220943114,1.8587744137026387,0.0,19.278115090872877,-4.1981408136692595,0.8440590763145988,0.0,11.73550073178801,-0.8556848701352999,7.166362087663945,0.0,46.696431035573596,-40.54599467526491,2.2755198590942545,0.0,9.314549957180725,-43.73587908522525,5.109440297258098,0.0,-1.3605864746592369,-36.536834231369035,1.7358943366517607,0.0
63.83430931874824,-13.460945998567428,1.8992332272552783,0.0,19.216374964712983,-4.203831261105973,0.8437782888460905,0.0,12.589650090782428,-1.3324219314745074,6.549574215272317,0.0,46.71439653979508,-40.57681278739035,2.266239304987529,0.0,10.170595323100965,-44.114219398216214,4.945505975560036,0.0,-1.3504185475318256,-36.529596432277664,1.7185269168753123,0.0
63.8774425939186,-13.469082234314595,1.9193306659363287,0.0,19.161221822660284,-4.213792884535447,0.8395339792116676,0.0,13.34616810935049,-1.799194845683747,5.919419925775085,0.0,46.73263514461956,-40.60421940259458,2.2542886369699264,0.0,11.064456585136679,-44.47676407650999,4.759898582010782,0.0,-1.3444741315140527,-36.517667086404224,1.700920677269881,0.0
63.90746468760112,-13.463578452624251,1.9213579793846502,0.0,19.122457265978053,-4.227468244327459,0.8286812349205182,0.0,13.995189422174084,-2.247937261840101,5.2913299414504635,0.0,46.75209427332236,-40.628332201336136,2.2416258613273072,0.0,11.997363086722363,-44.81941654403155,4.5607558336616805,0.0,-1.341448190125152,-36.50243892361806,1.683334011725119,0.0
63.927528966411764,-13.443696971970589,1.9138061594367937,0.0,19.10396446055644,-4.243215722421211,0.8112704544082376,0.0,14.530289390990442,-2.6690449074808544,4.686379624046925,0.0,46.77246418938106,-40.649364473678915,2.230840982335721,0.0,12.96668823921448,-45.13602760386527,4.354598487244191,0.0,-1.3397618209929454,-36.485772581914574,1.6660334871240607,0.0
63.94165141276252,-13.411556325288785,1.9065676601496229,0.0,19.10402300695767,-4.258486654613513,0.7900225715014066,0.0,14.95058925586002,-3.050221911564879,4.128686536192859,0.0,46.79260367941134,-40.66724125418002,2.2242092946710716,0.0,13.965595891781629,-45.41875223427513,4.145594670664073,0.0,-1.3381008096674694,-36.46981941122779,1.6493992310142733,0.0
63.95424772922404,-13.372243696870951,1.9073414364546952,0.0,19.117033740743288,-4.270380528621866,0.769218582320855,0.0,15.2621474800193,-3.3779072224536932,3.6410879034725507,0.0,46.81107390335489,-40.68140251583904,2.2228763434136827,0.0,14.98399687320204,-45.659427351550946,3.9358427832508225,0.0,-1.3358234341192934,-36.456622744476846,1.6339046317404122,0.0
63.9688695394233,-13.332244497203593,1.9199508404115644,0.0,19.135881237115488,-4.276427386839291,0.7531361854573557,0.0,15.477769979700874,-3.6409647116977855,3.2406190672711723,0.0,46.82664103911308,-40.690888785175304,2.2264669431219897,0.0,16.010276941766648,-45.85147534957211,3.7265973544360227,0.0,-1.3330707890588873,-36.44765813877408,1.6199552995230437,0.0
63.9867813235654,-13.29718252696677,1.9443628056125526,0.0,19.15422242728247,-4.275297667383875,0.7447477086360639,0.0,15.61520774118694,-3.8346439251024935,2.9353415770619264,0.0,46.838650282593775,-40.69463430229517,2.2332393001855575,0.0,17.03305076975648,-45.99160854579311,3.519791755124202,0.0,-1.330525998521893,-36.44353768604838,1.607728930567129,0.0
64.00646331677571,-13.270200989875331,1.9776869865499265,0.0,19.16812471197779,-4.267221380122499,0.7450559668698524,0.0,15.694564246052153,-3.9625648461820897,2.7232966825001608,0.0,46.847196007262745,-40.691831354931885,2.240703099168286,0.0,18.04239099569933,-46.0806321810398,3.318935927743568,0.0,-1.3289387108702755,-36.44399007172579,1.597176302911258,0.0
64.02467118124814,-13.251805044912388,2.0154737815644523,0.0,19.176679787638992,-4.254040066990964,0.7530487723408772,0.0,15.735887892657283,-4.035722047702423,2.593488094118708,0.0,46.85304538719639,-40.68226103437924,2.2464494914010693,0.0,19.030381545017057,-46.12293557744697,3.1287470512889684,0.0,-1.3286616575041443,-36.44808781312382,1.588205307677022,0.0
64.03846941102216,-13.240912446476774,2.052943309673738,0.0,19.181512319604188,-4.238884171920005,0.7660842780075896,0.0,15.757379835175094,-4.069202236006749,2.528315977136387,0.0,46.85735000497598,-40.66651678814132,2.2488814707485343,0.0,19.991227427174632,-46.12475308135972,2.9535856307851596,0.0,-1.3294308299036985,-36.454602121074686,1.5809107301598093,0.0
64.04684250394008,-13.23610448645379,2.08600287904075,0.0,19.18547797873493,-4.225512267381372,0.7805719329526433,0.0,15.774062331247038,-4.078329147787009,2.5067593075698227,0.0,46.861271372795784,-40.64605462815576,2.2476228627748576,0.0,20.921317854061893,-46.091780298726036,2.795498540690245,0.0,-1.3304636102551943,-36.46233416421912,1.5756643455694626,0.0
64.0509169018579,-13.236254428950424,2.111983874848976,0.0,19.191163978165747,-4.217437159951397,0.7928729343907985,0.0,15.796659567100898,-4.075821492083178,2.5076384063828083,0.0,46.8656721261053,-40.623035141706936,2.243533236309519,0.0,21.819443126219273,-46.02702606699741,2.6529523151525485,0.0,-1.3307774760884041,-36.47031918005882,1.5729587124639774,0.0
64.05294277423485,-13.240466387081513,2.1300599773732998,0.0,19.199824229546003,-4.2170194859240056,0.8002597398187081,0.0,15.83076418028304,-4.0706264793554,2.5124164356811107,0.0,46.8709582787353,-40.59999061403692,2.2383492918922716,0.0,22.686918585472228,-45.92973444476892,2.5209641129509706,0.0,-1.32955602344094,-36.47789887701244,1.573053126401069,0.0
64.05488779627832,-13.247791189213164,2.1413209013836862,0.0,19.21106253538902,-4.2247076983482446,0.8016388204426779,0.0,15.87667829693501,-4.068144292800527,2.5072121921915382,0.0,46.877067500857954,-40.57941033238118,2.234030861342589,0.0,23.527099911585328,-45.79584141945747,2.392552387009072,0.0,-1.3264104288641296,-36.484719911335404,1.5756174879967872,0.0
64.05744600843579,-13.257166884773,2.148454125859331,0.0,19.223202688447426,-4.238676880791154,0.7977446149140519,0.0,15.930314352098929,-4.071118533097405,2.483921989952073,0.0,46.883561457206234,-40.563352165939676,2.2320035530645033,0.0,24.34405280862166,-45.61985650287201,2.260785159678795,0.0,-1.321453769782083,-36.4907040045938,1.5796006152172772,0.0
64.0598459660966,-13.267663378353248,2.154988359684822,0.0,19.23407931475541,-4.255151884269114,0.7907182957134538,0.0,15.985166585184674,-4.08054783091271,2.440470655285557,0.0,46.8897923133857,-40.55316760603897,2.2326238591639296,0.0,25.140799502654396,-45.397435062999534,2.1205741491294408,0.0,-1.3151934384920567,-36.49600175264477,1.5834153098552548,0.0
64.06042430477667,-13.278744843930374,2.1641547239367203,0.0,19.241911170327775,-4.269455711020026,0.7832775473300195,0.0,16.03483179311973,-4.096299605274914,2.3802021255297188,0.0,46.89511633841695,-40.54938738392223,2.2351601288883707,0.0,25.917983814916607,-45.127517663522866,1.969688404390185,0.0,-1.3083232082379248,-36.50092989015838,1.5853444006455941,0.0
64.05763943124862,-13.290165538125805,2.177628155686035,0.0,19.245914448100674,-4.27741871800369,0.7778673350780565,0.0,16.075215608328463,-4.117414981061821,2.310404103442192,0.0,46.899103229681,-40.55175794184454,2.2382954514991056,0.0,26.673563071315343,-44.81315979534018,1.8089127357188701,0.0,-1.3015188968675746,-36.50588541242478,1.5839902436352347,0.0
64.05107270469166,-13.301380155990309,2.1946181441494517,0.0,19.246427108450757,-4.276565401564264,0.7761286255995508,0.0,16.105625224519187,-4.142250739076603,2.240111654145881,0.0,46.90167416269255,-40.5593737555036,2.2408263726701882,0.0,27.403509965901954,-44.46098625625516,1.6415374555147473,0.0,-1.2953060440473307,-36.511229689763645,1.578618377076582,0.0
64.04201111843558,-13.310825067189704,2.2118181470451237,0.0,19.244559254882105,-4.266646267169397,0.7787699252240188,0.0,16.12839817247331,-4.168603726494236,2.1776528273300038,0.0,46.9031231446351,-40.5708553230933,2.2421402568259996,0.0,28.10304511087295,-44.07981874402007,1.4723852322965438,0.0,-1.2900123158495873,-36.517162716606045,1.5692994223872159,0.0
64.03338330466006,-13.315726982578866,2.2244758445541244,0.0,19.241615221859966,-4.249457673399412,0.7856726967271896,0.0,16.14735576898225,-4.193895118229934,2.1286321825354566,0.0,46.90402755911635,-40.584556014672685,2.2422340851733527,0.0,28.767835077525593,-43.679035028459424,1.3065573317022565,0.0,-1.2857767066773982,-36.523641324474056,1.5568148964797714,0.0
64.02904552060487,-13.312876354257517,2.2283311023556696,0.0,19.238593147853486,-4.228199951953759,0.7960093447748768,0.0,16.165890552266475,-4.215462045118013,2.0949332917488483,0.0,46.905100164550205,-40.598791786833345,2.2413285887611583,0.0,29.394759635625057,-43.267020340610244,1.1481577203459317,0.0,-1.2825759445154006,-36.530388267415915,1.542373924859616,0.0
64.0325915174845,-13.300125958508172,2.221594728106691,0.0,19.23596719953983,-4.206700998755012,0.8083044041541037,0.0,16.18560273667162,-4.231007223253888,2.074906057981911,0.0,46.907037267564625,-40.61206752044514,2.239364479856029,0.0,29.98211157683794,-42.85004696634972,0.9993635480907184,0.0,-1.2802420659496985,-36.53698709523867,1.5272593636147231,0.0
64.04596667384958,-13.277750514674768,2.2059026760461506,0.0,19.23380933466698,-4.188710273847853,0.8205370227706474,0.0,16.206024879517166,-4.239185500373497,2.064473641814619,0.0,46.910378201790664,-40.62325590344867,2.235714057830375,0.0,30.52932010807451,-42.43197277740049,0.8602049977513335,0.0,-1.2784740072250216,-36.543011875285885,1.5125361789245044,0.0
64.06829464108066,-13.248765359894023,2.185626582331622,0.0,19.232166177243425,-4.1772981243313945,0.8304087618484708,0.0,16.22535564411764,-4.240140720883112,2.0586464339320614,0.0,46.915365766434924,-40.6316996838448,2.2292880220406914,0.0,31.03641671448625,-42.015020325617414,0.7292242157933746,0.0,-1.2768760906305014,-36.54814442587649,1.4988960457419154,0.0
64.09548822422363,-13.217926368099423,2.165911801208267,0.0,19.231479330806344,-4.174340919729888,0.835792480839352,0.0,16.24164027141171,-4.235692854032273,2.0529096184302826,0.0,46.92182686180555,-40.6372498797231,2.219002446226808,0.0,31.503504175447297,-41.60150274656451,0.604843361170385,0.0,-1.2750609672043303,-36.55226748747838,1.4866237188214875,0.0
64.12115445928394,-13.189957238749503,2.1506143444170327,0.0,19.232784172738192,-4.180148803412506,0.8352471771655505,0.0,16.253735920064667,-4.228955021123957,2.0441339274248502,0.0,46.929140751777396,-40.640284583171315,2.2044477502507434,0.0,31.930479899929065,-41.195854302101495,0.48691733199538945,0.0,-1.2728114375336497,-36.55553715255048,1.4756326092722372,0.0
64.1387438672716,-13.1679588899849,2.141236445487138,0.0,19.23752391257986,-4.193358264522964,0.8284306061100128,0.0,16.26165825634731,-4.223420428751295,2.0309267173471532,0.0,46.93636390483031,-40.64172747147218,2.186536803323026,0.0,32.317172628715994,-40.80598448345936,0.37778467798590576,0.0,-1.27022070405557,-36.5584062881934,1.465559911190601,0.0
64.14408624090764,-13.152721022190665,2.1371402852865167,0.0,19.24704972896382,-4.211172990365673,0.8162787346431077,0.0,16.26629782205077,-4.221852766672434,2.0135179951939186,0.0,46.9425199615634,-40.6429915976949,2.167776371261704,0.0,32.663822040189245,-40.44310266116412,0.2823384928133894,0.0,-1.267691745997925,-36.561536479694624,1.455948523295202,0.0
64.13711008790351,-13.143095577029275,2.1365356625153815,0.0,19.262087553243273,-4.2299448536124595,0.8008814833010955,0.0,16.268790542763615,-4.225450844768552,1.9933193754823844,0.0,46.94696812741661,-40.645716930037295,2.1517658654756247,0.0,32.97152742057347,-40.119889265857566,0.2071718972490313,0.0,-1.2657474426350528,-36.56558105460002,1.4464622540354224,0.0
64.12198393009446,-13.137113416617492,2.1375492101758145,0.0,19.282469766562823,-4.246007964590291,0.7850239272266979,0.0,16.269926247267733,-4.233634636669445,1.972304580719598,0.0,46.94968088322922,-40.65127488620792,2.141903348740213,0.0,33.24213467984921,-39.847939839573776,0.15938620668857695,0.0,-1.2647534139192014,-36.5709397914312,1.4369672565601679,0.0
64.105690673611,-13.133237897343507,2.1389552016103863,0.0,19.30723785627079,-4.256586961765908,0.7714409458371652,0.0,16.26991325255209,-4.24448571992399,1.9524009314472544,0.0,46.95127033356412,-40.66021961527899,2.139912181567915,0.0,33.47723739561687,-39.63604417538138,0.14579839417302054,0.0,-1.2647446158405447,-36.57765091179948,1.4273680548326748,0.0
64.09560225057719,-13.131085634105057,2.1404626657961803,0.0,19.33498130643727,-4.260480706630623,0.762011047155414,0.0,16.268639525001504,-4.255562916544859,1.9350889552272026,0.0,46.95274008445745,-40.671981560010686,2.1450669438328624,0.0,33.67653654227082,-39.49036269574723,0.17290392810867594,0.0,-1.2654920356611083,-36.585517925868494,1.4172780780960945,0.0
64.09688893365131,-13.131235877528491,2.142624962082829,0.0,19.3641755385492,-4.2582113870246525,0.7572640237755008,0.0,16.266293555315055,-4.26468825313971,1.9212985324639469,0.0,46.95511188132223,-40.685012506944304,2.1545672746789624,0.0,33.83645100564762,-39.41599434661258,0.24726551113812434,0.0,-1.2668080323959643,-36.594430049349356,1.4057035669893363,0.0
64.11069393160444,-13.134317347294719,2.1465008399708054,0.0,19.393356304556132,-4.2515676599520305,0.7564757624545688,0.0,16.263911535555952,-4.270420254316058,1.9115030052316442,0.0,46.95912868648204,-40.697346253409656,2.1647700317549674,0.0,33.950153021226384,-39.4179111822697,0.37548047904894943,0.0,-1.2690524812670532,-36.604789474629804,1.3907149243908847,0.0
64.13385042028784,-13.140020357609576,2.153197428300805,0.0,19.421114583195635,-4.242811360846567,0.7582870565595226,0.0,16.263354449009928,-4.272181781402271,1.9058071004180501,0.0,46.965138657982926,-40.70729282318017,2.172577422565391,0.0,34.00977494506053,-39.499114111991176,0.5629552479188948,0.0,-1.2747990929996122,-36.61870799087878,1.3672251795685249,0.0
64.16035845161078,-13.146707001931228,2.163411532456058,0.0,19.446012149599348,-4.233946926365711,0.7614859349953988,0.0,16.26659035544665,-4.27018863326502,1.9039112827248328,0.0,46.9731359352527,-40.71391030637715,2.1763787194034716,0.0,34.01048544995966,-39.655519789179586,0.8113896705050756,0.0,-1.2830557137320344,-36.635460225639385,1.3402709674125184,0.0
64.18398777734838,-13.151882290581392,2.17709945079063,0.0,19.46657587128224,-4.2263058372869535,0.7655359261173826,0.0,16.27474844806249,-4.265342436258485,1.9050274747698932,0.0,46.98287234082103,-40.71705128532183,2.176291590767125,0.0,33.95511352183548,-39.86962250194117,1.1156122479482207,0.0,-1.2797844670120089,-36.64472994482515,1.333104111364415,0.0
64.20074018447599,-13.153222921938266,2.1934040017185055,0.0,19.481507354719646,-4.220485827981654,0.770596775545453,0.0,16.287673614697574,-4.259161822269225,1.907916754142569,0.0,46.99395774823913,-40.717045179453926,2.173778644526047,0.0,33.85760786687348,-40.10688504543616,1.4607962632966718,0.0,-1.2762156411979202,-36.65456424344608,1.3259705473472039,0.0
64.21002367354724,-13.149521321808521,2.2108787642569343,0.0,19.49010051668339,-4.21656711354829,0.7770664259526159,0.0,16.3043277977743,-4.253716754730942,1.9111268247031905,0.0,47.00590964875601,-40.71426867597211,2.1709121273015892,0.0,33.74364319753658,-40.31861333316578,1.8215132140531392,0.0,-1.2726658382437739,-36.66442045158713,1.3194574126895482,0.0
64.21420255703329,-13.14101330025858,2.227912994504278,0.0,19.492645357176748,-4.214482268919229,0.7849579412130705,0.0,16.32366087547165,-4.251454535724664,1.9133339255153672,0.0,47.01817830407608,-40.70886550747867,2.169592144751011,0.0,33.64693639748277,-40.45201377987165,2.1645255782634454,0.0,-1.2694489613154696,-36.67350446703386,1.3139712735625473,0.0
64.21704198732719,-13.128983920872821,2.2431781232966497,0.0,19.490515125657854,-4.214361923113998,0.7935665406825398,0.0,16.345160565030525,-4.2547920775866,1.9136147614865742,0.0,47.030216288242165,-40.70073619761539,2.1709390807710562,0.0,33.60118143970692,-40.46377544078523,2.456171076047232,0.0,-1.2667960263261575,-36.681016469949874,1.30966877680628,0.0
64.22192655918967,-13.114952883013752,2.255925972781329,0.0,19.485837357236708,-4.216622312113213,0.8017696192336965,0.0,16.368557787413458,-4.265422974543812,1.911545984999627,0.0,47.04162525440907,-40.689750037496694,2.174977771651344,0.0,33.63012495805844,-40.33161564585744,2.672084934957782,0.0,-1.2647515377182934,-36.68645256423449,1.3064922991344634,0.0
64.230594250218,-13.099916397899552,2.266056266125714,0.0,19.48099555545419,-4.221616442353336,0.8089687149005664,0.0,16.392888369945812,-4.283465595553116,1.907156838328497,0.0,47.052324460356424,-40.67603779429729,2.180660743506344,0.0,33.74014806715353,-40.06029476460157,2.8044323349439377,0.0,-1.2631008502345509,-36.68984071543616,1.304254001764816,0.0
64.24275577561171,-13.084058466318256,2.273999943785606,0.0,19.478356370726,-4.2288977176030285,0.8163243315937976,0.0,16.415724314365775,-4.306817492153297,1.9008287169067533,0.0,47.06263749721631,-40.66022484503652,2.186226306382432,0.0,33.918872121667036,-39.68137149587876,2.8626614144351894,0.0,-1.2613958762936592,-36.69179963046938,1.302709756634421,0.0
64.25658471907602,-13.067099110839322,2.280544255607701,0.0,19.480409370493316,-4.236414150816733,0.8277756210617682,0.0,16.433413920638564,-4.331218329435437,1.8932216602671037,0.0,47.07322291027058,-40.643525233030445,2.1898163173229754,0.0,34.14026049198753,-39.24665063102426,2.867655210456064,0.0,-1.2591067470673813,-36.69337278941405,1.301595502970926,0.0
64.26977251335188,-13.04909047623656,2.286681687817456,0.0,19.490160076104452,-4.240054363347147,0.8504221655935167,0.0,16.442530169822575,-4.351323253511699,1.8852541750367244,0.0,47.08484564480463,-40.62767709027434,2.1901587314888253,0.0,34.37345239811752,-38.81585679691513,2.84308054236406,0.0,-1.2558450961758263,-36.695680890398336,1.3006362626130041,0.0
64.28068281676265,-13.031158355409666,2.293460660083216,0.0,19.51144878969647,-4.233830430910113,0.8940404231148502,0.0,16.44182719759436,-4.362506825615956,1.8780958754503363,0.0,47.09806815234518,-40.61470785729848,2.1870147128998028,0.0,34.591196684058296,-38.44175834212197,2.808707318076266,0.0,-1.2515367996298226,-36.69951855326136,1.2995603538260436,0.0
64.28913551904463,-13.015649045669313,2.3017902471349547,0.0,19.54894354046729,-4.210730650465554,0.969703205597467,0.0,16.433525693370484,-4.3625502821386215,1.8730743746401277,0.0,47.112998059481725,-40.606516893555735,2.181166966279756,0.0,34.77508541741021,-38.158278043221316,2.777889612725593,0.0,-1.2464366830255456,-36.70505901645441,1.298145667901455,0.0
64.29651550513799,-13.005471802492348,2.3122292042927732,0.0,19.60772742703596,-4.164059822358164,1.08769311760038,0.0,16.423099692446762,-4.352375939545787,1.8714152007146172,0.0,47.12921297527703,-40.604353494361895,2.1740192849276134,0.0,34.91724411214668,-37.975659208060435,2.7580152378001532,0.0,-1.2409732536524913,-36.71179783534613,1.2962930869269336,0.0
64.30519492302547,-13.002910595335067,2.3248451569506106,0.0,19.692563466101316,-4.088924925043683,1.2551931862993921,0.0,16.417640451752682,-4.3356200809675824,1.8738662608894554,0.0,47.14588669939418,-40.60840616891934,2.1671221357981842,0.0,35.019409299222666,-37.88283079472687,2.75166712727653,0.0,-1.235510362686612,-36.71876995163329,1.2940855723502729,0.0
64.31756143297257,-13.008487523160994,2.3391758231852062,0.0,19.807053394617103,-3.9834047542668554,1.4744978973237615,0.0,16.423609888875937,-4.317466067759316,1.8804018671779996,0.0,47.162024028791656,-40.617713975199436,2.161861528801536,0.0,35.09022403501529,-37.8544282089418,2.7574355492611105,0.0,-1.2301531084901267,-36.72495380322799,1.2917801701452731,0.0
64.33509885687468,-13.020440514424084,2.3542418367897344,0.0,19.952962498980725,-3.84895788497089,1.742497133178758,0.0,16.444901740571165,-4.303280509210466,1.8901886778684496,0.0,47.176666343809025,-40.6304105120834,2.1592549958449503,0.0,35.14142390980824,-37.85948976421231,2.770662523645912,0.0,-1.2247006127226605,-36.72968284735337,1.2897105212915179,0.0
64.35788062169922,-13.035081127154172,2.3685693236057848,0.0,20.12993686262312,-3.6898667969243792,2.0517895395241865,0.0,16.481748476425786,-4.297350749023289,1.9018205903228296,0.0,47.189007551262016,-40.64411393889985,2.159653264816928,0.0,35.18387813038323,-37.869398963764304,2.784686930550283,0.0,-1.2187719555844616,-36.7328695033974,1.2881333689706072,0.0
64.38459001385,-13.047900086695368,2.3802850211295397,0.0,20.335768535677268,-3.511914624814784,2.3930501319911013,0.0,16.530586266207322,-4.301853394664647,1.9136662928609187,0.0,47.198472731779276,-40.65627751551723,2.1623000245724953,0.0,35.2246567406945,-37.86337603100986,2.792649120690724,0.0,-1.212035992614899,-36.73493906604945,1.2870941274910805,0.0
64.41295926287762,-13.054991312184576,2.387446549573138,0.0,20.567273890248337,-3.320844344136068,2.7575850856746893,0.0,16.584747732987694,-4.316233413430559,1.9241573008878472,0.0,47.20482152415599,-40.66448159950491,2.1649733579913963,0.0,35.265971300418,-37.83076802846746,2.7893365167763413,0.0,-1.2044172753915872,-36.73653502360174,1.2863866513651416,0.0
64.44042761725986,-13.054264394355366,2.38872664380982,0.0,20.82160973086416,-3.121240953088252,3.138906361342438,0.0,16.635757274413727,-4.337241013277886,1.9319474367338376,0.0,47.208248760097426,-40.66678796797099,2.164073921327354,0.0,35.30609445654284,-37.77044415924204,2.7723909016792536,0.0,-1.1961654230527534,-36.73818290736259,1.2856401718618695,0.0
64.46482236890908,-13.046000264257426,2.3843142704880442,0.0,21.097505911415837,-2.9162004737023377,3.532884898990022,0.0,16.675024821833922,-4.359761498707542,1.9360040423594622,0.0,47.20939417684343,-40.6622401855865,2.155413164144713,0.0,35.341580720795086,-37.688316793639466,2.7424890760507274,0.0,-1.1877531685532405,-36.74009436857603,1.2844969882046833,0.0
64.48489743743123,-13.032557933714948,2.3765683293906097,0.0,21.395782312242293,-2.7076865655177826,3.937059592865146,0.0,16.69581109612347,-4.3782774415862695,1.93576650425398,0.0,47.209208487296614,-40.651397198053544,2.135629645173257,0.0,35.3696527684767,-37.594111260239266,2.7025818065213194,0.0,-1.179663601589823,-36.7421753263714,1.282784627428999,0.0
64.50059573221453,-13.017400856487136,2.3698686043209207,0.0,21.718855800646303,-2.4972046805350896,4.350045183362865,0.0,16.695220993013866,-4.38846997992095,1.9314387770712713,0.0,47.20869650855794,-40.63659693176356,2.103785992596105,0.0,35.38972067078183,-37.49822739403942,2.6566497438152936,0.0,-1.1721848353142361,-36.744176684089915,1.2805827565066092,0.0
64.51293902045516,-13.003896528239935,2.369435938222443,0.0,22.069504622742112,-2.2864899589598515,4.771374640454778,0.0,16.67557658390821,-4.388318737612647,1.9242633503073439,0.0,47.208592905438586,-40.621639436218075,2.0624575196437274,0.0,35.40360593917745,-37.409253958107925,2.608545265489486,0.0,-1.1653192263748178,-36.74587225765218,1.2781483735511898,0.0
64.52352874962449,-12.99436206790574,2.379470227674334,0.0,22.44952906043603,-2.0780618081336506,5.201257208393258,0.0,16.644278025251545,-4.378271976402905,1.9164644673612248,0.0,47.209027708888655,-40.61081532709844,2.017683398252819,0.0,35.41473963634719,-37.33251019466273,2.5613024504122244,0.0,-1.158842242285238,-36.7471621658292,1.2757504020547135,0.0
64.53381384751933,-12.989594530754454,2.4013787425662496,0.0,22.858926555392458,-1.875509148091858,5.63956750354975,0.0,16.61173393146439,-4.360560664593741,1.9106872443149499,0.0,47.209270082466475,-40.60757789121605,1.977602634219405,0.0,35.42694522981418,-37.26976266764456,2.516962745789323,0.0,-1.1524509216870982,-36.74804321010856,1.2735140714581021,0.0
64.54447983248073,-12.98886624065181,2.432873350570869,0.0,23.29589736500574,-1.6833293831225937,6.084042969122127,0.0,16.587997489696683,-4.338173473108112,1.909115795971525,0.0,47.207719407211954,-40.61342582346671,1.9502518966749527,0.0,35.4433283728827,-37.21995201385916,2.4767187081570707,0.0,-1.1458871562652426,-36.74845109138818,1.2713497290441111,0.0
64.55531482133502,-12.990285370427024,2.4683980802490897,0.0,23.75763458015058,-1.506260187210657,6.528514542209008,0.0,16.579562315657842,-4.314052587920466,1.9126906386291882,0.0,47.20234784428433,-40.62751304760087,1.941395908699235,0.0,35.46555587726734,-37.18048537568254,2.441129099627906,0.0,-1.138958569660737,-36.74806336598698,1.2689730832854504,0.0
64.56562337690868,-12.991469023231538,2.5009065833041326,0.0,24.241546679276013,-1.34831642914045,6.962316749065506,0.0,16.58769202578877,-4.290720840597558,1.9207856991722334,0.0,47.19165527634887,-40.64714840170097,1.9530937508719077,0.0,35.49363342036456,-37.14854383314027,2.4102517394660907,0.0,-1.1314819120578266,-36.74621618154487,1.2659916118218213,0.0
64.57493514166526,-12.990432292259893,2.5244458355485744,0.0,24.74633410555533,-1.2119675811261157,7.371561787417315,0.0,16.60880664473284,-4.270161746329116,1.9314680449763326,0.0,47.17590299893533,-40.66893764045988,1.9831892681013379,0.0,35.5261644415536,-37.121959522878065,2.383675399175212,0.0,-1.123249201606427,-36.74206324884359,1.2620505317991917,0.0
64.58365114002243,-12.98639631811994,2.5364241991187573,0.0,25.272281268905203,-1.097854111731337,7.742017683328394,0.0,16.636481990030067,-4.253681356986221,1.9422282851032726,0.0,47.15816166577374,-40.69008112009848,2.0255142533276658,0.0,35.56093477907965,-37.09947270973981,2.360524853766245,0.0,-1.1141013459055076,-36.73496809817497,1.2570303537129632,0.0
64.5933225467928,-12.980075185064994,2.538366437718553,0.0,25.820399680277525,-1.0051132079781642,8.06252458125509,0.0,16.664063143124828,-4.241687824405815,1.9509044550906687,0.0,47.14469431131745,-40.709317836477894,2.0705406077125907,0.0,35.595581418525896,-37.08046114134265,2.339527457642875,0.0,-1.1040964784580538,-36.72494104935429,1.2512251543164776,0.0
64.60632003150774,-12.973181705766677,2.534762088686291,0.0,26.390696427911507,-0.9319714454512358,8.327689839171677,0.0,16.68687684931065,-4.2335587716656455,1.9564414343330228,0.0,47.144332286810744,-40.7271735963054,2.1064264685737886,0.0,35.62814331327474,-37.064423383422685,2.319188445680629,0.0,-1.0936521717637913,-36.71284590667375,1.2453736501892418,0.0
64.6248496523057,-12.967386054025948,2.5308039005154175,0.0,26.980543849855657,-0.876085330387605,8.539017810528593,0.0,16.703390960601627,-4.227798679758833,1.9591733451266613,0.0,47.16669521383586,-40.74552770042746,2.1206530798352023,0.0,35.65740889504235,-37.0505403000731,2.298074539400737,0.0,-1.0835145533531598,-36.700202106856736,1.2404633695297544,0.0
64.64972448664659,-12.963389847241025,2.530374194972781,0.0,27.58436599048522,-0.8343484575020614,8.704300471512422,0.0,16.715137605585845,-4.222523199380664,1.9605177108741572,0.0,47.2194239506618,-40.76694417996417,2.1024577800064854,0.0,35.683056642796394,-37.037546654631846,2.275169121904,0.0,-1.074499164850999,-36.68864617206162,1.2373768564512826,0.0
64.67966547597783,-12.960710327827696,2.5351661310523443,0.0,28.195288767404325,-0.802388852176172,8.835683792201879,0.0,16.72557842910488,-4.21609675042527,1.962253544050009,0.0,47.305114897476805,-40.79442569235131,2.045835393943328,0.0,35.7056004832429,-37.023970090355476,2.2502100172994552,0.0,-1.0671004078034203,-36.67932215370105,1.236567742139428,0.0
64.71167648125851,-12.95820994145626,2.5449258214915584,0.0,28.808238909645844,-0.7743568645615717,8.947174628972405,0.0,16.738327451838305,-4.207643646278978,1.9657494958298223,0.0,47.41915780435149,-40.83201727989376,1.9522232954127645,0.0,35.72615591223672,-37.00861439566152,2.223856191878852,0.0,-1.0611799805544795,-36.67250691702487,1.2379308737108552,0.0
64.74229821522066,-12.954856179485017,2.558253325047829,0.0,29.42294322534752,-0.7435359051603427,9.05239506139105,0.0,16.755339940019745,-4.197219404430515,1.9714820872652066,0.0,47.5497234499386,-40.88609672194303,1.8316289746218715,0.0,35.74607400849017,-36.991051926042324,2.1975363735486315,0.0,-1.055943661833826,-36.66764057921092,1.2408985389845935,0.0
64.76894932062922,-12.950128456915122,2.5733963593245086,0.0,30.04508002069963,-0.7038358323549314,9.163090318734824,0.0,16.775784390137737,-4.185617781016792,1.978979563725904,0.0,47.68040752909536,-40.96658396359467,1.701241669667084,0.0,35.76653449126443,-36.971883894213946,2.17296964643257,0.0,-1.0502752662231352,-36.66371417876371,1.244676138321962,0.0
64.79059739799334,-12.943886030541647,2.5887508948039777,0.0,30.684655165699017,-0.6516828332561655,9.28836479539223,0.0,16.796169587712082,-4.173969812187081,1.9871189146067945,0.0,47.79476418632363,-41.087092352047584,1.5814937143801604,0.0,35.7882155219331,-36.95262340173546,2.1515388235260975,0.0,-1.043278241687199,-36.6597775263169,1.2484913500767352,0.0
64.80755118856815,-12.935962433289124,2.6030813598735367,0.0,31.35209737419595,-0.5875115463182841,9.434182971153554,0.0,16.81180016794002,-4.163351594534868,1.994612314581591,0.0,47.880946377795205,-41.263418111308965,1.4907855670572676,0.0,35.81114805196444,-36.935216184203924,2.1337926215648757,0.0,-1.0347282333995995,-36.655280552200594,1.2517585342587676,0.0
64.82074708328162,-12.925886672460786,2.615636980093395,0.0,32.05382258812846,-0.5161225337283568,9.602662679029322,0.0,16.818933303274846,-4.154536108690778,2.000507206639721,0.0,47.9346444470596,-41.51050427315629,1.4409354939421135,0.0,35.83481367732294,-36.921372661765304,2.1192780547864043,0.0,-1.0251820045482383,-36.65009957945783,1.2541310344868286,0.0
64.8311246904171,-12.912929504222934,2.6263046921918303,0.0,32.78938131865114,-0.4455986879328755,9.791132297032922,0.0,16.81653841571354,-4.147888897141211,2.004520739134172,0.0,47.95948613079365,-41.838716559676755,1.435138579234895,0.0,35.858463291891795,-36.911974666785284,2.106726852754761,0.0,-1.0156822087129065,-36.64433503743692,1.2554933011934537,0.0
64.83946913190945,-12.896405448209032,2.6357642232082377,0.0,33.55150774882064,-0.38515569311414133,9.991458724684108,0.0,16.806753685894115,-4.1433458475634275,2.007069916148364,0.0,47.965289666522935,-42.2506991544624,1.4688976431445209,0.0,35.88153539872476,-36.90679603906943,2.0944727738386586,0.0,-1.0072064084753887,-36.63810921504641,1.2559682024247643,0.0
64.84665495756525,-12.87605572978892,2.6454659885787883,0.0,34.3288623490168,-0.3428657078124946,10.19032307339672,0.0,16.79391995265928,-4.140450690267187,2.008995906850126,0.0,47.96526020419454,-42.740122268730914,1.5329698672898235,0.0,35.90398194134395,-36.90463642904412,2.080935025542315,0.0,-1.0001301169626995,-36.63152697235398,1.2559556038734634,0.0
64.85390095068121,-12.852364158763129,2.6572720694856233,0.0,35.109940618932384,-0.3241973091730994,10.370789424762254,0.0,16.78283842500693,-4.138469720006263,2.011140041475848,0.0,47.97320400487069,-43.29308380941222,1.616816254283199,0.0,35.92632582491332,-36.90377977564194,2.065044497168069,0.0,-0.9939652661537153,-36.624778944085065,1.256135453689982,0.0
64.86267411947641,-12.826674623518688,2.6727723084292716,0.0,35.88633367296672,-0.33173081150805217,10.514953864502584,0.0,16.77711585987985,-4.13656901510526,2.01398636652789,0.0,48.00145917414822,-43.89176576884178,1.711453963546905,0.0,35.94940155775158,-36.90256635072019,2.0465410621523237,0.0,-0.9874968647347071,-36.61825702538039,1.2573507221924505,0.0
64.87420763345057,-12.800978828599012,2.6924958868576994,0.0,36.65429208643653,-0.36574742152803097,10.607047430247807,0.0,16.778174550585337,-4.133990746369678,2.0175208675453735,0.0,48.0598650525747,-44.518783682083246,1.811274087129302,0.0,35.97390895754435,-36.899873659204395,2.0260808384602456,0.0,-0.979237348444892,-36.61258355791358,1.2603660235914198,0.0
64.88891936463239,-12.777342544026448,2.7153757272781025,0.0,37.414575065303566,-0.4251403281317039,10.636263555985003,0.0,16.78509182089119,-4.130178888929985,2.0213336161958058,0.0,48.15577706279839,-45.16041600824153,1.9146826264614134,0.0,36.00001557007842,-36.895389086464334,2.0050966369381857,0.0,-0.9679660221346751,-36.60853851356463,1.2656123903178198,0.0
64.90607888526334,-12.757160663159828,2.738821176870008,0.0,38.17111489825343,-0.5082429772898429,10.598715490423224,0.0,16.795150174375877,-4.124856124103896,2.0248672926076896,0.0,48.29482867505506,-45.80776557434839,2.023514084584818,0.0,36.027198628506106,-36.889635094871856,1.985423124287335,0.0,-0.9531055843821239,-36.606916021753975,1.2730605085717528,0.0
64.92389715432614,-12.740615348853842,2.759554654740972,0.0,38.929051584093955,-0.6134234714906981,10.498112931222765,0.0,16.804844829213184,-4.118066095736111,2.0276524882082185,0.0,48.481923036511624,-46.45606038316044,2.14146281677786,0.0,36.05437333740405,-36.88375607292249,1.9688047704943745,0.0,-0.9348045885333303,-36.6083465879625,1.282273536684583,0.0
64.94001756975243,-12.726666160741605,2.7749617529488493,0.0,39.69258685163658,-0.7394711153239086,10.344886843736438,0.0,16.811033687936387,-4.110168254768865,2.029411129658527,0.0,48.721928642279934,-47.102846467698484,2.2721527683684535,0.0,36.08022249576468,-36.87913674245598,1.9564454290118807,0.0,-0.9137575078650393,-36.613112981663434,1.292569634361275,0.0
64.9522863136886,-12.713615270628498,2.7842984823770163,0.0,40.463105602555984,-0.8858439981012243,10.153734765482744,0.0,16.81189064180063,-4.101772447948242,2.030019270898153,0.0,49.019753343995426,-47.74575010101276,2.4175103909560214,0.0,36.10358191580601,-36.87699070861917,1.948710752656586,0.0,-0.8908979190153872,-36.62100152341133,1.3031876529703386,0.0
64.9596155333263,-12.699964449429082,2.789082631627185,0.0,41.238041116614205,-1.052748066496255,9.940071123441708,0.0,16.807378282988083,-4.093640222091606,2.0294115787890146,0.0,49.379769475030585,-48.38038326903081,2.576779412891323,0.0,36.12374273743431,-36.8780674339509,1.94504590156229,0.0,-0.8670967966780694,-36.63127603350927,1.3134057551351876,0.0
64.96266375949872,-12.685128240541086,2.792482597588508,0.0,42.01083836052673,-1.2408978631485343,9.71644705242077,0.0,16.79913219161088,-4.086600759062151,2.0275321935886748,0.0,49.80485276018354,-48.999071368910904,2.746169281226182,0.0,36.14058535512809,-36.882549927047165,1.944163554289057,0.0,-0.8429292443806808,-36.64287413626368,1.3226318016354206,0.0
64.96399975996216,-12.669644406083606,2.7980968900977476,0.0,42.7720457855729,-1.4508737534017797,9.490159225162397,0.0,16.78988356006852,-4.081497384921969,2.024391294120324,0.0,50.29548242665152,-49.591002933766774,2.9190277698289933,0.0,36.1545422679734,-36.89011464577271,1.9444985059541082,0.0,-0.818526847786142,-36.65482429060222,1.3304982463172284,0.0
64.96749522131665,-12.654760779011118,2.8087311363609366,0.0,43.511187470109974,-1.6822636150079529,9.262757102418597,0.0,16.78269179453543,-4.07912843273022,2.020196445452193,0.0,50.849330300554726,-50.143808739964484,3.0864877790930034,0.0,36.16646140999504,-36.900075166255114,1.9447612920860866,0.0,-0.793544010310093,-36.666703684588455,1.3369497870505551,0.0
64.97695809688089,-12.641583458983527,2.825605826704873,0.0,44.21884226656449,-1.9330035290494187,9.031288320194411,0.0,16.780231586578502,-4.080128988596878,2.0154436391958974,0.0,51.4615297217443,-50.64581085786994,3.2385216702358566,0.0,36.17744722573083,-36.91154132566879,1.9443217464037676,0.0,-0.7672818978596361,-36.678858376911805,1.3422551099272049,0.0
64.99441682674073,-12.630225355951701,2.8481305775819337,0.0,44.88837312612392,-2.199280803046655,8.790440041158703,0.0,16.784256135828006,-4.084785991443979,2.01084828974275,0.0,52.12550402633492,-51.08790746238951,3.3652059341028657,0.0,36.18869686866449,-36.92355295445519,1.9432644555570988,0.0,-0.7389717209797961,-36.6922035582114,1.3468693222368113,0.0
65.01881822827916,-12.6194485697995,2.874162887493366,0.0,45.516936195900186,-2.476087850393986,8.534579424145726,0.0,16.795274798934635,-4.092857146891689,2.007101489353806,0.0,52.83404331429584,-51.46448526562451,3.4579347431019585,0.0,36.201314277526556,-36.93516359492325,1.9421575260590718,0.0,-0.708129453005208,-36.707669160876875,1.3511578404719735,0.0
65.04594235507231,-12.607063794849186,2.900597690578797,0.0,46.10561957777679,-2.758231051545975,8.259044493820198,0.0,16.812476280908996,-4.103501592380963,2.0045787314072427,0.0,53.58032588635817,-51.77341838505222,3.5104074581933045,0.0,36.21611926091366,-36.945464555499406,1.9416881606502585,0.0,-0.6748229581476277,-36.72559248024178,1.3551221577620858,0.0
65.06986894497669,-12.590925303595453,2.924157312132687,0.0,46.65874115005582,-3.041444920090923,7.9606032389727055,0.0,16.833927715408098,-4.1153926649135375,2.0031819857036446,0.0,54.358707562839356,-52.01553174075328,3.5193096548058698,0.0,36.233514060282694,-36.953572727208616,1.9423244968594968,0.0,-0.6397025994697572,-36.745428589100655,1.3583316819097409,0.0
65.08547300865709,-12.569993317580284,2.9422383106612315,0.0,47.182487926119244,-3.3232581685129015,7.63743593594985,0.0,16.857031913245205,-4.127003531007162,2.0024123540749645,0.0,55.1651985794014,-52.193773841770906,3.484595224906192,0.0,36.25346647711649,-36.95864592187184,1.944110310817992,0.0,-0.6037379154491891,-36.76600341030439,1.3601736230649184,0.0
65.09070256843816,-12.544869647045571,2.9535780180459614,0.0,47.68322735952267,-3.6033568737268613,7.289098099463508,0.0,16.879157598069852,-4.136982229285332,2.0016223769153214,0.0,55.99753587392131,-52.31215335432482,3.4092700632754465,0.0,36.275620628658274,-36.959994651470076,1.9466304652966713,0.0,-0.5676989581425982,-36.786268974236755,1.3603112032955789,0.0
65.08737337688427,-12.517499391552146,2.9584756846070874,0.0,48.16592906846147,-3.883326896013455,6.916725818932495,0.0,16.898312280825287,-4.144494632658354,2.000296756915496,0.0,56.854716968489285,-52.3745801975448,3.298713846253822,0.0,36.29948990144115,-36.95730120548392,1.9491385263009402,0.0,-0.5314640893150457,-36.80629844549912,1.3590476553862416,0.0
65.08000979370517,-12.490197923260547,2.9584774360135953,0.0,48.63312883913172,-4.165811343802611,6.523438245522178,0.0,16.913691204544506,-4.149423243341442,1.9982154458750347,0.0,57.735945437384785,-52.38397254784912,3.1597696547582945,0.0,36.324651232430305,-36.9508621651071,1.9508023981008247,0.0,-0.4932896344581348,-36.82817317608294,1.3573084584725041,0.0
65.07338566000988,-12.464535109072608,2.955704243838806,0.0,49.08468943211582,-4.453300294413032,6.11465923651488,0.0,16.925895935722686,-4.152346540642596,1.9954409446591743,0.0,58.63920158006634,-52.34199279172546,2.9998909629143355,0.0,36.350860888711395,-36.94170766803116,1.9509648324134812,0.0,-0.4493223183035777,-36.85643513443096,1.3562188145998277,0.0
65.07015609454386,-12.440677130017797,2.9521392353053084,0.0,49.51830463834057,-4.746926673322712,5.698040665466645,0.0,16.936649052703757,-4.154276587833718,1.9921738988868647,0.0,59.55996055625732,-52.24949159191311,2.826534338912575,0.0,36.37804222596833,-36.93147513549593,1.9492827901691712,0.0,-0.3937797632541695,-36.8978380097091,1.3566256744133982,0.0
65.06984941086606,-12.417510880706654,2.9491299023468063,0.0,49.93042234905849,-5.045659939696521,5.282834968782845,0.0,16.948028868037817,-4.156230894188774,1.9885808606290318,0.0,60.49068021329341,-52.10741890648256,2.646847464313071,0.0,36.40613286295776,-36.92202391213803,1.9456827424364338,0.0,-0.3201425243752851,-36.96024926103151,1.3591637231737925,0.0
65.0696130200524,-12.393423013054505,2.9472203265344667,0.0,50.31721165866732,-5.346138850995941,4.878812639801707,0.0,16.9615374910624,-4.158833407147619,1.984696031672227,0.0,61.42139761056653,-51.917831228995695,2.4676023650476715,0.0,36.4348201345342,-36.914908099174525,1.940202656142409,0.0,-0.22330474452637006,-37.050839602915204,1.365410798705728,0.0
65.06608895421412,-12.36725229192645,2.9463093736582735,0.0,50.67536975617615,-5.643169660466828,4.49498956985878,0.0,16.97746302361591,-4.162154340339507,1.980442840008653,0.0,62.3412193127654,-51.68468549167831,2.295251154680823,0.0,36.4632547995778,-36.91089859883565,1.9328586132950853,0.0,-0.10210368401707193,-37.17415315599674,1.380282065836564,0.0
65.05728295842665,-12.338883353367049,2.946034721778952,0.0,51.00275818774796,-5.930743892137731,4.138454846177366,0.0,16.994839514179287,-4.1658464995887785,1.9757438686004978,0.0,63.240037546601805,-51.414217210664596,2.1359348093816326,0.0,36.48989785397521,-36.90972650010281,1.9236318673369315,0.0,0.038723169311031924,-37.3310121002421,1.415199326855868,0.0
65.04352089649724,-12.30921816461313,2.946200375255641,0.0,51.29889790321961,-6.203325078482258,3.8135246723670004,0.0,17.01194347774686,-4.169442110187514,1.9706382934545452,0.0,64.10976440490049,-51.114778484595554,1.9953014642192741,0.0,36.512668192446036,-36.910137387322855,1.91258177560419,0.0,0.18815479356269016,-37.51903337730258,1.4909612635625482,0.0
65.02727949776376,-12.279666582253638,2.9470412245662576,0.0,51.56525209765264,-6.457086195639345,3.5213696406427033,0.0,17.026996446857705,-4.172617671167254,1.965332110855968,0.0,64.94473277587312,-50.79612619946054,1.8781244712396816,0.0,36.52947093130477,-36.91025125476483,1.9000147633601774,0.0,0.3307646140464051,-37.73462386237599,1.6388278200912936,0.0
65.0123033216797,-12.251551173645893,2.9491938882897344,0.0,51.805131343612715,-6.690717135389625,3.260191856919813,0.0,17.038777511844323,-4.175332715497797,1.9601533476424233,0.0,65.74138178324114,-50.46833463078521,1.7878946784449798,0.0,36.53900116786474,-36.908137999382156,1.8865976280314936,0.0,0.45088300927533354,-37.97511758653211,1.898236145286944,0.0
65.00258671954948,-12.225759233869768,2.953390516657606,0.0,52.02310707224052,-6.905428825155956,3.02593199803412,0.0,17.047042894717016,-4.177855458032867,1.9554399670463027,0.0,66.49764335884089,-50.14064291633458,1.7266353497069442,0.0,36.54150990799648,-36.902436893271734,1.873308192279687,0.0,0.5381679013219198,-38.239202556324294,2.309929599846627,0.0
65.00152508086985,-12.202705874699356,2.9600382874313613,0.0,52.2240455518642,-7.104029653439883,2.8133469514790876,0.0,17.052713034896172,-4.1806992828100915,1.9514224118940096,0.0,67.21247648810962,-49.820526337248666,1.6950235685020267,0.0,36.53911824100216,-36.89278443234848,1.8611937961878517,0.0,0.5927900472064831,-38.52473616349743,2.90440680624246,0.0
65.01121237687371,-12.182444681560524,2.9689123719123227,0.0,52.4121367195761,-7.28944354251504,2.6171735020948947,0.0,17.05772282028012,-4.184460424397502,1.9481557357359787,0.0,67.88581629837056,-49.513140937097724,1.6925998968994467,0.0,36.535399564291446,-36.87984217768564,1.8510437368522243,0.0,0.627807940906532,-38.825201970934785,3.687780794624728,0.0
65.03186387975843,-12.164741997511241,2.9791209804630263,0.0,52.59036123937747,-7.463421323923292,2.433061515830217,0.0,17.06447147104442,-4.189557831784467,1.9455198399611078,0.0,68.51893054547725,-49.221134455034665,1.7177082477123609,0.0,36.534323644336816,-36.86490362716968,1.8431754785080532,0.0,0.666588958997993,-39.127867878241496,4.630048415522524,0.0
65.0615989043258,-12.149090149460886,2.989346953499572,0.0,52.76059044415583,-7.626096707657376,2.2580410175726735,0.0,17.07501016575151,-4.195934530583528,1.9432781210171708,0.0,69.11493061448977,-48.944697344797945,1.76701499427603,0.0,36.53905638273197,-36.849329352579986,1.8374644143051722,0.0,0.7352225617457151,-39.4162182501196,5.662653168230698,0.0
65.09688401248728,-12.134782409959003,2.9982583735224413,0.0,52.924081997757575,-7.776503199499646,2.090466244880461,0.0,17.0902895326752,-4.202842802260499,1.9411772446416684,0.0,69.67906501358486,-48.68168798721639,1.8348597989907454,0.0,36.55121374300289,-36.83418013700219,1.8335333275498051,0.0,0.8534395333457212,-39.67605644683712,6.6901362061597585,0.0
65.13362045850357,-12.121148174256883,3.0049417863306296,0.0,53.08185510471596,-7.913595035972842,1.9296269252986749,0.0,17.109815284441265,-4.208865835876679,1.9390592202387058,0.0,70.21845810017948,-48.427745834953726,1.9129356865384821,0.0,36.57086457585667,-36.82024058885913,1.8308800379718555,0.0,1.0295606790607312,-39.90134824657375,7.613632254492153,0.0
65.16846186736117,-12.107892708936841,3.0091791794130263,0.0,53.23455057557595,-8.037067639695952,1.7754155280378425,0.0,17.131915830549595,-4.212276115667177,1.9369346993060308,0.0,70.74113544507115,-48.176456567349206,1.9906516249009911,0.0,36.597104541642764,-36.80828996815616,1.8288347948395547,0.0,1.2623237423867355,-40.095861538276594,8.3566168098499,0.0
65.19980992598848,-12.095349904618262,3.0114049134746033,0.0,53.38181435408808,-8.147462977727791,1.6283928080798553,0.0,17.154542928704664,-4.211664168164425,1.9349663865128264,0.0,71.25447442485331,-47.9197300408744,2.0561188331869147,0.0,36.62873827459369,-36.79927536527397,1.8264673524075992,0.0,1.5469433781174757,-40.270015880773464,8.882319038507257,0.0
65.22809573916027,-12.084436250575646,3.0123446391367086,0.0,53.521651469428875,-8.245538007359244,1.4902387133318067,0.0,17.176219141789854,-4.206569826491692,1.9333562843419685,0.0,71.76352887170776,-47.64852595566389,2.0973968441417643,0.0,36.66466547849032,-36.79412944379162,1.822628522054778,0.0,1.8800130212981276,-40.43550944318826,9.19778462431588,0.0
65.2552787746781,-12.076232659404106,3.012565379548798,0.0,53.65030486024619,-8.331384287686134,1.364150380068076,0.0,17.19664072923088,-4.197783669879881,1.9321949128299778,0.0,72.26981342076371,-47.353934080343464,2.103687885680351,0.0,36.70385171226164,-36.793259659911904,1.816169775203056,0.0,2.2600812457522146,-40.60071155647775,9.345795442170544,0.0
65.28382073934328,-12.071371337301684,3.0122293104828834,0.0,53.76298604753967,-8.403994581990897,1.2546415406484064,0.0,17.21666193537239,-4.187145919857487,1.9313621345759628,0.0,72.77097949068208,-47.02843798916588,2.066433909521434,0.0,36.745047800749575,-36.79600208827057,1.8062370485124912,0.0,2.6849268856307624,-40.768327039830545,9.389008542527455,0.0
65.31556362388086,-12.069574154758104,3.0111809431051615,0.0,53.85536841934244,-8.461680584426345,1.1665633074576913,0.0,17.237752585384357,-4.17693966216256,1.930534337312963,0.0,73.26145962258843,-46.66703856291425,1.9803785407947174,0.0,36.78655156791231,-36.800418965350296,1.792511831742118,0.0,3.1489063465737104,-40.93539356918887,9.391624177017837,0.0
65.35091981780718,-12.069605933887818,3.009261325771705,0.0,53.925330332978604,-8.50310697640126,1.1037004583583254,0.0,17.261260510140545,-4.169158363707235,1.929275554665935,0.0,73.73382880221871,-46.26787535175652,1.8444726212859308,0.0,36.82625638928449,-36.803696464966876,1.775320318538057,0.0,3.6429956309832328,-41.09507401169927,9.403841514755866,0.0
65.38865094320707,-12.069643376933119,3.0066054469976358,0.0,53.97417746392501,-8.528253500761014,1.0675171971790345,0.0,17.287828214885185,-4.164941056991675,1.9271409454280715,0.0,74.18047835431784,-45.832110366837476,1.662307504366245,0.0,36.862053917935036,-36.803131325388065,1.755572379210271,0.0,4.157663594224097,-41.23959721652413,9.452956921642079,0.0
65.42631651565443,-12.067850996396563,3.003711969415715,0.0,54.006668851662624,-8.53875705291144,1.0564472351501593,0.0,17.317178521257397,-4.164362709582728,1.9237445039708252,0.0,74.59519158260179,-45.3631136940861,1.4418574000565823,0.0,36.89245206447626,-36.7973853735333,1.7345273656584794,0.0,4.686761715100149,-41.363536102510366,9.542212605701565,0.0
65.46118624944715,-12.062933783798593,3.001250939081398,0.0,54.029693743158724,-8.537592703410091,1.0658976128793531,0.0,17.348289500716312,-4.166614428718923,1.918807997398611,0.0,74.97427652058128,-44.8653299416724,1.1946140430937664,0.0,36.91714638814075,-36.78746420078778,1.7134409004374511,0.0,5.2303526056820004,-41.46633114757799,9.6557970254192,0.0
65.49112062158767,-12.05454015389623,2.99977650652135,0.0,54.050150588469386,-8.528383848321148,1.0890398825927328,0.0,17.379811669850078,-4.170454455999985,1.912241117639974,0.0,75.31704751389245,-44.343444871770416,0.9343788290182395,0.0,36.937292140867676,-36.77686226258257,1.6932225880046072,0.0,5.795336683675496,-41.55296163137967,9.767053762636824,0.0
65.5149161099324,-12.043461661695337,2.999584785175813,0.0,54.07299205076004,-8.514632887358095,1.1182864566381472,0.0,17.410511799514993,-4.174705412102121,1.904259620946947,0.0,75.62565672833605,-43.80242022174786,0.675911447749316,0.0,36.9553299887792,-36.770590942023425,1.6742736588222211,0.0,6.399024662191746,-41.62836289946498,9.84438709753447,0.0
65.53204312037826,-12.03153344063536,3.000837967101699,0.0,54.10024022554676,-8.499083424840917,1.1470172497997861,0.0,17.439567203074585,-4.178572124352158,1.8954645450168552,0.0,75.90446706692401,-43.24856548707899,0.4334957877333938,0.0,36.97436927048352,-36.77334466330362,1.6565965578423043,0.0,7.084749860302635,-41.67726722507124,9.869765477591686,0.0
65.542256868426,-12.02107758615254,3.0038488586124323,0.0,54.13120831377471,-8.483398185070365,1.1709219538004447,0.0,17.46663517813549,-4.18167415064323,1.8867757434515369,0.0,76.15920638083267,-42.69124233327954,0.21947564850861134,0.0,36.99729250751332,-36.787607108218964,1.640084287932984,0.0,7.819221393432102,-41.74101225519087,9.835892119363058,0.0
65.54566998470963,-12.013868615674763,3.0092567823691496,0.0,54.16359948277453,-8.4682506541442,1.1884906068292498,0.0,17.491732817831327,-4.183861360554324,1.8791890944477831,0.0,76.39604066563003,-42.14433066351942,0.0429397777519398,0.0,37.02586292792884,-36.81262629962875,1.6247590349264982,0.0,8.618513201215208,-41.81369421078609,9.732126778901087,0.0
65.54337922556063,-12.01000669414899,3.0178660296072533,0.0,54.19488507086015,-8.453734513173286,1.200597107738357,0.0,17.51504462656032,-4.184993879173261,1.8734480708352699,0.0,76.62058362112757,-41.6264467541524,-0.09113739659318121,0.0,37.06013449696645,-36.84471482413727,1.610783999886518,0.0,9.485352584587263,-41.88834923749559,9.563003346776714,0.0
65.53810397444086,-12.007440253199652,3.0301636600974877,0.0,54.22341634995601,-8.439839009061926,1.2094917316436593,0.0,17.53679452983963,-4.184849808566707,1.8697815042593664,0.0,76.83687182235357,-41.15919806958095,-0.1820011204441041,0.0,37.09836494509099,-36.87860295756718,1.5982695384091041,0.0,10.415214336166297,-41.95427639075087,9.340710917743502,0.0
65.53414281515109,-12.002685574854954,3.0458210121643674,0.0,54.24895419754644,-8.426749637313636,1.217674656589132,0.0,17.55725585873047,-4.183207680027911,1.8678241453452298,0.0,77.04649391079681,-40.76345398373694,-0.23237709176453336,0.0,37.137460041642264,-36.90911639434986,1.587040842100162,0.0,11.397903036999772,-42.000361211963074,9.080907371447886,0.0
65.53643591296162,-11.992501307974202,3.0635685763415097,0.0,54.27256191859181,-8.414873783251029,1.2270503555514125,0.0,17.576855682200485,-4.180032893174645,1.8667454005337998,0.0,77.24822358817313,-40.45451607370776,-0.24714327693772553,0.0,37.173806895161924,-36.932481090687226,1.5765235124047088,0.0,12.420280502369064,-42.018631797137346,8.798564731271103,0.0
65.54917023445749,-11.975536465494876,3.081589690828242,0.0,54.296012022539365,-8.40464450963571,1.2385458410941048,0.0,17.59623460572401,-4.175648565418096,1.865522306070737,0.0,77.43847975100837,-40.23782907181763,-0.2319415179167823,0.0,37.204246502557595,-36.9469111213207,1.5658053473423408,0.0,13.469613264208474,-42.00630107812991,8.504735688536275,0.0
65.57460151903203,-11.952963910247615,3.098179793284279,0.0,54.32098005049124,-8.39625279238058,1.2521429085333295,0.0,17.61613065267895,-4.170787676505357,1.8632481219083878,0.0,77.61263568766941,-40.10702838028545,-0.19223065728624888,0.0,37.226911951400915,-36.95252819945712,1.5538519318816633,0.0,14.536254705280673,-41.96538464709774,8.205130352557997,0.0
65.61250029628799,-11.927807561268164,3.11223464244336,0.0,54.34834395482154,-8.389481768776708,1.2671468003340998,0.0,17.63708061331814,-4.166477784096922,1.859373476083654,0.0,77.76674793107158,-40.04537337622068,-0.13296166931378828,0.0,37.2417085633056,-36.95089377137769,1.539797954217466,0.0,15.61449771309626,-41.900238548677656,7.900744526292579,0.0
65.66024847879436,-11.903453493831178,3.1233302114659534,0.0,54.37787355481595,-8.383754798913039,1.2825277578270136,0.0,17.659083932049924,-4.1637883724732205,1.85380485791827,0.0,77.89897441616912,-40.030181437107665,-0.05871764566067128,0.0,37.25031173645657,-36.94444598186448,1.5231829919348758,0.0,16.70141543284015,-41.81441892874214,7.589939323814281,0.0
65.71344220177802,-11.882186400846269,3.1315093557155738,0.0,54.40845322204763,-8.378372290757117,1.2972561000902232,0.0,17.6814383563869,-4.163542408485866,1.8468279398330019,0.0,78.01004675149261,-40.038538609546144,0.025946474968119304,0.0,37.25567892478666,-36.93599185822467,1.504001836781292,0.0,17.794649979868538,-41.70846953206078,7.2708735001929945,0.0
65.76685588388598,-11.86443767623143,3.137054272068335,0.0,54.438735977758256,-8.372785950011401,1.3105994830938137,0.0,17.70290210670047,-4.166108882009865,1.8388971765167454,0.0,78.10262620915489,-40.05214406540856,0.11616532064397767,0.0,37.26119523427526,-36.92825415296452,1.4825415276489622,0.0,18.890566210954116,-41.57953991778602,6.943291738556644,0.0
65.81561398939537,-11.848978659809953,3.1404097834071116,0.0,54.46788378831614,-8.366758863109963,1.3223225296922223,0.0,17.722188724619542,-4.171336214797259,1.830404178145331,0.0,78.17993054809453,-40.05982227131397,0.20660620904483196,0.0,37.26969024248479,-36.923431051517014,1.4591173607917867,0.0,19.983696852367505,-41.422671526306985,6.609228342351125,0.0
65.85634274358316,-11.833811254960285,3.142209042626936,0.0,54.49597517112482,-8.360386907870195,1.332687421979113,0.0,17.738600863011268,-4.178599341271412,1.821535553280139,0.0,78.24436070425371,-40.057445942837724,0.29171688212847613,0.0,37.28265072852293,-36.922793820517136,1.4338893810992754,0.0,21.06739800136467,-41.23285460712482,6.272793421359051,0.0
65.88799956435264,-11.817229187675586,3.143245902220981,0.0,54.52383537669065,-8.354068827288351,1.342198219387834,0.0,17.75248328737443,-4.186892550229891,1.8122670742812552,0.0,78.2968233937167,-40.04601625867302,0.366489184772691,0.0,37.299936502370265,-36.926424831748385,1.4068775544697907,0.0,22.13485463282152,-41.006899534278844,5.939491671752686,0.0
65.91210351355457,-11.798562320960787,3.144296248183684,0.0,54.552363411975534,-8.348485355552533,1.3511716944695191,0.0,17.765259087327628,-4.194937758495337,1.8024847492999267,0.0,78.33705488562892,-40.02906343547728,0.4274951318675093,0.0,37.32012004648348,-36.93320939605307,1.3781298809385625,0.0,23.179550807000318,-40.744584749673166,5.615415673690913,0.0
65.93225799854315,-11.7783841444165,3.1458449937266586,0.0,54.58170602756001,-8.344524623813639,1.3593450920485264,0.0,17.779046309516332,-4.2013317931994845,1.7921810974645656,0.0,78.36468561120238,-40.01040190288149,0.473636000788618,0.0,37.341276986518764,-36.94113675010402,1.3478756899584585,0.0,24.194968875558796,-40.44898222220546,5.306403677543324,0.0
65.9530950332613,-11.758227585252168,3.1479162319894307,0.0,54.61072736574053,-8.34302946798157,1.3657387761816757,0.0,17.796025656913443,-4.204753102821515,1.7816263740798863,0.0,78.38036928244617,-39.9928306692139,0.5061387371413915,0.0,37.361840170029055,-36.94786879987788,1.3165462886375732,0.0,25.17400413489999,-40.126045810726225,5.017139184550693,0.0
65.9789708476824,-11.739976743689938,3.150227198797106,0.0,54.637090771951236,-8.34434038111937,1.3688765436595922,0.0,17.817754765055067,-4.204192722606345,1.771401937999622,0.0,78.38631363967603,-39.977845091042,0.5278118775521978,0.0,37.38114101298458,-36.951438303136364,1.2847053005134796,0.0,26.108788548736495,-39.78356553379483,4.750290519887853,0.0
66.01285517722384,-11.725139251649841,3.1527461676465816,0.0,54.65794689184061,-8.347799538275943,1.367300959844643,0.0,17.844598118734893,-4.199133184791612,1.762249513472078,0.0,78.38596909334211,-39.96602086266179,0.5420122747566367,0.0,37.39947006220077,-36.95088219239349,1.2530213018838712,0.0,26.99121734985716,-39.429691520339375,4.506012595192445,0.0
66.0558461316028,-11.714244360811252,3.1564997544675197,0.0,54.67089694691499,-8.351499636611743,1.3601830022963703,0.0,17.87545301707203,-4.189633601651435,1.754792317226439,0.0,78.38313010281418,-39.95758067788934,0.551839424922143,0.0,37.41773605509083,-36.946615747524696,1.2223686555300155,0.0,27.813874324816627,-39.07148653612444,4.2821948305818385,0.0
66.10755791355626,-11.706608315314924,3.1642962283820815,0.0,54.6748036237597,-8.35250357568444,1.3477728840396583,0.0,17.90794032194902,-4.1763692754032,1.7492452238721476,0.0,78.38095496015292,-39.952759245123595,0.5598136846412967,0.0,37.43694545240119,-36.94040354850937,1.1940322923707374,0.0,28.570767053525024,-38.714146268458826,4.075566956389768,0.0
66.16728377601142,-11.700556603991142,3.1810238835835065,0.0,54.670186124855434,-8.347576927846942,1.3314961133376855,0.0,17.939076408497968,-4.160704992192178,1.74523733405303,0.0,78.38133666867466,-39.95181821268895,0.567964500006175,0.0,37.45773036182787,-36.934904704013185,1.1698773113670633,0.0,29.257508504057018,-38.36135064811799,3.8832989688086528,0.0
66.23546535299435,-11.693924046863547,3.2133347631454416,0.0,54.65916877315926,-8.33427467656825,1.3136380304843698,0.0,17.966181755172663,-4.1447667390213345,1.7418463658278664,0.0,78.38480525521292,-39.95479449123635,0.5780539254771266,0.0,37.48006317155467,-36.93299280117483,1.1522010865053058,0.0,29.87107841407605,-38.01665532956859,3.7043923606237,0.0
66.31479452934754,-11.684455887368458,3.2687150507094973,0.0,54.645085553199294,-8.312054999731563,1.29671942744468,0.0,17.9876330849468,-4.131305633913314,1.7378785040613067,0.0,78.39088928522133,-39.96121800392066,0.5916517458799824,0.0,37.50316519914958,-36.9372499133117,1.142916348283407,0.0,30.409627484750068,-37.68518095406,3.540206758704004,0.0
66.41036651816322,-11.669766997900979,3.3540938258284267,0.0,54.631867161976295,-8.282972481020295,1.2827866957309375,0.0,18.003201025937486,-4.123138214521081,1.7323037270949229,0.0,78.39870716686569,-39.97005404377483,0.6099363337236525,0.0,37.52561455039698,-36.949789250237984,1.1422795841911757,0.0,30.872684114037586,-37.37453440076622,3.3938926520361328,0.0
66.52867061924461,-11.64678312888771,3.4742721391836735,0.0,54.62331678153947,-8.251509426460446,1.2728815102227191,0.0,18.013994282584587,-4.122211716596531,1.724648332516871,0.0,78.40751918937133,-39.979975450530894,0.633336965624677,0.0,37.54583307985041,-36.97192318126642,1.148441736322427,0.0,31.26170617196277,-37.09422112035952,3.269058751180914,0.0
66.67568489240811,-11.610954692414442,3.630566817175964,0.0,54.62237285392523,-8.223360623211462,1.266892509241739,0.0,18.022116401921625,-4.128722261574367,1.7151750251182083,0.0,78.41704118165295,-39.989826669932,0.6613000816821675,0.0,37.56285448472193,-37.003477296040344,1.1584079071384075,0.0,31.58057010032765,-36.853668844005625,3.1683268453525244,0.0
66.85475487982477,-11.555793291860141,3.8200840686367954,0.0,54.63049358093594,-8.203507083356337,1.2638297228377464,0.0,18.029972862474647,-4.140874711505471,1.7048367843002818,0.0,78.42745923308642,-39.99899976528304,0.6924006418706945,0.0,37.57674079521966,-37.04244576614413,1.1692124994847202,0.0,31.83560069978719,-36.659774592116534,3.092319207407492,0.0
67.06517809177711,-11.473245688005278,4.035921104725345,0.0,54.64734852984293,-8.194423547829635,1.2623658550705361,0.0,18.03913764075394,-4.1555920444234635,1.6951019437222925,0.0,78.4392180426445,-40.007523300508886,0.7247658900502625,0.0,37.58833161171271,-37.08535938780856,1.1784809678845019,0.0,32.03506100110937,-36.515038177552555,3.039263596327393,0.0
67.30236477364647,-11.355063338620049,4.268383677646764,0.0,54.670976552717306,-8.195311432883274,1.2613745158757812,0.0,18.04908906541524,-4.169887951425677,1.6877150028286394,0.0,78.45272071337276,-40.01586744377487,0.7565677850652008,0.0,37.598620110666594,-37.128018085276146,1.184586478208045,0.0,32.188329550989245,-36.41689452343353,3.0051287505227506,0.0
67.55994713537548,-11.194812591058728,4.507082297891104,0.0,54.698415910740984,-8.202691621486931,1.2602452318928918,0.0,18.056611432253597,-4.18214850382118,1.684384922259678,0.0,78.46806552334535,-40.02460186005312,0.7863603146351519,0.0,37.608176046644516,-37.166189532747715,1.1866684523011521,0.0,32.30506435868018,-36.35829177546858,2.984144019517835,0.0
67.83329968021833,-10.989737953551954,4.743568489703057,0.0,54.726608064872686,-8.211945919922647,1.2589170973686965,0.0,18.05661275129495,-4.192596111447711,1.6863969216604282,0.0,78.48490197052655,-40.034056927265844,0.8132197163952579,0.0,37.61687061041716,-37.1961638403289,1.184550635993883,0.0,32.39452411451311,-36.32921870160981,2.9695972692664796,0.0
68.12296340007904,-10.74157249695084,4.973956280970054,0.0,54.75325791667881,-8.219003450959391,1.2577108878505054,0.0,18.04437634569002,-4.202692996775121,1.6941994308747486,0.0,78.50246227685409,-40.044116632299584,0.83676600601828,0.0,37.62398024756996,-37.21526671766555,1.1785521032941801,0.0,32.46506167258835,-36.3187370226813,2.954815956713089,0.0
68.43596255223822,-10.455780016488102,5.20069868346652,0.0,54.777359699646524,-8.22147816314033,1.2570773322197084,0.0,18.01829628221552,-4.213837599594848,1.7070741816629873,0.0,78.51979454463762,-40.05424582904096,0.857119533358464,0.0,37.628617298134664,-37.22241797562903,1.1692616100446962,0.0,32.52374337830132,-36.31699957411843,2.934190251365914,0.0
68.78348918992012,-10.139578552688008,5.432490922502334,0.0,54.799223995536416,-8.218960151165032,1.2573505904464053,0.0,17.98157881662231,-4.22609874614588,1.7230733860387737,0.0,78.53614238339017,-40.063774635232974,0.8747916287068271,0.0,37.63030840178257,-37.21861171266599,1.1573839984898946,0.0,32.576079930185365,-36.31674565135881,2.904040762458168,0.0
69.17511355033044,-9.79993349951632,5.6815299023861705,0.0,54.82000960251088,-8.21257583312895,1.2585663499220612,0.0,17.94168532005284,-4.237749694186241,1.7394478319405735,0.0,78.55131607260319,-40.072328147383594,0.8905103433565387,0.0,37.62942213272247,-37.206993536575965,1.14369383843853,0.0,32.62590049773129,-36.3139377451067,2.86312277920314,0.0
69.61195562146823,-9.44277224764073,5.958358942482468,0.0,54.840950955907715,-8.204186237479075,1.2603925947521528,0.0,17.90749313750173,-4.245940274587925,1.7536036257037146,0.0,78.56587202481482,-40.08018532605793,0.9050106143136869,0.0,37.62716371596128,-37.19226375793545,1.1290251060816665,0.0,32.675396440601546,-36.307509224737146,2.8126244819969557,0.0
70.082705765847,-9.073703114911483,6.265966437242685,0.0,54.86262509392066,-8.195623602248705,1.262201346554951,0.0,17.885609901601754,-4.248138162815466,1.7641970734901768,0.0,78.58099458679513,-40.08835362208147,0.9188453681517146,0.0,37.62510258587671,-37.17947318495515,1.1142209326872834,0.0,32.72531507036953,-36.298482366664345,2.755653151316409,0.0
70.56566827691833,-8.699214002806933,6.59581120471287,0.0,54.88461044067628,-8.188224727315287,1.2632587653592093,0.0,17.877899357143463,-4.243457869389832,1.7716846859607394,0.0,78.59811240059446,-40.0982700964841,0.9322963117118572,0.0,37.624532915002845,-37.17263439163657,1.100075310221916,0.0,32.775254605920615,-36.288857410220366,2.6963636318429227,0.0
71.03703160217445,-8.326858974784443,6.928195165707928,0.0,54.90569573026053,-8.18272419660179,1.262948328171051,0.0,17.881528592145326,-4.233103974689469,1.7778751223287106,0.0,78.6184102780869,-40.11123454240277,0.945437533268489,0.0,37.626097657400045,-37.173653465318836,1.0873859860125066,0.0,32.82402477587771,-36.280639892892204,2.6389900201678085,0.0
71.48193046078316,-7.963850517331016,7.237689213053281,0.0,54.92450535038076,-8.179411626074943,1.2609223790466881,0.0,17.891293156430834,-4.219776626201193,1.784662543477534,0.0,78.64245146126295,-40.12783351380112,0.9583116527649835,0.0,37.62991517582522,-37.18188831008523,1.077180957251997,0.0,32.87006040489349,-36.27522631714662,2.5870330334898544,0.0
71.9029462432903,-7.614938993606374,7.5018064276039915,0.0,54.94020704202606,-8.178374403039417,1.2571312692217447,0.0,17.90267443168343,-4.206507209783693,1.792651554097338,0.0,78.67006489973697,-40.1476231996217,0.9711022824810911,0.0,37.63603724945124,-37.19444859851183,1.0709021087332786,0.0,32.911862420242485,-36.27319293026569,2.5427438769665383,0.0
72.32186342793622,-7.28106848946905,7.709310663236167,0.0,54.9529663995079,-8.17966391362344,1.251761433592721,0.0,17.913795879952676,-4.195619868399528,1.8004534976695137,0.0,78.70050421837455,-40.169208622200706,0.9842144443307781,0.0,37.64453514971715,-37.20747248978964,1.0697552154183292,0.0,32.948393041836134,-36.27439920455749,2.5069270903455525,0.0
72.77390279541238,-6.9596545033943915,7.864781353789862,0.0,54.963970920052496,-8.183320403582973,1.2451523292236786,0.0,17.925312130142323,-4.188314499687401,1.8050624248709006,0.0,78.73274408669906,-40.19068408629957,0.9982566919330189,0.0,37.65472319339955,-37.2182543941785,1.072933767347605,0.0,32.97932254944459,-36.27826179423237,2.4790414867005044,0.0
73.29703670993192,-6.646322380782594,7.988060806495799,0.0,54.97504503373569,-8.189287577002297,1.2377380001307348,0.0,17.938689134409582,-4.184897489686219,1.8031816808978895,0.0,78.76574033432347,-40.21026998493945,1.013944855576673,0.0,37.66499554356315,-37.226264337704784,1.0773653050171745,0.0,33.00506178732477,-36.28406691051536,2.4575697660486426,0.0
73.92063899523075,-6.337437627110216,8.109349478497267,0.0,54.98801471409208,-8.197270199161853,1.23000602280716,0.0,17.95426187458456,-4.185182384435464,1.793037076587913,0.0,78.7985563576715,-40.22692057640497,1.0319161978770826,0.0,37.673946156242756,-37.23231074490611,1.0797714785262418,0.0,33.02659786009038,-36.291229724089746,2.4405710706158708,0.0
74.65734494400706,-6.032717014821498,8.261765199766051,0.0,55.004029478139486,-8.206560009827955,1.2224374250002654,0.0,17.970253949595804,-4.188381972742847,1.7762876067375757,0.0,78.83037574052662,-40.24068647574624,1.0524490948981793,0.0,37.68103864290135,-37.23769013576368,1.0780710793766008,0.0,33.04521369102194,-36.299444018541934,2.4262549099188018,0.0
75.50033429602195,-5.737183369397893,8.473285244063494,0.0,55.02304764005713,-8.215866667700118,1.2154202060562564,0.0,17.982999747491476,-4.192182847317933,1.7598621948728628,0.0,78.86048910676543,-40.25269346985359,1.0751580369671316,0.0,37.68650052508548,-37.24376481296834,1.071627819048743,0.0,33.06218547549369,-36.30868880850822,2.4134020662331768,0.0
76.42626987897353,-5.461653033951205,8.759887610772903,0.0,55.0436706431749,-8.223267708124892,1.2091833018715867,0.0,17.98786872489467,-4.191452031668348,1.7573914552919572,0.0,78.88832385143836,-40.264734042412044,1.0988074492930817,0.0,37.69100754960917,-37.25159598080591,1.0611299399712788,0.0,33.07853744329708,-36.31909199381878,2.401507597389461,0.0
77.40243779481247,-5.221200370253068,9.121619197795637,0.0,55.063453265603826,-8.22644223895252,1.2038047752658034,0.0,17.980420964761787,-4.177561478750978,1.7893210710892937,0.0,78.91350960668359,-40.27861983168381,1.1213998047003777,0.0,37.69542095012008,-37.26160099208365,1.048353915392692,0.0,33.09490510116076,-36.33070743673028,2.3905986404486157,0.0
78.39549711862261,-5.031810927479275,9.542788971850422,0.0,55.0796758224435,-8.223268804543784,1.1992940397956353,0.0,17.9578912739433,-4.1391814512825436,1.8804019160032777,0.0,78.93591591254336,-40.29554661430609,1.1406263209163647,0.0,37.70065951521673,-37.27334699023971,1.0358461256467706,0.0,33.111513589809284,-36.34331169584991,2.380806052324921,0.0
79.3789228661964,-4.906301538132319,9.996232563766153,0.0,55.09035777212843,-8.212652608661884,1.195687429328128,0.0,17.92137670136472,-4.064691697392186,2.0537229389031513,0.0,78.95561696595988,-40.31572033819872,1.1546080901371596,0.0,37.707670138166435,-37.285601277915276,1.0264853718256397,0.0,33.12823645361075,-36.356319988567705,2.371933110236876,0.0
80.33693347023508,-4.850952226519482,10.450146491686647,0.0,55.09511867693015,-8.195230492371714,1.1930752133445903,0.0,17.878405536765428,-3.945486611691021,2.3219966006427786,0.0,78.97280745733191,-40.33837613602042,1.1626411954433156,0.0,37.716674412791626,-37.2973024476786,1.0220028761893385,0.0,33.14470039135949,-36.36885331843406,2.3633099970178435,0.0
81.2642149481018,-4.863981373564778,10.87515268529371,0.0,55.09547912585347,-8.173554070910285,1.1915120001575765,0.0,17.84431750822193,-3.778787207379092,2.6790198260606797,0.0,78.98773552375893,-40.36214842130495,1.165545024775323,0.0,37.724208125320814,-37.3105008413487,1.0190004319387658,0.0,33.16043835565969,-36.37991589471786,2.3540155436115136,0.0
82.16243476157683,-4.936267338990495,11.249356088100525,0.0,55.09440573382812,-8.151559791639661,1.1908491961020058,0.0,17.840606031737124,-3.5685085199431033,3.095941784718189,0.0,79.00069007822509,-40.385607512386855,1.1653554674663464,0.0,37.72611431676529,-37.32820571480544,1.0137318683599617,0.0,33.175094783986005,-36.38861369396993,2.3432627436673172,0.0
83.03562910261418,-5.053978090300767,11.560087840706698,0.0,55.095265571028364,-8.133498729562785,1.1906150051353297,0.0,17.890029976807185,-3.3235591114037017,3.526420218706127,0.0,79.01201929642603,-40.407734992017005,1.164470331420402,0.0,37.73210113832702,-37.34205560439305,1.018187477341149,0.0,33.18862252876886,-36.394354293648924,2.3306753633941817,0.0
83.88658449360005,-5.202318619298087,11.802421682566777,0.0,55.10066177180632,-8.122772028049468,1.190060612091532,0.0,18.010680843996305,-3.054339794084594,3.9209870706800736,0.0,79.02213729136895,-40.42817482770042,1.1646908566597816,0.0,37.736056838200355,-37.35711872826865,1.0234316638275835,0.0,33.20136194307126,-36.396983208208894,2.3163353295401663,0.0
84.71545374385924,-5.369461250792311,11.975790326902125,0.0,55.111674172265495,-8.12111994089377,1.1883707869660451,0.0,18.21187164824352,-2.7691033715055227,4.245646341966691,0.0,79.03151031347824,-40.44722071514821,1.1666547145414068,0.0,37.73888734176258,-37.3723337298382,1.0287740433568189,0.0,33.21393424448234,-36.39682427570742,2.3006529229036,0.0
85.52064891734173,-5.549704140882591,12.080538931708805,0.0,55.12778804130541,-8.128386755574834,1.1849150828810533,0.0,18.493071614337694,-2.4715711294645146,4.496622209941968,0.0,79.04064914201722,-40.46561396999003,1.1698968913019545,0.0,37.74148317254801,-37.3862963132254,1.0335820197865502,0.0,33.22698812172945,-36.39460996220131,2.2841781940771444,0.0
86.3011101771895,-5.7450006950999075,12.115891156005532,0.0,55.14742346937328,-8.142812403542514,1.1794091147291326,0.0,18.845181466526725,-2.1604315038833395,4.704532812950999,0.0,79.05012869369409,-40.484280768739644,1.1734064125525379,0.0,37.744279864276805,-37.39774618836559,1.0375039159021444,0.0,33.24093038683754,-36.39131266147462,2.2674360473543747,0.0
87.05861785126541,-5.9644116582646465,12.079844660416999,0.0,55.16871501841095,-8.161626715391439,1.1719466893554866,0.0,19.25309499355159,-1.830965496313107,4.925906717766702,0.0,79.0606145997757,-40.50411430279779,1.1763121210971583,0.0,37.74711656712694,-37.406018322567434,1.040596093465922,0.0,33.255786022822946,-36.38791327953169,2.2507962993365265,0.0
87.79890759878043,-6.221727667481417,11.97046304378901,0.0,55.19015658324557,-8.181692150714499,1.162946118455153,0.0,19.699156572294008,-1.478738074586893,5.225148864896349,0.0,79.07283191245934,-40.525832824448685,1.1783453823629966,0.0,37.74951390886213,-37.41114056586902,1.043270326941883,0.0,33.27125842051507,-36.38516271236267,2.234361356499093,0.0
88.53085648534817,-6.532105080969615,11.787431186929865,0.0,55.2108790910583,-8.200030665492207,1.1530669198032069,0.0,20.16720309939734,-1.104277360848286,5.653622293222094,0.0,79.08740569270549,-40.54988966953229,1.1799168077040392,0.0,37.75127394758117,-37.41343898510587,1.0460282136078067,0.0,33.28694497643509,-36.383400164664714,2.2178943806548137,0.0
89.26372827014877,-6.908672939990996,11.532873080930292,0.0,55.230564566021656,-8.214193316034507,1.1431175634136927,0.0,20.646141409744516,-0.7163579321328477,6.233233603661019,0.0,79.10456722235556,-40.57642486716515,1.1818410000571529,0.0,37.75311069013025,-37.4128584766618,1.0490659526423833,0.0,33.3025854328141,-36.38248656102786,2.2008453433419053,0.0
90.00318169694027,-7.359686505110179,11.21111765231576,0.0,55.24920098937345,-8.222497024761378,1.1339390775686162,0.0,21.13166847161807,-0.3314386010506336,6.949872117376645,0.0,79.12383657744834,-40.60528815611129,1.1848628178015144,0.0,37.75693888633582,-37.40849821108037,1.0519714704764507,0.0,33.318219580789076,-36.38188929934136,2.182483452290562,0.0
90.74739583861819,-7.886313711233196,10.827850614480523,0.0,55.2669273025802,-8.224152235790104,1.126248337303581,0.0,21.625641993833618,0.031210109849586942,7.758440192946543,0.0,79.14389616781627,-40.63615681894075,1.1891930818289467,0.0,37.76553471271045,-37.398874924568545,1.0538034599533574,0.0,33.334181036517975,-36.38090955329202,2.1620768542737085,0.0
91.48514916542915,-8.481085530140813,10.389447229028919,0.0,55.284074078327556,-8.219291615173868,1.1204628860409471,0.0,22.134068523608853,0.35627400208112014,8.597162349845917,0.0,79.16288020023117,-40.668721638530435,1.1942488700506306,0.0,37.78153754420509,-37.38312660653919,1.0537644104040034,0.0,33.3509237472614,-36.378979612933236,2.1390740925764735,0.0
92.19742534288086,-9.127501605891972,9.90306643339094,0.0,55.3012864509925,-8.208911659663622,1.1165672915230065,0.0,22.665223403410366,0.6372615338284664,9.405434816547054,0.0,79.1791746552984,-40.70287567773845,1.198699768174734,0.0,37.80609816925979,-37.362909687631436,1.0524440282304202,0.0,33.36875869709227,-36.37591042840825,2.1132985497858847,0.0
92.86256831284219,-9.801555076615266,9.377493047909109,0.0,55.319496242610725,-8.194742962908887,1.1140760512529173,0.0,23.22858337583499,0.8770967499349656,10.138396688237432,0.0,79.19257468354505,-40.73882830280201,1.2007937775331516,0.0,37.83772709688844,-37.34433429004981,1.053290384780901,0.0,33.38763814647913,-36.37197961369725,2.085170157095355,0.0
93.46290182292104,-10.475320482083877,8.824123521177803,0.0,55.33960146822365,-8.179054272126468,1.1121059355102112,0.0,23.834153950273784,1.0849567402708722,10.773664943179543,0.0,79.20537826951762,-40.7770684734829,1.1988389573762053,0.0,37.871930419551866,-37.33908243557847,1.0637185666025122,0.0,33.40711536250636,-36.36782187099295,2.0558894939957995,0.0
93.98980252916772,-11.121610374129427,8.257235216826883,0.0,55.361978484815204,-8.16435635975106,1.1095337725093284,0.0,24.491576310854864,1.271718026661592,11.309739654554562,0.0,79.22284288778376,-40.81814204782745,1.1916664245811752,0.0,37.90204901108156,-37.36393695916542,1.095234559508599,0.0,33.42652636231967,-36.36418224590505,2.027392037933648,0.0
94.44527423418947,-11.718163244308254,7.692949581641363,0.0,55.38617974865895,-8.152933105067664,1.1052098680939544,0.0,25.208946300152995,1.4462163656478246,11.758778896194098,0.0,79.2525129442875,-40.862314511584174,1.1789091597814085,0.0,37.92141504644003,-37.43833832210953,1.162167348249886,0.0,33.44533099269371,-36.36166829070664,2.0018203738009106,0.0
94.84010777382653,-12.250345240681169,7.146974800237059,0.0,55.41109581185019,-8.146204525460243,1.0982003337402801,0.0,25.99171601697488,1.6132893622467606,12.13753915699477,0.0,79.30227675337949,-40.909300217378004,1.161021021525194,0.0,37.92652126088793,-37.580273974940894,1.2789734875361543,0.0,33.463446982259654,-36.360635812079984,1.9805463638300882,0.0
95.19015422370518,-12.712318659143953,6.631813580756527,0.0,55.435478660379914,-8.144167361249043,1.0880048162133988,0.0,26.84201534064794,1.7734862230447526,12.459731929833588,0.0,79.37756152169021,-40.958231847203706,1.1390939923530965,0.0,37.920341188824935,-37.80164761118237,1.4564952343723725,0.0,33.481365643816524,-36.36123958372416,1.963421990084285,0.0
95.51241005440087,-13.107173824836186,6.154278624063998,0.0,55.458404720030565,-8.145339659298912,1.0746645610577694,0.0,27.758492652828647,1.9238706928921072,12.731706574280427,0.0,79.47864810455468,-41.00789621446969,1.1146087425206428,0.0,37.914405404942066,-38.10489057808603,1.6980187951040975,0.0,33.499967973428156,-36.36356791934035,1.948982753126387,0.0
95.82194868580136,-13.446304826716457,5.713992120918546,0.0,55.47936947968374,-8.147444725992631,1.058717464489252,0.0,28.736648756655313,2.059341976678672,12.951834414054247,0.0,79.5993931468702,-41.057100524182246,1.0892088678472067,0.0,37.96245560105971,-38.45643684425001,2.0130055064675005,0.0,33.52017984046576,-36.36777251755097,1.935321014416692,0.0
96.13001666529559,-13.747728804423485,5.3033584213477365,0.0,55.49814179658596,-8.148553182197267,1.0410670662051835,0.0,29.769628708076183,2.1740228699014725,13.112708285189331,0.0,79.72832110209873,-41.104989647717304,1.0644774914825597,0.0,38.0417035298811,-38.877613015055786,2.364707082942706,0.0,33.542641116976725,-36.374131775108935,1.9208071113591565,0.0
96.44320837659315,-14.032837463204288,4.909366762771231,0.0,55.514785026332184,-8.148022161963032,1.02288475573242,0.0,30.84936518501501,2.262364536921501,13.20463397625813,0.0,79.85196735796406,-41.15120587049244,1.0416558896132209,0.0,38.18103119836183,-39.345483787632745,2.726419957728316,0.0,33.56746769126526,-36.38298904960149,1.904359029054289,0.0
96.76346760627567,-14.321625323688906,4.517327061822147,0.0,55.530098265384574,-8.146719128019594,1.0055624354729567,0.0,31.967796014914867,2.3197531938229545,13.21893174763823,0.0,79.95905862524043,-41.19586737186293,1.021336765364703,0.0,38.39987463891022,-39.843734297557475,3.0728891342941385,0.0,33.5941572502719,-36.394563067686065,1.885461848536261,0.0
97.0886398194943,-14.627431537818419,4.116036154857525,0.0,55.54629452844262,-8.146573288637683,0.9905528319729395,0.0,33.11778718892188,2.3426282629480415,13.150069719276502,0.0,80.04360803212366,-41.23938849515224,1.0032791873228764,0.0,38.7082375644598,-40.36231938863997,3.3823634824330444,0.0,33.62169805610501,-36.40872491231027,1.864159485600256,0.0
97.41338566914844,-14.952912482210419,3.7029654842548965,0.0,55.56731260065596,-8.149929875390605,0.978899502630636,0.0,34.293535073323625,2.328319297959924,12.99632355644593,0.0,80.10572751938851,-41.28220813969459,0.9864944084485288,0.0,39.108511411755266,-40.89605611357965,3.6398212929744442,0.0,33.6488861359152,-36.42487511530744,1.8410705204444024,0.0
97.73034867006731,-15.288849351607082,3.2873940021749206,0.0,55.598039792480364,-8.159086401751086,0.970533177127086,0.0,35.4904852373086,2.274814889055339,12.759266755387952,0.0,80.1502722522295,-41.32455067667745,0.9696373850365152,0.0,39.59750501836719,-41.44260034396819,3.8369720193901884,0.0,33.67474847147502,-36.441999560582374,1.8173501559601952,0.0
98.03143854839104,-15.61654671885544,2.8896625530818536,0.0,55.64219616374961,-8.175939777305308,0.9638289610057793,0.0,36.70490897062518,2.180521752726227,12.442784527152032,0.0,80.18434223154124,-41.36635021837867,0.9515738026049156,0.0,40.1685813343259,-42.000325290271476,3.970538560650801,0.0,33.698883178488465,-36.4588900576667,1.7944758125131113,0.0
98.30902391335984,-15.913312210920754,2.5360925193028017,0.0,55.69966980783401,-8.201449957359051,0.95600151882166,0.0,37.93311540010131,2.043989960972146,12.052368104366344,0.0,80.21479216045581,-41.407355816173165,0.9318582180454253,0.0,40.81353052761067,-42.56680389641837,4.040344669659373,0.0,33.72152440323196,-36.474450023277704,1.7737909262951224,0.0
98.55686244142882,-16.159235393925957,2.2510521862986597,0.0,55.764941788025325,-8.234913095127032,0.9443999162085763,0.0,39.170085916072715,1.863701502016399,11.595149248833732,0.0,80.24649906604301,-41.447268397513966,0.9108859637745912,0.0,41.52411493269445,-43.13799959029232,4.0480790628557966,0.0,33.74325353395669,-36.48797062649862,1.7559659994269552,0.0
98.77070097257123,-16.342802258831227,2.0491637498899404,0.0,55.82794172885075,-8.273488405869722,0.9280410477834256,0.0,40.40747756403399,1.6381593234090523,11.080567543708888,0.0,80.28162967827468,-41.48571289619578,0.8897045914803439,0.0,42.29324735136466,-43.70782886242142,3.996813103703218,0.0,33.76449282342682,-36.499249642493595,1.740774073890039,0.0
98.94852500202352,-16.46332776136768,1.9308141406995372,0.0,55.87724234664293,-8.312507946956522,0.9084491956140379,0.0,41.63156068904253,1.3663956348880983,10.521019425437093,0.0,80.31979904548312,-41.52199557508625,0.8696830901675003,0.0,43.11562607359558,-44.26779194537313,3.890960076792549,0.0,33.785084298867325,-36.50849726075359,1.727386561686334,0.0
99.09044543205204,-16.529658821616657,1.8827254691656368,0.0,55.90404658432727,-8.346671254032914,0.8892531877240355,0.0,42.82230230639841,1.0486708630514752,9.931740599934464,0.0,80.35884860352289,-41.55480373460557,0.8522257725184801,0.0,43.98763801581294,-44.806775126572525,3.7364550284045412,0.0,33.804204054789594,-36.516117807084775,1.7149152561252539,0.0
99.1983049947605,-16.55624401745253,1.8830306448929566,0.0,55.90502168861751,-8.371640556183213,0.8747008123082072,0.0,43.95476935244277,0.686925482245778,9.329720752894778,0.0,80.39590945246371,-41.582082675934174,0.8385551158948381,0.0,44.906558857139345,-45.311442807744214,3.5411580553993325,0.0,33.820640084566044,-36.52251248797888,1.7028256743432753,0.0
99.27523924621534,-16.558547507466297,1.908361202204766,0.0,55.88284355164738,-8.385310587024476,0.8678388041097147,0.0,45.00304259173497,0.28476934558844214,8.732258719848481,0.0,80.42841190083384,-41.60123682905841,0.8295108689599999,0.0,45.869345268052605,-45.767524178418356,3.315477184432585,0.0,33.83325384071598,-36.52797070869297,1.6910842647390236,0.0
99.32542068127383,-16.54955649254525,1.9399503319887774,0.0,55.84462576658427,-8.388271824767681,0.8692761601523067,0.0,45.945493934400254,-0.15271371446971038,8.156049790719685,0.0,80.45477742759617,-41.60965583147811,0.8254022258553491,0.0,46.87143202669572,-46.16188644251782,3.0729260240783534,0.0,33.8413713367561,-36.532629899873186,1.6800767127742553,0.0
99.35394561185511,-16.53813395913199,1.9667808041667616,0.0,55.79929537065119,-8.383403714237417,0.87711365846733,0.0,46.76950833410514,-0.618826006622287,7.617051625478352,0.0,80.474682657777,-41.605437683527995,0.8260480730906359,0.0,47.90591872120405,-46.484916206403774,2.830058791377825,0.0,33.844936473568275,-36.53647235812774,1.6704077060758031,0.0
99.36653536943142,-16.528915991999263,1.985508788504788,0.0,55.755059007899405,-8.37481648702041,0.8879731876309105,0.0,47.473930810327296,-1.104614889000466,7.130379887528413,0.0,80.48894311965628,-41.588070675633,0.8310546859891375,0.0,48.96342360844389,-46.73257512118295,2.6052979362196265,0.0,33.84443096506551,-36.53935826401979,1.6627237294473556,0.0
99.36878296072192,-16.522974578330636,1.998203665367308,0.0,55.717704427922826,-8.366504978469422,0.8984876078591295,0.0,48.068423220988805,-1.5982382881650672,6.709204913892226,0.0,80.49914116784747,-41.55878768378665,0.8401503161640722,0.0,50.03267477446738,-46.907502864747144,2.416624721499071,0.0,33.840687444567045,-36.54109836717962,1.6576584664435874,0.0
99.3651135347822,-16.518688687550323,2.00933665883756,0.0,55.690019105140166,-8.36116613848113,0.906461818883809,0.0,48.57006002731504,-2.0851708059295833,6.362435876252077,0.0,80.50712341814969,-41.52041086157529,0.8533017624953043,0.0,51.101622206961956,-47.018653962294955,2.2786245025799055,0.0,33.83471740182395,-36.541546826438,1.655863769640117,0.0
99.3580397741814,-16.51276973801955,2.0231370031731775,0.0,55.6721939648269,-8.359603799116517,0.9112462294830177,0.0,48.998486777548635,-2.549730288109463,6.092141272137205,0.0,80.51449809417755,-41.476729811709575,0.8705180843793485,0.0,52.15867300852371,-47.079267149781884,2.1996556720437432,0.0,33.82758091376253,-36.54069225348602,1.6579266981146663,0.0
99.3482486829954,-16.501616963372065,2.0419297198380377,0.0,55.66276775680814,-8.360914591564047,0.9133914916609474,0.0,49.37142294575588,-2.97769720070988,5.892095466896263,0.0,80.52227769718077,-41.43163171778511,0.8914715250867573,0.0,53.19372492133533,-47.10355350664002,2.179916366341647,0.0,33.82025927103964,-36.53874262939619,1.6639955902435872,0.0
99.33551813921108,-16.482902714894365,2.0656505708501154,0.0,55.65958772186649,-8.363288545429791,0.9139896655119308,0.0,49.70196218436247,-3.3592801329693014,5.7482452924740794,0.0,80.53076927904534,-41.38824715817966,0.9151273407043874,0.0,54.19888616595261,-47.10311672598539,2.211013358007394,0.0,33.81354480102048,-36.53617534284239,1.6733292503250556,0.0
99.31986515262614,-16.45679777192582,2.092367178047681,0.0,55.660442693377036,-8.364987281302557,0.9140875712248402,0.0,49.99819643325284,-3.691554852298098,5.640883446308116,0.0,80.53971727170214,-41.34836333301832,0.9395763718746206,0.0,55.168888706712714,-47.08433655313174,2.2772983159224793,0.0,33.808036260015875,-36.53368536573874,1.6843041681516695,0.0
99.30222520682948,-16.42614903011985,2.1193252895419015,0.0,55.66331846849494,-8.365068517972972,0.9143360232858662,0.0,50.2647051870482,-3.97963701660652,5.547708535466908,0.0,80.5486094542797,-41.31231469343228,0.962270876004391,0.0,56.10119424504557,-47.04755120767996,2.358748990262008,0.0,33.804244556574915,-36.532027972894994,1.6949777673508475,0.0
99.28443107531723,-16.395477442299097,2.1439637086748444,0.0,55.666447206483355,-8.363659740497688,0.9148691759050713,0.0,50.50485459354161,-4.236099345194901,5.446995507870339,0.0,80.55698946105741,-41.279423229901305,0.9807101861643073,0.0,56.99578713996291,-46.98810785853264,2.4347231602714263,0.0,33.80268473127301,-36.531835753642014,1.7037046176765571,0.0
99.26878343414985,-16.369381034107427,2.1645545093152005,0.0,55.66838531945518,-8.36180143856528,0.9153733446322185,0.0,50.72275310192404,-4.478495477313972,5.320456776058558,0.0,80.56462211226443,-41.248817881448716,0.9932825303214692,0.0,57.85467759985848,-46.89867046588457,2.4876773247905177,0.0,33.80385115742311,-36.53346868731466,1.7094172535059204,0.0
99.25760559838338,-16.351148948195124,2.180411772201712,0.0,55.66827593940825,-8.360944204436752,0.9153010143154692,0.0,50.92401190797636,-4.725308364992061,5.155602411070776,0.0,80.57147252336142,-41.220246327454554,0.9997597623791172,0.0,58.68117543167533,-46.771897181030944,2.505926874417195,0.0,33.80807378389247,-36.5369190358799,1.7115938685497412,0.0
99.2529211474124,-16.342062993263657,2.19177084879564,0.0,55.66628661206139,-8.36221786069833,0.9141463938368162,0.0,51.115041288737096,-4.99114690190347,4.947359641533742,0.0,80.57760134304432,-41.19448859522197,1.0011478109600453,0.0,59.47907603401218,-46.602700041837764,2.484725984254178,0.0,33.81532787547246,-36.54179776525724,1.7100931565940076,0.0
99.25616488938353,-16.341410338107252,2.1994759127431998,0.0,55.664023751466374,-8.365717417373915,0.9116743967719962,0.0,51.30133455822093,-5.282442053954268,4.698566234596791,0.0,80.58310477340413,-41.17320708015217,0.9990295228090762,0.0,60.251996598737435,-46.38953953381785,2.425422977667459,0.0,33.82509946820683,-36.54742179894087,1.7049930661393713,0.0
99.26783316717066,-16.346981834587083,2.2046078096704154,0.0,55.66460600269072,-8.370148642146429,0.90802683515086,0.0,51.48575910404487,-5.595041153644313,4.419012382642796,0.0,80.58813870715507,-41.158323577646584,0.9947751426776943,0.0,61.00306588068753,-46.134455639231604,2.333125578468927,0.0,33.83638549512518,-36.55297714393997,1.6964931792256088,0.0
99.28713240251909,-16.35580787335202,2.208169573512361,0.0,55.6721226133427,-8.373070984957474,0.9036945522626816,0.0,51.66791078037611,-5.914755422688703,4.12313372992951,0.0,80.59298025372605,-41.151172983029,0.9889788935411534,0.0,61.73494690669119,-45.84188022721466,2.213881367961779,0.0,33.847844333332326,-36.557692344593804,1.684888968102202,0.0
99.31185852523113,-16.364961990593763,2.2109157511210835,0.0,55.69043729108626,-8.37170379459768,0.8993974340065058,0.0,51.84496370864122,-6.221003032218485,3.8270497937489427,0.0,80.59805656133291,-41.15178585615982,0.9813819734930966,0.0,62.4499086996621,-45.5167363522081,2.0725000335005586,0.0,33.858057482083325,-36.56096625774871,1.6706072415987432,0.0
99.33878926500223,-16.37230032330561,2.2133439379302207,0.0,55.721661065689595,-8.363990364373254,0.8959190980214746,0.0,52.013538237976746,-6.492463671748752,3.5458915118458005,0.0,80.60389068457856,-41.158669663621446,0.9713285313732687,0.0,63.14958369161964,-45.16266342515368,1.911743435519961,0.0,33.865846259011164,-36.562446004281085,1.6542886768647982,0.0
99.3646558855195,-16.376938210676805,2.2157658458157954,0.0,55.76492260646335,-8.34947481703611,0.8939069123060595,0.0,52.17157220362506,-6.712776683726801,3.2919785373665515,0.0,80.6109729716194,-41.16926507244118,0.9584716457888725,0.0,63.834245402518704,-44.78115578627125,1.7329564327630678,0.0,33.87058184754694,-36.562085126063884,1.6368745797698008,0.0
99.38733869330818,-16.379219732102285,2.2183103475650086,0.0,55.81603857578171,-8.32963588855388,0.8936297507482323,0.0,52.319360102242825,-6.874383552291823,3.073756638985433,0.0,80.6196372740425,-41.18088707559609,0.9432844146004538,0.0,64.50180727610218,-44.37201981959858,1.5376636340272292,0.0,33.87239798939059,-36.56018486651886,1.6195972796086036,0.0
99.40662693799577,-16.380106874454004,2.220776534622754,0.0,55.86828275889048,-8.307625461147563,0.894726991731865,0.0,52.45952331439218,-6.979542422304672,2.895141210647898,0.0,80.63002329574239,-41.191688038424296,0.9271174924631307,0.0,65.14705332427879,-43.935090557306296,1.3293836506211338,0.0,33.872193734869676,-36.55736572915619,1.6037719949936804,0.0
99.42400365098338,-16.38026969343997,2.2224387750389045,0.0,55.91400840563305,-8.287631507760954,0.8960549977239012,0.0,52.59610221347827,-7.038622821794963,2.755189695741999,0.0,80.64212946854869,-41.20119788213983,0.9118588578286051,0.0,65.76167822289855,-43.472713808823656,1.1148850995611728,0.0,33.87136905669586,-36.55441275226982,1.5904116519076936,0.0
99.44146748465931,-16.37944046071634,2.222051112040056,0.0,55.94668041067106,-8.274083354511653,0.8957757227486542,0.0,52.733012554762766,-7.066502855540232,2.6484006587011955,0.0,80.6558881186301,-41.21024675696218,0.8994113784906972,0.0,66.33548082295749,-42.99205971952274,0.9042817009607251,0.0,33.87137408778392,-36.55202038871334,1.5798514815580855,0.0
99.46005799070466,-16.376564661458513,2.218255762312271,0.0,55.96278978939052,-8.270754758112037,0.8917782495909723,0.0,52.87215373085905,-7.078257348074434,2.5659649318590567,0.0,80.67119235467166,-41.22037288728379,0.8911947549486676,0.0,66.85858591025907,-42.50604096577846,0.7097573633054353,0.0,33.8732744299662,-36.55056734195358,1.5716132785060584,0.0
99.47900035333328,-16.37084320382868,2.2103663433907705,0.0,55.962979957930884,-8.279807160208307,0.8823639749927477,0.0,53.011824339956824,-7.085480790630292,2.497921572803399,0.0,80.68786727251509,-41.23299920935355,0.8877926191229317,0.0,67.3240545144494,-42.031888787518724,0.5432815268187241,0.0,33.87752621352187,-36.550070510061225,1.5646044388717133,0.0
99.49596750602213,-16.36307735597302,2.1991908625767866,0.0,55.95177447980981,-8.300999938441688,0.8669432751556716,0.0,53.14643836249196,-7.094401210030811,2.4356617822686157,0.0,80.70563441276471,-41.248688239862666,0.8887643421121805,0.0,67.7299785293872,-41.587485579314034,0.4141584773169491,0.0,33.88401221601962,-36.55035911215862,1.5575418219176402,0.0
99.50821443019692,-16.356320818295625,2.1873760343773156,0.0,55.935886638444146,-8.331408071431806,0.8464392669600898,0.0,53.2681617857103,-7.106230952187862,2.373929313650237,0.0,80.72410397189654,-41.26674119649983,0.8926159215338316,0.0,68.08034330641868,-41.18683014142446,0.32731371956712074,0.0,33.892236289334306,-36.551354320168656,1.5493765074226484,0.0
99.51389360678249,-16.35519026983043,2.1788956807987017,0.0,55.92189493269278,-8.36585262758843,0.8232279459037564,0.0,53.36996956017626,-7.119195272005611,2.3115925102579755,0.0,80.74278051038009,-41.28532142231114,0.8969980883515749,0.0,68.38444699544333,-40.836604031921766,0.28281270408776393,0.0,33.90152953071615,-36.55326401708716,1.5395456567588433,0.0
99.51294177907863,-16.364088248364066,2.1777798224686027,0.0,55.914350689627,-8.398002193916554,0.8006453147187873,0.0,53.448594263330165,-7.130986021306358,2.2509467087496517,0.0,80.76106312550631,-41.302074886290306,0.8992234717601928,0.0,68.65511490148621,-40.53529200938684,0.27655947457915,0.0,33.91119333570789,-36.55655809908907,1.528016173909549,0.0
99.50728275465161,-16.38528398590021,2.1866492153441985,0.0,55.91493934598087,-8.42190888591076,0.7822254646050322,0.0,53.505776047208116,-7.140445222446527,2.195908818800099,0.0,80.77826004164137,-41.31493636459231,0.8970418243109428,0.0,68.90613797720964,-40.275081983910596,0.3017706117729553,0.0,33.92059525892986,-36.5617221066847,1.515176749516371,0.0
99.50038981285918,-16.417760102400592,2.205672521997256,0.0,55.92266077588701,-8.433559415464757,0.7708718366905831,0.0,53.547198704282145,-7.147962804887801,2.1499169603147195,0.0,80.79366127017997,-41.322687263332384,0.8894018892090862,0.0,69.14942514429859,-40.0455963998654,0.3507435803464727,0.0,33.92925597137453,-36.56891041561525,1.5016374198426856,0.0
99.4963775109537,-16.457175601494896,2.2322389064676784,0.0,55.934645276686055,-8.431867836156385,0.7681500130968413,0.0,53.57978467852666,-7.154847116551556,2.1144081329215805,0.0,80.80668951602955,-41.32501711484154,0.8768808603335998,0.0,69.39245181208722,-39.83797757192049,0.4165506397077188,0.0,33.9369239668374,-36.577679876740675,1.4879738414568138,0.0
99.4988592441375,-16.496809378888635,2.261390835659114,0.0,55.9472374889182,-8.41867434997585,0.7738762042021605,0.0,53.60879146103386,-7.162339873030789,2.088367547480699,0.0,80.81708977685918,-41.32218891545184,0.8616133542495312,0.0,69.63662559088044,-39.64808816298827,0.49446549951117014,0.0,33.943597857331326,-36.586958756339214,1.4744659835438654,0.0
99.50990846189868,-16.529191084079326,2.2870500200084862,0.0,55.957113848399885,-8.397822684736195,0.7861497522295728,0.0,53.63608194464847,-7.170898635320971,2.0688935793091563,0.0,80.82506280012315,-41.31464582464854,0.8467585398080129,0.0,69.87700372614117,-39.47821546821655,0.5830271929265791,0.0,33.94946932671824,-36.59530368472771,1.4609215069398882,0.0
99.52947214178951,-16.54805043712183,2.3039114055595675,0.0,55.96223545175374,-8.373858264024534,0.8018598015191252,0.0,53.660239563063556,-7.180049014788586,2.052355789559593,0.0,80.83125073985074,-41.30287459123389,0.8356778950362518,0.0,70.10344527441006,-39.33710676669086,0.6845702026065048,0.0,33.95480775303797,-36.601366951793345,1.4466974639650658,0.0
99.55541316314479,-16.5500434040076,2.3093821643974426,0.0,55.96240392580204,-8.350911949516064,0.8175029636521529,0.0,53.67826273052931,-7.188758244798514,2.0356356182346307,0.0,80.83656300578998,-41.28760507950742,0.8310320167899867,0.0,70.30298378715553,-39.238185638742294,0.8048994719325986,0.0,33.95984426824399,-36.60440324703854,1.4309856832194008,0.0
99.58415437768406,-16.535657119105995,2.3046002601668594,0.0,55.959258380615644,-8.332010353476239,0.830035402630779,0.0,53.68782301442972,-7.196052133760119,2.0170128987316254,0.0,80.84193353477896,-41.27015469776481,0.8339968361452801,0.0,70.46302680660733,-39.195764487948885,0.9518147765325136,0.0,33.96470701319599,-36.604624953633135,1.4132885506788497,0.0
99.61176503581633,-16.508961154842936,2.293925355972524,0.0,55.955757129850866,-8.31876609000967,0.8375259286866967,0.0,53.68888668577617,-7.201542247487134,1.996430034151306,0.0,80.84814161976827,-41.25260115370371,0.8438045166194676,0.0,70.57481700088351,-39.2194724882642,1.132519955600996,0.0,33.96942449806988,-36.60325352521161,1.3938616963961081,0.0
99.63517915560101,-16.4763301772762,2.2831599053836964,0.0,55.955357980243214,-8.311333460640789,0.8394892816915132,0.0,53.68397780783819,-7.2056309028691485,1.9751298685844496,0.0,80.8557672147972,-41.23753919211387,0.8578105609672235,0.0,70.63640919097247,-39.308018499519406,1.350435074313646,0.0,33.97399255638789,-36.602188145177074,1.3738740645466354,0.0
99.65308198367646,-16.44462381907855,2.2774279110170763,0.0,55.96112942402027,-8.308576055772985,0.8368675327210013,0.0,53.677164294421296,-7.209345568609296,1.954926219140816,0.0,80.86523685188756,-41.22738461421257,0.8721824935804818,0.0,70.65438141401245,-39.444412917545066,1.6022832031681187,0.0,33.97848462517234,-36.60334186145229,1.3551540626868235,0.0
99.66607289582977,-16.41941922619641,2.2796722562863607,0.0,55.97496495667173,-8.308439153462722,0.8316856240696531,0.0,53.67245173992728,-7.213926197398197,1.9374624684713524,0.0,80.87684863625235,-41.22344636719463,0.8830584610761338,0.0,70.64364936158235,-39.5952847629857,1.8764601995242636,0.0,33.98307842091259,-36.60790808947814,1.339465156690574,0.0
99.67608719160968,-16.40379089639666,2.290243066152456,0.0,55.99703946927119,-8.308503762784168,0.8264551998770102,0.0,53.67239328839325,-7.2203677788474625,1.9237105755578394,0.0,80.89070601511413,-41.22519220395134,0.8877644632475441,0.0,70.62492624763807,-39.716200255220514,2.1537585985415824,0.0,33.987705030229,-36.6160095785198,1.3272426331877476,0.0
99.68543202999223,-16.39790369771938,2.3074440142386727,0.0,56.02563150636142,-8.306652011158205,0.8234477291465065,0.0,53.67746511651881,-7.229080130203466,1.9137938421597624,0.0,80.90659815818653,-41.23014258776446,0.885611030483453,0.0,70.61976631423752,-39.76249960697295,2.411235668984949,0.0,33.991369052438735,-36.62696180042027,1.3163576726839636,0.0
99.69583914277636,-16.399376189751024,2.3285276510913295,0.0,56.0573706112229,-8.301724700390274,0.8240101844953749,0.0,53.68635538947378,-7.239725679939731,1.9071018967063011,0.0,80.92393198398678,-41.234558325653865,0.8779708497307226,0.0,70.64433308333477,-39.70218992943012,2.6286284890975047,0.0,33.991072168371005,-36.64026637981068,1.3010309324715674,0.0
99.70774636543345,-16.4041015717406,2.3506027010971167,0.0,56.087850326822775,-8.294000033899241,0.8281338422266078,0.0,53.69693983422173,-7.251231750504717,1.9026086120221475,0.0,80.9417881582105,-41.2346652946742,0.8676346327823996,0.0,70.70457914953818,-39.52606787775812,2.79459530104422,0.0,33.98646993024521,-36.65401385212949,1.2813110575008526,0.0
99.71990861292173,-16.4071499560999,2.371153392703773,0.0,56.11245472744628,-8.285291857239972,0.8344498674469847,0.0,53.707478656428876,-7.2619793507850545,1.8992667832191135,0.0,80.95909245824124,-41.22787101783307,0.8577116260669602,0.0,70.79560507706312,-39.25126741227271,2.9093303102184116,0.0,33.99071220430044,-36.65995564536423,1.2759810900937385,0.0
99.72948690060754,-16.403550133326824,2.3882036303842007,0.0,56.127247945595805,-8.278523281913893,0.8406887380752437,0.0,53.71753323737701,-7.270176486598094,1.8963415021880845,0.0,80.9748497375261,-41.21346596003848,0.8505210443929254,0.0,70.90568594334225,-38.91665437869122,2.982168753460531,0.0,33.99486675331363,-36.66251939633391,1.2709142792814934,0.0
99.73278990475366,-16.389029101912747,2.4003919301079435,0.0,56.12983669076149,-8.276794712082474,0.8444666132616234,0.0,53.72824598918095,-7.274354811615092,1.893579175763529,0.0,80.98838814795539,-41.19260350735113,0.8469386992891277,0.0,71.02242427366758,-38.57125013985174,3.026158848642172,0.0,33.998838080712396,-36.662590290483294,1.266444703331155,0.0
99.7267010320428,-16.36096218574032,2.407196335532314,0.0,56.12013537338081,-8.282163226079398,0.8441426591934071,0.0,53.741868451078496,-7.273818515917984,1.8911793375973716,0.0,80.99955666183259,-41.16769071503249,0.8464449920786503,0.0,71.1373927835993,-38.259952714488314,3.0531373916620304,0.0,34.00241516737598,-36.661738404786504,1.2627959046415906,0.0
99.71051569470059,-16.319631095410987,2.409260580840348,0.0,56.100888289862255,-8.294511946545798,0.8394684932791758,0.0,53.760685104035836,-7.268852548308484,1.8896006545727104,0.0,81.00879670689535,-41.14151207762663,0.8477506142754283,0.0,71.24736207209922,-38.01229265074182,3.071355666978546,0.0,34.00545802065667,-36.66156063534211,1.2599015252935484,0.0
99.68751455773146,-16.269367995839463,2.408463487578487,0.0,56.07768340655662,-8.310973975993587,0.8318162041464419,0.0,53.78572138947331,-7.260628240524054,1.8892710131994974,0.0,81.0170127336168,-41.11641797240996,0.8496054213309172,0.0,71.35281641431187,-37.837969451480184,3.0852089560098026,0.0,34.008046947050424,-36.66316402929192,1.257390216546673,0.0
99.66529209606328,-16.218653915129334,2.4074045673561155,0.0,56.058169480593634,-8.326307230049796,0.823910291023763,0.0,53.815789114361195,-7.250917804694202,1.890301361212682,0.0,81.0252421940421,-41.093814102175514,0.8513954241760597,0.0,71.45558820686468,-37.729101296969596,3.095735843457083,0.0,34.010505152098204,-36.666930199601495,1.254744560445575,0.0
99.65403609433743,-16.178343218603075,2.4084396688929157,0.0,56.0504003701458,-8.334298750575858,0.8191670196733103,0.0,53.84738550979369,-7.2417769711276945,1.8923277959257359,0.0,81.03424607209381,-41.07406097781039,0.8533306245022505,0.0,71.55692858825637,-37.666628003541625,3.1013063735059774,0.0,34.01327888788897,-36.672535669363086,1.2515544053675516,0.0
99.66293561611128,-16.158168313519862,2.412842478735241,0.0,56.06064607768047,-8.329773545186804,0.8208679264755006,0.0,53.87561837491452,-7.235259463738941,1.8945839873822763,0.0,81.04420362791218,-41.05675364452512,0.8562376761921531,0.0,71.65645313587413,-37.627923954427054,3.0986510932963096,0.0,34.016730867476824,-36.67911856511945,1.2477471206419946,0.0
99.69626499615157,-16.162980304811757,2.420566711232656,0.0,56.09137677689725,-8.310406674317239,0.8313741176184859,0.0,53.89581394246733,-7.233122161732666,1.8962038222653153,0.0,81.05464070416906,-41.04121514880894,0.8610976456155317,0.0,71.75193515121641,-37.59328423992116,3.084266543478881,0.0,34.02093413249497,-36.68549358028484,1.243693311245151,0.0
99.75126777039998,-16.190676689223597,2.4305776150757747,0.0,56.14017722849477,-8.27762047494733,0.8514753017576968,0.0,53.905133880633926,-7.236470058226828,1.8966226357795666,0.0,81.06460671054184,-41.02695603703431,0.8685271395949705,0.0,71.83980939258298,-37.549820317696955,3.055756927030073,0.0,34.02555046061557,-36.6903800125216,1.2401373950664532,0.0
99.81899462157224,-16.232859552861026,2.4414234835874353,0.0,56.200053618379215,-8.236363562689476,0.8799294244963658,0.0,53.903590094748076,-7.245367738814455,1.8958835192498853,0.0,81.07301742445388,-41.013877064500015,0.8784214494672185,0.0,71.9161967396983,-37.4923851441289,3.0125766601023454,0.0,34.029857822541636,-36.692657811789765,1.2379718842481076,0.0
99.88742889812336,-16.277636433771484,2.451819207331747,0.0,56.26111928996232,-8.194073474032443,0.9133680680909286,0.0,53.89414393158954,-7.258554466934936,1.8947009838449826,0.0,81.07901267095262,-41.00211068707658,0.8899406350900083,0.0,71.97812653603597,-37.422192919804644,2.9560454919127306,0.0,34.03295155227478,-36.69165663083257,1.2379447807911301,0.0
99.94507156221734,-16.312952184217476,2.4611469218730395,0.0,56.31317050103141,-8.15919122076938,0.9468936326769839,0.0,53.881854818829446,-7.2734784914865,1.8942392653429465,0.0,81.08213899441314,-40.99155695746264,0.9018937375538876,0.0,72.02451693915876,-37.34432747163775,2.8889525190551435,0.0,34.03408077246472,-36.687413235862785,1.240422311500506,0.0
99.98343282005538,-16.329096610015338,2.469726896644513,0.0,56.34837453724516,-8.13925220057877,0.9756466469009766,0.0,53.872259265274046,-7.286822867102193,1.8956675232059865,0.0,81.08220296046845,-40.98131932971612,0.9133892001087993,0.0,72.05655030647574,-37.265211945857125,2.8151176571152643,0.0,34.03301139586419,-36.68076681204894,1.2452894246294086,0.0
99.99803469367487,-16.320052026444802,2.4786760653288606,0.0,56.36334501340237,-8.13829042887334,0.9972585229842164,0.0,53.86941503626284,-7.295470533100943,1.8996402505480994,0.0,81.07881617040543,-40.9693304165493,0.9244586044676577,0.0,72.07738163827679,-37.190660421253654,2.7389650889569612,0.0,34.0302558096185,-36.673181408015424,1.2519894121303814,0.0
99.98847641129166,-16.28411918272196,2.4893520776539777,0.0,56.36017584403525,-8.153556034560165,1.0145461760406036,0.0,53.8743081573272,-7.297544604203999,1.905913497506818,0.0,81.07094361143696,-40.9524431283009,0.9363271034998419,0.0,72.09141617007538,-37.124719776885165,2.66490732868472,0.0,34.02702108979726,-36.666303192936105,1.259658954574725,0.0
99.95824826301703,-16.224265004014534,2.502672761043611,0.0,56.34627714280234,-8.172442520875645,1.0373605522821165,0.0,53.88435954849598,-7.293006230595129,1.913313560235892,0.0,81.05697758263102,-40.92716086722527,0.9511305148977343,0.0,72.10338713864573,-37.06927389285008,2.5965618744799155,0.0,34.02484318997825,-36.661405369421196,1.2673256077059314,0.0
99.91445880047391,-16.148091947218276,2.5187200240923975,0.0,56.33306996089081,-8.171480940515405,1.0825388983158764,0.0,53.89438589264719,-7.283475881661749,1.9201710661713811,0.0,81.035747879663,-40.89101305059921,0.9710885188171794,0.0,72.11731396093587,-37.02424129297958,2.536238008810047,0.0,34.02505202995328,-36.65895640659691,1.2741419576082418,0.0
99.86706061897047,-16.066860427714325,2.536848093470031,0.0,56.333907099707545,-8.119258927315244,1.1715937881894778,0.0,53.89867682321488,-7.271374739301822,1.925101276144522,0.0,81.00839086795226,-40.84436008947529,0.9973365321353675,0.0,72.135593651765,-36.988068896303304,2.484944238747122,0.0,34.0283190056282,-36.658509308076496,1.279594880033665,0.0
99.82709295352015,-15.993153491157852,2.556199686597161,0.0,56.36185934745625,-7.983556132302697,1.3267191604150508,0.0,53.89325971727787,-7.2588636601696725,1.9277473426161134,0.0,80.98035539182804,-40.79215894128669,1.0287607924916937,0.0,72.15868587303635,-36.95823898238944,2.442657189836197,0.0,34.034486165033584,-36.65895024803268,1.2835923244655287,0.0
99.80406444478987,-15.937583888089677,2.5763327401506935,0.0,56.42790394327684,-7.740618548532363,1.5661675725137503,0.0,53.87734323988012,-7.247128613617968,1.929026523362598,0.0,80.96240448489694,-40.7450141461219,1.061262045279614,0.0,72.18554813290918,-36.931728260481925,2.408601257316633,0.0,34.04272045856817,-36.6589588938908,1.2863612151356136,0.0
99.80339988387937,-15.905762534340665,2.597608469491675,0.0,56.5396491900314,-7.3830257568372675,1.8998572082822491,0.0,53.85341796322698,-7.236300862579098,1.9306798258117546,0.0,80.96959447728763,-40.718830227389276,1.0878533847887244,0.0,72.21450156286906,-36.90553044514788,2.3815363654318027,0.0,34.05189087871155,-36.65745422902669,1.2881950560077513,0.0
99.82508265386485,-15.89680642382958,2.621075451473681,0.0,56.70052004679552,-6.922947989253945,2.3258777033093185,0.0,53.82618737020525,-7.225916827441283,1.934373379185148,0.0,81.01791345956944,-40.73266685396733,1.0998168147718914,0.0,72.244044646504,-36.87728295386074,2.360040835512347,0.0,34.06099021761245,-36.65386210417298,1.2891959634432464,0.0
99.86403901180834,-15.90394534841022,2.647856241689242,0.0,56.909574511175336,-6.389309663979599,2.828923973426688,0.0,53.800951856466725,-7.2155641296375,1.9408802794033093,0.0,81.11928498129636,-40.8048540743185,1.0887650386827286,0.0,72.27327647076478,-36.845841010930265,2.342670993713634,0.0,34.069427825513706,-36.64815779436868,1.289171282347258,0.0
99.91203131795906,-15.916957681404986,2.67838387827285,0.0,57.16245908547199,-5.819782789888233,3.381999678803414,0.0,53.78209951732516,-7.205336071119599,1.9497830121256339,0.0,81.27661528718474,-40.94787160812007,1.0489359372634457,0.0,72.30186051137797,-36.811540387661466,2.327953144148866,0.0,34.07710037980805,-36.640725137057466,1.287748726280192,0.0
99.96033272600694,-15.925599750936662,2.7119536896343526,0.0,57.45375603538113,-5.250874910966711,3.9517912824436134,0.0,53.7721204048779,-7.195886881048418,1.9597910544753478,0.0,81.48107702846073,-41.16309609244257,0.9786179187904622,0.0,72.32969854322671,-36.775980492093325,2.3143640924272404,0.0,34.084270513862954,-36.63211955464747,1.28463668351168,0.0
100.00221090253632,-15.922808875832953,2.746834957899109,0.0,57.77999254022244,-4.710224290716018,4.505973583848944,0.0,53.771285534053725,-7.188124150031793,1.9694227079089686,0.0,81.71343312882343,-41.43757687919791,0.8797346064083182,0.0,72.35657741402524,-36.74137061239443,2.3005246088234284,0.0,34.091375149239276,-36.622837917858185,1.279871170487242,0.0
100.03430394557063,-15.906435740485163,2.7808274785191482,0.0,58.14177661589374,-4.21362194039094,5.019322639203126,0.0,53.77793503520853,-7.182754023802438,1.9776467959182948,0.0,81.9496840097939,-41.745902612867184,0.7557824066498,0.0,72.3820008875278,-36.70967017344547,2.2856224010803903,0.0,34.0988712184258,-36.61318491836793,1.2739098170774898,0.0
100.0564919415036,-15.878903193615956,2.8119395474138766,0.0,58.543838562005675,-3.766470656564948,5.476418141679033,0.0,53.78920274289088,-7.1799271613340805,1.9841695798479844,0.0,82.16917507331007,-42.0591138811131,0.6100677816366264,0.0,72.40530182321983,-36.68184448876181,2.269786795368727,0.0,34.10712635646205,-36.60328438696563,1.2675383660369128,0.0
100.07059617359862,-15.845205593686773,2.8389066794715045,0.0,58.992945414831915,-3.3675761079212236,5.87097454800853,0.0,53.80193642110523,-7.179140080526845,1.9892986372275558,0.0,82.36178193205062,-42.35860808972616,0.4466112583119912,0.0,72.425976415851,-36.657565263884074,2.254102020273276,0.0,34.11631423055019,-36.5932266035815,1.2616600538856027,0.0
100.0786801602501,-15.810362726292086,2.861448103262047,0.0,59.49471790954926,-3.0130731805280018,6.203428226132963,0.0,53.81355083237558,-7.179405552425354,1.9935537627748783,0.0,82.53098570376709,-42.64867326453649,0.2738518960074341,0.0,72.44403835784671,-36.635592386626776,2.240204207686638,0.0,34.126348579021766,-36.58328700484685,1.2570668956403583,0.0
100.0817174787018,-15.77745323005363,2.880315493223952,0.0,60.05074281354576,-2.699122983177098,6.4785146713749,0.0,53.82259469004828,-7.1795914244338075,1.997290719778162,0.0,82.69149230164284,-42.96073702994174,0.10841567579491596,0.0,72.46016170585374,-36.614816348587986,2.229665956090937,0.0,34.136952190673114,-36.57411699854809,1.2542661747136652,0.0
100.0791021931013,-15.746830879183214,2.8972465547848074,0.0,60.65711178455545,-2.4229505160460754,6.703736273518223,0.0,53.828918119379054,-7.178789137208518,2.0005321852355973,0.0,82.86244193482823,-43.34629432693034,-0.024046328432950403,0.0,72.47550698194445,-36.59556547667936,2.2234307263808493,0.0,34.14786623270089,-36.56680489078489,1.2534196444085275,0.0
100.06910476668511,-15.716509042506013,2.914878851429089,0.0,61.30489549108927,-2.182534998292981,6.888696321169949,0.0,53.83345528743585,-7.176607511141098,2.0030389009124754,0.0,83.05903872354644,-43.86066781943596,-0.09178918957156412,0.0,72.49131844242702,-36.58051119511852,2.2214644818065583,0.0,34.159049491112036,-36.56273300973146,1.2544352475692566,0.0
100.05003835496385,-15.683340466976789,2.936540472377377,0.0,61.98233146228002,-1.975701420282574,7.044779652682638,0.0,53.83774588099258,-7.173330995717837,2.0045153445010264,0.0,83.28598662892868,-44.54319495396938,-0.06292793051670209,0.0,72.50849802711984,-36.574565530804584,2.222685190117815,0.0,34.17068988191605,-36.56321493767296,1.2571775181525897,0.0
100.0216635522961,-15.644545754418314,2.965735179485611,0.0,62.677911183659404,-1.79939774229379,7.18464965499139,0.0,53.84337949721272,-7.169891765767015,2.004802229931986,0.0,83.53544727742398,-45.40052209950103,0.08629592244135509,0.0,72.52732895092021,-36.583572724688686,2.2251911323542135,0.0,34.18299382847612,-36.56898371485094,1.2616658264700877,0.0
99.98624294720612,-15.599143998468508,3.0052418999249166,0.0,63.38327528492633,-1.6496192551075488,7.321254578828357,0.0,53.85153595430049,-7.167624482303642,2.003958682940617,0.0,83.79072813813147,-46.39944181219044,0.36201478754615124,0.0,72.54740847288369,-36.61213142133637,2.226788588719419,0.0,34.19590636176785,-36.57970008069146,1.2681121493740921,0.0
99.94869775723029,-15.548802775586694,3.0560556941397223,0.0,64.09492832155998,-1.5219692947847125,7.466283653442738,0.0,53.86271797059608,-7.167854066705975,2.0022183809790075,0.0,84.03481191382609,-47.47380743607785,0.7455087160652347,0.0,72.56778008099302,-36.66127482776149,2.2257189996382536,0.0,34.20899539070819,-36.593717504958605,1.27674689875872,0.0
99.91562191530203,-15.497696729741083,3.116666766046661,0.0,64.814232211176,-1.4124848770725684,7.6282744879297395,0.0,53.87668536843199,-7.171462362814159,1.9998629172497822,0.0,84.26041786839048,-48.544330054612665,1.1939179242748015,0.0,72.58724679682489,-36.72685750199987,2.2213251359621307,0.0,34.221636113354066,-36.608320002553626,1.2875219275780356,0.0
99.89347283142966,-15.451318210996153,3.183136361529394,0.0,65.54580216993384,-1.3182884355213673,7.810844235409395,0.0,53.89256122567231,-7.17859161651905,1.9970851869206747,0.0,84.47686652828213,-49.542183223551646,1.6516395579433851,0.0,72.60480890682655,-36.799382837261476,2.2143370889646885,0.0,34.233414489368165,-36.62049005075342,1.299869977742265,0.0
99.8867592772103,-15.414694365074212,3.250062586649486,0.0,66.29504272761203,-1.2378423850583484,8.01164082748529,0.0,53.909084267644246,-7.188572010068828,1.9939203658889841,0.0,84.71029611789622,-50.424877836558906,2.067600943570673,0.0,72.62007082957355,-36.86567684152398,2.206618150579361,0.0,34.244494931851285,-36.62798472697962,1.312682733532073,0.0
99.89704058249609,-15.390757716672711,3.3120707741860027,0.0,67.06579862403022,-1.1708526060690936,8.222441251602955,0.0,53.92497033302315,-7.200092263247463,1.9902873769610103,0.0,84.99722658423342,-51.179091351636295,2.4092022247031437,0.0,72.63340941686124,-36.912207562968625,2.2005040213515485,0.0,34.25570626528871,-36.63024265569419,1.3245497099140895,0.0
99.92298742091157,-15.379481462601843,3.3651974723711575,0.0,67.85886863581085,-1.1179526524082437,8.430450424264414,0.0,53.93929743386982,-7.211587046153914,1.9861177371561052,0.0,85.37444725261477,-51.81331895686628,2.6669756424919413,0.0,72.64580274135643,-36.929057678559666,2.198063407704332,0.0,34.26828305540136,-36.62863183874591,1.3341578010146513,0.0
99.96109967972211,-15.377977168852011,3.407613778771802,0.0,68.67168404987233,-1.0802394820317076,8.620508057948959,0.0,53.951789304967456,-7.221741335713684,1.9815022504911486,0.0,85.86908897494285,-52.346544590341544,2.8504035193388777,0.0,72.65843550208399,-36.9130321208676,2.200547289555093,0.0,34.28340949349017,-36.62586652182854,1.340686734827619,0.0
100.00644814603068,-15.38134697168196,3.4395001542573826,0.0,69.4990538053308,-1.0587400624010872,8.777707991799073,0.0,53.96289045488724,-7.229920693124963,1.9767859798638199,0.0,86.49197074911535,-52.79798900294877,2.9790907156384634,0.0,72.67233180969606,-36.86859881446833,2.2080874424373356,0.0,34.30180521444521,-36.62488122021507,1.344065121189976,0.0
100.05312143302969,-15.383878603884334,3.4623156439981173,0.0,70.33460293270447,-1.0539972599133431,8.88985149719516,0.0,53.973599323139524,-7.236317911060462,1.9725625086051437,0.0,87.23585967723936,-53.18068430476564,3.073668115856673,0.0,72.68818774688779,-36.80628155579358,2.2196047310185225,0.0,34.323540757133145,-36.62773325724002,1.3450095361656977,0.0
100.09461240394371,-15.380234008621091,3.477933923968262,0.0,71.1723946464404,-1.0659908786443175,8.949183514956204,0.0,53.985111155831476,-7.241713185599181,1.969544356722265,0.0,88.07868532625865,-53.49969666251881,3.1493058659896,0.0,72.70637183045666,-36.73922299911671,2.23295852448798,0.0,34.34814155686872,-36.635041798373685,1.3448195872066453,0.0
100.12468994793923,-15.366511587975404,3.48804247552291,0.0,72.00825793228807,-1.0944660271640814,8.953031199634776,0.0,53.998375438420254,-7.246934899898228,1.968333432290752,0.0,88.99029933265389,-53.75425598169241,3.2130132006339505,0.0,72.72695018491862,-36.67934165665239,2.245412755430463,0.0,34.37490562225639,-36.64614036037101,1.3449708898073744,0.0
100.13902509112094,-15.341197247852023,3.4939474243118607,0.0,72.84049722595202,-1.139541672568578,8.903263404211796,0.0,54.013689771739635,-7.252279602026964,1.9691744270632299,0.0,89.94041955906498,-53.941865521225814,3.2644336433098715,0.0,72.74967375025028,-36.63449646065636,2.2543500401775773,0.0,34.403266946073224,-36.659741009592274,1.3466341702633038,0.0
100.13704814187521,-15.305857531387385,3.4966962101505956,0.0,73.6698317136875,-1.2023612235170944,8.804822273236905,0.0,54.030455934782296,-7.257192664324584,1.9718008307469912,0.0,90.90527179887297,-54.062089419114194,3.2987597006063716,0.0,72.77399417137642,-36.607424769588,2.2579574710689894,0.0,34.433019932434256,-36.674690798187484,1.350292339318072,0.0
100.12282494707787,-15.2651232610417,3.4973216095748167,0.0,74.49855476697137,-1.2855477798263042,8.663813790565715,0.0,54.04720843397729,-7.2603809929471605,1.9754550259219457,0.0,91.87117020753338,-54.118364398159095,3.309978013592808,0.0,72.79917229935721,-36.59639964274771,2.2555866003730074,0.0,34.46430275310695,-36.69044262138563,1.3555849263795388,0.0
100.10394706861503,-15.225527570130279,3.497017395544381,0.0,75.32907400743183,-1.393278340491129,8.485692759175691,0.0,54.06195486343057,-7.2603067728813935,1.9790998063136591,0.0,92.83448932070041,-54.117424056579914,3.2930826385769887,0.0,72.82443925135365,-36.59700739457296,2.247694110922435,0.0,34.497382209449405,-36.707104323229785,1.3614093559779352,0.0
100.08864311740516,-15.193342010989408,3.4971243303521256,0.0,76.16223058767737,-1.5308645810075205,8.273947865611833,0.0,54.0727498660742,-7.255839982311021,1.9817624390039015,0.0,93.79864078813634,-54.067061033282336,3.2448613539060425,0.0,72.84912165909249,-36.60426094833041,2.2355033663428028,0.0,34.53238791049,-36.725179599404015,1.3662218678698057,0.0
100.08259489017969,-15.17230587100237,3.4988769289083166,0.0,76.99600084171877,-1.7038628664389748,8.029489858456602,0.0,54.07833029853981,-7.246800995583853,1.98288049628286,0.0,94.76942515430126,-53.97352513091568,3.1637169213729273,0.0,72.8726958381711,-36.61431395040147,2.220612225326537,0.0,34.56913872973796,-36.74519628467837,1.3684478448343178,0.0
100.08716227524417,-15.162377770633368,3.502962295687908,0.0,77.82514782929776,-1.9169435791254124,7.750794880926868,0.0,54.0786147264987,-7.2341784322599585,1.982489892408692,0.0,95.75041907572458,-53.83977243397755,3.0492634770935325,0.0,72.89480528377132,-36.625265717718705,2.204692794455898,0.0,34.607118010761795,-36.767341608034876,1.3669126973813963,0.0
100.09976008097527,-15.160110588409555,3.5091180656413687,0.0,78.64201927400563,-2.172901957060745,7.4347894434841395,0.0,54.074900272147445,-7.219923956805324,1.9811559768486493,0.0,96.73992062310958,-53.665231315411745,2.902227804597807,0.0,72.9152896868107,-36.63693126111303,2.189287268788096,0.0,34.645566069880005,-36.79114954839898,1.361212146757799,0.0
100.11586572675087,-15.160383009323393,3.5160924612789604,0.0,79.43815798249096,-2.472111083733852,7.0783980484230735,0.0,54.06965772652921,-7.206391835956075,1.9796810508231353,0.0,97.73038912751683,-53.44705921571327,2.724870993343881,0.0,72.93423662130299,-36.649879479438084,2.175627529725288,0.0,34.68362509161,-36.81531285031827,1.3519599755354719,0.0
100.13145812356552,-15.158622298574098,3.522088692058814,0.0,80.20604535597215,-2.812423329583112,6.680516668323074,0.0,54.06593701382147,-7.195648750521838,1.9787366880428916,0.0,98.71033133835581,-53.18230972221277,2.5218722705568464,0.0,72.95202136575942,-36.66432237572531,2.164454444367827,0.0,34.72049894519039,-36.837761862010396,1.3408848709702337,0.0
100.14479862259218,-15.152582774107973,3.5254484704528526,0.0,80.94035441921042,-3.1892914148969904,6.243954387905064,0.0,54.06652652248821,-7.18891449116858,1.9785927893898645,0.0,99.66757240831336,-52.870166486092295,2.3012757432142816,0.0,72.96928396765277,-36.67943037701203,2.155918153258849,0.0,34.75564513370027,-36.85614877595367,1.3307663931497817,0.0
100.15700546269159,-15.143052330649878,3.525174313728,0.0,81.63843288937572,-3.5959201482878083,5.776746756341216,0.0,54.073113791126545,-7.186278466386729,1.979053714854265,0.0,100.59238606654853,-52.513456138467305,2.0747781899978257,0.0,72.98682220244396,-36.69336136101166,2.1496661323601423,0.0,34.78904749150536,-36.86875805326639,1.3251917537501319,0.0
100.17140612695684,-15.133291485446627,3.5210642282443665,0.0,82.30006503284149,-4.023475534521449,5.292325017556433,0.0,54.08574141837461,-7.186696838746012,1.9796154289886356,0.0,101.47930261322493,-52.118942643929365,1.8566782556978279,0.0,73.00543178956285,-36.703888741024386,2.1451220859002724,0.0,34.821587359197665,-36.87568121641306,1.328135289297383,0.0
100.19199126583821,-15.127439964293824,3.5135104524786165,0.0,82.92671697087081,-4.4615172058644195,4.808338431757977,0.0,54.102804445433236,-7.1882270821217915,1.9797639420880664,0.0,102.32722640225235,-51.696305244958644,1.6613678685190276,0.0,73.02575186539316,-36.709238713072224,2.141821152224969,0.0,34.85541902196327,-36.87993212149321,1.3434844928815393,0.0
100.22150107792832,-15.128506731759707,3.5031743756084346,0.0,83.52053515191498,-4.898784539176472,4.3443471666426605,0.0,54.121651419408636,-7.188467663076983,1.9792705794267995,0.0,103.13821918840553,-51.25611058616359,1.5000384767231605,0.0,73.04815510482327,-36.708736141285115,2.139620771827767,0.0,34.89408407224092,-36.888106758580065,1.3748491511734198,0.0
100.25983647121674,-15.136784724918428,3.490739718180631,0.0,84.08340885658635,-5.324326955728632,3.9189402294455293,0.0,54.13957763865257,-7.185151066258903,1.9783347303808938,0.0,103.91566123324358,-50.807404127591546,1.3778012963770436,0.0,73.07268960478179,-36.703037132059464,2.1386851311177786,0.0,34.941988719331896,-36.910238183242896,1.4261567791207996,0.0
100.30353006667266,-15.149447436956667,3.4768280667819784,0.0,84.61635746705657,-5.728807967568817,3.546935156815614,0.0,54.15479483047421,-7.176775616417265,1.977494819424539,0.0,104.662507122823,-50.35565773882505,1.2923288193834903,0.0,73.09906489085222,-36.69392418678341,2.139275417416666,0.0,35.00300069962162,-36.95866332779187,1.503460197271032,0.0
100.34673261890644,-15.16161630541702,3.462036818249718,0.0,85.11935513418705,-6.105705645517473,3.2371808624130294,0.0,54.16696956840492,-7.163107790992308,1.9773454621454736,0.0,105.38012121820518,-49.90168787684437,1.2344566794317284,0.0,73.12667136829715,-36.68376620918611,2.141471103699889,0.0,35.07836644314046,-37.04598632498143,1.6179163040344706,0.0
100.38347783623695,-15.168464059682728,3.446978641439033,0.0,85.59156661049016,-6.4521363601509565,2.991274867821609,0.0,54.17714656723859,-7.145388710838814,1.9782038190869304,0.0,106.06785531704898,-49.44187614618194,1.1903826767547905,0.0,73.154618927777,-36.67480798113255,2.1449602335584466,0.0,35.16474355657411,-37.18251652023543,1.7890443848828692,0.0
100.41018883938669,-15.16731603483833,3.432169320985544,0.0,86.03186910538987,-6.76908641480356,2.8033841276017135,0.0,54.18717575221776,-7.126149612783407,1.9799045952106695,0.0,106.7232751201491,-48.969668525257795,1.144648382811262,0.0,73.18178662475931,-36.668483773871316,2.148997129577495,0.0,35.253573276623676,-37.37373071167456,2.046401071137354,0.0
100.42711098012897,-15.15866715436475,3.4176986741919197,0.0,86.43943884339966,-7.060869775638541,2.6613060443935472,0.0,54.198961586746705,-7.108662340409974,1.9818414827398794,0.0,107.34281920212446,-48.47795386137032,1.0831078054388978,0.0,73.20689999848591,-36.66495864685598,2.152559055651615,0.0,35.33293734899533,-37.6182441400786,2.427303135861707,0.0
100.4379390783752,-15.145637859003042,3.402870829928929,0.0,86.814152441864,-7.333733201459253,2.5487720608794833,0.0,54.21384829943217,-7.096171025134704,1.983233468155868,0.0,107.92263575808279,-47.96162464141835,0.9953238900276808,0.0,73.22867582856657,-36.66307113327904,2.1546473270987505,0.0,35.39215962347718,-37.90657964728918,2.9688932893670863,0.0
100.44793489422999,-15.132230572449568,3.386215623091468,0.0,87.15668699619269,-7.593826640632709,2.448708473127918,0.0,54.23229471912413,-7.091108143152927,1.9834609462678916,0.0,108.45933426545747,-47.419543635212705,0.8760304288196519,0.0,73.24606830068423,-36.660753830157034,2.154614856820965,0.0,35.42771376272987,-38.221058693792465,3.695007966012394,0.0
100.4615422327421,-15.121282299064191,3.3661401656489875,0.0,87.46842498455175,-7.845128624203974,2.3468170568606217,0.0,54.25382381710327,-7.094478682607359,1.9822882678542637,0.0,108.9504477282202,-46.85531693879707,0.7254550394646504,0.0,73.25861065133844,-36.655844409935135,2.1523994092282646,0.0,35.44726397665573,-38.53757054444044,4.601512062033312,0.0
100.48057205998518,-15.11304191149518,3.3419966679300916,0.0,87.75137369659585,-8.08807831599269,2.234575849950584,0.0,54.27717122437088,-7.105552674779851,1.9798857202928097,0.0,109.39457683459653,-46.27662393982989,0.5485422518507637,0.0,73.26677752429666,-36.647019775022486,2.148570369613246,0.0,35.46859132378051,-38.83013368063711,5.646637771666085,0.0
100.50366268658306,-15.104974351825339,3.3148990835844536,0.0,88.00818412270324,-8.31944925459399,2.1107303455229376,0.0,54.30059963305076,-7.121971073940384,1.9766952767025092,0.0,109.79139009240716,-45.693300673377934,0.3534191581284123,0.0,73.27220149955718,-36.63446979264884,2.144131789106627,0.0,35.51302386115629,-39.07790866183193,6.753118790805747,0.0
100.52720945729011,-15.092902221639589,3.2876731793569096,0.0,88.24212483632438,-8.533493336815807,1.9806660319947138,0.0,54.322377513086394,-7.140295937501481,1.973245381904844,0.0,110.14170898490816,-45.11483450437104,0.14961395863791083,0.0,73.27752619752202,-36.619958615440595,2.1401157918445364,0.0,35.59732796299467,-39.271932462335364,7.824424738989186,0.0
100.54738833442794,-15.073058346248157,3.2638713487365703,0.0,88.45677956600662,-8.723864609616552,1.8537428130299034,0.0,54.34134187531613,-7.156884662421643,1.9699949760210576,0.0,110.4477616919296,-44.548214796639456,-0.05354140810244168,0.0,73.28579424497097,-36.60616088740686,2.137154710896727,0.0,35.72961499286223,-39.41784661976834,8.769514340263765,0.0
100.56234926831267,-15.044178886259683,3.246373907720823,0.0,88.65541285590146,-8.885568290732728,1.7395080312562223,0.0,54.357332103030835,-7.168812710840978,1.967238039358758,0.0,110.71345578922653,-43.99700440975671,-0.2480937510525223,0.0,73.29955932945309,-36.59553921524744,2.135286907195269,0.0,35.911372597830265,-39.53311555275174,9.52535503387585,0.0
100.57344935977852,-15.00863314840235,3.2362825656394794,0.0,88.84024198034227,-9.016273005199324,1.6442376713194662,0.0,54.37126373499514,-7.1745381265730135,1.9650734651721802,0.0,110.94436814254067,-43.4620576415441,-0.42815042776525125,0.0,73.32013935099104,-36.589301681673184,2.134091772788178,0.0,36.142653317091465,-39.64070215657095,10.068648382290878,0.0
100.58483932000053,-14.971941880949299,3.2325372499433005,0.0,89.01199668538169,-9.116684369730391,1.5691239444656837,0.0,54.384776592595074,-7.174128509386128,1.9634303994055475,0.0,111.14720047606434,-42.943687437616845,-0.5900512740823363,0.0,73.34734963565116,-36.58692894555464,2.132987306217821,0.0,36.425819956696294,-39.762530599318794,10.414815100585919,0.0
100.60163070753761,-14.940801841649066,3.2323200940883456,0.0,89.1700227357825,-9.19007168220971,1.5106884481364178,0.0,54.39961927534397,-7.169055879509298,1.962120748878542,0.0,111.32870418407045,-42.44448355779899,-0.7321085304809554,0.0,73.37974632144292,-36.58645337883851,2.131431401938544,0.0,36.76564833880336,-39.91487232910009,10.607326881976272,0.0
100.62766011680993,-14.920504423680528,3.2320983227657596,0.0,89.3128996465843,-9.241261990494174,1.4630389941821296,0.0,54.417057380771084,-7.161687455286968,1.9608890468755433,0.0,111.4943899738825,-41.9715991571456,-0.8540905897904558,0.0,73.4151629309403,-36.585350493269765,2.128919026010175,0.0,37.1668014519144,-40.10602443333836,10.702139176637203,0.0
100.66403993925665,-14.912930091697227,3.228942376141134,0.0,89.4392815038397,-9.275477961709699,1.4208067927262027,0.0,54.43755974040278,-7.1546346651062995,1.9594572184039443,0.0,111.64749775234128,-41.53733642356893,-0.9566557512480909,0.0,73.45129927573878,-36.58170987411663,2.1248777406590627,0.0,37.63104575692725,-40.335785469376624,10.75198328005525,0.0
100.70916407077911,-14.915970939433635,3.2215481236763974,0.0,89.54857714000758,-9.297392659117593,1.381332481448987,0.0,54.46086373259418,-7.150110779593542,1.9575820056216706,0.0,111.78863640884228,-41.157366935982225,-1.040872381105844,0.0,73.48623986489685,-36.575274213393946,2.1186460971268968,0.0,38.155844728939826,-40.59628982753376,10.794579074460216,0.0
100.75993687830794,-14.924569745739506,3.210510943427794,0.0,89.64122955717964,-9.310665158620555,1.3451318228175833,0.0,54.48632299821563,-7.149422058907179,1.955125624611041,0.0,111.9163017654712,-40.84682546547538,-1.1078510963148887,0.0,73.51887056717148,-36.567928969731504,2.109642080193181,0.0,38.7345447666383,-40.87402910659245,10.847130365657282,0.0
100.8132780984702,-14.932923446101077,3.1978427658756203,0.0,89.71863809653878,-9.317968099347528,1.314671682624045,0.0,54.513304160830124,-7.152688997641755,1.9521118136983286,0.0,112.02819776694666,-40.61551920499096,-1.158419803226673,0.0,73.54914598468105,-36.56331962403553,2.0976689678131226,0.0,39.35764538320848,-41.1528334793909,10.907086915417366,0.0
100.86691430673662,-14.93692912378874,3.1860753806977193,0.0,89.78294008293207,-9.321274233204385,1.2923721292516355,0.0,54.54141096628632,-7.1588638263293785,1.94873855415881,0.0,112.12292606045582,-40.46415119072453,-1.1927220107876728,0.0,73.57809728068796,-36.565551260471935,2.083174727855919,0.0,40.01477879939948,-41.41725910807034,10.957315405866435,0.0
100.91914117954221,-14.935774267522905,3.177351739938036,0.0,89.83678260062469,-9.32211051273934,1.2789704976970206,0.0,54.570457871255755,-7.166058185385746,1.9453444745685555,0.0,112.20131801284154,-40.38327448733233,-1.209695970974721,0.0,73.60748616319313,-36.57739355533455,2.067277732613835,0.0,40.69724374820247,-41.65560106251168,10.97328076124418,0.0
100.96812604012403,-14.931904835248254,3.172837898671826,0.0,89.88303090133363,-9.321617362155672,1.2729662385193992,0.0,54.60027907701562,-7.172103749148965,1.942353337516554,0.0,112.26670830495745,-40.355521092592895,-1.2066533083334878,0.0,73.63915218408381,-36.59883765460591,2.051503095552384,0.0,41.4384879847591,-41.833804733599806,10.924192267171772,0.0
101.01168631010866,-14.929425953395038,3.1726072678339836,0.0,89.92434741150356,-9.320455003551713,1.2712115618304054,0.0,54.63053929557723,-7.1751756207759225,1.940223232000445,0.0,112.32389025275978,-40.36010437708735,-1.179452768292716,0.0,73.67427429797452,-36.62682779721567,2.0373314867140753,0.0,42.192566046317694,-41.985297880123966,10.812391304616458,0.0
101.04799919769016,-14.93181274196636,3.1758807236077917,0.0,89.9627493610398,-9.318748017064955,1.2701794685879548,0.0,54.66067696334317,-7.174283748278305,1.9393875082641472,0.0,112.37716365558988,-40.377692325862206,-1.1237249692493965,0.0,73.71283329824632,-36.65637716975403,2.025738317921146,0.0,42.97413074357945,-42.11096211936445,10.620685685336625,0.0
101.07681283846708,-14.940088260121664,3.1814327011547228,0.0,89.99938007725899,-9.316244004794367,1.2672250958631874,0.0,54.68999684505963,-7.169499297931921,1.9401317560020281,0.0,112.4284137173255,-40.393952348491354,-1.03709640916313,0.0,73.7534742220537,-36.68247602538591,2.016880581861198,0.0,43.795727684254416,-42.21856607546638,10.352170060764433,0.0
101.10019195433937,-14.952298417954143,3.188044223189035,0.0,90.03464056642099,-9.312685954408215,1.2612971386943368,0.0,54.71782502206886,-7.16188257210489,1.9423903627106895,0.0,112.47622381965589,-40.400986604105526,-0.9216308815945062,0.0,73.793798038988,-36.70181897657706,2.0100183428543854,0.0,44.668667393813365,-42.31650872201084,10.021410135780524,0.0
101.12202093543664,-14.964451897097952,3.194897072428203,0.0,90.0685918808453,-9.308209485315047,1.2529177893131287,0.0,54.74362941406216,-7.153171188972035,1.9455701747978171,0.0,112.51654612890944,-40.39682859889542,-0.785227809070248,0.0,73.83095417063,-36.713633346736984,2.0036959337538214,0.0,45.59949015631642,-42.41052164194533,9.650224611125928,0.0
101.14628130973195,-14.972393053754566,3.2018086541655784,0.0,90.10136503691135,-9.303528651523854,1.2436101577931584,0.0,54.76708739070507,-7.14534814744543,1.9485791050824108,0.0,112.54465853533972,-40.38373196563647,-0.6408905327808103,0.0,73.86232500398124,-36.71947188480553,1.9961694617092185,0.0,46.58764511333569,-42.501666738105286,9.26230560571002,0.0
101.17504521873933,-14.973652193434352,3.209205140987592,0.0,90.1333534486405,-9.299793333143962,1.2351419380159587,0.0,54.78815025429834,-7.140212826754346,1.9501390000507843,0.0,112.55746995262328,-40.36608079980987,-0.5037011665594644,0.0,73.8861243347924,-36.722302182573266,1.986001233329743,0.0,47.625680240409125,-42.58609181715625,8.878025446314677,0.0
101.20750527586574,-14.968402820993997,3.217722843759997,0.0,90.16516073055007,-9.298204362227219,1.2289236575223388,0.0,54.8071354471092,-7.139030508075786,1.949264409653038,0.0,112.55509152980028,-40.34853523351107,-0.386600329794236,0.0,73.9018326450599,-36.7253870131955,1.9726210032578138,0.0,48.701713538466336,-42.65656480991957,8.51106357447846,0.0
101.24075981889331,-14.959182311643541,3.227524935003835,0.0,90.19744444901993,-9.299632106986952,1.2257196011156086,0.0,54.82479446826243,-7.142298381745757,1.94566067838824,0.0,112.54102958346215,-40.33472159230249,-0.29684297777353486,0.0,73.91044558007434,-36.73136587646007,1.9565622500574094,0.0,49.802817287421426,-42.705107597286855,8.16770413205138,0.0
101.27183960975577,-14.949660373753066,3.237799289702936,0.0,90.23080808747606,-9.304476100235274,1.2256357743003132,0.0,54.842245378711276,-7.149670163747502,1.9398274452577713,0.0,112.5210734807482,-40.32655847362311,-0.23468423327461885,0.0,73.91446108487351,-36.741754532790914,1.9391707361517891,0.0,50.917728209306375,-42.72557756083512,7.848461675367577,0.0
101.29959757412395,-14.943134490747997,3.2469203673658154,0.0,90.26577731114898,-9.312798395580328,1.2282499546298222,0.0,54.86070087442537,-7.160075743018819,1.9328149659890173,0.0,112.50151643277384,-40.32419681729146,-0.1946530378711273,0.0,73.91748648562232,-36.75687986141038,1.9219173720060745,0.0,52.037990740323565,-42.71515923371576,7.550819693586872,0.0
101.32532937639931,-14.94144019029105,3.253211571402769,0.0,90.30276274397175,-9.32450592351185,1.232759944903128,0.0,54.881066383932755,-7.172012202060618,1.9257655588698608,0.0,112.48749816326459,-40.32646062759241,-0.16851809204148793,0.0,73.92346048016583,-36.77613284188163,1.9057886559354564,0.0,53.15763915977929,-42.67437248281254,7.271695619243376,0.0
101.35205786908362,-14.944631130679527,3.2557854971947293,0.0,90.34187144051509,-9.339277830383178,1.2380946346056696,0.0,54.903620006021065,-7.1839165101000955,1.9194685730052115,0.0,112.48203345765933,-40.33157867720131,-0.14845504014212096,0.0,73.93571449272994,-36.79838731603986,1.8911376121338836,0.0,54.27216716164823,-42.60591334025306,7.008720667990607,0.0
101.38329346181305,-14.951368462876715,3.2550335304885234,0.0,90.38254261147735,-9.356138173140671,1.2430048411505847,0.0,54.92797805368481,-7.194519659185863,1.9141140568871897,0.0,112.48590648080369,-40.337949524415635,-0.12916220374719778,0.0,73.95621606904218,-36.822451663373016,1.877891963740412,0.0,55.377552114067,-42.51300789008236,6.760220936168027,0.0
101.42213960364326,-14.959731025996705,3.25268152385355,0.0,90.42319085313477,-9.372926399560537,1.2461992542469105,0.0,54.95337206349619,-7.203101688682141,1.9093013170175652,0.0,112.49825760725761,-40.34471566413362,-0.10843297796793294,0.0,73.98523008807585,-36.84741422019931,1.8657483085183575,0.0,56.469682424186516,-42.39793917791877,6.524475523469199,0.0
101.4710662408367,-14.96811988381678,3.2515186875923394,0.0,90.46117170903696,-9.386143984236625,1.2465884958475826,0.0,54.979051752066304,-7.209573504545648,1.9042497900951627,0.0,112.5174682860666,-40.35200898194876,-0.08646726578009911,0.0,74.0214368416891,-36.87272969625917,1.8541875336717375,0.0,57.544094471748934,-42.2611980981602,6.299060103613993,0.0
101.53211394882179,-14.975931948849816,3.254908830440943,0.0,90.4932978666611,-9.391557664233927,1.243622922239,0.0,55.00455680497712,-7.2143394158579,1.8981179400310442,0.0,112.54192246623842,-40.360827749486916,-0.06461740845229613,0.0,74.0624208398714,-36.89797483317248,1.8424517234021422,0.0,58.59577703800044,-42.101458052398826,6.08080802042344,0.0
101.60709549631544,-14.98371329357547,3.2661873141065474,0.0,90.51684117772871,-9.385525502872904,1.237582406045595,0.0,55.02972133757098,-7.217984421322001,1.890326402383364,0.0,112.5703935220992,-40.372606401060196,-0.044246576289657114,0.0,74.10540103529692,-36.92240685775593,1.82968262305684,0.0,59.61896802937273,-41.9162947657762,5.8663932129327865,0.0
101.6975334804794,-14.99268538094502,3.2881111626750172,0.0,90.53061291023505,-9.366500874953894,1.22959826427911,0.0,55.05448300068123,-7.22092916361311,1.8807792732720152,0.0,112.60206216050791,-40.38864303228435,-0.02608190195111959,0.0,74.148035357361,-36.94466591148818,1.8152534027871265,0.0,60.607125094882136,-41.70328311329271,5.653119190037698,0.0
101.80437853066135,-15.003827412605515,3.322570620639711,0.0,90.53555492701192,-9.335914773992759,1.2212770952484657,0.0,55.07870093397766,-7.22321874156962,1.8699100877012231,0.0,112.63634781474165,-40.40961546300716,-0.010082133194401877,0.0,74.18906258173018,-36.9629646139985,1.7991343156594723,0.0,61.553327447522214,-41.4609416029527,5.439421770455624,0.0
101.92776308769731,-15.016872318691476,3.37071255212215,0.0,90.53448536429681,-9.297900050073256,1.2140584061306683,0.0,55.10216006068967,-7.224546168247175,1.8585557580047425,0.0,112.67274656136955,-40.435381789752896,0.004403898713132293,0.0,74.22850738394814,-36.97579973500978,1.782083457642468,0.0,62.45115359606799,-41.18913201866788,5.224862200137936,0.0
102.06707668159017,-15.029506197884373,3.4334837145867976,0.0,90.53115243101016,-9.257988326881472,1.2086737419661766,0.0,55.12479423174044,-7.2244964527037565,1.8477277948389137,0.0,112.71075647764903,-40.46511555341383,0.01843530645367153,0.0,74.26728768980034,-36.98277683431869,1.7655610346615411,0.0,63.295725812576116,-40.88892600180335,5.009779036340467,0.0
102.22152883795988,-15.036887078657408,3.5123740364182776,0.0,90.5291695817277,-9.221500770520064,1.205033874582389,0.0,55.14699053464589,-7.222872718402882,1.8383578384302908,0.0,112.74985175342155,-40.49765020627289,0.03332786329425197,0.0,74.30635997711708,-36.98494636473091,1.7514128358882246,0.0,64.08439291282896,-40.56234590631747,4.794980136295765,0.0
102.3911800193077,-15.031519870402873,3.609899449062464,0.0,90.53137122092798,-9.192412403775036,1.2025579272292575,0.0,55.16972548232429,-7.2198969995911675,1.8310734926438546,0.0,112.78943528421752,-40.53182264578299,0.0504708405113643,0.0,74.34586710766693,-36.9843550536501,1.7414173413627303,0.0,64.81661050467422,-40.2124840799172,4.581736982816988,0.0
102.57824515120116,-15.003573242133566,3.729367732588752,0.0,90.53970008348152,-9.17298293784336,1.2006663357862664,0.0,55.19431649653907,-7.216152671705304,1.826060891289135,0.0,112.82876649224139,-40.56666252834411,0.07098050641151943,0.0,74.38483149339629,-36.98310316113617,1.7367168317413313,0.0,65.49293873641163,-39.844221419119314,4.372012128071791,0.0
102.78828992857666,-14.941774973418013,3.8738749186451464,0.0,90.55531967714674,-9.16387384612182,1.1991248762542739,0.0,55.221797902537304,-7.212334701753147,1.823068170204568,0.0,112.86694502092043,-40.601406579274844,0.09519348724940357,0.0,74.42159931388642,-36.9825393848775,1.737156368622374,0.0,66.11352851703221,-39.46526007212898,4.168592800880845,0.0
103.03071631248824,-14.834912224461924,4.045036106154193,0.0,90.578571829178,-9.164305455375592,1.1980985993615718,0.0,55.252235179422385,-7.209020940437412,1.8215435021872413,0.0,112.9030287113591,-40.63542104709303,0.12223136499092924,0.0,74.45471541768546,-36.98302768183996,1.7408835534054212,0.0,66.67678168154613,-39.086766055640915,3.9748352676113967,0.0
103.31784376121328,-14.673653247991428,4.242207573435778,0.0,90.6086872188947,-9.172105260078425,1.1979632252561778,0.0,55.28441671640433,-7.206626188780304,1.8208170147191698,0.0,112.93625991689953,-40.66814520062352,0.1499804768828934,0.0,74.48363907339994,-36.98424604617543,1.744786182185715,0.0,67.17888945708228,-38.722891208330424,3.794029523095034,0.0
103.66226482493755,-14.452117959881162,4.4626701144044105,0.0,90.64354128400532,-9.183881078586133,1.1990198201263649,0.0,55.31616641012856,-7.205521673798345,1.8202217911715497,0.0,112.96627487940147,-40.6991263169189,0.17565918892007204,0.0,74.50886528934112,-36.98569979454858,1.745704498192385,0.0,67.6146427419998,-38.388908653551596,3.6287316739197344,0.0
104.07304846789624,-14.168672064208081,4.702592535341024,0.0,90.6798717774469,-9.195617470410902,1.2012629192921747,0.0,55.34514536745325,-7.206183354547638,1.8191123245433598,0.0,112.99318588120981,-40.72812041812537,0.19677337551197027,0.0,74.53143435171627,-36.98715391247765,1.7416007796078947,0.0,67.97936021530224,-38.09842239643298,3.4804781752061107,0.0
104.55231891894012,-13.82581806407534,4.958073289825657,0.0,90.71408861568644,-9.203684462306162,1.2042966667935282,0.0,55.3697361726583,-7.209251640102653,1.816806808027481,0.0,113.0175222363818,-40.755148607198855,0.21200431623120153,0.0,74.55221436697848,-36.988828965951235,1.7320792925011386,0.0,68.27122682641416,-37.86064744058413,3.3499900210450804,0.0
105.094052909175,-13.42944535060837,5.2256263193729975,0.0,90.74336187766062,-9.205872302484451,1.207420271629962,0.0,55.38959791240661,-7.215461786148013,1.8125250697599657,0.0,113.0400800359581,-40.78041275574668,0.22163843309978581,0.0,74.57143813325149,-36.99134716761601,1.7182407319142072,0.0,68.49308159602671,-37.678747988820945,3.2375564245473267,0.0
105.68617140111347,-12.987763732892642,5.50209580523763,0.0,90.76646582423973,-9.20195608011256,1.2098441017788257,0.0,55.40569851820749,-7.225436273604894,1.8054215479696776,0.0,113.06173282591533,-40.80408730585659,0.22741486320833637,0.0,74.588727640986,-36.99549731340382,1.7021045765452048,0.0,68.65290827623649,-37.54971469814231,3.14316651855734,0.0
106.31534303247159,-12.510101099210159,5.784572157504632,0.0,90.78400058843806,-9.193495673839342,1.21096068369188,0.0,55.41988168390944,-7.239338359413364,1.7947832386083906,0.0,113.08324937171834,-40.82611365736942,0.2318906303632282,0.0,74.60350012488936,-37.00191068794721,1.6858305254708341,0.0,68.7628388206872,-37.46564215277969,3.066251370276232,0.0
106.97230248476995,-12.005783350438785,6.070882064224184,0.0,90.79793324913705,-9.182931078754752,1.2105864460441111,0.0,55.434156157568836,-7.256480813379215,1.7803546114837072,0.0,113.10516689953569,-40.84613426133959,0.2375289844309023,0.0,74.61546529928292,-37.01075410160982,1.6709607797259487,0.0,68.83706285723453,-37.41586355824451,3.005305359040694,0.0
107.65506010412275,-11.483579946413483,6.360640239859654,0.0,90.81070752496134,-9.172383328372115,1.2091018833585157,0.0,55.44989957955833,-7.275152493658165,1.7626496150690656,0.0,113.1277451455103,-40.863614642394786,0.24577968116548554,0.0,74.6249420758399,-37.02155017443712,1.657931081509675,0.0,68.88938388521554,-37.38926976114462,2.9577994824070633,0.0
108.36850187295104,-10.952195582561252,6.6561713895319325,0.0,90.82434339272773,-9.162758166220119,1.2074208368102042,0.0,55.467123801548404,-7.292936569854608,1.7431213176389715,0.0,113.15097743870594,-40.87808778968557,0.25646692517629965,0.0,74.63285885338914,-37.03319886688154,1.6460496694334203,0.0,68.93118543688384,-37.376218809755066,2.9205805290800004,0.0
109.12079885563375,-10.421645359820126,6.962376571651701,0.0,90.8398974887404,-9.153617918787859,1.2067280974106538,0.0,55.48396900747572,-7.30748764574214,1.724143003891907,0.0,113.17461256136811,-40.889394440853245,0.26776484926088706,0.0,74.64046355297825,-37.044203738982205,1.633943290367089,0.0,68.97031468128588,-37.36967416869022,2.8905782395444675,0.0
109.9185759938986,-9.904470217134339,7.285054188086974,0.0,90.85741602732647,-9.143864820260312,1.2080047909025176,0.0,55.49674951258992,-7.317345389984639,1.7087624814217115,0.0,113.19817493354515,-40.89781494226217,0.27686439670437935,0.0,74.64890182777667,-37.05303275860513,1.6202371990072528,0.0,69.01098706464475,-37.36550499573801,2.8654266533524098,0.0
110.76315917314744,-9.415482374778229,7.6281018295497205,0.0,90.87625453387714,-9.132826120493437,1.2115114729388807,0.0,55.500941381458034,-7.32230453552054,1.7001262240070343,0.0,113.2210167667356,-40.9040598983922,0.2811420998310332,0.0,74.65887212407395,-37.058502140666185,1.6041509966934875,0.0,69.05445310828881,-37.36211283955303,2.8436916119049,0.0
111.64938645462591,-8.969518951839767,7.990882649802975,0.0,90.89551792910831,-9.121116140842998,1.2164982980402659,0.0,55.493086467822884,-7.323205013643029,1.7005404952278447,0.0,113.24243791583034,-40.909142103559816,0.27935410291122587,0.0,74.67050176336849,-37.060082602258866,1.5857739558337052,0.0,69.10000943539107,-37.359647786034344,2.8246690977672273,0.0
112.56701610083806,-8.57810310159197,8.367172884976881,0.0,90.9144153622768,-9.110772248951353,1.2213420011226468,0.0,55.47276870760324,-7.321403432489834,1.7104393249824827,0.0,113.26187199823622,-40.91416489414354,0.27228665536008023,0.0,74.68345648761425,-37.058060757332264,1.565945879240651,0.0,69.14599873108142,-37.35907864543695,2.807958322660525,0.0
113.5035682757718,-8.246889050645034,8.74624562808666,0.0,90.93244724388532,-9.104556414531807,1.2240888978019555,0.0,55.443367292943535,-7.318302933934109,1.7278283945674904,0.0,113.27909909739715,-40.92006486554729,0.2625273407315927,0.0,74.69718651100234,-37.05350656499705,1.545833024865873,0.0,69.19060945497061,-37.3613474240503,2.793084911805556,0.0
114.44711655878295,-7.975395942662901,9.115387240561347,0.0,90.9494537414906,-9.104771898558575,1.2231596660136788,0.0,55.41090775522398,-7.315128590551247,1.748712934637851,0.0,113.29441962605546,-40.92737071970116,0.25350498579615,0.0,74.71116505329549,-37.04803196911892,1.5263884246545683,0.0,69.2324270380316,-37.36678167427319,2.779353428442139,0.0
115.38802016188855,-7.759039840518723,9.462495351104739,0.0,90.96560608490414,-9.112183377939191,1.217899467813794,0.0,55.38166943570144,-7.312850328158378,1.7685124048122045,0.0,113.30871125309012,-40.936067793371315,0.2483611240360606,0.0,74.72499062086304,-37.04341506313355,1.507903329385508,0.0,69.27075410510346,-37.37485198785229,2.7659329073648156,0.0
116.31933033539565,-7.592128576256352,9.777709558441236,0.0,90.98140056834069,-9.125521657369505,1.2087686162259885,0.0,55.36001226733348,-7.3120317096878,1.7838589445847948,0.0,113.32330778931251,-40.94564948479087,0.24921401792499331,0.0,74.73830854358485,-37.04124179834317,1.4898241773042926,0.0,69.30572368228313,-37.38426700155097,2.7520412007268042,0.0
117.23622825846805,-7.470319851110154,10.053752194158232,0.0,90.99763544074426,-9.141738117793542,1.197161998287985,0.0,55.34745610717403,-7.312535131988777,1.7939321890068385,0.0,113.33969695005952,-40.955374076281075,0.25696362736134226,0.0,74.75063695028803,-37.04268605758069,1.4709266914470724,0.0,69.33821617804122,-37.39332518587726,2.7370775582801556,0.0
118.13520452181174,-7.391871017957596,10.285232644054862,0.0,91.01528534469095,-9.156864803759373,1.1849881998595073,0.0,55.34306555433953,-7.31327831876247,1.8007204107081787,0.0,113.35911126710162,-40.96465020262858,0.27138414990327675,0.0,74.76125983515652,-37.048440815762575,1.4497666908548439,0.0,69.36960068816133,-37.40039536264165,2.72064586038638,0.0
119.01362594823965,-7.357862091086439,10.467460012639197,0.0,91.03521955190206,-9.167148345504705,1.1741722208560592,0.0,55.344626616896406,-7.312326983190231,1.808092802766902,0.0,113.38214337086664,-40.97339705274521,0.29122965094785513,0.0,74.7692800166159,-37.058750654014496,1.4251208068937604,0.0,69.40136867630079,-37.404371110097514,2.702511835186572,0.0
119.86983921367627,-7.37181016585507,10.595399302804614,0.0,91.0578249171089,-9.17008463425803,1.1661995607156879,0.0,55.35003024692012,-7.3074322983699735,1.8200726433682775,0.0,113.40852821887223,-40.982211433963215,0.3143379062190892,0.0,74.77368741424776,-37.0735547956984,1.3959484650603997,0.0,69.43477618901096,-37.40495037696639,2.682561565689097,0.0
120.70341200478293,-7.4388715847376865,10.663319324598053,0.0,91.08268810257894,-9.165058893256207,1.1617678716228816,0.0,55.35833515434386,-7.296839908536639,1.8390428446827531,0.0,113.43719357183996,-40.99223885313207,0.337891804964114,0.0,74.77206948972584,-37.093393705714675,1.3585003115383802,0.0,69.47060536816066,-37.40264697488576,2.660785155771789,0.0
121.51502204635712,-7.564655081444936,10.665383148090813,0.0,91.10849487566502,-9.153428677898543,1.1605982275989195,0.0,55.37012820251908,-7.2800339629967645,1.8646486644255482,0.0,113.46658662353066,-41.00477273874188,0.3589305325002794,0.0,74.76971583937481,-37.11537135285954,1.326008725504371,0.0,69.50908791199129,-37.398536487052006,2.637259316360936,0.0
122.30590612541747,-7.753766885024625,10.596987954717848,0.0,91.1332335897621,-9.138034771925302,1.1614639887948073,0.0,55.387164144233836,-7.258118925703561,1.8938566221018558,0.0,113.49516757479117,-41.02073500241059,0.3750160219581744,0.0,74.77676761704765,-37.13250480283797,1.3127927204820171,0.0,69.54995043150424,-37.393836608980976,2.6120917867684916,0.0
123.07716649730448,-8.008398013025776,10.456272878308393,0.0,91.15468234213783,-9.122284783372745,1.1624799317212613,0.0,55.41167319864336,-7.233654501290321,1.92216631614607,0.0,113.5218822075543,-41.0402464160235,0.38481739948957383,0.0,74.78444884065757,-37.14853414689201,1.299690859332717,0.0,69.59250509314812,-37.38947804806654,2.585332538918335,0.0
123.82920229148476,-8.327303349954501,10.245068941977134,0.0,91.17103853059552,-9.109101618922832,1.1616288812890332,0.0,55.4457788313122,-7.209813250386778,1.9456426301766676,0.0,113.54643109558027,-41.062457024782454,0.38837521113463147,0.0,74.79285012188711,-37.16280578379414,1.2867468236024173,0.0,69.63573763493662,-37.385818850011695,2.55691978592022,0.0
124.5612466525065,-8.705398432361443,9.968729283816831,0.0,91.18146484140946,-9.10010422867429,1.1573922745803422,0.0,55.49110356815977,-7.188827866886177,1.9633467418582544,0.0,113.56923918332413,-41.08571524615791,0.3869530286076799,0.0,74.80166865620758,-37.17488516283841,1.2741444903417687,0.0,69.67840222385762,-37.382595939262295,2.5267386441279047,0.0
125.27083889696445,-9.134056095109875,9.63473753213825,0.0,91.1863508830014,-9.0953337015717,1.149256017350412,0.0,55.548324810830245,-7.169980472910138,1.979697360866492,0.0,113.5911547844534,-41.10804212039062,0.38257301968599755,0.0,74.81041167518242,-37.184466990928186,1.2622235156795423,0.0,69.71916329374622,-37.37910856540412,2.494789158607981,0.0
125.95320878318577,-9.602044227924221,9.250630887847091,0.0,91.18723646157524,-9.093619898197119,1.137876440715969,0.0,55.616591791154576,-7.147737968803523,2.0061097980058964,0.0,113.61301341449949,-41.12775694023355,0.37743687289711403,0.0,74.8186483565079,-37.19136480688202,1.251401331261638,0.0,69.75680179829604,-37.37452960459074,2.461360634950262,0.0
126.60089023812998,-10.096838783109641,8.822252199959669,0.0,91.18649583440182,-9.09336611773643,1.1248403207945525,0.0,55.69315144632104,-7.110800531505136,2.0611399695424577,0.0,113.63524086947272,-41.14401299422529,0.37341270591443987,0.0,74.82616623017115,-37.195595398059105,1.2420322661550696,0.0,69.79044797098912,-37.368195465430524,2.427094998025831,0.0
127.20412892710577,-10.605928805893342,8.353241075236616,0.0,91.18689974929083,-9.093325770721098,1.112136884092262,0.0,55.77376326481263,-7.042707319897081,2.1686746836703676,0.0,113.65763374483095,-41.15701396790473,0.3716838865329706,0.0,74.83295231943914,-37.1975164694665,1.2342676634100105,0.0,69.81976236460922,-37.35975713319372,2.3928952921101896,0.0
127.75245543202568,-11.11791990310001,7.845958189354942,0.0,91.1910781786524,-9.093027571048896,1.1015465514566518,0.0,55.85425636837515,-6.924267445463296,2.3544442255348983,0.0,113.67937892669727,-41.16781210864046,0.3725932075526508,0.0,74.83902507355069,-37.19793047107691,1.2279911880471452,0.0,69.84499376908298,-37.34916309520867,2.3597147426647123,0.0
128.23715246159435,-11.623518095942188,7.303257603727454,0.0,91.20088508929175,-9.092770902249024,1.094128150750537,0.0,55.93299726082783,-6.737514299833607,2.641746403388579,0.0,113.6992966122595,-41.177777225642906,0.3756978175141992,0.0,74.84423935184722,-37.198036667603006,1.2228736417972197,0.0,69.86688908243445,-37.336541219875784,2.3282999435354306,0.0
128.65375705937655,-12.11641470405889,6.73027145239525,0.0,91.2168074510165,-9.093319061650853,1.0899357710723763,0.0,56.01339255566246,-6.470264119236856,3.0472438798097947,0.0,113.7162272819582,-41.187977117300434,0.3800221464412026,0.0,74.8482124147481,-37.19914078585744,1.218535831715574,0.0,69.88648448615855,-37.322093937761736,2.2989759095410776,0.0
129.0036691264152,-12.593717758166878,6.135671656649782,0.0,91.23772122313474,-9.095481194810947,1.0880498571381185,0.0,56.10520539784858,-6.119931239767205,3.5772076064183658,0.0,113.72943347443181,-41.19875424836785,0.3844135226528831,0.0,74.85044669282733,-37.20215045144425,1.2147525839768942,0.0,69.90484309122724,-37.30608723468797,2.271564330269454,0.0
129.2942995660894,-13.055314471485286,5.532275802129126,0.0,91.26125569929148,-9.099755632857434,1.0869253091678175,0.0,56.223685395027104,-5.695223865843236,4.224421268585161,0.0,113.73887505238191,-41.209699290105014,0.3878364709605009,0.0,74.85060035654979,-37.20704886385578,1.2115890524718331,0.0,69.92281423804936,-37.28892500470682,2.245493890214373,0.0
129.5376674054408,-13.501788023711008,4.937003569986915,0.0,91.2847188699346,-9.106147718007577,1.084936643229316,0.0,56.38632705549753,-5.2148553559933095,4.966574859363184,0.0,113.74526667644065,-41.22004511515215,0.38949996713140855,0.0,74.84876453074426,-37.212633503399154,1.209359141627015,0.0,69.94087915248528,-37.271223723360464,2.220073910876449,0.0
129.7478329354714,-13.931332977536385,4.370079297445953,0.0,91.30614450366416,-9.114192153334697,1.0809029095757765,0.0,56.60822001251197,-4.703467380423078,5.767647135664491,0.0,113.74991559575633,-41.22930631815244,0.38885905974023594,0.0,74.84559260045904,-37.216740115295416,1.2083774878457927,0.0,69.95912235443373,-37.25379279650707,2.1947993244763637,0.0
129.93799498134288,-14.337119381061028,3.8532850056537544,0.0,91.3248691645852,-9.123129941559862,1.074384410116222,0.0,56.89787542199427,-4.186200064602982,6.583214573840347,0.0,113.754409108743,-41.237849476709485,0.3855994475821145,0.0,74.84218462807972,-37.21695864061686,1.208620907806628,0.0,69.97733008038323,-37.237486142118314,2.169521984581749,0.0
130.1182545232404,-14.7069341342895,3.4072285106817635,0.0,91.34132986526538,-9.132114158983438,1.0656799105145893,0.0,57.25540476746362,-3.68395024027768,7.368638011202033,0.0,113.76024695291392,-41.247073095891785,0.3796536151869212,0.0,74.8397400461659,-37.21160130110569,1.2095093543185502,0.0,69.99517261591794,-37.22297459362627,2.144410616944535,0.0
130.2946881696177,-15.026034533792554,3.0479869782636886,0.0,91.35632248827162,-9.140282315858167,1.0556253391557053,0.0,57.67378290661498,-3.210790594206541,8.087232604615476,0.0,113.76851554261087,-41.25903636257019,0.3712303545336173,0.0,74.83911749936819,-37.2005437618231,1.2099679827907224,0.0,70.01239424152882,-37.21054129677949,2.119768713576949,0.0
130.46961651429552,-15.282255794725248,2.7838898795827927,0.0,91.37031705128312,-9.146632185297884,1.045357046033823,0.0,58.142381011575445,-2.773746333791106,8.715485470086278,0.0,113.7796964284528,-41.275649458376655,0.3608334277196157,0.0,74.84050523810073,-37.18560055597488,1.2087811882061565,0.0,70.02893251840942,-37.19999982170744,2.095858612568735,0.0
130.6423860308099,-15.470824543477043,2.6133950425715877,0.0,91.38327029900104,-9.149856262586095,1.0361165251303852,0.0,58.65103818767634,-2.374150052323916,9.244072838186446,0.0,113.79366824171512,-41.297795062642514,0.3492424226542745,0.0,74.84335914628141,-37.17027124952657,1.2051066205351333,0.0,70.04492478740914,-37.19078782580627,2.0728313399474096,0.0
130.81007433215578,-15.59634845999324,2.524904873148694,0.0,91.39487946618753,-9.148425134805255,1.0290591750611107,0.0,59.193037236031245,-2.009596040192484,9.675405828162075,0.0,113.80988344345664,-41.3248379348399,0.3374054122728687,0.0,74.84664252759588,-37.15890135871393,1.1989367071143633,0.0,70.06061689880345,-37.18221727203775,2.050750920441015,0.0
130.968085960925,-15.671107184635343,2.4989412332451426,0.0,91.40484867977824,-9.14110375826564,1.0250124863937256,0.0,59.76612511787705,-1.675818220804958,10.019481988960813,0.0,113.82762512884065,-41.35480683405969,0.32621745801605506,0.0,74.84926731998864,-37.15548752061056,1.1912809488519631,0.0,70.07623289451286,-37.173787149278915,2.029632775576278,0.0
131.1109977979138,-15.710797723298441,2.5123372581344103,0.0,91.41278397611121,-9.127802293485496,1.0242045646951095,0.0,60.37162770358496,-1.3681738176252747,10.28972739227235,0.0,113.84623563184974,-41.38516817718741,0.31625509801837204,0.0,74.85053990518112,-37.16250925429145,1.183920559118235,0.0,70.0918706222072,-37.16542123862455,2.0094317939907427,0.0
131.2338401698479,-15.729931122400039,2.5432364064516264,0.0,91.41771917054173,-9.110387236741863,1.0260653953959586,0.0,61.01238194400817,-1.0826315917369218,10.499800585762443,0.0,113.86525183358667,-41.41377664141519,0.30761462886255586,0.0,74.85041127404355,-37.1802189437019,1.1787805127658828,0.0,70.10746418595893,-37.157513210151016,1.9899862741521925,0.0
131.3334900898393,-15.738742902208909,2.575245343141912,0.0,91.41769387221247,-9.092952729601109,1.029231379297567,0.0,61.69052670179977,-0.8162700052811847,10.661604214337412,0.0,113.88443261810671,-41.43951026498452,0.299976927521012,0.0,74.84944959681602,-37.20665275556184,1.1771909227632822,0.0,70.12282110577655,-37.1507412446516,1.9709845263473316,0.0
131.40958201982963,-15.742375134037967,2.5994629163071856,0.0,91.40993980783759,-9.081154040298728,1.0318456658392972,0.0,62.40612809409629,-0.5673736819376458,10.784329000648189,0.0,113.90369416148266,-41.46232425525634,0.2929018282425986,0.0,74.8486163055027,-37.23826630584004,1.1793918114065622,0.0,70.13771073962945,-37.14572010615215,1.952021789907782,0.0
131.46457335112032,-15.742020926013016,2.61409997557697,0.0,91.39194742277544,-9.080558167881819,1.0321346930699011,0.0,63.15715391396132,-0.3353086590661807,10.874253858054116,0.0,113.9229809546453,-41.48281355655035,0.2862001346377827,0.0,74.84899817481097,-37.270800186043054,1.1844823317098818,0.0,70.15196030887547,-37.14264390021244,1.9327541526775658,0.0
131.5030622556774,-15.737060291221972,2.6223733051094964,0.0,91.36311651584022,-9.094494906962112,1.0290675524808286,0.0,63.94062533847387,-0.12040472432891214,10.935072841179878,0.0,113.94211142584633,-41.50161215121404,0.280135869887987,0.0,74.85158144300428,-37.29999453526669,1.190763461187517,0.0,70.16552126269218,-37.141091478994795,1.9130755447221013,0.0
131.53074494884302,-15.727032752124956,2.629779801751246,0.0,91.32617998463985,-9.12234818335099,1.0227724387322166,0.0,64.75422223515365,0.07598791292098284,10.968533143683942,0.0,113.96066095314708,-41.5189642769925,0.2752825670006853,0.0,74.85703990430119,-37.32207650262742,1.1962990304899108,0.0,70.17849570111528,-37.140098846421196,1.8932069504717752,0.0
131.55338192442292,-15.71263768922771,2.6416764982269125,0.0,91.28748056876447,-9.159239398496926,1.0144552889849052,0.0,65.59745293287752,0.2512530467169807,10.975137456811158,0.0,113.97796392358052,-41.5346435682939,0.2720886033947725,0.0,74.86547165256852,-37.33426013061634,1.1995796408513595,0.0,70.19112878295145,-37.13847895488742,1.8736321480656493,0.0
131.57594472914207,-15.695664985445486,2.661619442485568,0.0,91.25564681116617,-9.197440066364972,1.0058637494038543,0.0,66.471736126702,0.4012287685869751,10.954686526800526,0.0,113.99328696040479,-41.54819408384644,0.2704260998084038,0.0,74.87610496515173,-37.33556108560096,1.2002608311131464,0.0,70.20376536464757,-37.13525241003584,1.8549083232897932,0.0
131.6019545645834,-15.678356812346568,2.6904982487686286,0.0,91.239099918544,-9.228941929643241,0.9986306282834043,0.0,67.3792601202522,0.5201540209908266,10.906557329556644,0.0,114.00614055234439,-41.559317836897414,0.26942485363891144,0.0,74.88713928809635,-37.327993787807834,1.1999055431839807,0.0,70.21676095280084,-37.13000328608558,1.8374487122798957,0.0
131.63302546617163,-15.662807222630498,2.7263106688645156,0.0,91.2435920040418,-9.24804912069622,0.993843040997497,0.0,68.32105147965481,0.6010788149557555,10.82980769294126,0.0,114.01661262864872,-41.56819662876879,0.2677127069073375,0.0,74.8959696232357,-37.31784445097139,1.202516585735431,0.0,70.230352487734,-37.123018340425745,1.821376044807078,0.0
131.66871906717847,-15.650705901108099,2.7644520624095854,0.0,91.27099108158566,-9.252969964921364,0.9919386635060512,0.0,69.29502863120638,0.6368323844848636,10.723388230953312,0.0,114.02558430824448,-41.57561066596562,0.2639432754532631,0.0,74.89997038098859,-37.31642891435863,1.2145603723690677,0.0,70.2445260377383,-37.11517709472829,1.8064852317951203,0.0
131.70685397162458,-15.643387982656757,2.798526529593312,0.0,91.31968612814877,-9.245948757118128,0.9928034608771927,0.0,70.29482290777753,0.621467283158518,10.586755342568082,0.0,114.03472362752802,-41.58282717252371,0.2573492382129885,0.0,74.89779096926381,-37.33971594895904,1.2442864728613348,0.0,70.25893936896455,-37.107668423529475,1.7922739813892026,0.0
131.7443245108336,-15.64199606469689,2.821706950383236,0.0,91.38595898684048,-9.232068861055332,0.9959138354000796,0.0,71.30992557162301,0.5519284634967754,10.420883123020232,0.0,114.04620870598978,-41.59130765209175,0.2480642276167302,0.0,74.8908286276722,-37.406472812307605,1.3004112088933812,0.0,70.2729528472188,-37.101660488897735,1.7779763452697086,0.0
131.77829677248513,-15.647578836487806,2.8284539102418673,0.0,91.46525004476047,-9.217263545966112,1.0004610514777017,0.0,72.3273927270404,0.42947849417407724,10.229201290388216,0.0,114.06219649187155,-41.60232284738903,0.23706029407381735,0.0,74.88431960470994,-37.535109383991724,1.3905115973129583,0.0,70.28579484148831,-37.098034095101895,1.7626006323196748,0.0
131.80740741843493,-15.661014660691606,2.816095268895541,0.0,91.55260813359399,-9.206279805126321,1.005465912260144,0.0,73.33488047282069,0.2601782979184257,10.0177397238113,0.0,114.08414878986454,-41.616593969511776,0.2256931242611362,0.0,74.8874534950408,-37.73997396702827,1.5196192595053368,0.0,70.29683907879443,-37.097235555238555,1.7450481571606407,0.0
131.83239907545413,-15.682687639608499,2.7856655977950115,0.0,91.64235387088716,-9.20132735960911,1.0098896125276404,0.0,74.32415243687758,0.05376026708177939,9.794064483635955,0.0,114.11224236442234,-41.634086919614084,0.21501526949965388,0.0,74.91215743220896,-38.02817570948578,1.689418180536732,0.0,70.30590331884287,-37.0992518629623,1.7243675587679714,0.0
131.8557216387524,-15.711942388662735,2.741644968133354,0.0,91.72756996757765,-9.201841432231593,1.0127392779227975,0.0,75.29368081253087,-0.17918555211906195,9.56532261415095,0.0,114.14513941684316,-41.65404849119094,0.205174054936764,0.0,74.97069486133458,-38.39784870426938,1.8981401703769976,0.0,70.31342346006623,-37.103674996625976,1.7000953725738235,0.0
131.88015968605566,-15.746585908799553,2.6906846232252732,0.0,91.8001562818445,-9.205283479826363,1.0131948753384687,0.0,76.24903167028161,-0.43084683533100154,9.336337758216878,0.0,114.18028723305255,-41.67528600928499,0.1952411843680082,0.0,75.07277809117713,-38.83826276964208,2.1409132730400415,0.0,70.3203771226379,-37.109810488420266,1.6725538775082658,0.0
131.90722784541464,-15.782903882842579,2.6397997047788966,0.0,91.85187349945936,-9.208491319846182,1.0107828955407232,0.0,77.20049682899786,-0.6990992475649271,9.108753951400221,0.0,114.21467376053022,-41.69657995807338,0.18361879188717012,0.0,75.2232027261993,-39.331684061964985,2.410270523663371,0.0,70.32795341931717,-37.11680701440353,1.6429851693956206,0.0
131.93632270483363,-15.816485775102361,2.594657590512318,0.0,91.87625205106325,-9.208985562398485,1.0055463608513744,0.0,78.15850323884113,-0.9882060400637442,8.881700509467162,0.0,114.24574494008468,-41.71704679238442,0.16881535087348354,0.0,75.4208886238559,-39.85655115817353,2.696843122556066,0.0,70.33712221453389,-37.12382279766422,1.6134579595917184,0.0
131.96514895783875,-15.843616512032682,2.558477976513723,0.0,91.87066883838105,-9.205787191731524,0.9980888266484076,0.0,79.12828400464954,-1.3066034998987952,8.653656767296265,0.0,114.27213902421636,-41.736306912450125,0.150157252628091,0.0,75.65972229562439,-40.39126782920062,2.990529257285411,0.0,70.34832350877984,-37.130252724052355,1.586516103111629,0.0
131.99109078109097,-15.86253395106695,2.5317876500298606,0.0,91.83756318777016,-9.19954786404154,0.9894017529366295,0.0,80.10590340777637,-1.662280231225017,8.424508093101998,0.0,114.29401420345937,-41.75444173605627,0.12808315417325922,0.0,75.93095998945913,-40.91772760796801,3.282172593968803,0.0,70.36141700195252,-37.13598858763106,1.5645462532272116,0.0
132.01261697408756,-15.873868743275859,2.512960391784784,0.0,91.78403847116809,-9.19207826784331,0.9805165244340994,0.0,81.07757041040368,-2.057524918923317,8.196613056685594,0.0,114.3129239756469,-41.77182717382908,0.10394846772024913,0.0,76.2263868394801,-41.42373998800109,3.565152910940636,0.0,70.37587058240246,-37.141602250897,1.5489422467563045,0.0
132.02988197596716,-15.880045340500864,2.499231674639793,0.0,91.71998664482848,-9.185606998746568,0.9721407149112089,0.0,82.0228190412457,-2.4855041378229217,7.974280275578812,0.0,114.33133440137992,-41.78894082426144,0.07950957891400989,0.0,76.56946316051442,-41.88005909864626,3.838038610689342,0.0,70.39105383571373,-37.14829108051732,1.5394131906923523,0.0
132.04430299193987,-15.883996986935315,2.4877845671147956,0.0,91.655672822949,-9.182154822376607,0.9644295791506128,0.0,82.92008987055608,-2.9305078426487325,7.762013658109751,0.0,114.35195448437122,-41.80620880355817,0.056364152755179475,0.0,76.93196245212441,-42.31127663181625,4.108080141137273,0.0,70.40649868638859,-37.15748587231996,1.5339458777935633,0.0
132.05759286465872,-15.887906783946153,2.476563771805729,0.0,91.59971043017472,-9.18321913545529,0.9569410189418921,0.0,83.75203840307154,-3.371844210629349,7.562440157457134,0.0,114.37706409776817,-41.82393614638976,0.035611585070729035,0.0,77.31287863216265,-42.72637836159618,4.36525660127031,0.0,70.42203412357071,-37.17022492275794,1.529566298627909,0.0
132.07101094873724,-15.892629409185128,2.46463639634233,0.0,91.55779876989759,-9.189707066523031,0.948756928134042,0.0,84.50849626195279,-3.7895549520007776,7.374646044799556,0.0,114.40797376957316,-41.84231832827575,0.017849391672301707,0.0,77.72299861270469,-43.131269716428115,4.6045324267247825,0.0,70.4377440970082,-37.186591558894,1.523455492671454,0.0
132.08524271469346,-15.897967477511965,2.452107407585993,0.0,91.53224578763367,-9.201943894708236,0.9387598614456323,0.0,85.18669889614921,-4.169615588122555,7.193146130152732,0.0,114.4446769455044,-41.86144396704925,0.003366366527741249,0.0,78.17325836560825,-43.53381118224958,4.819042543225765,0.0,70.45376463866545,-37.205497019766526,1.5138537498811253,0.0
132.10067863490443,-15.903403439796378,2.4397503350017207,0.0,91.5222644955888,-9.219640102146712,0.9260444942590276,0.0,85.78971302999751,-4.507035619598393,7.0074713620603895,0.0,114.48572890795681,-41.88116848124476,-0.007755366612505199,0.0,78.6741578022085,-43.940279306664884,5.000156035629819,0.0,70.47002171140198,-37.224898216386215,1.5004698082925536,0.0
132.11761895769158,-15.908708798929393,2.4285777952150003,0.0,91.52489980371828,-9.241781841105503,0.9103681229836322,0.0,86.3242651300283,-4.80634079315261,6.802530965157752,0.0,114.52842118921524,-41.90086886526781,-0.015751080588348287,0.0,79.23361017199302,-44.353514657982714,5.13848203381834,0.0,70.48605586852095,-37.24233777756612,1.4843690726846148,0.0
132.13625911007466,-15.914155297182768,2.419514471332773,0.0,91.53619787932129,-9.266443897429646,0.8924684071716964,0.0,86.79869892971254,-5.079643013905107,6.56020542409129,0.0,114.56932037607261,-41.91929286615899,-0.02129340770044763,0.0,79.85514134668874,-44.771886592265176,5.224810841394027,0.0,70.5010463598413,-37.255585324945656,1.4674498610256244,0.0
132.15664027015046,-15.920417059241863,2.413192105714405,0.0,91.55221450893474,-9.29062375824972,0.8740840109522647,0.0,87.2212246451033,-5.342865025797173,6.262614395514996,0.0,114.6051091466413,-41.934751071574894,-0.025354067238493982,0.0,80.53718786430538,-45.18927464718881,5.250466469659239,0.0,70.51404492095786,-37.26316403954762,1.451701794032644,0.0
132.17867251953965,-15.928335020131847,2.4098088877134547,0.0,91.56970895328143,-9.31038465746278,0.8576062476718871,0.0,87.5984107845896,-5.610922639976712,5.896901059205444,0.0,114.63347702769966,-41.94567569074569,-0.02883279434374586,0.0,81.2738494789425,-45.59614702870637,5.207176793193707,0.0,70.52431035234567,-37.264633657105136,1.4384845765707226,0.0
132.20213764822995,-15.938608983720922,2.409053594085087,0.0,91.58657465023627,-9.321613379542516,0.8454238210579046,0.0,87.93406675264623,-5.8929095808545435,5.460364557440759,0.0,114.65374048432263,-41.951285676383755,-0.0322420473533338,0.0,82.05696093214044,-45.98136446057524,5.087053915359264,0.0,70.53157564864053,-37.26061092281584,1.4280539635969696,0.0
132.22660121773743,-15.951434150817315,2.41016033151981,0.0,91.60203179266594,-9.321340308916746,0.8391573336161784,0.0,88.22897285514058,-6.188560607279115,4.964002792648378,0.0,114.66697788782808,-41.95200676695272,-0.03566626044375454,0.0,82.87880705750405,-46.33397733184288,4.883251631745507,0.0,70.5361289656075,-37.25257914351854,1.4195121003349396,0.0
132.25130544912338,-15.966180598177548,2.4121095736830185,0.0,91.61649008695343,-9.309057572038583,0.8390548622346028,0.0,88.48185827671962,-6.487323093737977,4.432680989825819,0.0,114.67563748826845,-41.94943186304416,-0.038956694764610944,0.0,83.73445781762928,-46.64432380148594,4.591345343667448,0.0,70.53871053791029,-37.24254928932936,1.4112469358870978,0.0
132.27515609401027,-15.981319012288628,2.4138942407651225,0.0,91.63102257581191,-9.287261052456646,0.8437927107762118,0.0,88.69137519960691,-6.770886623387064,3.901350132117283,0.0,114.68273791788293,-41.94583396960994,-0.041978281618131774,0.0,84.62279542396585,-46.90416356368742,4.2108864480273756,0.0,70.54031330233815,-37.232632826265835,1.4017006818159388,0.0
132.2968679270172,-15.994774274930784,2.414747806588492,0.0,91.64660881278226,-9.260777654901434,0.8508133237292252,0.0,88.85803524650737,-7.018740606589033,3.4083297039754257,0.0,114.69092840678461,-41.94344272542263,-0.04477464382169494,0.0,85.54585453219035,-47.10609599113075,3.7463991416924483,0.0,70.5419720062225,-37.22461109716221,1.390097188078224,0.0
132.31527580636438,-16.00467914577764,2.4142799426200128,0.0,91.6634959938147,-9.235141817108232,0.857144361798234,0.0,88.98503687777941,-7.214738549927976,2.9876229628105957,0.0,114.70176645052378,-41.94380471047018,-0.04762210699640157,0.0,86.50680312817417,-47.242826205493444,3.207455777630674,0.0,70.54458459229619,-37.21960823051885,1.3767833894810781,0.0
132.3297276096087,-16.01020910635071,2.412509651184216,0.0,91.6809764499133,-9.214825746895048,0.8603948805231276,0.0,89.07783314541844,-7.351949439843713,2.662195030570171,0.0,114.71550422647233,-41.94750381205328,-0.05097776252514663,0.0,87.50735138128096,-47.30691162430965,2.6080915975662986,0.0,70.54878182355999,-37.217955390024485,1.3630710063665195,0.0
132.34036098526053,-16.012036219655982,2.4098034897597707,0.0,91.6976228094169,-9.202078532099394,0.8594777108487381,0.0,89.14327427325513,-7.433961762374918,2.4397161763039517,0.0,114.7314270264615,-41.95431271299655,-0.0553271347539539,0.0,88.54539033999424,-47.291500035590985,1.9661652726374363,0.0,70.55484451867119,-37.21927876224398,1.3506798836470146,0.0
132.34806679344186,-16.012109629220205,2.4067414692185363,0.0,91.71179293073806,-9.196653776134823,0.8547628730300669,0.0,89.18918772397114,-7.47260525639217,2.3119126312949874,0.0,114.74849353869419,-41.96360574373295,-0.060997963148231804,0.0,89.61341131026086,-47.19221758309282,1.3029947006210474,0.0,70.56266136102913,-37.222776031418036,1.3409909007401772,0.0
132.35413394307744,-16.012864864079443,2.4039529070636103,0.0,91.72216948607777,-9.19629115940992,0.8477347972934233,0.0,89.22435756003927,-7.483538453837096,2.2579412841209443,0.0,114.7658936006117,-41.97475910250294,-0.06807779232899236,0.0,90.69806631446116,-47.00974533601765,0.6429565686161105,0.0,70.57174280578383,-37.22757541782591,1.3343962821182647,0.0
132.35980071802342,-16.016284550144338,2.4019681463158857,0.0,91.72817550156944,-9.197664907881009,0.8404633089852762,0.0,89.25805856755092,-7.481657563491924,2.2508003081111116,0.0,114.78325515981447,-41.98735003048381,-0.07650441942938357,0.0,91.78113020878891,-46.75196048016557,0.012420583788806283,0.0,70.58133956293112,-37.23302006956914,1.3300994478370871,0.0
132.36597997672652,-16.02324495603831,2.401111844534203,0.0,91.7301877652589,-9.19750273235403,0.8351232395432149,0.0,89.29851069184966,-7.477880869065552,2.2644805642249217,0.0,114.80049733625441,-42.001130302440075,-0.08621928226522613,0.0,92.84183237035754,-46.43436450890309,-0.5622754864071258,0.0,70.59067294283405,-37.238763310553544,1.326543127921271,0.0
132.37324559168624,-16.033334072587657,2.4014417182779457,0.0,91.72951913578414,-9.193584760297636,0.8335672627769259,0.0,89.35067905322408,-7.477967796875569,2.279392272376164,0.0,114.81754431851245,-42.015846461932625,-0.09721746429702627,0.0,93.86000928616932,-46.078259499474896,-1.0575437063871878,0.0,70.59916589014493,-37.24470309252979,1.3221981116506143,0.0
132.38196031293214,-16.045075422128484,2.4027314528506327,0.0,91.72817282353608,-9.1853527172923,0.8368539957034855,0.0,89.41466151836113,-7.483115345695191,2.2846544461104106,0.0,114.83415207878316,-42.031011312162036,-0.1094585435277402,0.0,94.81922077885461,-45.707252505664925,-1.455398343785582,0.0,70.60653423134178,-37.25087500208146,1.3161997030943784,0.0
132.39238339898733,-16.056422980881653,2.404504667072752,0.0,91.72839233247343,-9.173956840449819,0.8447765481545257,0.0,89.48568370209864,-7.491497075022346,2.277315991129365,0.0,114.8499649941392,-42.04578118251307,-0.12271647031715283,0.0,95.70909055786242,-45.34327298404325,-1.7458219454993085,0.0,70.6127221545126,-37.25738027901947,1.3085337684803608,0.0
132.40468940645914,-16.065431556413408,2.4061414224457973,0.0,91.73206518086148,-9.16175735103699,0.8556545031219276,0.0,89.5557584292231,-7.499845755803678,2.2596619449190296,0.0,114.8647344606935,-42.059095090039925,-0.1364625021442869,0.0,96.52642111808524,-45.00323624859792,-1.9280914796975814,0.0,70.61778875003434,-37.264349224400206,1.299823912805337,0.0
132.4189003632666,-16.070961086914853,2.4070761050008276,0.0,91.7401147951805,-9.15148419773471,0.8666442672305621,0.0,89.6162279652457,-7.5045699888553425,2.2360953341167225,0.0,114.87853375198532,-42.070080733313276,-0.14989307369407,0.0,97.27492925930498,-44.6971314681087,-2.010762236138328,0.0,70.6218565885091,-37.27191874076307,1.2909513566249036,0.0
132.43476168821866,-16.073143066013152,2.4070381992875483,0.0,91.7520936896395,-9.145327844359162,0.874530836903201,0.0,89.66017754857326,-7.502415868643289,2.2107705050141924,0.0,114.89184392114703,-42.07853720212354,-0.16219923940310643,0.0,97.96378211712111,-44.42778863847475,-2.010269769705209,0.0,70.62515122237373,-37.280221596719265,1.282727639046426,0.0
132.45165542196816,-16.073338551526597,2.4061864184077297,0.0,91.76619357395981,-9.144218375089046,0.8766755224394824,0.0,89.6839592625059,-7.4909478803879,2.1865073397846064,0.0,114.90550767230303,-42.085243469249725,-0.17302276042623532,0.0,98.60537619507305,-44.191994594668984,-1.9481958287108014,0.0,70.62806855717288,-37.289398673807725,1.2757157580310317,0.0
132.4686862487273,-16.073559749065012,2.4050009670674584,0.0,91.77976467427013,-9.147523496594562,0.8717625912284923,0.0,89.68749613195193,-7.469019313504537,2.164873982794443,0.0,114.9206406720227,-42.09193433271109,-0.18285215253408893,0.0,99.21286509194815,-43.982381319846645,-1.84749996378976,0.0,70.63116296507967,-37.2996324229624,1.2701547481191504,0.0
132.4849778818162,-16.07563765089479,2.4039796813987095,0.0,91.79021286637104,-9.153316246199786,0.8601596440349049,0.0,89.67349671709675,-7.437156348953281,2.14690985744617,0.0,114.93857674050484,-42.10094472433047,-0.19308781035338107,0.0,99.79790121582884,-43.78964984874098,-1.7286465184501356,0.0,70.63499092961057,-37.31117367628178,1.2658921782415593,0.0
132.5000343143944,-16.08054662837607,2.403349427517739,0.0,91.79594351606394,-9.159188650092204,0.8438720056446982,0.0,89.646083494767,-7.397650203667734,2.1338413989347274,0.0,114.96083267053844,-42.11465974706423,-0.2056983205749745,0.0,100.36898368362677,-43.60472826347443,-1.6068595646168653,0.0,70.63986548928764,-37.32431980094548,1.2623143110805302,0.0
132.51393049824534,-16.088169402306704,2.4029818332327846,0.0,91.79697860807576,-9.163354128655794,0.826109087810039,0.0,89.60946694008427,-7.354216156837274,2.1272922796087634,0.0,114.98901013848759,-42.134947407384516,-0.22263032960733042,0.0,100.93067859217841,-43.42034141932049,-1.4912864359935636,0.0,70.64568475007104,-37.33931483886888,1.2583823615287297,0.0
132.52718426063888,-16.097522990182583,2.402543982803442,0.0,91.7950054488977,-9.165563791877286,0.8104638878542634,0.0,89.56713955162809,-7.311267129372315,2.1288299705666436,0.0,115.02457379356436,-42.162685309737604,-0.24523210472200496,0.0,101.48382272785217,-43.23152686294602,-1.386013892775832,0.0,70.65197177212629,-37.35618973296595,1.2528473229471295,0.0
132.54036298848152,-16.107253131531113,2.4017656284957027,0.0,91.79283115135456,-9.167284790741418,0.7998219381521832,0.0,89.5217356807799,-7.273032371996282,2.1390777743201816,0.0,115.06852693631429,-42.19742281197883,-0.27388842496542765,0.0,102.02660439572135,-43.03496767496691,-1.2921059594905646,0.0,70.65811143242021,-37.37461861367657,1.2445397244214078,0.0
132.55365981154824,-16.116147848868202,2.4006454785912617,0.0,91.79343441871123,-9.170863625049037,0.7953986186289637,0.0,89.47537204955562,-7.242813556029226,2.1568734642861447,0.0,115.1210705831494,-42.23724100434632,-0.3079418621116794,0.0,102.55613112587056,-42.8275510166117,-1.2094998821310288,0.0,70.66364272301888,-37.3938779225676,1.2325613171132535,0.0
132.5667032471612,-16.123485607331858,2.399474484538999,0.0,91.79898285030906,-9.178109901084376,0.7964307479236368,0.0,89.43011191286807,-7.2225855814314635,2.1789598854002996,0.0,115.18134511507483,-42.2789179858481,-0.3458621541067295,0.0,103.06990060515923,-42.605080497946716,-1.1379531537917895,0.0,70.66844981822271,-37.412945913423236,1.2163185930875695,0.0
132.5787135566389,-16.1291318986991,2.3986909452539447,0.0,91.81021694840194,-9.189274103145493,0.8006836155777162,0.0,89.3882730921164,-7.212988230652057,2.2004650877994685,0.0,115.24734351877913,-42.3184497309643,-0.3855383349755357,0.0,103.56665867435802,-42.36219004795068,-1.0770387061286897,0.0,70.67275446098473,-37.43071648168479,1.1954582174981443,0.0
132.588907709625,-16.133396554912196,2.398692735047172,0.0,91.82640196293973,-9.202956894842908,0.8054086898466899,0.0,89.35253930937206,-7.213620513066575,2.2160791081694846,0.0,115.31606624944776,-42.351833304688526,-0.42454573828499953,0.0,104.04638072180295,-42.093962539185,-1.0256905599802444,0.0,70.6768859696179,-37.446268566999834,1.169752130957944,0.0
132.5969334947996,-16.13675327955581,2.399723852914855,0.0,91.84577752048405,-9.216717705201017,0.808267411380605,0.0,89.32599827379963,-7.223499755865219,2.2215149734950987,0.0,115.3839290198548,-42.37590569056319,-0.4603401787443726,0.0,104.50930019480562,-41.79877919549441,-0.9815339453445766,0.0,70.68082144674781,-37.45915977135713,1.138781012896965,0.0
132.60312936418165,-16.139561361092944,2.401855932926484,0.0,91.86626614411526,-9.227985995837408,0.8079245708355405,0.0,89.31214471154158,-7.24154632881806,2.214696721614981,0.0,115.44732664766572,-42.389017759228295,-0.490495995526258,0.0,104.95420265533681,-41.48119494614342,-0.9399962275509859,0.0,70.68295686821322,-37.47003908791541,1.1000298203501035,0.0
132.60851172620778,-16.141898274160155,2.405008905999317,0.0,91.88613475233441,-9.23495439354255,0.8042123080087524,0.0,89.31463162491943,-7.266934028193104,2.1962175479550012,0.0,115.50316481469004,-42.39139672319904,-0.513136922938445,0.0,105.37685708766988,-41.153482049130076,-0.8937781384065042,0.0,70.68198122076056,-37.479486641930706,1.0553604457317132,0.0
132.61451745409508,-16.143554715560246,2.40895584277302,0.0,91.90436759696459,-9.237120284821918,0.7979260724654136,0.0,89.33644303609239,-7.299131379316625,2.1689204507425384,0.0,115.54918848370872,-42.38513486216404,-0.5275145970921145,0.0,105.76968476842308,-40.834731716964036,-0.83351319152424,0.0,70.6914613287808,-37.48031890038323,1.0341172683045272,0.0
132.62262049183664,-16.144195923172273,2.41330578734377,0.0,91.92068413855884,-9.235257122573891,0.7904152696553925,0.0,89.37847656246288,-7.337551378983738,2.1368297703229437,0.0,115.58407487357037,-42.37377429432614,-0.5344338541774647,0.0,106.12305679975883,-40.54718782094316,-0.7496632430203398,0.0,70.69996627257349,-37.47883010483664,1.0137264700920454,0.0
132.63395952293106,-16.143636238452288,2.4175046716013675,0.0,91.93529151046612,-9.230882946689672,0.7831406544200092,0.0,89.43813878900426,-7.380943408331543,2.103904327397645,0.0,115.6074154197259,-42.36149115537912,-0.536171361780287,0.0,106.42772370958052,-40.31079375681375,-0.6349659335971847,0.0,70.70708164301243,-37.475359980676096,0.9957872190087311,0.0
132.64906266539097,-16.14209910093241,2.420907185074503,0.0,91.94853194917407,-9.22554272479153,0.7773149448805423,0.0,89.50891473618354,-7.426882899054846,2.073069792769356,0.0,115.61974209970515,-42.352013848550044,-0.5357912143264336,0.0,106.67745658617126,-40.13799381167479,-0.4866971987806732,0.0,70.71282572538156,-37.47016047839423,0.9814157351993043,0.0
132.6676966133646,-16.140298330833872,2.4229358540590322,0.0,91.96060129845334,-9.22026512745273,0.7736761158364764,0.0,89.58152422213863,-7.4717760337310795,2.0457825509182737,0.0,115.62262181283003,-42.34759951228272,-0.5361543734331757,0.0,106.87097739899421,-40.03086670666018,-0.30823624171544406,0.0,70.71749339364564,-37.463525297457025,0.9709574726667647,0.0
132.68886151613617,-16.139247986893764,2.4232736639990513,0.0,91.97147910169126,-9.215398043455785,0.772393906672419,0.0,89.64638416947969,-7.511579377951639,2.0221343931840003,0.0,115.61867340045056,-42.34846793121234,-0.539120124320144,0.0,107.01245630206698,-39.981643762739516,-0.10941363414379968,0.0,70.72139805056443,-37.45593533722262,0.9639208642140815,0.0
132.7109747862942,-16.13987101679628,2.421989635907469,0.0,91.98109168048597,-9.210797646448597,0.7730886708035234,0.0,89.69630797815282,-7.542999293419722,2.001323847370733,0.0,115.61132644344679,-42.35293344030487,-0.5452827226095938,0.0,107.11030979922639,-39.97617221038777,0.09489144481009326,0.0,70.72466412639768,-37.44812586228882,0.9591217900183704,0.0
132.7322605927593,-16.14261587398793,2.4195135134582504,0.0,91.98957262956394,-9.206186392420104,0.7749458656229002,0.0,89.72826332592653,-7.56459275270141,1.982237535032132,0.0,115.60427475439987,-42.35816217850771,-0.5542306989854051,0.0,107.17486272374191,-39.99865812805741,0.28782043051024964,0.0,70.72717071133455,-37.44101976986226,0.9549849944230395,0.0
132.75126727094369,-16.147295160221834,2.4164420277941705,0.0,91.99741102966954,-9.201472344546385,0.776915806763764,0.0,89.74359062390864,-7.57722931009274,1.9639250469857643,0.0,115.60075847798755,-42.361224814747985,-0.5650493544573756,0.0,107.21604892350643,-40.03567060433751,0.45429201999305935,0.0,70.72865663130847,-37.43554154148897,0.9499457125891411,0.0
132.76733144852764,-16.153226929721235,2.413243988647432,0.0,92.00534961206893,-9.19689973084665,0.7779715208459432,0.0,89.74684854117098,-7.583730036821982,1.9458676933634766,0.0,115.60291356101314,-42.360047335026074,-0.5767633883068157,0.0,107.24204600862818,-40.078069679599004,0.5842180688045291,0.0,70.72891411038728,-37.43239087182747,0.9428749662802893,0.0
132.78077014698061,-16.159581250622942,2.4100100101824466,0.0,92.01405952627925,-9.192997581336526,0.7773641247858265,0.0,89.74392425080251,-7.587874039669323,1.9280427403330833,0.0,115.61142331292578,-42.353957710167656,-0.5885756714409744,0.0,107.2589911814305,-40.120716360593406,0.6742947291058314,0.0,70.72795879511142,-37.43187720434175,0.9334061374832388,0.0
132.79266257659435,-16.16572351714813,2.406411670565838,0.0,92.02376604595577,-9.190364764798852,0.7747969519369784,0.0,89.74014982050183,-7.593167298541111,1.9108333521386562,0.0,115.6255986857159,-42.34370031011507,-0.5999367974143777,0.0,107.27143446692567,-40.160802968897926,0.727984924639113,0.0,70.72609225471702,-37.433881389155744,0.922031427099391,0.0
132.8042842802027,-16.171362221426236,2.4019318320639655,0.0,92.03404283152058,-9.189387976021258,0.7704624819486812,0.0,89.73901810391803,-7.60179458117992,1.8948514326655594,0.0,115.64382853231325,-42.330984529971275,-0.6105513544439205,0.0,107.28307160109,-40.196003585415816,0.7538557136396351,0.0,70.72385106480299,-37.437938182575124,0.9099141196607867,0.0
132.81647427239525,-16.176440623149155,2.396242513354448,0.0,92.04390627549184,-9.190030776344667,0.7649453324347082,0.0,89.74175972242693,-7.614075658141182,1.880735742620356,0.0,115.66417500903077,-42.31778926050962,-0.6203702181638935,0.0,107.29735736644476,-40.22339609592564,0.7629143002041818,0.0,70.72189715986124,-37.44337736043362,0.8984878490047574,0.0
132.82927871501212,-16.180879457247062,2.3894962134919933,0.0,92.05217829518156,-9.191802495255526,0.7590494387439302,0.0,89.74765619229689,-7.628573047954107,1.8689598569078214,0.0,115.68485804801747,-42.305695024770664,-0.629528249818522,0.0,107.31771498398446,-40.23951810538435,0.7657986499225906,0.0,70.7208971696127,-37.44946529333175,0.8890010134113275,0.0
132.84205082908304,-16.18436914406705,2.3823661667338882,0.0,92.05795021863614,-9.193908854909974,0.7536182453011522,0.0,89.75474228809294,-7.642788963047829,1.8596589612720908,0.0,115.70449122634908,-42.29545523817383,-0.6381800301588552,0.0,107.34724245673115,-40.24132050289335,0.7705640750186591,0.0,70.7213957552544,-37.45552895222353,0.8821655835952633,0.0
132.8539127820529,-16.186367328858264,2.375848653944553,0.0,92.06095210130835,-9.195493150000466,0.7493881625538608,0.0,89.76058907014065,-7.654179198785833,1.852501300945237,0.0,115.72209965697995,-42.28691050267225,-0.6462651133066828,0.0,107.38806014179771,-40.22741390344555,0.7814953500947617,0.0,70.7236783677976,-37.46105796445521,0.8780031395502963,0.0
132.8642920594953,-16.18632320559322,2.3709677335924457,0.0,92.06169892935304,-9.195872444225543,0.7468828007207282,0.0,89.76304263460145,-7.661071644171027,1.8466861164003259,0.0,115.73705055115965,-42.2792400641966,-0.6533168674853762,0.0,107.4406330536235,-40.198948917008806,0.7990329290281641,0.0,70.72765214124537,-37.46576137032991,0.8759015881946421,0.0
132.87323397907116,-16.184011072040505,2.368522301406246,0.0,92.06137181168224,-9.1947256907089,0.7463426208088988,0.0,89.76093071488678,-7.663108083478065,1.8411711140200087,0.0,115.74900746821298,-42.27143710871283,-0.6584607181694153,0.0,107.50342173325384,-40.15968703232037,0.820622810190498,0.0,70.73279860675889,-37.4695581620157,0.8748460028238423,0.0
132.8813449282743,-16.17978022786968,2.3689290381398713,0.0,92.06145555904088,-9.192227269400533,0.7476930097508152,0.0,89.75472248772812,-7.66106700005064,1.835143194984635,0.0,115.75792105277587,-42.26283653018899,-0.6606719013962206,0.0,107.57306060264672,-40.11518876172114,0.8421182884549889,0.0,70.7382356354229,-37.472519163093,0.8737618880941209,0.0
132.88944195775443,-16.174551635369603,2.372136794834134,0.0,92.06321501496772,-9.189110468450421,0.7505675705198591,0.0,89.74696711011185,-7.656257220652716,1.8285679740411478,0.0,115.76399786612672,-42.253543918874485,-0.6591697102897722,0.0,107.64503893096061,-40.07142079658315,0.8592948166631693,0.0,70.74288803062016,-37.47480183571292,0.871881099890663,0.0
132.89811934697647,-16.169521353973657,2.377607494426517,0.0,92.0671688788311,-9.186610554158722,0.7543994518267647,0.0,89.74219291747643,-7.6498844402511335,1.8225114054575542,0.0,115.76761998567916,-42.24462502125041,-0.6537030813290876,0.0,107.71468904958806,-40.03331563769565,0.8690713907228131,0.0,70.74573844425274,-37.47660166946117,0.8690113919365032,0.0
132.907406121551,-16.165723130232447,2.3844550961401065,0.0,92.07278259413457,-9.186233672796696,0.7585626877032565,0.0,89.74597575274967,-7.642746395794803,1.8189522976861134,0.0,115.76926323859107,-42.23790216087895,-0.6446090780534259,0.0,107.7782071075967,-40.00380983260088,0.870147260574516,0.0,70.74611472425784,-37.47811796724283,0.8655941754882139,0.0
132.9166117741878,-16.163712316841032,2.391808754976161,0.0,92.07860217418761,-9.189380104305787,0.762509343940792,0.0,89.76314545109028,-7.63535835104139,1.8200264819297907,0.0,115.76945355708077,-42.23531778062498,-0.6327472102375431,0.0,107.83341940716203,-39.98365199835393,0.8629702041763903,0.0,70.74394693168514,-37.479528852702494,0.8624981112202033,0.0
132.92447154719633,-16.1635273599413,2.399223510978116,0.0,92.08294247734794,-9.196957915370007,0.7658536060856864,0.0,89.7955394226725,-7.6283420625683025,1.826949461713772,0.0,115.76870669187971,-42.238084840357836,-0.6194473514908392,0.0,107.88006357451789,-39.97192837306723,0.8492094625666065,0.0,70.73989944414147,-37.48097879032083,0.8606095622945222,0.0
132.92965212972,-16.16488070560351,2.4068035620762807,0.0,92.08501484499143,-9.209101652677413,0.7684265489664241,0.0,89.84015121365874,-7.622818806486771,1.8390696894992935,0.0,115.76736814515063,-42.24602591401805,-0.6064614413628888,0.0,107.91951397881641,-39.966967237997345,0.8310708225867867,0.0,70.73528892856994,-37.482583008107035,0.8603942176592447,0.0
132.93144223942454,-16.167444429985625,2.4149039862879356,0.0,92.08612713231017,-9.224976017527137,0.7704050239978857,0.0,89.88868533657673,-7.620656297359409,1.853491582694053,0.0,115.7653943750006,-42.25742920776446,-0.5958178789029365,0.0,107.95414663708416,-39.96717995113414,0.8107389536959015,0.0,70.73176595550696,-37.48444468790566,0.861644268825069,0.0
132.9302715752338,-16.171116079668206,2.423609678592527,0.0,92.0904767821166,-9.242596423339664,0.7726134964225322,0.0,89.9291778222663,-7.624545498741121,1.8655079023316894,0.0,115.76225521786401,-42.2694912973836,-0.5895515263722189,0.0,107.98677699898478,-39.97148820370284,0.7900169640581964,0.0,70.73084069278246,-37.486670385838025,0.8635437554675676,0.0
132.9277864004253,-16.176156926425186,2.432319593802106,0.0,92.10513980027766,-9.25868169940745,0.7770117902237113,0.0,89.94947895428963,-7.6378410353430315,1.8698024325396467,0.0,115.75711909898556,-42.27916853817678,-0.5894031797246395,0.0,108.02054656958941,-39.979192017782935,0.7700779841205936,0.0,70.7334115448706,-37.48937086516396,0.8650090624549645,0.0
132.92644268243026,-16.18309345216115,2.439675432643666,0.0,92.13906847468347,-9.268634326593673,0.7872755883984945,0.0,89.9414202898154,-7.66397163271321,1.8620956988252146,0.0,115.74933601716614,-42.2841619280535,-0.5965926703940347,0.0,108.05916626964263,-39.989384287351385,0.7513201261410885,0.0,70.73946926180588,-37.49265139338649,0.8651049317536206,0.0
132.9287753951501,-16.192352576083646,2.443906524425058,0.0,92.20120893195637,-9.266756318074524,0.8092667208437394,0.0,89.90400574276212,-7.705303088789817,1.8406655331703163,0.0,115.73907082357114,-42.28381572899917,-0.611654604441469,0.0,108.10691386203115,-40.00026960848536,0.7334807561714509,0.0,70.74809475607539,-37.49660572469726,0.8633148635485295,0.0
132.93661233146352,-16.203771885996527,2.44348981055513,0.0,92.29824254445204,-9.246786444138067,0.8510804903449793,0.0,89.84427127306567,-7.761729486629514,1.8071073713942187,0.0,115.72780434709671,-42.279733488861865,-0.6342877793879289,0.0,108.16783609775952,-40.00886476940228,0.7160606263260956,0.0,70.75776546713335,-37.50131505634019,0.8595662397605466,0.0
132.9505259206283,-16.216269540047907,2.437868249996143,0.0,92.43283410096369,-9.202784913088916,0.9223404697822328,0.0,89.77535910998446,-7.829670352288205,1.7659592207514265,0.0,115.71837042362517,-42.275799119615044,-0.663330066153339,0.0,108.24425227243233,-40.01140932564153,0.6987941150222081,0.0,70.76686988581399,-37.506830400362965,0.8540698305315004,0.0
132.9697367997456,-16.227942540126943,2.42789793589783,0.0,92.60334068439323,-9.130236352336965,1.0326467922764238,0.0,89.71250240544427,-7.902094686990658,1.7233843909848972,0.0,115.71433158201154,-42.27730388433893,-0.6970591590745876,0.0,108.33526022530745,-40.004444386224726,0.6818594374368292,0.0,70.77425372102402,-37.51310623410641,0.8471177203769482,0.0
132.99249026258664,-16.236663383552997,2.4157900955431035,0.0,92.80544413192466,-9.02700758580013,1.1895750885697804,0.0,89.66857677797172,-7.969636511546617,1.685615633833331,0.0,115.7188107324198,-42.28925851952792,-0.7338040430100623,0.0,108.43608418654806,-39.98613055159504,0.6657836322212916,0.0,70.77961093393203,-37.51987322762284,0.8389573847909038,0.0
133.01671771213816,-16.240958198334155,2.4045401723512114,0.0,93.03522836240408,-8.893669794275223,1.3970730043182567,0.0,89.65100060425543,-8.022344655756989,1.6578464802929158,0.0,115.7332209937196,-42.31450456729995,-0.7725344955555311,0.0,108.53878265599937,-39.95721072527347,0.6511995870351042,0.0,70.78357509488491,-37.52649869597355,0.8297676966689913,0.0
133.04071860769213,-16.24074053130083,2.3970356123185237,0.0,93.29232936173972,-8.732890193148572,1.6551279952016236,0.0,89.660830080162,-8.051583609488116,1.643721586395941,0.0,115.75646132348736,-42.35252317616438,-0.81300256671115,0.0,108.63420624378699,-39.921187640187405,0.6386246279803549,0.0,70.78745098168406,-37.531952141457204,0.8196904171114578,0.0
133.0636568256252,-16.23750066699322,2.395141081233314,0.0,93.58148293370817,-8.548130034068608,1.9610208636990114,0.0,89.69368948932829,-8.051865713180238,1.6450870725735314,0.0,115.78499323511382,-42.39958505607632,-0.8552723338123922,0.0,108.71447679347483,-39.88362692780427,0.6283351322800668,0.0,70.79265861924173,-37.534990260025204,0.8088774760638948,0.0
133.08573208518752,-16.233818791467662,2.399102218052855,0.0,93.91134137397427,-8.342465978539234,2.31149078587689,0.0,89.74166444565283,-8.022417689227813,1.6616657944452573,0.0,115.81385592079347,-42.4501518042888,-0.8989308520100554,0.0,108.77501190909618,-39.8507922191584,0.6203208055484399,0.0,70.80010389417663,-37.53456380661671,0.7975674690841199,0.0
133.1079477477032,-16.23240944939601,2.407516352993616,0.0,94.29069457936959,-8.118461288119189,2.7042468092131866,0.0,89.79549168703969,-7.9679643606371116,1.6907310733862726,0.0,115.83825349812304,-42.4987456050217,-0.9425217605162821,0.0,108.81536045373305,-39.82802176824868,0.6142939181735239,0.0,70.80974648065768,-37.530295678059964,0.7862120474317287,0.0
133.1315230131332,-16.23512134087439,2.4178423346442504,0.0,94.72367341442789,-7.879295458830141,3.1373043427764147,0.0,89.84667848192178,-7.898029671951905,1.7272298402741129,0.0,115.85506419485608,-42.54139634606562,-0.9835511615507286,0.0,108.83867201518912,-39.81836735248406,0.6097660218436705,0.0,70.82055231823907,-37.52279203624466,0.7756044717929136,0.0
133.15715674892246,-16.242319686406855,2.4271548323775374,0.0,95.20632256556496,-7.630237843575353,3.606079345564246,0.0,89.88920337644115,-7.824536477045405,1.764754311855219,0.0,115.86367118568748,-42.5762219235524,-1.019032371415566,0.0,108.85019118702819,-39.821936882349526,0.6061879974062743,0.0,70.83084852995492,-37.513588186391985,0.766892132640768,0.0
133.18445380710293,-16.25288764548109,2.4328291942795257,0.0,95.72649634458011,-7.379128774178371,4.1001464564840076,0.0,89.92036837440179,-7.758497778515215,1.7972322887424141,0.0,115.86586969700231,-42.6032126784234,-1.0463237412127615,0.0,108.85547589974085,-39.836104089867824,0.6030891090588781,0.0,70.83893604951999,-37.50469992922606,0.7613712958386021,0.0
133.21179895175206,-16.264812693813614,2.4330544772358067,0.0,96.26742242611182,-7.13533510711356,4.6022014501636095,0.0,89.94056842423345,-7.707260436434214,1.8206201742212542,0.0,115.86501869285901,-42.623548166022125,-1.0639875457027799,0.0,108.85899807979636,-39.85644588415925,0.6001455902824713,0.0,70.84371116480965,-37.49796799496241,0.7600786261147956,0.0
133.23677487708161,-16.27609063639081,2.427242174083606,0.0,96.81336334990866,-6.907834018356109,5.090358339673445,0.0,89.95222775080231,-7.673424078999891,1.8337771620415158,0.0,115.86486423606028,-42.63879556156668,-1.0724050882101945,0.0,108.86349985459466,-39.87806924627872,0.5971764225589755,0.0,70.84503798419101,-37.49449814551069,0.7633333486397103,0.0
133.25697558411017,-16.285535785448918,2.416292092891471,0.0,97.35479358339036,-6.703512033119763,5.542788886435279,0.0,89.9585044399854,-7.655561440184758,1.838168803329614,0.0,115.86849393967223,-42.65025954799998,-1.0739099212137795,0.0,108.87011591141079,-39.89689679124785,0.5941242237991773,0.0,70.84372691030441,-37.494427843026926,0.7704471467632477,0.0
133.27092072688046,-16.293098104909337,2.4024602925333465,0.0,97.89097560166596,-6.526332632194354,5.9425749139976025,0.0,89.96228943060838,-7.650036531124852,1.8366965614866455,0.0,115.87771150281984,-42.65865434631805,-1.0723110887695189,0.0,108.87897438344542,-39.910519333401716,0.5910673925839145,0.0,70.84116161099841,-37.497060337219196,0.779766924878377,0.0
133.2787537475062,-16.299535651617816,2.38865908202329,0.0,98.42923713663316,-6.37741017972178,6.280883420523087,0.0,89.9656876067684,-7.652941720993861,1.8323280581447516,0.0,115.89287036391507,-42.664152728736504,-1.071882522628755,0.0,108.88987109345119,-39.918428188073705,0.5882399548741049,0.0,70.83876263694046,-37.50123296436217,0.7890810098129286,0.0
133.2824571076313,-16.305677308724317,2.377423750087681,0.0,98.98167421116894,-6.25570322338916,6.557518627002951,0.0,89.96991287845631,-7.661374412776995,1.8271404136204463,0.0,115.91304346655541,-42.66672215268062,-1.0761271020770753,0.0,108.90271838079484,-39.92170074805328,0.5859816013187249,0.0,70.83750580956458,-37.505717200133034,0.7962676907405424,0.0
133.2854479980322,-16.3117545515563,2.370046259639759,0.0,99.56085106406404,-6.158966335359631,6.778932116222384,0.0,89.97550298632869,-7.673758983574335,1.8220318095176093,0.0,115.93639253743753,-42.66652917941605,-1.0867629822278175,0.0,108.9176997198037,-39.92236118654983,0.5845627087866045,0.0,70.83765232136932,-37.50950300858807,0.7999592885002347,0.0
133.29162935787176,-16.317201196407638,2.3662563833273733,0.0,100.17618953053524,-6.084621794453817,6.954668686311728,0.0,89.98282490877466,-7.689435695932849,1.8169965010918716,0.0,115.96065870228693,-42.66417046188146,-1.1033213641321975,0.0,108.9352235088771,-39.922651160589105,0.5839283376400228,0.0,70.83875948856368,-37.51194589284666,0.7999728561077415,0.0
133.30417944229015,-16.321010159759137,2.364563421581847,0.0,100.83220752365425,-6.030315595559898,7.093806151854357,0.0,89.99276076522263,-7.70799366489124,1.811683094112107,0.0,115.98372877986453,-42.660607844506586,-1.1234946628263422,0.0,108.95576845306074,-39.92440884929571,0.583522517352943,0.0,70.83995692464572,-37.512834636299615,0.7973296092391351,0.0
133.3244731419829,-16.322413253585275,2.3631607102082075,0.0,101.52885240802281,-5.99410475249168,7.202904595918723,0.0,90.00721025503665,-7.72873361328487,1.8059501647055125,0.0,116.00420011918779,-42.656865563292605,-1.1440658279334368,0.0,108.97964565118099,-39.92869385271078,0.5823927227702459,0.0,70.84038728179468,-37.51239143511913,0.7938355490095663,0.0
133.35151638097952,-16.321472909999933,2.361061433005135,0.0,102.2633083102569,-5.974382262920514,7.286212080265052,0.0,90.02891087480971,-7.750410239266754,1.8002044048034147,0.0,116.02179641905296,-42.65367082423838,-1.1620459130238263,0.0,109.006711144565,-39.93569193682242,0.5796561631406512,0.0,70.83963735552727,-37.51112560581313,0.791373781134288,0.0
133.38215655768792,-16.31921801879598,2.3589010403072876,0.0,103.03218583332769,-5.9696967526888205,7.347720825373184,0.0,90.06034134784295,-7.77124172951461,1.7954085693898278,0.0,116.03745390107532,-42.65123575107035,-1.1756150242141725,0.0,109.0361481998382,-39.944827980361396,0.5751641906297049,0.0,70.83797792618424,-37.509496752017036,0.7911790170724728,0.0
133.41210828994875,-16.317208299246296,2.3588895503300495,0.0,103.83303202929218,-5.97860500349565,7.393727617715861,0.0,90.10204196645826,-7.789112579236354,1.79276744020064,0.0,116.05297987107234,-42.6492970957975,-1.1845668963416678,0.0,109.06648539270628,-39.95497219611274,0.569994359721294,0.0,70.83631744947417,-37.50751958323182,0.7933668519579093,0.0
133.43751355688306,-16.316742093435856,2.3638448800646206,0.0,104.66453255251066,-5.9996743229134,7.434306448073985,0.0,90.15119618861887,-7.801898101721614,1.7932182762855007,0.0,116.07037351378209,-42.647375976078784,-1.190149004366683,0.0,109.09594989113445,-39.964647374571754,0.5664111755771373,0.0,70.83590512098776,-37.5045730830048,0.7968867210726103,0.0
133.45644215303003,-16.318131621145582,2.375781357230748,0.0,105.5254218018917,-6.031695671088009,7.482665117211201,0.0,90.2014455333578,-7.807901417419008,1.7969467113313016,0.0,116.09107481207963,-42.64506994647601,-1.1944178191905053,0.0,109.12309400913142,-39.97219653342103,0.5672052929485965,0.0,70.83791633926946,-37.49960438093759,0.7999140491196428,0.0
133.4696521935997,-16.32043415648237,2.394770368295225,0.0,106.41272062468819,-6.074020303568528,7.552423394972864,0.0,90.2444597291156,-7.806433718850736,1.803180238683126,0.0,116.1154500404347,-42.64216371992573,-1.199398558030337,0.0,109.1474338713159,-39.97593364998066,0.5747280524607064,0.0,70.84308458722205,-37.49168449972424,0.8005449413038814,0.0
133.48022851131162,-16.3217812092208,2.4186176340951526,0.0,107.32022999817303,-6.126777679594653,7.6538562417238145,0.0,90.272815339736,-7.798449126688585,1.8103991213876736,0.0,116.1427047896778,-42.63848570672424,-1.2063650495789329,0.0,109.16972551909552,-39.97435358544319,0.5902187833676305,0.0,70.85150822948529,-37.48064072289963,0.7975409013418933,0.0
133.49227180292453,-16.32013686145859,2.4434602163056756,0.0,108.23807026060732,-6.190750488367922,7.790615793208733,0.0,90.28279556664644,-7.786908777133379,1.8168508538154153,0.0,116.17121441316507,-42.63364038120983,-1.2154576136156816,0.0,109.19167466851465,-39.96645335656292,0.6138303967402585,0.0,70.86267247154106,-37.46740236818724,0.7908332210874764,0.0
133.50927056088656,-16.31411138053564,2.4649525092621385,0.0,109.15353882756708,-6.266908290399741,7.9582355630453,0.0,90.27560769694114,-7.776455948204285,1.8210643854368058,0.0,116.19909945474662,-42.626849150850575,-1.22572390146175,0.0,109.2152586497784,-39.95210121823735,0.6451769600507617,0.0,70.87563489026728,-37.45381541875132,0.7815820232695678,0.0
133.53287557701532,-16.3034584438155,2.4795376372548876,0.0,110.05295584580092,-6.355854504698023,8.14499278320395,0.0,90.25647295745675,-7.77222640496942,1.8221424017400114,0.0,116.2248312262075,-42.617060756420216,-1.2355436330332115,0.0,109.24200283739356,-39.93228234502942,0.6839121228226936,0.0,70.88929020644659,-37.44196133718905,0.7717746036327533,0.0
133.5625046438028,-16.2890662671533,2.4853980014443824,0.0,110.92379640620098,-6.457518025744871,8.334786121627024,0.0,90.23236870138479,-7.7780776048841815,1.819858236744178,0.0,116.24770679922521,-42.603314456392674,-1.2432749067313331,0.0,109.2723829317563,-39.9090424261563,0.730075055836501,0.0,70.90265241541877,-37.43331035207731,0.7635329933738717,0.0
133.5957463650554,-16.272500146500562,2.482860413550412,0.0,111.75640473706198,-6.5712651164256926,8.51094881152283,0.0,90.20982888347451,-7.794895277511938,1.8146879152813469,0.0,116.26809594390222,-42.585188119494845,-1.2478626706592344,0.0,109.30536820068627,-39.88507825032374,0.7842927374531747,0.0,70.9150994076502,-37.42816336960631,0.7583907797677547,0.0
133.62920017055487,-16.255349509579403,2.4741950817813176,0.0,112.54486146805161,-6.696329903344715,8.65966217982945,0.0,90.19374079435399,-7.819732548608363,1.807780549549543,0.0,116.287390087674,-42.563117933535715,-1.2491545865797082,0.0,109.33818583455023,-39.86311582653683,0.8480202144511395,0.0,70.9264943678453,-37.42567680567884,0.7568013130426241,0.0
133.65937299394798,-16.238690289663786,2.462909876043419,0.0,113.28693319335483,-6.83225671234986,8.771941448444375,0.0,90.18713083898184,-7.84631269147425,1.80074888700325,0.0,116.30761081059948,-42.53843034041882,-1.2478119991228898,0.0,109.36651939624598,-39.845273269688505,0.9238121746057555,0.0,70.93710961898877,-37.424405372977986,0.7580753742196684,0.0
133.6834684603866,-16.22286569977726,2.4527842469941206,0.0,113.98331434685034,-6.979053763977339,8.8438338919727,0.0,90.1913919275185,-7.866875004754888,1.7952577323467072,0.0,116.33072184512633,-42.513038006698956,-1.2449127850722608,0.0,109.38532177860023,-39.83246794137793,1.0153581066176578,0.0,70.94738936740093,-37.423002515941675,0.7607863142723073,0.0
133.70006056150532,-16.207593854499372,2.446936870069374,0.0,114.63651741788452,-7.136953907537512,8.87516492205814,0.0,90.20651098431745,-7.874642905073461,1.7925963573636725,0.0,116.3578412246384,-42.48888150743395,-1.2414837183473715,0.0,109.39016445591682,-39.82382473289813,1.1269456776687932,0.0,70.95770135646544,-37.42070165374683,0.7634456996721326,0.0
133.7095620196213,-16.19227354137349,2.44714393643045,0.0,115.24979028146818,-7.305915500719085,8.867631923985858,0.0,90.23120682218456,-7.865832252289915,1.7934666398345414,0.0,116.3886873543707,-42.467313828123906,-1.2381830737542128,0.0,109.37870920081544,-39.816170948359954,1.262252345518073,0.0,70.96820587193972,-37.41742550867457,0.7650995915666297,0.0
133.71423266708942,-16.17635337442644,2.4535046501273214,0.0,115.82635213177663,-7.485129885863792,8.823149112609574,0.0,90.26309169170229,-7.840428627500092,1.7980385212047008,0.0,116.42157491195688,-42.44867927787638,-1.2352118568806638,0.0,109.35172922363495,-39.80393466950813,1.4227406811489391,0.0,70.97884776208693,-37.41361212210452,0.7655734840975281,0.0
133.71752626098336,-16.159688954848882,2.464506256956156,0.0,116.36903424352549,-7.6727729375396265,8.74306406347483,0.0,90.29897217160217,-7.801663946772179,1.8061371834217486,0.0,116.4540246567814,-42.432273022151776,-1.232392134875374,0.0,109.3132711175589,-39.77982454619941,1.6061965948784618,0.0,70.98940347764744,-37.40993799515543,0.7653396225601963,0.0
133.72291740053493,-16.142821822061563,2.4775446194579693,0.0,116.88014720762834,-7.8660815266672675,8.628324525229461,0.0,90.33531658854334,-7.754670149078791,1.8174077241774569,0.0,116.48368748794785,-42.41668689090815,-1.2293131522334573,0.0,109.26990761771816,-39.7364408016312,1.8060019438480026,0.0,70.99953123860567,-37.4070760308507,0.7651789084536276,0.0
133.73272407287138,-16.1270485103268,2.4898563911987406,0.0,117.36128273870436,-8.06167103259308,8.480158755201776,0.0,90.36881139777014,-7.704944807321952,1.8313963425325799,0.0,116.50909527434315,-42.40037048760075,-1.2254878190115477,0.0,109.22932261966983,-39.66851392227578,2.011560058599052,0.0,71.00880516586624,-37.40555028596534,0.7658417506651585,0.0
133.74750656120887,-16.11411788079149,2.499585877162829,0.0,117.8129683286188,-8.255971704264494,8.300633292162148,0.0,90.39685376127878,-7.6571321936681915,1.847560444678738,0.0,116.52990753231306,-42.3821826318015,-1.2204935700424286,0.0,109.19859531756053,-39.5749769788252,2.2098912774245516,0.0,71.01673398086936,-37.405688714389434,0.7678335691388902,0.0
133.76627880620504,-16.105525939454914,2.5065283736652404,0.0,118.2344560094675,-8.445746196178321,8.092658693553432,0.0,90.4178234344307,-7.614382072064761,1.8652320635808746,0.0,116.54666938696079,-42.36176219050659,-1.214065844131543,0.0,109.18259303231886,-39.45987681837076,2.387955910863486,0.0,71.02279427765413,-37.40762245815235,0.7713554219464349,0.0
133.7872595400592,-16.101642242465633,2.5121644100036082,0.0,118.62403982595636,-8.628701994456058,7.859453733714385,0.0,90.43105475234492,-7.5783122538189,1.8835464319578534,0.0,116.56033420610802,-42.3396222083534,-1.2061274599623584,0.0,109.18289589671818,-39.331516161793296,2.535031039823261,0.0,71.0265274666924,-37.41125808661389,0.7763540829592284,0.0
133.80861120681962,-16.1011115485861,2.5189271462967984,0.0,118.9800024445858,-8.804123304444587,7.6038482153435085,0.0,90.43656414768873,-7.549406739526257,1.901360199266204,0.0,116.57180387028468,-42.31694420687084,-1.1967935852286242,0.0,109.19758937910935,-39.200091543947615,2.6445514933302903,0.0,71.02771128127151,-37.416200594421596,0.7825910485942966,0.0
133.82875537005458,-16.100937983552775,2.5290210723652784,0.0,119.30186032720107,-8.973289934842871,7.327894303593386,0.0,90.4347258612556,-7.527542744809959,1.9172352418469831,0.0,116.5816024948664,-42.295152578906915,-1.1864076385596878,0.0,109.22201017521121,-39.07488414898524,2.715053246639526,0.0,71.02654038118071,-37.42170131336813,0.7896560522719778,0.0
133.84625375937912,-16.09734087095,2.543304379594124,0.0,119.5913771215269,-9.139390235081466,7.0330752791766225,0.0,90.4261386481031,-7.5123167873970464,1.9296006194217252,0.0,116.58969425260833,-42.27545537732223,-1.175580212773884,0.0,109.25019233238788,-38.96221211099314,2.750064378312734,0.0,71.0237162741439,-37.426739351383546,0.7969334553481904,0.0
133.85958309921546,-16.08704632693875,2.5606927084556776,0.0,119.85294172371644,-9.306774750140152,6.721096020564896,0.0,90.41180349624484,-7.503010686010417,1.9371434816215665,0.0,116.59545089726485,-42.25855106267892,-1.1651162866456435,0.0,109.27650080463278,-38.86480830677562,2.7569816461732852,0.0,71.02038764525172,-37.430261679060905,0.803609880732747,0.0
133.8671873264927,-16.06843855023673,2.5783284518395373,0.0,120.09319834882442,-9.479693001107016,6.394952061633094,0.0,90.3934652207846,-7.498354569016257,1.9393099784040135,0.0,116.59780485123153,-42.244584963876704,-1.1557639569756315,0.0,109.29690344656906,-38.782481181864924,2.745210652508625,0.0,71.01794577828292,-37.431486678513515,0.8087995100485408,0.0
133.8679392844784,-16.042114088645796,2.5924937781889206,0.0,120.32009344681846,-9.660937145073639,6.059802005145673,0.0,90.37376039636001,-7.496459729741618,1.9366418572728499,0.0,116.59560028255682,-42.23328557576904,-1.1478794587242653,0.0,109.30954689491169,-38.71337255493864,2.724085401943471,0.0,71.01771590714685,-37.4301321101167,0.8117668068266557,0.0
133.86175961167964,-16.010740713587722,2.599980235494071,0.0,120.54167821641477,-9.85091102266254,5.723184488895908,0.0,90.35588391890691,-7.4951731165203785,1.9306993090045896,0.0,116.58807433536519,-42.224132550102006,-1.1412171848372328,0.0,109.31464148070307,-38.6551001674296,2.7011724279020886,0.0,71.02060813163598,-37.42646512181473,0.81214736644338,0.0
133.84993079586783,-15.978412986589937,2.5994132118973745,0.0,120.76502743036554,-10.047491292322148,5.394342966991121,0.0,90.34282219735334,-7.492727524233215,1.9235516840520201,0.0,116.57532537824703,-42.216437921998754,-1.1350107081916168,0.0,109.31392705037224,-38.60543166020327,2.6813948208465987,0.0,71.02682538356524,-37.421130922065494,0.8100723916545256,0.0
133.83482578489568,-15.949743789992109,2.5919671507334527,0.0,120.99549951757322,-10.246709324184732,5.082764171862177,0.0,90.3365187284837,-7.488288630100254,1.9170829855184817,0.0,116.55859479338758,-42.20932782116311,-1.1283431613081767,0.0,109.31004431842035,-38.56252219566325,2.6670324668452032,0.0,71.03574713947307,-37.414797086220204,0.8061554071846704,0.0
133.819213006035,-15.92884015147893,2.5810983659969366,0.0,121.23634147918939,-10.443914191022053,4.796322327567792,0.0,90.33738028620327,-7.482077646448903,1.912459491419682,0.0,116.54020731553311,-42.20172911720651,-1.1206202441044955,0.0,109.30597602827065,-38.52490278862665,2.6582963524865573,0.0,71.04607454445468,-37.40777132564943,0.8013403697341595,0.0
133.80559366752047,-15.918280127284818,2.5713326783241417,0.0,121.48846930458103,-10.634901172918758,4.539505704795573,0.0,90.34431918914852,-7.475057787925438,1.9099921912371798,0.0,116.52309705583538,-42.19250171075215,-1.1118709808163576,0.0,109.30451831352536,-38.491364921749174,2.654072898771439,0.0,71.05623063806979,-37.399841253825066,0.7966317048630014,0.0
133.79589862561613,-15.91829172546393,2.5665773664574267,0.0,121.75025644480371,-10.816636717537799,4.312117782500512,0.0,90.35525900188522,-7.468417848186963,1.9093883802188714,0.0,116.51000694805921,-42.18075332720154,-1.1026918276063142,0.0,109.30771452748816,-38.46082822164973,2.652595815387105,0.0,71.06489762265876,-37.39051928066337,0.7927628069028572,0.0
133.79148364456702,-15.926433635480716,2.568666708047001,0.0,122.01734539817211,-10.987529484655838,4.10874363284898,0.0,90.3678578392187,-7.463110514097282,1.910173552555511,0.0,116.50262872465346,-42.16619811209029,-1.0938832256220952,0.0,109.31635215925677,-38.432256708023,2.6519939960825276,0.0,71.07150063461523,-37.37963226603234,0.7899221135878403,0.0
133.79312997165533,-15.938042456180893,2.576789049734801,0.0,122.28270175719199,-11.147390312624257,3.9192129807299745,0.0,90.38016445819831,-7.459574454341663,1.9120079767538964,0.0,116.50102650561466,-42.14933629901813,-1.0860214170764593,0.0,109.32976731691684,-38.404641396128,2.6506890668432987,0.0,71.07645829801557,-37.36792596410064,0.787693696751802,0.0
133.80087797835927,-15.947468444205542,2.5880822583225545,0.0,122.5371725452019,-11.297195438654462,3.730197856106388,0.0,90.39099721556084,-7.457644700890345,1.914748095161201,0.0,116.50359964636988,-42.131324172926156,-1.0791997618856506,0.0,109.34612208483402,-38.37702527356198,2.6475738359488954,0.0,71.08110324612187,-37.357266865729684,0.7853008455567085,0.0
133.8137768593491,-15.949768421519922,2.5991452363110366,0.0,122.77065267336258,-11.438666652313934,3.5278738472493094,0.0,90.39997105340855,-7.456622374575216,1.9183031323887558,0.0,116.50763553538438,-42.11358211622249,-1.0730062921888308,0.0,109.36305688136022,-38.34859541002461,2.641988027921146,0.0,71.08727285877436,-37.350211081330265,0.7820622558685901,0.0
133.82972683984573,-15.942273372774086,2.607744747600492,0.0,122.97371082052855,-11.573645876800104,3.3012446349115594,0.0,90.40723225063373,-7.455495686993656,1.9224608653209891,0.0,116.51025698081608,-42.09730172779353,-1.0666628505796183,0.0,109.37840960507417,-38.318911521905626,2.6336119506106996,0.0,71.09665446695581,-37.34907303505846,0.7778091342834514,0.0
133.8455327557093,-15.925445746914516,2.613863409978743,0.0,123.1393183972413,-11.703298764041046,3.045356982612531,0.0,90.41306307956918,-7.453293473253584,1.926835010604682,0.0,116.50937262146365,-42.08301524916445,-1.0592355417444281,0.0,109.3907232552657,-38.28822520695027,2.6223249322555198,0.0,71.11006998216416,-37.354933764846606,0.7730151185397194,0.0
133.85727397596125,-15.902682105692664,2.6195467787575097,0.0,123.2642466129505,-11.827338854965468,2.7633876206812387,0.0,90.4175683538386,-7.449481601203123,1.9309700326838506,0.0,116.50421324960809,-42.070356742811654,-1.0498686024368364,0.0,109.39945261060785,-38.257658067646474,2.608000408481278,0.0,71.12698750963273,-37.367077637847615,0.7685667863696608,0.0
133.86111811150377,-15.879092874934036,2.6276373812959513,0.0,123.34975087582363,-11.943647262421322,2.4666951599350533,0.0,90.42060984567571,-7.444231519135942,1.9345223426569689,0.0,116.49523280028235,-42.058121726952194,-1.0380036165397346,0.0,109.40492850752462,-38.22899577990057,2.590327226187247,0.0,71.14553422212754,-37.383119631871885,0.7653194552579077,0.0
133.85454346259854,-15.859652114933462,2.64010621582044,0.0,123.40131473257384,-12.048645632585872,2.1725382895196805,0.0,90.42199612927824,-7.4383845568273905,1.937388356883762,0.0,116.48347239799934,-42.044666766940196,-1.023525460796474,0.0,109.40817497206992,-38.20408949780804,2.5688423607550455,0.0,71.16307155100768,-37.39973824030155,0.7637015152287425,0.0
133.83753860092568,-15.847332759575915,2.656938241793677,0.0,123.42746034883463,-12.138413837727496,1.9000890316456038,0.0,90.42175508613198,-7.433068290346013,1.9396963315199383,0.0,116.46976174072444,-42.02854879984214,-1.0067663379233363,0.0,109.41063224388328,-38.1841437883526,2.5432217324106148,0.0,71.17708745475909,-37.41365335323946,0.763587679209973,0.0
133.81304829412403,-15.841896089966419,2.676206570849839,0.0,123.43791882882891,-12.21003866382869,1.6661046113505993,0.0,90.42026340299766,-7.42914338219347,1.9416877944311999,0.0,116.45421801694727,-42.00916426713531,-0.9883296072870138,0.0,109.41377927377003,-38.169275844648375,2.513642249701025,0.0,71.18599207888437,-37.42241634820496,0.7644871552456394,0.0
133.786136088135,-15.839887112586762,2.69523241098082,0.0,123.44167202176817,-12.262462932710616,1.4816915718620045,0.0,90.41813061469158,-7.4267932451706775,1.9435940396155367,0.0,116.43632526767254,-41.987119238412994,-0.968783059888386,0.0,109.41865195764537,-38.15860460698976,2.480941262713312,0.0,71.18949788666495,-37.42474452884012,0.7659020693037313,0.0
133.7620421416232,-15.836019108986509,2.7120433739816896,0.0,123.445385328681,-12.296388028258896,1.350993672599781,0.0,90.4159232429427,-7.425479000148382,1.9455900197082983,0.0,116.41551623700607,-41.96416546788628,-0.9483722015431741,0.0,109.42535244594826,-38.150863453573336,2.4464248853251345,0.0,71.1885258520674,-37.42043124848567,0.7676320316353014,0.0
133.74408794084337,-15.82548869091298,2.726207657644389,0.0,123.4525523801239,-12.31335857420429,1.271796380044079,0.0,90.41391504738709,-7.424241315417591,1.9478107860962606,0.0,116.39186153689738,-41.942698768104094,-0.9269166647623344,0.0,109.43277237232377,-38.14521052165056,2.411414049692075,0.0,71.18480064430466,-37.41009234857353,0.7698648879993337,0.0
133.7326620036815,-15.80616098222454,2.738637897058748,0.0,123.46341647650826,-12.31461751713107,1.2374236114317405,0.0,90.41200739649214,-7.422139675377041,1.9503534730579073,0.0,116.36640905759275,-41.92494266803536,-0.9039439618625273,0.0,109.43877177824929,-38.1416867925315,2.376810566447613,0.0,71.18035697937701,-37.39501494752191,0.7730295108309599,0.0
133.72599936148887,-15.779524128813346,2.7506955454457866,0.0,123.47554472309801,-12.300415649826247,1.239061396725723,0.0,90.40984018850138,-7.418597784979825,1.9532329856323773,0.0,116.34094863927453,-41.912004236425176,-0.8789692408803109,0.0,109.44087638431877,-38.140909473079454,2.342976908491641,0.0,71.17710387289111,-37.377177937131364,0.7775050134962758,0.0
133.72236261441898,-15.749982203894318,2.763300978128038,0.0,123.48483647532524,-12.270217458526556,1.2677019107826526,0.0,90.40700734717845,-7.413533279785547,1.9563559643593376,0.0,116.31734766199818,-41.90303403314921,-0.851749888895478,0.0,109.43725486793745,-38.14312996080853,2.310019335214017,0.0,71.17649058063677,-37.35927703029415,0.7833354987114856,0.0
133.72228873029846,-15.722949311868947,2.77656357866287,0.0,123.48673514652822,-12.223799763101702,1.3151981759317914,0.0,90.4032594478363,-7.40728158468718,1.9595918949586704,0.0,116.29686864007306,-41.89479011786043,-0.8223755803867192,0.0,109.42752936017038,-38.14730952230604,2.278274052188067,0.0,71.17927575043306,-37.344482971287924,0.7900875920025783,0.0
133.72946443239897,-15.702699605331993,2.789981903336857,0.0,123.47744092730686,-12.162718256278911,1.374430575582827,0.0,90.39861396241054,-7.400398517742559,1.9629102258030837,0.0,116.27987891701704,-41.88196829857757,-0.7911878706229238,0.0,109.41302178276315,-38.15088720454797,2.248635242102491,0.0,71.18543319971111,-37.33577627698335,0.7969291870896509,0.0
133.7495604930764,-15.690844044340674,2.802933440657009,0.0,123.45492431394321,-12.091196475026956,1.439153500821507,0.0,90.39335386139105,-7.393431611830018,1.966445463721394,0.0,116.26612608816806,-41.85861833681102,-0.7586709706968282,0.0,109.39632365716338,-38.15042630191835,2.2224617484692715,0.0,71.19425760947293,-37.33499031077341,0.8029132095618667,0.0
133.7874591506802,-15.685892612529786,2.8151259412799217,0.0,123.41952569016678,-12.015419801603564,1.5043985162882434,0.0,90.38793265267454,-7.3867260532802845,1.9703947688749608,0.0,116.25544859686732,-41.82070522669616,-0.7254666982239115,0.0,109.38042054670265,-38.14277008735463,2.2010907334014735,0.0,71.2046663095301,-37.341976358995176,0.8073321416741459,0.0
133.84414928865206,-15.683913241030444,2.826814489825834,0.0,123.37401613205114,-11.940698186747255,1.5680761727292278,0.0,90.38281754070663,-7.380316682819471,1.9748137437221072,0.0,116.24856409694583,-41.7693555495567,-0.6925081533886246,0.0,109.36779692698914,-38.126134090933476,2.1852525331218224,0.0,71.21556205829665,-37.354367127953495,0.8099384194283425,0.0
133.91478479171658,-15.6799650291636,2.838752903620712,0.0,123.3232267707788,-11.86699055447453,1.6335989211939639,0.0,90.37832321827122,-7.373945737682667,1.979478738525298,0.0,116.2474724161586,-41.71369041777346,-0.6611321328805584,0.0,109.359895682903,-38.10073621833083,2.174716525892313,0.0,71.22608383642743,-37.36817492773038,0.810900477310228,0.0
133.98893042517108,-15.669786506146872,2.8519668314540905,0.0,123.27350415125538,-11.784517099396236,1.7123013112338867,0.0,90.37451617084722,-7.367213097147641,1.9839237122632785,0.0,116.25506702806966,-41.67175053450396,-0.6330542050568937,0.0,109.35707777551866,-38.068837412198086,2.1683008348742874,0.0,71.23568548166422,-37.3790381946065,0.8105583547787143,0.0
134.05305730584342,-15.65115057368107,2.86747502674881,0.0,123.23202201040961,-11.671957573242333,1.8239218962755785,0.0,90.37125468809896,-7.3598137547660825,1.9876182318930198,0.0,116.2738723563301,-41.66824608849394,-0.6101366456502522,0.0,109.35896589994807,-38.034226463859774,2.1641677026854715,0.0,71.24410880290051,-37.38358890028251,0.8091794662382537,0.0
134.09438158277797,-15.624404849050968,2.8860325523465704,0.0,123.20549577983961,-11.499307979448266,1.994070188858398,0.0,90.36834636973555,-7.351760524852271,1.9901706492864992,0.0,116.30437956133878,-41.728770488969005,-0.5939102138341603,0.0,109.36489378131714,-38.0012565967006,2.1602740751897898,0.0,71.25134019674802,-37.38037976548213,0.8068735635871009,0.0
134.10469130711274,-15.592044612605909,2.9078847360807565,0.0,123.19779692702303,-11.23559151378337,2.2490612101674587,0.0,90.36571124384757,-7.343458543592643,1.9914546177431642,0.0,116.34389644457836,-41.87140709409219,-0.5850628324941312,0.0,109.37420937512532,-37.97363529987636,2.154875601262569,0.0,71.25759967741163,-37.37008094487891,0.8036844955365838,0.0
134.08297514255048,-15.557601813221774,2.932519357356485,0.0,123.20688815446758,-10.859126178129754,2.609428088797344,0.0,90.36343317160858,-7.335549687546017,1.9916169206604835,0.0,116.38674345277558,-42.09800559909858,-0.583576215925314,0.0,109.38636101022891,-37.953313952486326,2.1469633012227476,0.0,71.26337430662953,-37.3550122692592,0.7997762359294684,0.0
134.0360943430131,-15.524415440947664,2.9585220601210978,0.0,123.22285271329532,-10.36645898185009,3.0831843092954436,0.0,90.36168148180009,-7.328590073469831,1.9909854461755696,0.0,116.4259581751962,-42.388600985987814,-0.5902752575418884,0.0,109.40087048790072,-37.93994236591657,2.1364797546291694,0.0,71.26946316707482,-37.338299722996176,0.7956022306587931,0.0
133.9771461267488,-15.494782296859444,2.98375684767686,0.0,123.22920044953383,-9.776155166517631,3.659736892634701,0.0,90.36058690378745,-7.322761236441631,1.9899397994278818,0.0,116.45584290273443,-42.702972012205485,-0.609538628892361,0.0,109.41733332100912,-37.93130271746824,2.1242083255417317,0.0,71.27694675925542,-37.32297467908913,0.7919468454742944,0.0
133.92163420459372,-15.469640936282678,3.0060274483029374,0.0,123.2081570434084,-9.125206953724096,4.306569632844335,0.0,90.36016353678406,-7.317817391850669,1.988816535100538,0.0,116.47431370101343,-42.99187807110114,-0.6510988261584458,0.0,109.43547988080502,-37.92478797685721,2.111364303246601,0.0,71.2869848052984,-37.31125151217109,0.7897573538659186,0.0
133.88226336277637,-15.448604879282998,3.0240548286393167,0.0,123.14779352580662,-8.458869553382298,4.972015218274948,0.0,90.36030280415909,-7.313318241563479,1.98788915925895,0.0,116.4843100944909,-43.21615242511847,-0.7281937725978427,0.0,109.45518752834246,-37.919365832167394,2.0990674941012504,0.0,71.30042541166995,-37.30412585446754,0.7897840118146391,0.0
133.8640529560899,-15.430085600488418,3.038221355077411,0.0,123.04689936447862,-7.818441464231537,5.595502769872639,0.0,90.36081270876694,-7.309001707461164,1.987409128954079,0.0,116.49405296476017,-43.36651986970872,-0.8515817006147302,0.0,109.4763073849338,-37.91691347375323,2.087936744894293,0.0,71.31735465779217,-37.30136538429684,0.7921890449555091,0.0
133.86205964721725,-15.411428840582971,3.050481884049267,0.0,122.91478796723207,-7.232870115684765,6.121763492477124,0.0,90.36147476139203,-7.305056810548958,1.9876487691179605,0.0,116.51616091004522,-43.47495334453769,-1.0223847743038803,0.0,109.4983368412415,-37.92186861234896,2.077978306911888,0.0,71.33684134206908,-37.30188071803411,0.7963596675051674,0.0
133.8634747616335,-15.389219147413497,3.0633456695256704,0.0,122.76690199889002,-6.717084493202863,6.512347374793289,0.0,90.36211427260403,-7.302121877733159,1.988876828527557,0.0,116.56569101997862,-43.61160502080334,-1.2273833059929196,0.0,109.52020530837913,-37.93901557238718,2.0688050175669055,0.0,71.35711671306952,-37.30433474857798,0.8010788949049203,0.0
133.8537690536408,-15.359964631457846,3.0785385037116715,0.0,122.61952596453601,-6.275403756019292,6.749674498378107,0.0,90.3626849191148,-7.301004794416224,1.991241277820885,0.0,116.65741880503559,-43.86769173155948,-1.4377376238712003,0.0,109.54049516540636,-37.970373495398064,2.0600726034239436,0.0,71.37622565787522,-37.30772577989555,0.8050147413750723,0.0
133.82396234957005,-15.321163431693314,3.0961822056221706,0.0,122.4863074710325,-5.906413960331671,6.833413244494918,0.0,90.36333868428217,-7.3022926586548,1.9946155550398839,0.0,116.80288128429146,-44.3300382509523,-1.6102426244489738,0.0,109.55814562776753,-38.01275655184463,2.051876706143041,0.0,71.3928955630197,-37.31167830777386,0.8073076276789601,0.0
133.77510096763933,-15.272394590046243,3.1148828011528646,0.0,122.37719328439645,-5.6068179778561795,6.7724373655302585,0.0,90.36441625795877,-7.306085206472803,1.9985151319643304,0.0,117.0075931808295,-45.054308676951926,-1.6917155394829084,0.0,109.57322888109054,-38.05733459100876,2.044830285616076,0.0,71.40717669957944,-37.31634384735327,0.8079613331995859,0.0
133.71759758619766,-15.215877707324005,3.1325156842350914,0.0,122.2988576218666,-5.373668722895754,6.576716441658881,0.0,90.3663091487414,-7.311997764245945,2.002156533339866,0.0,117.268812387659,-46.04290809640015,-1.6295707679537355,0.0,109.58714647359997,-38.09174144362967,2.0397381325707435,0.0,71.42045689251341,-37.322041480932185,0.8078139836495319,0.0
133.66605013305266,-15.156141856576038,3.1472128834045545,0.0,122.25535138217262,-5.205459358165407,6.252759355823961,0.0,90.36923271416504,-7.319386358988283,2.004643881883613,0.0,117.57471428628398,-47.23493176873207,-1.390546733332645,0.0,109.60188817322964,-38.10429328023632,2.037071889856456,0.0,71.43476268132126,-37.32888362349629,0.808074326596385,0.0
133.63250036109258,-15.098908212122197,3.15808267831361,0.0,122.24818216291601,-5.1025698593995985,5.8043410175785155,0.0,90.37304329910555,-7.327601203717792,2.0052071848294304,0.0,117.90652742867027,-48.517745012287676,-0.9820652875774076,0.0,109.6186959365843,-38.088840791966476,2.036546821598696,0.0,71.45167933256833,-37.336584847059825,0.8096620796450793,0.0
133.62156547504026,-15.04964913299384,3.1653895831517236,0.0,122.27582944309238,-5.06696674350638,5.237947265615992,0.0,90.37723690851773,-7.336101941002198,2.003414172716308,0.0,118.24492270639881,-49.76201767441887,-0.4614183252713602,0.0,109.63702980958948,-38.048025876954995,2.0369693834835125,0.0,71.47148144928119,-37.34452344847219,0.8127225556476745,0.0
133.62949628939336,-15.012327050023458,3.17023643347369,0.0,122.33332212181608,-5.100483703998681,4.570432295991692,0.0,90.38115837441194,-7.3444315171940175,1.9993052596336423,0.0,118.57947554969199,-50.863794803454525,0.07900416609807515,0.0,109.65461682614101,-37.992936285659034,2.03641884259679,0.0,71.49296189921648,-37.3520081695187,0.8165835600145543,0.0
133.64698879293024,-14.988647454191025,3.174052677015535,0.0,122.41258509981012,-5.201287863398869,3.835190252800386,0.0,90.38430708487417,-7.352173267339384,1.993421554195459,0.0,118.91668070786807,-51.76984068144009,0.5437144542016146,0.0,109.6686071675751,-37.9387713893801,2.032829135894181,0.0,71.51403248608497,-37.35862496047366,0.8201532893327093,0.0
133.66380336403165,-14.97796867073038,3.1781894585980552,0.0,122.50377087024107,-5.359568305223588,3.0830063459737183,0.0,90.38655768265942,-7.358988166519443,1.986705495243129,0.0,119.2816367584165,-52.47742876115477,0.863503876174283,0.0,109.67710260972235,-37.8984428321701,2.0248732394151627,0.0,71.53272755383134,-37.36450441599185,0.822516974315378,0.0
133.67279034167314,-14.97783122611023,3.1836849022125993,0.0,122.59712815679137,-5.555130004505073,2.3753662647397267,0.0,90.38817363966794,-7.364703250932804,1.9802785056645629,0.0,119.71197445750528,-53.01767917543833,1.0085864570390815,0.0,109.6801626129413,-37.87739387733562,2.012678244518673,0.0,71.54805781852077,-37.370371005570696,0.8234232916925563,0.0
133.67176559071518,-14.984859087109271,3.191076238156281,0.0,122.68466634039481,-5.759567748344931,1.771579367005394,0.0,90.38963357481009,-7.369347567510969,1.9751501060465753,0.0,120.24661471232938,-53.43527507156511,0.98547747359539,0.0,109.67979294240274,-37.87224481618102,1.9978207666460968,0.0,71.56032404688666,-37.3773135655569,0.8234540780142527,0.0
133.66304928041458,-14.9956268769355,3.200193843927117,0.0,122.7611807030706,-5.943114425464838,1.3148024238553484,0.0,90.39140715537657,-7.373077638924835,1.9719582692349142,0.0,120.91394020132807,-53.77191205054769,0.8246075250079272,0.0,109.67897781242652,-37.873641602902026,1.982564588973279,0.0,71.57086653832656,-37.38633535000071,0.823841932597893,0.0
133.6515110479639,-15.007158322655581,3.21005858835853,0.0,122.8247482236984,-6.082941715597524,1.0229169494870805,0.0,90.39382629444327,-7.376035933206378,1.9708400599702305,0.0,121.72374721220844,-54.05592857470464,0.5656861784143015,0.0,109.68029592802722,-37.87138057628562,1.968888829301818,0.0,71.58153743517234,-37.39786304824524,0.8260451368553765,0.0
133.64228005306015,-15.017020095200353,3.2190723951262026,0.0,122.87694336039064,-6.16874628616725,0.8873716764629425,0.0,90.39710576515448,-7.378240553204215,1.9714740081808753,0.0,122.66551725030665,-54.29844485226323,0.2454650826293605,0.0,109.68489563628435,-37.85892142073532,1.95787757794146,0.0,71.59424185871467,-37.411448543069305,0.8312684097229122,0.0
133.63899595538058,-15.02324105846143,3.2255566365022688,0.0,122.92259558947816,-6.203457074113566,0.8790943520666286,0.0,90.40145519418026,-7.3795740793446996,1.9732544210391598,0.0,123.71292866738257,-54.49517322325893,-0.10972470475430995,0.0,109.69236587860905,-37.83528690971163,1.9496186365743284,0.0,71.61070942323578,-37.425828105340486,0.8401435886953399,0.0
133.64292496407126,-15.024304127483132,3.228467499702843,0.0,122.96855661409661,-6.199619000440206,0.9581439299858685,0.0,90.40716906929374,-7.379866116168684,1.9755053403654514,0.0,124.832223598114,-54.631890851385,-0.4860893166803031,0.0,109.70142442976267,-37.80420571002097,1.9434467074105513,0.0,71.6324225326973,-37.439360296872245,0.852785505692415,0.0
133.65280177346978,-15.019300237891596,3.227968110065275,0.0,123.0213237649655,-6.173655733644817,1.083394347016724,0.0,90.41460459811105,-7.379013601455292,1.9776463411400833,0.0,125.99099598117196,-54.69095638302879,-0.8799979555626027,0.0,109.71086158638951,-37.77171144164127,1.9383396138318112,0.0,71.66052995704871,-37.450761598783956,0.869419523924658,0.0
133.66513841017183,-15.008189361490158,3.225562740790121,0.0,123.08425478748718,-6.1404710174621195,1.2196295726917041,0.0,90.42402982574716,-7.3770808465117135,1.9792689347156074,0.0,127.16441938118456,-54.656770272027835,-1.2929486717819074,0.0,109.7201809752579,-37.74361824607342,1.933319886567757,0.0,71.69563425989571,-37.46000909044117,0.8917030330183993,0.0
133.67493543719166,-14.992019364753457,3.2236913270878453,0.0,123.15570859746673,-6.110064931734359,1.3412160982320733,0.0,90.4354054913573,-7.374342576005731,1.9801349197742848,0.0,128.33743380663262,-54.51932177968394,-1.7260273314343682,0.0,109.72972164528541,-37.72376610030669,1.9277257019137544,0.0,71.73745230481364,-37.469190966348336,0.9246817937425433,0.0
133.67691618632986,-14.97286960783438,3.224930233666882,0.0,123.22918070780716,-6.086660825086392,1.432972254139921,0.0,90.44822080548222,-7.371247944685855,1.9801390109731756,0.0,129.5031830851505,-54.276037525499405,-2.1756513541044686,0.0,109.74036935928848,-37.713308046575875,1.921276394188098,0.0,71.78443367536985,-37.48296742542117,0.9790162613209166,0.0
133.6672666349789,-14.953310715710273,3.2311010018485664,0.0,123.29548144006392,-6.069831024312806,1.4893326300487386,0.0,90.46150097511534,-7.368296155585133,1.9792771209557145,0.0,130.65931184206647,-53.93250904750761,-2.631591639908436,0.0,109.75309443675884,-37.710904345465266,1.9139780893865765,0.0,71.83350736421914,-37.50830935422953,1.0727469500051345,0.0
133.64541953847785,-14.935449211582693,3.2425944654926955,0.0,123.34596651482867,-6.056612260505721,1.5125722230112277,0.0,90.47402660257559,-7.365850413228179,1.9776333212862927,0.0,131.80412713667548,-53.50242844720143,-3.0773885997124477,0.0,109.76853593689326,-37.71351263052515,1.905988206567601,0.0,71.88025377323784,-37.55339250289003,1.231580586667853,0.0
133.61504263727363,-14.92003154513762,3.2581304568834693,0.0,123.37545943755126,-6.043678874952824,1.5103427182800262,0.0,90.48469737148177,-7.363972002540931,1.9753630328312521,0.0,132.93408297526332,-53.006661320594866,-3.4926096062137137,0.0,109.78678001351567,-37.71743414018118,1.8975261354180724,0.0,71.91988481820239,-37.62582289283245,1.486639602124174,0.0
133.58350310619917,-14.906222520719675,3.2750601770443737,0.0,123.38384759506353,-6.0290066073533275,1.492638934639852,0.0,90.49290859615964,-7.362379833009131,1.9726408285599515,0.0,134.04303937795964,-52.47123776243314,-3.8560805107970317,0.0,109.80738952805032,-37.71932313283921,1.8888405545493772,0.0,71.94922088535924,-37.73059075401093,1.8690106072463264,0.0
133.55974760455993,-14.892315859655316,3.290172276538355,0.0,123.3759795950349,-6.012739719144391,1.4686411389090024,0.0,90.49880881476187,-7.36059035542344,1.9695802777907723,0.0,135.12292632444817,-51.9242545454355,-4.149230385296619,0.0,109.82963940435971,-37.71695009656823,1.8802018079001357,0.0,71.96920405860716,-37.86827919492263,2.401412171965065,0.0
133.5513337760796,-14.877007563350205,3.300761635817505,0.0,123.36009385413821,-5.997126238977414,1.4442579174626253,0.0,90.5033415282611,-7.358186928556762,1.9661911914589467,0.0,136.16511779795576,-51.39209382556055,-4.358881076783698,0.0,109.85282359058618,-37.7095920700932,1.8718902778646047,0.0,71.98664397311816,-38.034162994140985,3.088806104820783,0.0
133.56177416482615,-14.860442359368404,3.305535578094908,0.0,123.34542321166226,-5.98560661983299,1.4211485026345043,0.0,90.50803670324807,-7.355078830023027,1.9624432369356395,0.0,137.16188468280652,-50.89570551504388,-4.479084434910064,0.0,109.87647082329477,-37.697996651133316,1.8641655657144227,0.0,72.01363721597819,-38.21884073581152,3.9112303645185813,0.0
133.58928832610835,-14.844349901342856,3.3049238872803173,0.0,123.33977545332047,-5.981439948617288,1.3974679639645906,0.0,90.51460950294339,-7.351614925515754,1.9584210218370828,0.0,138.10751411669813,-50.447780709757794,-4.511874940275744,0.0,109.9003661953264,-37.68397085476237,1.8572156050654627,0.0,72.06412920571236,-38.410665636674565,4.822516550472825,0.0
133.62758952817032,-14.831169264646327,3.3006258859327247,0.0,123.34777015013458,-5.986414761668896,1.3698866321229044,0.0,90.52450187609159,-7.348525269054593,1.9544531295762653,0.0,138.9988976672743,-50.051454144613494,-4.466977667241753,0.0,109.92439594569473,-37.66977437152475,1.8511042891122838,0.0,72.14904257460365,-38.59936467113522,5.75698298286097,0.0
133.6684504126474,-14.822726999121432,3.2946665031853026,0.0,123.37011293326488,-6.000103922734664,1.335952615589921,0.0,90.53850954872503,-7.346776167306764,1.9510845397702443,0.0,139.83552972216225,-49.70080850932509,-4.360591540188937,0.0,109.94833697774823,-37.65754623114187,1.845747364466341,0.0,72.27271413464705,-38.77935333281304,6.642870262632712,0.0
133.70479863345668,-14.819302048980251,3.2885245345397003,0.0,123.40395512275126,-6.019881096494123,1.2957809234805122,0.0,90.55657729784618,-7.3474172615961795,1.948864988190028,0.0,140.61894824697086,-49.38299562186169,-4.213429188147238,0.0,109.97173183345359,-37.64891296632731,1.8409356395707022,0.0,72.43268065207083,-38.95120640468564,7.418020509947724,0.0
133.73280236932976,-14.819580381778803,3.28277957157521,0.0,123.44410908458268,-6.041656790157073,1.2523905594508964,0.0,90.5777844417764,-7.351390534503649,1.948059784238744,0.0,141.35177821000408,-49.08134085500765,-4.048263465758563,0.0,109.99391899526555,-37.64480166926581,1.8364023288523974,0.0,72.62257527189888,-39.120759075258455,8.042356665082645,0.0
133.75218733430341,-14.82136915622584,3.277322734774758,0.0,123.48469361227706,-6.06107951995811,1.2106508997219958,0.0,90.60052367945163,-7.359228266566886,1.9484488493399628,0.0,142.03669717018963,-48.778545422643006,-3.887295177912595,0.0,110.01418819802217,-37.645407361572914,1.8319126845711189,0.0,72.83598581764,-39.29655774546652,8.503584609595912,0.0
133.76515719957231,-14.822531646687438,3.2718547529207402,0.0,123.52069998066581,-6.07480770128989,1.175449136955395,0.0,90.62286677144269,-7.3706899196268125,1.9493330469049077,0.0,142.6756935638898,-48.459226582792745,-3.7497160846587274,0.0,110.03197234495127,-37.65024835634751,1.8273429118757711,0.0,73.06897249031357,-39.4868848896318,8.815489431361584,0.0
133.7748405440068,-14.821657004981862,3.266335238778259,0.0,123.54904639176645,-6.081422519231501,1.1499936052673165,0.0,90.64305140119421,-7.384552683835016,1.9497560463302523,0.0,143.26982796154618,-48.11148096612784,-3.6498560346776117,0.0,110.0469934345836,-37.65826697412817,1.8227185792975558,0.0,73.32025885714282,-39.6972867824491,9.010363340030306,0.0
133.78402340883977,-14.818291147434397,3.2611654044658955,0.0,123.5689181465528,-6.081659959865118,1.1349625276304316,0.0,90.6599308979654,-7.398773033439591,1.948835782137385,0.0,143.8194184726687,-47.727601098636725,-3.596206793122221,0.0,110.059323157449,-37.6679826220841,1.818210226069839,0.0,73.58969002085604,-39.92904790875966,9.128148370746619,0.0
133.7944882395782,-14.812812496411027,3.257056252954966,0.0,123.58146068364151,-6.077891796301722,1.1286863882231284,0.0,90.67320002492409,-7.411042929853702,1.9460376319540753,0.0,144.32436779006048,-47.30425860296165,-3.591411873078453,0.0,110.0693669763866,-37.67773590494359,1.81411644693625,0.0,73.87638554352766,-40.17876677847579,9.205337625116801,0.0
133.80692628120934,-14.80611532110067,3.254691714430109,0.0,123.58906302104515,-6.073094990942227,1.1280771229095095,0.0,90.68330740374861,-7.419529827365809,1.9412598771091396,0.0,144.7843914770322,-46.84240164485704,-3.6330811326181536,0.0,110.07780428164449,-37.68602637784577,1.8108539312283138,0.0,74.17780117473588,-40.439026161920026,9.266646868775624,0.0
133.82120595807862,-14.799231271931902,3.254387942198443,0.0,123.59449836193976,-6.069766375032214,1.1298061408625726,0.0,90.69112882846257,-7.423471056203201,1.9347401449792194,0.0,145.19914710772,-46.34694549706528,-3.7151123733317046,0.0,110.0854918586004,-37.691856093126695,1.808915911251809,0.0,74.49007663994496,-40.69996473984251,9.321580204972507,0.0
133.83673125369097,-14.792983385179543,3.2559293128600366,0.0,123.6001408453079,-6.069239740932014,1.131274672081509,0.0,90.69758848716498,-7.423338101785605,1.9269245346821933,0.0,145.56846318850765,-45.82619213985558,-3.8291325705853794,0.0,110.09329185927362,-37.694929649177354,1.808732622428872,0.0,74.80929347959196,-40.95134125143598,9.366323318945943,0.0
133.8526856732779,-14.78775913374253,3.2586468446699843,0.0,123.60741863777709,-6.071631617733894,1.1311066504821161,0.0,90.70341369926162,-7.420477360984297,1.9184290087809082,0.0,145.89281685174288,-45.29088725913429,-3.965736133782036,0.0,110.10180213381165,-37.69560749525428,1.8104326429525202,0.0,75.13296209585765,-41.18454133503661,9.389629639067005,0.0
133.86810200173485,-14.783467918685377,3.261675250069775,0.0,123.61660104615872,-6.076302020970329,1.1291227431959046,0.0,90.70910776187675,-7.416407347264416,1.9100698024398923,0.0,146.1739565791121,-44.75292381055915,-4.115368379849624,0.0,110.11106802158048,-37.69464380456824,1.8136131968077898,0.0,75.46107980877082,-41.39402358414554,9.380281205970615,0.0
133.8818556144462,-14.77968300578724,3.2642494741016552,0.0,123.62693645010309,-6.082469936517204,1.1259399089886237,0.0,90.71507952469655,-7.41216090293041,1.9028189528610149,0.0,146.41537105723194,-44.22385638159974,-4.268878545673006,0.0,110.12043937319146,-37.69284748188358,1.8172702584474791,0.0,75.79626499147051,-41.57794208291042,9.3335484939731,0.0
133.89275470063663,-14.775894279710574,3.265902365462585,0.0,123.63706980029126,-6.089622063648965,1.1224325600672849,0.0,90.72175645385713,-7.408038673666711,1.8975866136630408,0.0,146.62234828014536,-43.71351983748223,-4.417851171566653,0.0,110.12870285638613,-37.690795857346046,1.819973348770036,0.0,76.14281025243453,-41.73795754576232,9.254641524166118,0.0
133.89983180168963,-14.771769196730329,3.2664949812148993,0.0,123.64560162346324,-6.097569631142019,1.1192826257111035,0.0,90.72951881950787,-7.403863111166882,1.894889834513954,0.0,146.80155846544528,-43.22911433498001,-4.554822474292443,0.0,110.13448509345868,-37.688636128008845,1.820254802874663,0.0,76.50503788562702,-41.878361273811464,9.158170258383484,0.0
133.90275735610507,-14.76733434176318,3.2661126892020125,0.0,123.65161937278764,-6.106255828608574,1.1167615484361164,0.0,90.7384471859063,-7.399482428564661,1.8945851670508436,0.0,146.96022918341816,-42.77509386868733,-4.673480534279635,0.0,110.13677589937106,-37.68592485420957,1.817091359200429,0.0,76.88580962814405,-42.004609016370395,9.06392782784356,0.0
133.90214616741505,-14.763013548084622,3.264925097532535,0.0,123.65503755708667,-6.1155277562200565,1.11476821926105,0.0,90.74805962543006,-7.395142893557988,1.8958319208629906,0.0,147.10502350342043,-42.354005089712366,-4.7689607925094695,0.0,110.13533740150075,-37.68145424059849,1.8103069546719013,0.0,77.28601462927736,-42.12143882385233,8.990590519105421,0.0
133.8995604021747,-14.759484916117266,3.263095676581056,0.0,123.65662871893629,-6.12503239804991,1.1130408116221542,0.0,90.75726638382254,-7.391515985938993,1.8973383162845447,0.0,147.24079543724827,-41.96802961573943,-4.838310822935519,0.0,110.13079766401925,-37.67312886583117,1.8007225520898924,0.0,77.72563884682349,-42.215786602045405,8.942121080318504,0.0
133.89719067514537,-14.75737363626509,3.260770789999837,0.0,123.65771894463079,-6.1342519657335774,1.1114051668780824,0.0,90.76464682011758,-7.38944701502092,1.8978018257833558,0.0,147.3695290541596,-41.62052310220749,-4.881063974362048,0.0,110.12439178498282,-37.65813885239901,1.7899480484404364,0.0,78.19452908503787,-42.29034875150179,8.937694465081343,0.0
133.89734479520888,-14.756879748084328,3.258129604842823,0.0,123.65965083448148,-6.14257449372324,1.1099314703809595,0.0,90.76896395739846,-7.38963919149079,1.8963608001238264,0.0,147.4898760660116,-41.31662572727921,-4.899691534799263,0.0,110.11752706901166,-37.63373286801426,1.7798648160046397,0.0,78.6793797725397,-42.35139721626905,8.964268095058596,0.0
133.9019058123463,-14.757501659814299,3.2554464178558113,0.0,123.66323332384749,-6.14929341530585,1.1089352890294544,0.0,90.76970396432743,-7.3924461139222615,1.892870142778591,0.0,147.59766448114536,-41.06230949225894,-4.899596275028438,0.0,110.11145017287225,-37.59860645802207,1.772015629059151,0.0,79.18234286508435,-42.39177702904493,9.003118053623176,0.0
133.9118868381896,-14.758005856131529,3.253103119840853,0.0,123.66842167553347,-6.153540841226639,1.1088479652323775,0.0,90.76741165832124,-7.397820784725014,1.8878981624903037,0.0,147.6874881394415,-40.862028078113276,-4.888338500806668,0.0,110.10718155026152,-37.55435056119155,1.7671694893771939,0.0,79.70380056384954,-42.406125863892356,9.036081496809945,0.0
133.92716793026088,-14.756706169003388,3.251510799679565,0.0,123.67437076905837,-6.154277375778947,1.1100471564143408,0.0,90.7636709213116,-7.405366954338449,1.8824688793329436,0.0,147.7550335047675,-40.71608333946159,-4.873990426070655,0.0,110.1056427198934,-37.506027929227805,1.7652108814366905,0.0,80.24248507576014,-42.39218488252409,9.050131912076065,0.0
133.9464626769146,-14.751999141839722,3.2509589856304917,0.0,123.67983833582834,-6.150471857947297,1.1127434797760083,0.0,90.76071209803385,-7.414408516438652,1.8776757025566084,0.0,147.79934809267115,-40.619301652159265,-4.862862534930965,0.0,110.10774983232639,-37.46123951290673,1.765331831244863,0.0,80.7948311377173,-42.35186421039086,9.040860190354,0.0
133.9675230020005,-14.743012042978506,3.251471880769854,0.0,123.68376961954311,-6.141478877793726,1.1169658041367843,0.0,90.76077389290434,-7.424033343717865,1.8743214368341015,0.0,147.82411764488754,-40.562142188721985,-4.85719856564338,0.0,110.11430854701156,-37.42790020549584,1.766414193810725,0.0,81.35513329528347,-42.29098134572605,9.012580710902643,0.0
133.98754606109338,-14.730172689897366,3.2527764302379314,0.0,123.68582040239158,-6.1274459689203296,1.122617498286795,0.0,90.76544855630284,-7.433132018594145,1.8727022874734498,0.0,147.8373605907193,-40.53407323407582,-4.853611256870597,0.0,110.12573902270024,-37.4117067219007,1.7674644651551343,0.0,81.91684530320725,-42.217619451571665,8.97512304550291,0.0
134.00370518296458,-14.715487334630048,3.2544601582522397,0.0,123.68658913737279,-6.109504250905185,1.1295398011010445,0.0,90.77524243832922,-7.440484870415671,1.8725868402323425,0.0,147.84957740926487,-40.52772821131366,-4.842900870936795,0.0,110.14180919203747,-37.41441082230101,1.7679406360024714,0.0,82.47461549554495,-42.13964795379807,8.938863525088141,0.0
134.0137068805028,-14.702326587008262,3.256299870780392,0.0,123.68744497657,-6.08960631949734,1.137533282913945,0.0,90.78948302202667,-7.444935113141129,1.8733706642295527,0.0,147.8709480898353,-40.54181054490462,-4.811473420303209,0.0,110.16156144282003,-37.4335407488486,1.7678276341905708,0.0,83.02604558772424,-42.06237959276257,8.910149633992482,0.0
134.01629041119563,-14.694618764833102,3.258591367490352,0.0,123.69003453180913,-6.070098935791853,1.1463266849401688,0.0,90.80655775259123,-7.445638566334639,1.8743305978297755,0.0,147.90844906459347,-40.58121501952394,-4.744043972534245,0.0,110.18350805570273,-37.46354014213885,1.7674340912425208,0.0,83.57215848456045,-41.987319357389836,8.888846587934168,0.0
134.0116166607407,-14.695550866862561,3.262213271663441,0.0,123.69572106593219,-6.053263924554841,1.155514334465213,0.0,90.82436273321733,-7.442324942999438,1.8748806671608378,0.0,147.96377296001936,-40.654036392496316,-4.62696028000974,0.0,110.20602665069438,-37.49775006135225,1.7670466176012578,0.0,84.11627612260706,-41.91242173596528,8.86869490041582,0.0
134.00148667565347,-14.706137442656859,3.2682483186598965,0.0,123.70522595273891,-6.041013213903131,1.1645061426230932,0.0,90.84080851254899,-7.435461977482218,1.8747463174174364,0.0,148.03273217351725,-40.766469196228,-4.451464419986863,0.0,110.2277858761461,-37.530400225561806,1.7666630860301211,0.0,84.66198193497839,-41.833566249184415,8.840017849154753,0.0
133.9892631917032,-14.724251105491488,3.277264159105938,0.0,123.71858095140429,-6.0347523147158,1.1725460251567448,0.0,90.85424968803058,-7.426212623782952,1.8740066247023286,0.0,148.10641256464666,-40.917552030782076,-4.216363618580344,0.0,110.24802151187666,-37.55787576387524,1.7659613574919657,0.0,85.21141211318651,-41.746533827664315,8.793427994331989,0.0
133.97932911147757,-14.744745806269062,3.2886468769515105,0.0,123.73528291639953,-6.035289332933368,1.178832734814157,0.0,90.86374627620754,-7.416151279587742,1.8729984342360328,0.0,148.17376890388,-41.09593481498844,-3.929615246281145,0.0,110.26656497075864,-37.57894716246944,1.7644906778589888,0.0,85.76491303003651,-41.64875631180457,8.722891527410901,0.0
133.9760545200166,-14.76093291369958,3.300447876471459,0.0,123.75444049642998,-6.042671954472622,1.182713200917922,0.0,90.86913368386824,-7.4068355517741455,1.8721349162491254,0.0,148.22481559883568,-41.280218446834034,-3.608221796154691,0.0,110.28365010057693,-37.59416030730219,1.7619279840586728,0.0,86.32222328403266,-41.540337197213574,8.62702739744119,0.0
133.9825638808062,-14.766926314933102,3.309937455023663,0.0,123.77480178423754,-6.055982358282763,1.1838554107986674,0.0,90.87095720978242,-7.399419511894266,1.8717386809560956,0.0,148.2533246742334,-41.443097374082804,-3.275924720573977,0.0,110.29962118356173,-37.60488648277208,1.7582276201908051,0.0,86.8842711583349,-41.42409794440539,8.508571962680602,0.0
133.99985166062544,-14.759756432305007,3.3146213242485896,0.0,123.7947705813963,-6.0732902781180425,1.1823104255689403,0.0,90.87035056302116,-7.394466082539867,1.8719784710522909,0.0,148.25815437709636,-41.55805353311064,-2.9588030117593522,0.0,110.31469324935709,-37.612511835000916,1.7536075386794963,0.0,87.45410442973896,-41.30466769989437,8.372830670672583,0.0
134.02670927697545,-14.74023327869606,3.3132235353333197,0.0,123.81264081550263,-6.091975488730808,1.1784558441869404,0.0,90.86888446937509,-7.391995888381675,1.8729196906790744,0.0,148.2429303826633,-41.60638244687216,-2.6798566585025814,0.0,110.3288754659969,-37.618018405694045,1.748446983293249,0.0,88.0358979750674,-41.18695680166797,8.226137787879098,0.0
134.0605144733994,-14.712282927114343,3.3062430312026034,0.0,123.82714010886747,-6.109408716127182,1.1729040282469843,0.0,90.86835280803342,-7.391688327662298,1.874612927779376,0.0,148.21447679728163,-41.582255200073874,-2.4543557186882374,0.0,110.34208202728372,-37.621966941896446,1.7432049361827247,0.0,88.63225716309384,-41.074644541441565,8.074890974057196,0.0
134.09849937967795,-14.681280476694111,3.2959558413409926,0.0,123.8380628771049,-6.1236886338264425,1.1664611737157662,0.0,90.87046964077784,-7.393101354097002,1.8771243486421643,0.0,148.18076080724524,-41.49422676567978,-2.287588364001289,0.0,110.35435735924769,-37.624740282433336,1.738398862771394,0.0,89.24133010239669,-40.96934070111794,7.9250486926594395,0.0
134.13892597593443,-14.652242969805059,3.2859012991790095,0.0,123.84658421805976,-6.134045649192507,1.160130684755976,0.0,90.87650726183622,-7.395814564226476,1.8804673439541268,0.0,148.14903199922085,-41.362759555840995,-2.175608900753039,0.0,110.36607941570905,-37.6268498650801,1.734596229054084,0.0,89.85568235116538,-40.87072003568163,7.781569428223817,0.0
134.18169170126365,-14.62858370323782,3.27995264680834,0.0,123.85497154183,-6.140737523885062,1.1550620940309422,0.0,90.88695761423833,-7.399482017477351,1.8844699411671932,0.0,148.12451973959855,-41.21460302962444,-2.10824136708443,0.0,110.37800827822258,-37.629129345847765,1.732336758419871,0.0,90.46410137359885,-40.777360548699846,7.6474339649212055,0.0
134.2281507718757,-14.611705914491337,3.281161774770057,0.0,123.86575168094524,-6.144601941571595,1.1523436018501219,0.0,90.90131749714956,-7.403844280233025,1.8886521860627248,0.0,148.1098036594054,-41.07586972962651,-2.0727793222896906,0.0,110.39111304755485,-37.63272467506738,1.7319361788076169,0.0,91.05583170075957,-40.687651628738706,7.5224895545211865,0.0
134.28026292129536,-14.601304774306344,3.2907075845659275,0.0,123.88069338528994,-6.146625706085142,1.1526276466798695,0.0,90.91808679632683,-7.408757955498539,1.8921905996679396,0.0,148.10486793119406,-40.96598728091516,-2.057005721140051,0.0,110.4062096099779,-37.63889498942467,1.7332177966444586,0.0,91.62518039400622,-40.60024709232553,7.402863918210537,0.0
134.33947897315025,-14.596051715263219,3.3073766088826613,0.0,123.90004870554492,-6.147793471126091,1.155708909523935,0.0,90.93503918590991,-7.414245788726435,1.8940377420036594,0.0,148.10774779775727,-40.89425121133902,-2.0509770732169503,0.0,110.42353945509831,-37.64869870201576,1.735334774048237,0.0,92.17403350607593,-40.51397223046891,7.281675575658424,0.0
134.40590130627672,-14.594383897878984,3.3279441737142648,0.0,123.92234551202378,-6.149186048837971,1.1602609686215741,0.0,90.94976467104236,-7.420477315913884,1.8932287238389982,0.0,148.1155056237535,-40.85968440667941,-2.0477003108992804,0.0,110.44247540129487,-37.662640433824116,1.7368681675259854,0.0,92.71088475939918,-40.42746915828054,7.1512137756791585,0.0
134.47810410143688,-14.595243732792444,3.348520424716517,0.0,123.94476250579699,-6.1520942807313865,1.1639044809239882,0.0,90.9603725110921,-7.427565566537294,1.889302230937492,0.0,148.12516773046056,-40.8537430762459,-2.0430487188864284,0.0,110.46151786159935,-37.680348464268846,1.7362361556542965,0.0,93.24679857451892,-40.33897312247571,7.0059926214286605,0.0
134.55364307407652,-14.598607921723088,3.3664617676908453,0.0,123.96391194479423,-6.157985039045925,1.1636315420289494,0.0,90.96611244953405,-7.4352113185679745,1.8826291748163957,0.0,148.13434261331227,-40.86452228550405,-2.0352369742973586,0.0,110.47863786887544,-37.70037205587023,1.7322418049870851,0.0,93.7902346337455,-40.246505136887755,6.845467736056268,0.0
134.6299711661947,-14.60552535296718,3.382092358143037,0.0,123.9767791565402,-6.16834303987861,1.1564718986004507,0.0,90.96762446706396,-7.442444070663543,1.874417476427901,0.0,148.14145388102756,-40.880831416512876,-2.0241190772872315,0.0,110.4918752693828,-37.72020414909563,1.724508458295345,0.0,94.34312888515599,-40.148512176932144,6.675083203298204,0.0
134.70538081247793,-14.617381151775561,3.3994775416608807,0.0,123.98158532874511,-6.18444519428173,1.1402586322719381,0.0,90.96665904012771,-7.447738811166571,1.8663315349467062,0.0,148.14569505093132,-40.89489368518772,-2.0105001374702525,0.0,110.49998662643961,-37.73661408604134,1.7136327263722855,0.0,94.89993138096612,-40.04462089099576,6.50492131549343,0.0
134.77969427875803,-14.63439072375464,3.4258944383791903,0.0,123.9783832070172,-6.2070319656949975,1.1143626756465856,0.0,90.96538996697055,-7.4495307240460695,1.8599136615669511,0.0,148.1468713570471,-40.90320602367286,-1.9955726178683015,0.0,110.5029059251612,-37.74631523261644,1.7010231165462883,0.0,95.44981317542938,-39.9359095791782,6.346379750051419,0.0
134.85459934197394,-14.65378435335384,3.470264959876312,0.0,123.96922640150052,-6.235868174303374,1.0802000509994905,0.0,90.96567140376942,-7.446836087211999,1.8561039080123063,0.0,148.14525325005135,-40.90585589520417,-1.9805332955812744,0.0,110.50184049065277,-37.74689198057187,1.6885084721793273,0.0,95.98072261760964,-39.82427718958945,6.208304703555179,0.0
134.9336699677851,-14.6684535412448,3.54127649938858,0.0,123.95779560127731,-6.269374642803368,1.041247269679486,0.0,90.96857029863605,-7.4396270512059335,1.855046585210232,0.0,148.14148116597673,-40.90501834071908,-1.966385558323001,0.0,110.49896162436303,-37.73777133078263,1.6778619390467409,0.0,96.48326689112771,-39.71108774192514,6.094174397616904,0.0
135.02213635984953,-14.666759077576438,3.6459326873416327,0.0,123.94850070605035,-6.304625710070822,1.0024223280754896,0.0,90.97427607382289,-7.428823354474307,1.8561804429723434,0.0,148.13648887124484,-40.90338083481308,-1.9538531147094034,0.0,110.49681856342788,-37.72090033665203,1.670382818859439,0.0,96.95289363408119,-39.59580990585753,6.0012568298434275,0.0
135.1263534362255,-14.633785567342018,3.7889405263735707,0.0,123.94531914841413,-6.337865932018688,0.9689952296569757,0.0,90.98228585510527,-7.415998571554335,1.858501075703309,0.0,148.1313951684621,-40.9030004766269,-1.9432890736866195,0.0,110.49771518454054,-37.700775480731,1.6666355446300614,0.0,97.3900423047854,-39.475414952356026,5.921775412896684,0.0
135.2528094694756,-14.553857340855291,3.9729439827046775,0.0,123.95081000875318,-6.365402912869593,0.9454215356744395,0.0,90.99171533343363,-7.402967924624912,1.8608847414197953,0.0,148.12734706295157,-40.904786956684745,-1.9345447077272873,0.0,110.50326491619131,-37.6836243490003,1.6664008526031537,0.0,97.79892324058413,-39.34487968876375,5.845515776032753,0.0
135.4066563433916,-14.413899455971858,4.199281392447173,0.0,123.96567283033086,-6.384530164445701,0.9344578181223238,0.0,91.00162280231116,-7.391376471284522,1.8623938837151126,0.0,148.1253308989164,-40.90856158779533,-1.9269103284561968,0.0,110.51420314726981,-37.675845774293826,1.6688518090411009,0.0,98.1858866067444,-39.1986013742139,5.7630328386137,0.0
135.59012940193713,-14.20717058417408,4.468652475445063,0.0,123.98892958622534,-6.394162795067153,0.9367143200237802,0.0,91.01126923824812,-7.382349847123175,1.8624965256267227,0.0,148.12597649296072,-40.913496690885026,-1.9192913611314122,0.0,110.53040119842467,-37.68215028038627,1.672900974461367,0.0,98.55810470090992,-39.03216087926709,5.668529052203594,0.0
135.80150533651758,-13.936602194785909,4.780954181713632,0.0,124.01851069777088,-6.395061366662309,0.9506241934032413,0.0,91.02026706064287,-7.376247152365682,1.8611463139513749,0.0,148.12938860284274,-40.91866768682362,-1.9106404906607501,0.0,110.5509849636458,-37.70402362977879,1.6775806529843216,0.0,98.92285494024395,-38.84380247087928,5.5615830538499225,0.0
136.0350896594779,-13.616395629654003,5.1338660873577755,0.0,124.05190527812006,-6.3896869306810595,0.9727480237193795,0.0,91.02860523453334,-7.372569102759859,1.8587174733540177,0.0,148.13505501824238,-40.923464936684994,-1.9004126722945003,0.0,110.5745065445079,-37.73906018146021,1.6822801080080811,0.0,99.28726075052067,-38.63520302976899,5.447281820519912,0.0
136.28219844651886,-13.270446517123379,5.5206233655277455,0.0,124.08662371356911,-6.38174972499202,0.9983595232086575,0.0,91.03656278543333,-7.3700934311723545,1.8558491021515362,0.0,148.1418887699762,-40.92773755253633,-1.8887036302286067,0.0,110.5991690500229,-37.781433885126006,1.6867360791091421,0.0,99.65800740174275,-38.41142186849131,5.334835046046486,0.0
