LF_x,LF_y,LF_z,LF_w,LM_x,LM_y,LM_z,LM_w,LH_x,LH_y,LH_z,LH_w,RF_x,RF_y,RF_z,RF_w,RM_x,RM_y,RM_z,RM_w,RH_x,RH_y,RH_z,RH_w
-62.725106062934756,-7.794262242892514,2.980326288769211,0.0,-103.62471685291187,-4.959323537551111,2.6140556147908995,0.0,-138.33978103939242,-3.402150940824132,4.323647495090405,0.0,-74.83972937293171,-39.840826182091554,1.3872698793896685,0.0,-116.6794348345974,-36.05250202838927,2.732039887463978,0.0,-122.30892138192503,-36.070325894215785,3.839573537031363,0.0
-62.6023093369909,-7.849942806107779,3.006475663584112,0.0,-103.63505109794623,-4.98670123994199,2.599889987173013,0.0,-138.3940017982704,-3.360682738538813,4.500853369026951,0.0,-74.83427226609983,-39.84413654034373,1.381679473002409,0.0,-116.65694229157008,-36.037088635246064,2.7041010767480227,0.0,-122.31124609549501,-36.06484761223585,3.8344303286890042,0.0
-62.55303763410533,-7.932741933284885,3.0708314723996395,0.0,-103.64433455989347,-5.007913524277688,2.5881678207478043,0.0,-138.43163522488433,-3.2809609536378437,4.7114084387801345,0.0,-74.82844119521201,-39.84650878620223,1.37565820398701,0.0,-116.6357811800721,-36.02948734237211,2.6806499037897726,0.0,-122.31368601972112,-36.05891974846279,3.8288743300204633,0.0
-62.519785243442186,-7.989968263546969,3.1465942011209496,0.0,-103.65119833314105,-5.018499862569117,2.5801576402422324,0.0,-138.44405223991166,-3.142387129275698,4.966213417938751,0.0,-74.82264478565797,-39.84715822086237,1.369272331756326,0.0,-116.6195262319632,-36.037303903006716,2.667362368720994,0.0,-122.31618205696694,-36.05244272778482,3.822202826437591,0.0
-62.51385147300281,-8.023965243616754,3.2200227251246627,0.0,-103.65447882488947,-5.01725573104026,2.5759341662132584,0.0,-138.4262026158954,-2.9438471494950793,5.2596812406274935,0.0,-74.81737042187363,-39.84584130509243,1.3623530527970953,0.0,-116.61722584885678,-36.06852456886331,2.671921579177676,0.0,-122.31836800140422,-36.045594370160224,3.813712945896242,0.0
-62.528639348389305,-8.0376373121533,3.2881310183355996,0.0,-103.65355731069836,-5.006022775890601,2.574550521542953,0.0,-138.37718229684145,-2.7017739180216136,5.574308030893402,0.0,-74.81315217799255,-39.84286915805852,1.3547319544664091,0.0,-116.64354254147615,-36.13087370072031,2.70377687902365,0.0,-122.31957761834283,-36.0387005672712,3.803023430969164,0.0
-62.55009693803377,-8.036285287495595,3.3479444342141758,0.0,-103.6486572410593,-4.988394438580547,2.5745981989565756,0.0,-138.29978516378847,-2.441991883709586,5.890835651415486,0.0,-74.81054098866085,-39.83891641457202,1.346774030862436,0.0,-116.71479982072601,-36.22953478257671,2.7723752178124474,0.0,-122.31897871170183,-36.0320445628253,3.7903420058339687,0.0
-62.562566159905586,-8.02553442227956,3.396283364642148,0.0,-103.64092333776168,-4.968152043726528,2.5748637743783522,0.0,-138.19812403756183,-2.1883059475580433,6.199906148856675,0.0,-74.80996300248482,-39.83475371600518,1.3397146751476363,0.0,-116.84179604958832,-36.36361262076538,2.884132287832008,0.0,-122.31580969258304,-36.0257387504894,3.7764647903816897,0.0
-62.554757711160484,-8.009859459890093,3.430532777710919,0.0,-103.6321839104517,-4.948171565153173,2.5747662322160707,0.0,-138.07376429760626,-1.9522847234598117,6.50985849113851,0.0,-74.81139066722456,-39.83104880426519,1.3353811963770585,0.0,-117.0222717372431,-36.52294841552357,3.038519939270328,0.0,-122.30965149857012,-36.01972109655437,3.7624809505817254,0.0
-62.52377145588298,-7.992131564227288,3.4495853160458108,0.0,-103.62444103635431,-4.930088491712626,2.5743846229496548,0.0,-137.92247830863607,-1.7283443405427814,6.846304501785869,0.0,-74.8138900390425,-39.828302844910766,1.3353178505928298,0.0,-117.23723510982471,-36.68802746285523,3.2244215605631474,0.0,-122.3006239406493,-36.01386054255095,3.7493317903915617,0.0
-62.47563566375463,-7.973794574577462,3.4542342324117197,0.0,-103.61925856768909,-4.9145778146048915,2.574111186509601,0.0,-137.73398822031044,-1.496458566741687,7.242844890525123,0.0,-74.8152777592206,-39.826878679562185,1.3398502609781335,0.0,-117.45450519156837,-36.83527528152664,3.419698002292611,0.0,-122.2893882496255,-36.00810523090111,3.7374438908855865,0.0
-62.42234970796406,-7.955264511828405,3.446861807844204,0.0,-103.6172530540722,-4.901919805116898,2.5741775351208602,0.0,-137.49542438013447,-1.2322023545182157,7.726810419881383,0.0,-74.81215743772758,-39.8270307142548,1.3477166009332784,0.0,-117.6386686802805,-36.94666441161144,3.5970701980620348,0.0,-122.27690116637781,-36.00260116028604,3.7266016190448266,0.0
-62.37679919146615,-7.936478193663838,3.4308375966481144,0.0,-103.61783485044332,-4.892526405873919,2.5743524107621543,0.0,-137.1969246680987,-0.920424563653798,8.30610443100973,0.0,-74.80043017796052,-39.82889171950976,1.3564178157603966,0.0,-117.76180902876986,-37.01842986818888,3.7350943889675996,0.0,-122.26399787683846,-35.99774151779538,3.716087640484453,0.0
-62.34764817710127,-7.917588709604726,3.410020747270398,0.0,-103.6192630956304,-4.887164512982278,2.5739448176096733,0.0,-136.83660364169612,-0.5656871286072764,8.962283914152737,0.0,-74.77614711644304,-39.832445137472845,1.362948688894507,0.0,-117.8093916694621,-37.06373297866212,3.8278325857976903,0.0,-122.251012011712,-35.99413875330491,3.7050099205013343,0.0
-62.33625877836229,-7.899551196828613,3.38829668016068,0.0,-103.61903368973664,-4.8867439651754285,2.5720275153511736,0.0,-136.42250130247317,-0.19278198582198058,9.652730451640288,0.0,-74.73645496265169,-39.837543544270176,1.3645143502476422,0.0,-117.78044096065288,-37.10847306225264,3.8874578384772462,0.0,-122.23766891670118,-35.992515819236274,3.692711290470438,0.0
-62.33683173938588,-7.884221168788909,3.3688893231849892,0.0,-103.61458051372874,-4.891789555700618,2.567721772154872,0.0,-135.97023507852913,0.16370461816718418,10.322025729460918,0.0,-74.6803614327703,-39.84400374787145,1.3590463300418438,0.0,-117.6843319503694,-37.182944050191814,3.9392164416624365,0.0,-122.22337542576624,-35.99351687609961,3.6791509978310852,0.0
-62.33950546360589,-7.873863512171049,3.353561322747014,0.0,-103.60414866608775,-4.901945701544461,2.5604416829403593,0.0,-135.49686264346434,0.4741067765976936,10.918826660674013,0.0,-74.60907663584433,-39.85173545264589,1.3455062571470329,0.0,-117.53604299572014,-37.31252857056884,4.0119746210347405,0.0,-122.20783575299367,-35.9974649418075,3.6650977957363082,0.0
-62.334743456795685,-7.870360526046096,3.3421751019727672,0.0,-103.58753016023526,-4.915850752191099,2.550057228634355,0.0,-135.0139242082428,0.7236014640955553,11.411064951229678,0.0,-74.52579450660406,-39.8608071612261,1.3240034746086433,0.0,-117.35114904595738,-37.510325324472674,4.128723424703315,0.0,-122.19173885750446,-36.004121419091376,3.651971459610863,0.0
-62.316851442729835,-7.874533841216347,3.332903145609773,0.0,-103.56631128037776,-4.931444367448206,2.536957494361298,0.0,-134.52352775423822,0.9133083526456733,11.792757259990177,0.0,-74.43496056562572,-39.87137726163412,1.2957187267208425,0.0,-117.14242768776262,-37.77434273491562,4.300940486964748,0.0,-122.17715414690831,-36.012516267120475,3.641317916350248,0.0
-62.28520976024568,-7.885859343435695,3.322923393328306,0.0,-103.54345422882271,-4.946464610026271,2.5220064395780266,0.0,-134.01909695840703,1.0549509650328854,12.080444771385665,0.0,-74.34125774793222,-39.883505917943474,1.262639307031673,0.0,-116.91923098050087,-38.09023410489857,4.528410763165645,0.0,-122.16730320398126,-36.02093843466913,3.6341352218903538,0.0
-62.24315803444032,-7.902693277732142,3.30926040900005,0.0,-103.52231206922866,-4.95881162857034,2.5063955619647604,0.0,-133.48922233907447,1.1637256788328116,12.302399192385435,0.0,-74.24864168717981,-39.896951854710515,1.227185094000431,0.0,-116.68844719889353,-38.43767442887345,4.802970216597321,0.0,-122.1655974513305,-36.02719130652688,3.6303994855300026,0.0
-62.19551620729517,-7.9229952284135035,3.289570668282032,0.0,-103.50540191332286,-4.966638806668897,2.4914136477288995,0.0,-132.92181785954568,1.2527404855540958,12.486062319152154,0.0,-74.1596987114084,-39.911084970563266,1.1918204791749272,0.0,-116.45487637724429,-38.79683822039852,5.113026994854066,0.0,-122.17419861777434,-36.02916192853877,3.629057654824562,0.0
-62.14607232715045,-7.945282969286498,3.2628062248814143,0.0,-103.49338255763826,-4.9682980568872335,2.478184643853689,0.0,-132.3067262526946,1.3303582180899074,12.64858026860394,0.0,-74.07541186985657,-39.92498031543216,1.1586820953527077,0.0,-116.22027770864159,-39.15237560273225,5.446450484308338,0.0,-122.19268949919453,-36.025596409296476,3.6284977520988075,0.0
-62.09612662651362,-7.969251386906798,3.2296728316125822,0.0,-103.48469421504919,-4.962407210864734,2.4674474698359035,0.0,-131.6365298529534,1.4002354598803688,12.793084199302129,0.0,-73.99525939551827,-39.93764610572473,1.129240067643991,0.0,-115.98209566452375,-39.49451368458275,5.791241859405241,0.0,-122.21752449562777,-36.01679160152569,3.627230139941924,0.0
-62.044565397563474,-7.995538193417375,3.1927236542024,0.0,-103.47618303543261,-4.948222029952241,2.4594131279693876,0.0,-130.9063979604574,1.4629201030557688,12.91085059341799,0.0,-73.9175464013703,-39.94827775266674,1.1040836652808643,0.0,-115.733210222112,-39.818485760582405,6.134946209611341,0.0,-122.24265850448255,-36.004842017039344,3.6244001175403966,0.0
-61.98917711001269,-8.02470838547449,3.155945062583182,0.0,-103.46469615603952,-4.9262609971534665,2.453672609139664,0.0,-130.11401893767743,1.5176607442962737,12.987468756646486,0.0,-73.83991572190448,-39.95645994128275,1.0829526461796206,0.0,-115.4633046395952,-40.123630689919395,6.464423753706236,0.0,-122.2612122889579,-35.99322205696918,3.6198891799460817,0.0
-61.92836699552971,-8.056178457810358,3.1238413631319055,0.0,-103.44911969476368,-4.898940786649451,2.4491595403614124,0.0,-129.26017273605083,1.563553754281445,13.010079598461994,0.0,-73.75998485737726,-39.9622944390494,1.0650444767830791,0.0,-115.16149184244016,-40.41267121645592,6.767061111811675,0.0,-122.26750316200336,-35.98580226502623,3.6140413131073608,0.0
-61.86236030276211,-8.087872959525761,3.1002407971028276,0.0,-103.43187082173766,-4.870890837851849,2.444272295349588,0.0,-128.34962618142976,1.5998681651486102,12.97280124388066,0.0,-73.67601472246804,-39.966444364377644,1.049466683098359,0.0,-114.81916532642845,-40.690891907003056,7.03304250645488,0.0,-122.25859421840894,-35.98569552558671,3.607261633643944,0.0
-61.79338096822742,-8.116873128038051,3.0872142446370088,0.0,-103.41882338919503,-4.8485592373425686,2.4372688004337615,0.0,-127.39134615428202,1.625810541642311,12.878555146846523,0.0,-73.58748238814613,-39.97006446257136,1.0355761005679263,0.0,-114.43191615290519,-40.964863908515056,7.2571249776168765,0.0,-122.23481643454126,-35.994392799763155,3.59975109070842,0.0
-61.724865208641575,-8.140678720909658,3.0845205412395327,0.0,-103.41725889760204,-4.8387980474806405,2.4268851199488672,0.0,-126.39715970538242,1.6400020051955995,12.737267049678117,0.0,-73.49541334743617,-39.97458250436629,1.0229909761103784,0.0,-113.99988599947915,-41.240794420929255,7.438588946873006,0.0,-122.19926146936312,-36.01146155197887,3.591489043082186,0.0
-61.66020425433175,-8.158371197365947,3.089800769849157,0.0,-103.43245947423513,-4.846553638553521,2.4128950327794474,0.0,-125.37905884882683,1.6398603211639653,12.562070904914185,0.0,-73.40235373427028,-39.981344156831405,1.0113674656744642,0.0,-113.52676136305895,-41.52291071163959,7.579375180716194,0.0,-122.15664913586073,-36.03481444133565,3.5823871893609063,0.0
-61.60165448255606,-8.17104735330705,3.0993973547492235,0.0,-103.46441930228558,-4.872536503361303,2.3962476948656573,0.0,-124.34653738884803,1.6211745576891143,12.365752677818133,0.0,-73.31194612768498,-39.99122161133124,1.0003239700748274,0.0,-113.01814472440776,-41.81230183990928,7.681563301512717,0.0,-122.11205063277058,-36.06137225746755,3.572453751530606,0.0
-61.54990747484964,-8.181314067243502,3.1094124765610367,0.0,-103.5063426431567,-4.9122381560356025,2.3786592603039445,0.0,-123.30550688506472,1.5782722108759106,12.158855148447751,0.0,-73.22815978854854,-40.00434837784666,0.989695328948331,0.0,-112.4799974711341,-42.10650614276838,7.745492209459064,0.0,-122.06979870203419,-36.08787998415648,3.5618570668863487,0.0
-61.50441881918706,-8.192173559644658,3.1166361178177198,0.0,-103.54597308285273,-4.957187591296147,2.3619132254728186,0.0,-122.25924422783856,1.5049924718615255,11.949354657808334,0.0,-73.15432795578803,-40.02011014194558,0.9798115101008378,0.0,-111.91750149732805,-42.39997088420085,7.769210897525441,0.0,-122.03274548852427,-36.1116517539358,3.5508677507466206,0.0
-61.464123935219924,-8.205945461378192,3.1191598630377246,0.0,-103.56951551334147,-4.997984180919808,2.3472788881372875,0.0,-121.21049980874392,1.3961835581711135,11.742882191454502,0.0,-73.09230801884225,-40.03740866031043,0.9714425393001314,0.0,-111.33439922281295,-42.685288539250806,7.749187536600063,0.0,-122.001927904754,-36.13108227445462,3.5397094377714673,0.0
-61.427988167039835,-8.223732511412575,3.1166181224528504,0.0,-103.56645711461923,-5.027531482060596,2.3352938105785466,0.0,-120.16346151873564,1.2490209114740942,11.542666480287398,0.0,-73.04215061327164,-40.055096384546644,0.9654426801563272,0.0,-110.73276781600165,-42.954838736403495,7.681695360791781,0.0,-121.97663832108711,-36.14584169883212,3.528386979637844,0.0
-61.39514354243672,-8.245455099580393,3.110036136312628,0.0,-103.53289523189721,-5.042905452563292,2.3258335195846893,0.0,-119.12481284525813,1.0635434302497035,11.349178717967503,0.0,-73.00244621166807,-40.07240776845037,0.9623842330996268,0.0,-110.11319775908859,-43.202284980079156,7.564186942526164,0.0,-121.95484504231099,-36.156750251317455,3.516606718635515,0.0
-61.364837370796764,-8.270079824218715,3.101336007736336,0.0,-103.47178451375743,-5.0452388492004605,2.3182015811531986,0.0,-118.10384322000004,0.842420774648577,11.159951739964479,0.0,-72.97112460174067,-40.08921488389928,0.9623866393137224,0.0,-109.47536429702501,-43.42344957772307,7.396209728338695,0.0,-121.93386809631735,-36.16539926172615,3.503888079660209,0.0
-61.33655230004677,-8.295703733171148,3.0926714827845743,0.0,-103.39039982265136,-5.0381626952963385,2.311134373280785,0.0,-117.1117348466774,0.5904816164487467,10.969869555902411,0.0,-72.9462366166695,-40.10600845270427,0.9651413733631422,0.0,-108.81891278167176,-43.6163949695015,7.179764972734498,0.0,-121.91119234107757,-36.173629147170445,3.4898600465440754,0.0
-61.31035344471624,-8.319555346373592,3.085820018695248,0.0,-103.29689465624656,-5.0259864669080425,2.3028908765925475,0.0,-116.15985850277272,0.3143752290512918,10.771740125915658,0.0,-72.92632814063914,-40.12361855013035,0.9700088671936378,0.0,-108.14443861171243,-43.78088018863566,6.91921820208289,0.0,-121.88527525552377,-36.182983889667625,3.474617121276893,0.0
-61.28713944995544,-8.338296786499455,3.0818015122580267,0.0,-103.19806361898122,-5.012583900157887,2.2915947226700304,0.0,-115.25697881078368,0.02212446521010314,10.556774859817462,0.0,-72.91033913870268,-40.142806251403485,0.9760911278432438,0.0,-107.45422865608629,-43.91756347919267,6.620878310074446,0.0,-121.85617616463344,-36.194260705084616,3.458949104610525,0.0
-61.268411707367655,-8.348894771571935,3.080780638536611,0.0,-103.09935945332157,-5.001213882317402,2.275747933385075,0.0,-114.4061526004511,-0.2779638404207798,10.314865203906837,0.0,-72.8972771525582,-40.16392851992507,0.9823363983292044,0.0,-106.75241702944103,-44.02733055685668,6.292302735162035,0.0,-121.82581795582631,-36.20727589899753,3.4442795789543617,0.0
-61.25548221519854,-8.349849984931742,3.0822243981028823,0.0,-103.0067353993105,-4.9948894268052335,2.2546780740170185,0.0,-113.60301506290313,-0.5791495257489885,10.034876570377076,0.0,-72.88599036907468,-40.18683875241826,0.9877903478095522,0.0,-106.04431836263097,-44.11095872563138,5.941392713685211,0.0,-121.79772573229049,-36.220935550449994,3.4322687587875826,0.0
-61.248465431959445,-8.342164560765415,3.085227553310471,0.0,-102.92882553940558,-4.9967107812560645,2.2287647130248445,0.0,-112.83690698972258,-0.8782800979957095,9.705246320383077,0.0,-72.87519064822959,-40.21104257981589,0.9919007848294132,0.0,-105.33495795669536,-44.169059963786424,5.575444287693177,0.0,-121.77620568600338,-36.23360246935864,3.4242286358074043,0.0
-61.24565810004376,-8.32943288285437,3.088858029089879,0.0,-102.8777127970296,-5.009696508997848,2.1994826770517673,0.0,-112.09489404946275,-1.1770235533792928,9.315103131002804,0.0,-72.8636726867723,-40.23599476022704,0.9945945952759772,0.0,-104.62720363531272,-44.202058103164916,5.200437221083387,0.0,-121.76513000612145,-36.24363276510592,3.4206288807241787,0.0
-61.2438225764257,-8.31684234174864,3.0923632064286437,0.0,-102.86708733897115,-5.0359648308256055,2.1693905679131174,0.0,-111.36725726095355,-1.4815300685688406,8.856108319879622,0.0,-72.85059213105856,-40.26137690064026,0.9960091761692844,0.0,-103.92027888943954,-44.21001623638362,4.8208406952059875,0.0,-121.76668931222449,-36.249897622014956,3.420913568452292,0.0
-61.23941419605563,-8.309406349412884,3.095181247193283,0.0,-102.90780743811614,-5.075576894471262,2.1420640519786094,0.0,-110.65236628431629,-1.8002323485170235,8.325135414210765,0.0,-72.8356497631248,-40.287209281630226,0.9960954316187447,0.0,-103.20954975403907,-44.19239514178298,4.440008046284147,0.0,-121.78053800606553,-36.252133618447814,3.423651783338986,0.0
-61.23015857205637,-8.310151528911291,3.096843140424653,0.0,-103.00235446084866,-5.125719010504132,2.121685976704585,0.0,-109.95908725566127,-2.1400528682919333,7.727487412208145,0.0,-72.81905036693294,-40.313711649343006,0.994441560786667,0.0,-102.4881166515556,-44.14802239792617,4.060899804210241,0.0,-121.80365086895236,-36.25102852002369,3.4269063798960513,0.0
-61.21606332000446,-8.319048265093258,3.0968899354991954,0.0,-103.14081644382715,-5.180862656284045,2.111904197864103,0.0,-109.30573969305314,-2.5019158358926106,7.079564980045019,0.0,-72.80122782787903,-40.34096940634264,0.9904821190041826,0.0,-101.74992927011505,-44.07546572239719,3.6866506515792654,0.0,-121.8309824399082,-36.24801216681314,3.4287219171552135,0.0
-61.19925130327645,-8.3331593263439,3.0948668453562043,0.0,-103.30111540208854,-5.234091414557074,2.114073653310532,0.0,-108.71578699262636,-2.877228156843823,6.409266811303107,0.0,-72.78250866796353,-40.368616374731786,0.9839356203232477,0.0,-100.99323913563556,-43.973705497579154,3.3206097156936245,0.0,-121.85673915440407,-36.24480981117448,3.427679903543785,0.0
-61.18270989386129,-8.347950701424885,3.090399284845592,0.0,-103.45457587085862,-5.279211417264739,2.1259098572273043,0.0,-108.21163379036162,-3.2474410497229096,5.752855835632802,0.0,-72.76295272751564,-40.395759619599644,0.9751480792549252,0.0,-100.22279334507803,-43.842795481704414,2.9659248023330758,0.0,-121.87583770700843,-36.24292613083338,3.4233919946856055,0.0
-61.16863963105881,-8.359219613473634,3.083339034697035,0.0,-103.57494454450732,-5.312816252394153,2.1418234736355792,0.0,-107.80871034709791,-3.5879354784078097,5.148778883468069,0.0,-72.74248839490849,-40.42120907864348,0.9651240462827566,0.0,-99.44965264260838,-43.68429707532254,2.6251779587363746,0.0,-121.8850757147854,-36.24326772696512,3.4166630506814997,0.0
-61.15724338959477,-8.364830400137272,3.073943703260758,0.0,-103.64665678281125,-5.335361494079485,2.155084847591347,0.0,-107.5118590191971,-3.8750775960301262,4.630618735661347,0.0,-72.72125578670679,-40.44387874966959,0.9552483970692762,0.0,-98.68868253694737,-43.50151194339191,2.3005939727986497,0.0,-121.8837039593603,-36.24601851289818,3.409106896217599,0.0
-61.146557680137605,-8.36550189614163,3.0629989556930024,0.0,-103.66860152633993,-5.350728595140612,2.160490117807459,0.0,-107.31473351736398,-4.093123117061926,4.221408468356422,0.0,-72.69992259544178,-40.46314896512455,0.9468575019843097,0.0,-97.95487962616858,-43.29958634273035,1.9948502182917842,0.0,-121.8733023408478,-36.2507440500595,3.402346492495047,0.0
-61.133458374391125,-8.364270214712722,3.0517604612635747,0.0,-103.65238533414703,-5.364559012591734,2.1559636411928107,0.0,-107.2014753965563,-4.237851991474647,3.9303226079504494,0.0,-72.67971570395302,-40.47903813939076,0.9408648610661636,0.0,-97.26007700490374,-43.085386744173476,1.7119080324175666,0.0,-121.85702063720618,-36.25664514557067,3.3972770323890487,0.0
-61.115433353368516,-8.364846615780664,3.0416585920120713,0.0,-103.61673307659146,-5.382227854700394,2.142582967962541,0.0,-107.14959545690958,-4.316092699628775,3.7519210829830296,0.0,-72.66203999983485,-40.49214894133452,0.9376086739046929,0.0,-96.61110460884221,-42.86694719264109,1.457090574194945,0.0,-121.83841602467524,-36.262904458783844,3.393797704857496,0.0
-61.09227918314405,-8.369661436768093,3.0338769496367934,0.0,-103.58069596134992,-5.407277025012072,2.1235624033825538,0.0,-107.13359468466454,-4.342400821672808,3.668056634157166,0.0,-72.6478024786991,-40.50344916077435,0.9369739440898499,0.0,-96.00959629491379,-42.652433594626004,1.2360397377648056,0.0,-121.82030294706995,-36.26905730375906,3.3910106338574373,0.0
-61.066775570610176,-8.378624502000886,3.029048188769181,0.0,-103.55802151097674,-5.440563348670532,2.102972809065074,0.0,-107.1292030831002,-4.334770857213181,3.652292872630891,0.0,-72.63680021377236,-40.51398467359192,0.938676437404034,0.0,-95.45292477791534,-42.44880718875332,1.052893551702848,0.0,-121.8040656854074,-36.27524250863139,3.3876273529791803,0.0
-61.043808943124894,-8.389303767770269,3.0272430490727498,0.0,-103.55419308281571,-5.479894892885335,2.0846740615175445,0.0,-107.11768103395734,-4.310796497546244,3.675810063188232,0.0,-72.62758039525605,-40.5246108563377,0.9424820794162692,0.0,-94.93553151228198,-42.26049784515275,0.9085246254845281,0.0,-121.78967608434762,-36.28217774918747,3.382383960860304,0.0
-61.02826533542163,-8.398394494614742,3.028188387507358,0.0,-103.56668555718241,-5.5200631230344905,2.0716177209907993,0.0,-107.0889949219692,-4.284975710399211,3.7130302334998486,0.0,-72.61794012089008,-40.535801715655424,0.9481823649822783,0.0,-94.45013590592731,-42.08840226324912,0.7996697232024399,0.0,-121.77632713482895,-36.29082159482635,3.3744128493535595,0.0
-61.02279513632008,-8.403537424249429,3.0314736519391126,0.0,-103.58790771384336,-5.553659853973095,2.065516712550963,0.0,-107.04262141990549,-4.267289044105723,3.745337221002023,0.0,-72.60583653770236,-40.54757152108799,0.9553335031012296,0.0,-93.98868981334742,-41.929493172417104,0.7193277634231343,0.0,-121.76334836517684,-36.30183750008045,3.363550001010333,0.0
-61.026668556284264,-8.404391262585534,3.036574275932068,0.0,-103.609303009963,-5.573032183142423,2.0668131341661002,0.0,-106.98553043466637,-4.262856977842853,3.7622409888305377,0.0,-72.59022768160743,-40.559523102505224,0.962942263009225,0.0,-93.54323036545233,-41.77727141011977,0.6582064641958478,0.0,-121.7510115324193,-36.31506692766979,3.35049350416622,0.0
-61.03625939799861,-8.402485590559227,3.0427468366889983,0.0,-103.62476003713141,-5.572930198327221,2.0748438368028967,0.0,-106.92815613581283,-4.272376414560221,3.7604360103617704,0.0,-72.57144926342697,-40.57101777404433,0.9693275399416148,0.0,-93.1068289170915,-41.62311886418379,0.6065873361251217,0.0,-121.74090696373398,-36.329236697790165,3.3367106223359784,0.0
-61.04673594739518,-8.400202585641978,3.0489928685304104,0.0,-103.63212692808736,-5.552642902154428,2.088103432068266,0.0,-106.88006382650435,-4.293060800488673,3.7417743902580582,0.0,-72.55103964778529,-40.581440408059166,0.9723290937696927,0.0,-92.67465814486941,-41.458295227100486,0.555949984887457,0.0,-121.73569571228899,-36.34207900395997,3.324087861452048,0.0
-61.053987699132456,-8.39963122362223,3.054225968168323,0.0,-103.63273589474161,-5.51649980300567,2.1045491147604807,0.0,-106.84694735622331,-4.319887320347472,3.7110762321800177,0.0,-72.53118844177034,-40.59050492300348,0.9699242235549868,0.0,-92.24496919029369,-41.27604659570469,0.49999180319079883,0.0,-121.73822540031986,-36.35092810749764,3.3144425346545567,0.0
-61.055920160541106,-8.401886114358346,3.0575972991230618,0.0,-103.62971205186257,-5.47244355936676,2.121947427650756,0.0,-106.82969051095262,-4.347038219801661,3.674259205752353,0.0,-72.51406583025098,-40.59851278365547,0.9611119863178601,0.0,-91.81965076248994,-41.073276613827645,0.4350378406458866,0.0,-121.75025927458377,-36.35367589602886,3.3090416830071945,0.0
-61.05274584424209,-8.407072994456609,3.058798403891897,0.0,-103.62612104119259,-5.429314810254203,2.1382593856483503,0.0,-106.82519532778831,-4.369430577744584,3.6369001851813536,0.0,-72.50124281269494,-40.60645835215652,0.9466722224178792,0.0,-91.40408521362632,-40.851433698474096,0.3600318364106112,0.0,-121.77133415918334,-36.349751451905945,3.308224663191348,0.0
-61.04640012673477,-8.414725311059398,3.058157039497898,0.0,-103.62374517280536,-5.394054799325893,2.151989655451027,0.0,-106.82811519136705,-4.384091058758693,3.6032188919482877,0.0,-72.49332506765472,-40.615892706888935,0.9293224089705721,0.0,-91.00618489301982,-40.61646712712816,0.27630893612747087,0.0,-121.79834705317805,-36.340651901075184,3.3112135551800694,0.0
-61.039491198911385,-8.424366410269949,3.0564468062270542,0.0,-103.62276181559338,-5.370033831166689,2.1623744648038663,0.0,-106.83264551559458,-4.390954893293182,3.575505020049352,0.0,-72.48983784365201,-40.62852042634967,0.9130232165377361,0.0,-90.63471490943994,-40.37783750943166,0.18727276850356667,0.0,-121.82620305222535,-36.329665645233,3.3162292820671215,0.0
-61.03423161791454,-8.43585437022232,3.0544638189983306,0.0,-103.62218404942129,-5.357098459180685,2.1693395811868648,0.0,-106.8338752388621,-4.392708409448108,3.5540415329603157,0.0,-72.4893468665865,-40.64560598136554,0.9016052282939633,0.0,-90.297232854654,-40.14676861694827,0.09802177013792601,0.0,-121.84930701903022,-36.32082714449265,3.320990195190493,0.0
-61.03168722471412,-8.449305447593618,3.052529274199083,0.0,-103.62073238786535,-5.352933215982274,2.17330839844589,0.0,-106.82857524836481,-4.393642781514945,3.537533548786623,0.0,-72.48978505644534,-40.66737865553593,0.8972637967845234,0.0,-89.99820101227586,-39.934266371824144,0.014939076651922178,0.0,-121.86321288307154,-36.317577401480165,3.3234818927055425,0.0
-61.031508655607354,-8.464653306359587,3.0501404393464124,0.0,-103.61770531560751,-5.3546805241094,2.1750236873441313,0.0,-106.81550931020328,-4.397906763730261,3.523929493849767,0.0,-72.48893670960469,-40.69268566188877,0.8995952414688695,0.0,-89.73802088287894,-39.7497642901052,-0.0547115819623567,0.0,-121.86571319142669,-36.321748966796875,3.3226675896721503,0.0
-61.03214703241503,-8.481176944781957,3.045996575306683,0.0,-103.61337888062002,-5.359994006484707,2.175431279566199,0.0,-106.79538357410885,-4.407771927367003,3.511366882221239,0.0,-72.48498448036258,-40.71909675247815,0.9056437608184993,0.0,-89.51369803285695,-39.601243092767916,-0.10309737244623385,0.0,-121.85703997987382,-36.333263386520585,3.318781803342498,0.0
-61.03145293261956,-8.497403461813821,3.0385166631920537,0.0,-103.60867581533617,-5.36739479574056,2.175510327059646,0.0,-106.77048127964521,-4.422540894929042,3.498887973157448,0.0,-72.47697507417045,-40.74351154414032,0.9110040314859464,0.0,-89.32128246180397,-39.49698105892108,-0.12198930322783674,0.0,-121.83931973517234,-36.35052474031874,3.313090770087065,0.0
-61.0274981676988,-8.511550850828666,3.0267005069505277,0.0,-103.60431511461859,-5.37620290014725,2.175987732503698,0.0,-106.7439690233511,-4.438602184791609,3.486644521392675,0.0,-72.46504146831144,-40.76310881241208,0.9115774598033308,0.0,-89.15919108171941,-39.447866941717315,-0.10293804787291982,0.0,-121.81567950838001,-36.37119105725205,3.307308328389693,0.0
-61.019367931584334,-8.522285423638447,3.010878578843494,0.0,-103.60005679989438,-5.386273766946393,2.1770971285905603,0.0,-106.7189356765509,-4.4507895390422405,3.475551414044171,0.0,-72.450257559297,-40.77628145012199,0.9052532842899943,0.0,-89.03064324434135,-39.46827454341949,-0.0377700561772194,0.0,-121.78938323560254,-36.392948710463195,3.3029673591655744,0.0
-61.007566674827004,-8.529343844165851,2.9928345029970913,0.0,-103.59463951219236,-5.397632535280219,2.1786242155888154,0.0,-106.69745604441076,-4.454617082470188,3.4666191410436227,0.0,-72.43412278496426,-40.78315142454372,0.8927484640590357,0.0,-88.94353760638556,-39.573742119284105,0.08039482773416573,0.0,-121.76321930439295,-36.41405231007181,3.3009395737762457,0.0
-60.99372553798496,-8.53366904498769,2.9751319488234937,0.0,-103.58653915335528,-5.410114493577914,2.180278236130442,0.0,-106.68013381039664,-4.448432347907069,3.460302680767102,0.0,-72.41786130120128,-40.78544371730285,0.8772192795807143,0.0,-88.9073074800115,-39.77521353116932,0.2557627887872762,0.0,-121.73920558831797,-36.43356618177388,3.3011611862086134,0.0
-60.97963292220692,-8.537001227932008,2.960011659611798,0.0,-103.5750939656296,-5.423200257213049,2.18214129030458,0.0,-106.666406380396,-4.434480837574201,3.4561096307448747,0.0,-72.40186394292373,-40.785818806517426,0.8628772365178143,0.0,-88.92785629448701,-40.07159506202755,0.4884635410752054,0.0,-121.71856611752621,-36.45133739549652,3.3026087307973295,0.0
-60.96612454468226,-8.541126840882093,2.948510968924099,0.0,-103.56128180410522,-5.436181634934458,2.1848541479626737,0.0,-106.65544973945353,-4.418389301824637,3.452561486542331,0.0,-72.38557476218642,-40.786998717679786,0.8533063316762686,0.0,-89.0026723864169,-40.44386409869953,0.7733152969004635,0.0,-121.70185414353647,-36.46775457479323,3.3036081960744763,0.0
-60.952633507769235,-8.547122564457453,2.940285490666751,0.0,-103.54766812296083,-5.4485904612899585,2.1893613102343155,0.0,-106.6471448791029,-4.407289367249709,3.4475235902216657,0.0,-72.36791202644841,-40.79103263966069,0.850216569430966,0.0,-89.11831155182159,-40.85417851064501,1.0989368687194485,0.0,-121.68909122479674,-36.483383362351496,3.302457315446519,0.0
-60.937825090965454,-8.554933620195524,2.9341545472971937,0.0,-103.5375337826155,-5.460619920939241,2.1963035362678296,0.0,-106.6425203617265,-4.407307505122436,3.438867025930721,0.0,-72.34803832740522,-40.79889001522003,0.8530357727903759,0.0,-89.2517474425344,-41.251809663994024,1.4479339594366891,0.0,-121.67987493968559,-36.498624083877814,3.298121571925245,0.0
-60.92093011660361,-8.563487287886758,2.9289856726425363,0.0,-103.53354949662126,-5.47321848212822,2.205360195215931,0.0,-106.64338589557006,-4.421323923658815,3.4252938618711397,0.0,-72.3261075969645,-40.81040379350142,0.8593246616045622,0.0,-89.37566925518189,-41.58443874500934,1.7992842183271751,0.0,-121.67347621882497,-36.513522300313625,3.2907037570911584,0.0
-60.90284378603252,-8.571287130505487,2.924402376874939,0.0,-103.53643157813423,-5.487694809394996,2.2149483669935472,0.0,-106.6513440340671,-4.447832960339495,3.4069767112810094,0.0,-72.30360711094787,-40.82449956971763,0.8657315406606241,0.0,-89.46587844190758,-41.81038695937941,2.133043538512343,0.0,-121.66893639355482,-36.52776647414717,3.2815376709444823,0.0
-60.88622364820732,-8.577180061086494,2.9209725757843756,0.0,-103.54394433895784,-5.504952719612398,2.2226312165613002,0.0,-106.66673338319598,-4.481417792503739,3.385633399486247,0.0,-72.2830844503,-40.839603254429775,0.8691111152287014,0.0,-89.50761987582912,-41.907171257720755,2.4354735709675044,0.0,-121.6651592823863,-36.54082965665964,3.272877174265801,0.0
-60.874494430413534,-8.58089035131767,2.9198647608580064,0.0,-103.5505814825702,-5.524685235873935,2.226331582083052,0.0,-106.68808317227553,-4.514720348598691,3.363926003770924,0.0,-72.2673223118515,-40.854089198308515,0.8674511059310461,0.0,-89.49815747132388,-41.87422461668278,2.701766732597333,0.0,-121.66105090069976,-36.5522190063952,3.267115637621769,0.0
-60.870303523369444,-8.583040662991866,2.9221965678492143,0.0,-103.54822137240845,-5.544866468223651,2.2260527233067524,0.0,-106.71235390736042,-4.541049355448905,3.344492059439128,0.0,-72.2582797512511,-40.86664717911204,0.8603529246718153,0.0,-89.44486519815719,-41.730132815081035,2.9348451824003146,0.0,-121.65575637540852,-36.56179312791093,3.2656123413123694,0.0
-60.874209011109365,-8.58467332362104,2.928337775786696,0.0,-103.52783318756964,-5.561747095231183,2.22545096772828,0.0,-106.73586150695485,-4.5564263151817626,3.329126202402895,0.0,-72.25625434166949,-40.87651881095265,0.8489847801904222,0.0,-89.36016167857495,-41.50588646025648,3.141094421433369,0.0,-121.64879327050535,-36.56997492434328,3.2678807870860176,0.0
-60.884228155190705,-8.586586403515167,2.9374118371862714,0.0,-103.48185695324693,-5.570405379666939,2.2324778578856517,0.0,-106.7555341131697,-4.560224778150707,3.3184705629184172,0.0,-72.2596573115055,-40.88361092772624,0.8356018619589349,0.0,-89.25574524315657,-41.23613148163365,3.3255141813942277,0.0,-121.63985075174254,-36.5776882622612,3.2719393326951725,0.0
-60.89647895783441,-8.588922256187548,2.9472714489206826,0.0,-103.40640359157653,-5.565751713105842,2.2585484821980133,0.0,-106.77000398178701,-4.554374887949564,3.3122406242082985,0.0,-72.26552815454598,-40.88849472847353,0.8228255939979068,0.0,-89.13848800948938,-40.95089285194624,3.488685555665244,0.0,-121.62854471387999,-36.586124501406985,3.2753155682991153,0.0
-60.90663101854071,-8.59129892169839,2.9551345362530625,0.0,-103.30227007686763,-5.543711731842457,2.3162748248670937,0.0,-106.7800105891314,-4.541841185832813,3.3097616804931604,0.0,-72.2705688287751,-40.89229594817863,0.8128780112113478,0.0,-89.00925492809395,-40.67020577163723,3.6265449031869483,0.0,-121.61456039017988,-36.596493143034664,3.2757704496762656,0.0
-60.911458428509555,-8.593421757449383,2.958694574837917,0.0,-103.174138430887,-5.502189187423639,2.4164903311481067,0.0,-106.78785313906928,-4.525314446435122,3.3104821199220797,0.0,-72.27223364930967,-40.89650338340122,0.8069448311911351,0.0,-88.86453913967293,-40.4029649974785,3.732426293894818,0.0,-121.5981983824016,-36.60973250105173,3.271609255576049,0.0
-60.90975592698833,-8.595759275051002,2.9570918794810392,0.0,-103.02812142003341,-5.441421195093943,2.5657744591328786,0.0,-106.79611633023038,-4.506724800529804,3.314160528426722,0.0,-72.26940426908358,-40.90273410778052,0.8048382142901698,0.0,-88.6998656460182,-40.14963638732073,3.80011090411994,0.0,-121.58103719338965,-36.62615732387591,3.261839947842537,0.0
-60.90229388456679,-8.599771484947102,2.9511145726770014,0.0,-102.86863905380066,-5.36350576883804,2.765704085573759,0.0,-106.80623479413725,-4.487585440672648,3.3206146532393817,0.0,-72.2624223747945,-40.912486690745965,0.8050862826535319,0.0,-88.51356192491978,-39.907229302714285,3.826701011884337,0.0,-121.56634735275786,-36.6451753812195,3.246269082086755,0.0
-60.89103353963816,-8.607444840069387,2.942511026177268,0.0,-102.69595433537091,-5.271227042634264,3.0144035188292637,0.0,-106.81746408704352,-4.469713600879271,3.3292018498625016,0.0,-72.2525964554359,-40.92691853211423,0.8054135512552563,0.0,-88.30949874433406,-39.67445528813986,3.814500139103698,0.0,-121.55898398465597,-36.6653127587848,3.225311325943407,0.0
-60.878123182191196,-8.620333094035168,2.932896459230113,0.0,-102.50536841659186,-5.166764242998912,3.3097331210737915,0.0,-106.82664102499429,-4.4557403326411835,3.3383931231639945,0.0,-72.24152258473083,-40.94669605531879,0.8033782603703497,0.0,-88.09769383973399,-39.455117815040445,3.77141829266251,0.0,-121.56515255810308,-36.684916665733205,3.1981863165645716,0.0
-60.86513238249858,-8.638619832778124,2.9229154157532893,0.0,-102.28837883575706,-5.0511618053627725,3.652251932496644,0.0,-106.82890877737078,-4.448979993794328,3.345778204304043,0.0,-72.2305465679605,-40.97196037543476,0.796905532989669,0.0,-87.89236086651829,-39.25841859802705,3.7097828982364938,0.0,-121.59139828702905,-36.703199956940104,3.1639658340602566,0.0
-60.85272319193931,-8.660725407746494,2.912050348465648,0.0,-102.03542880745702,-4.9251908268619005,4.045760950344691,0.0,-106.81933215809346,-4.452568095143789,3.348625738151217,0.0,-72.22049452784664,-41.00240341668359,0.7846477893131354,0.0,-87.70798868368952,-39.096112893213885,3.6438660928022752,0.0,-121.6156592253616,-36.7081779091372,3.173828941191596,0.0
-60.84073330994079,-8.68370393657085,2.8990740108337594,0.0,-101.73934939266482,-4.791325662631781,4.494381032161624,0.0,-106.79497412581244,-4.468145426965436,3.344829772297631,0.0,-72.21157797901633,-41.03736189414903,0.766275799479704,0.0,-87.55490199616344,-38.977957958705616,3.5867991647177604,0.0,-121.65124900439719,-36.7073530843339,3.1876534411562876,0.0
-60.82853939680564,-8.704286501744699,2.8828643021932656,0.0,-101.39829195890341,-4.655502137942259,4.997397233218374,0.0,-106.75664662622664,-4.494636579861812,3.333826218321752,0.0,-72.2033319580309,-41.07580135485085,0.7427145569643123,0.0,-87.43601645295917,-38.907760138610215,3.547753533450578,0.0,-121.69318754885015,-36.702905474924016,3.2036556318646507,0.0
-60.81552338642072,-8.720133478366602,2.8631709005157298,0.0,-101.01704093121957,-4.5270953645664616,5.544976028790429,0.0,-106.70947015411498,-4.527776564261195,3.317013321001344,0.0,-72.19460636974507,-41.1162014961974,0.7161114210414876,0.0,-87.34604055728818,-38.881879754248914,3.53032422134609,0.0,-121.72273102206552,-36.693498668622546,3.24643377314435,0.0
-60.801437024237124,-8.730780159283402,2.8409544743791564,0.0,-100.60614392421884,-4.416641409549948,6.1177220322458155,0.0,-106.66179887145714,-4.560878115302198,3.2974339242597566,0.0,-72.18379172882075,-41.15658711422392,0.6893024022449588,0.0,-87.27341411730917,-38.89065452258741,3.532794330437877,0.0,-121.75206153187989,-36.68937948191585,3.27518935538102,0.0
-60.78649852198585,-8.73788739790934,2.818131423007907,0.0,-100.17910273622934,-4.3324877607314,6.6907617831642705,0.0,-106.6228367638798,-4.586785349270604,3.278843762678088,0.0,-72.16939971132962,-41.19498460069032,0.6648159750165163,0.0,-87.20422373654503,-38.92184375675914,3.5502587670867296,0.0,-121.77581802748908,-36.69122173388782,3.289909352056874,0.0
-60.77120579516664,-8.744672993448841,2.796867389037949,0.0,-99.74860804752232,-4.2783803251732415,7.24023653450264,0.0,-106.59986486487627,-4.6002536779087775,3.2645553577111492,0.0,-72.15086067615917,-41.23027587935761,0.6437895661283868,0.0,-87.12662276768553,-38.96454917269071,3.577728639840897,0.0,-121.7916944626624,-36.69878075454629,3.293749731615563,0.0
-60.7560301178598,-8.75470881374801,2.77878743284238,0.0,-99.32313297174053,-4.253272549659412,7.748786121267955,0.0,-106.59602232074089,-4.599727423598289,3.256470360338394,0.0,-72.12916014263826,-41.2630042411529,0.6253201770349772,0.0,-87.03412300891695,-39.01209954813929,3.6128586018696254,0.0,-121.80102384339766,-36.7112164509001,3.2888648271200935,0.0
-60.74121299413875,-8.770522665419243,2.764477136338032,0.0,-98.90494168275033,-4.2530758154819175,8.207603430046094,0.0,-106.60918515329276,-4.58790474612559,3.254539030216563,0.0,-72.10691374328317,-41.295555348220574,0.6066342124372426,0.0,-86.92653985571457,-39.06280011792623,3.6571338324441935,0.0,-121.80733791411788,-36.72734318370947,3.2766175849961368,0.0
-60.7267831690746,-8.792548103163464,2.7534495490379047,0.0,-98.48991230338481,-4.272984016737288,8.614926422132406,0.0,-106.63214549883696,-4.571091865598288,3.2566915308932174,0.0,-72.08770853023907,-41.3314389964936,0.5841102549084685,0.0,-86.80828417506525,-39.11818230767504,3.7150576683247554,0.0,-121.81874770247543,-36.74697692188922,3.2508590223862655,0.0
-60.71273759352331,-8.81884236998085,2.7444795094025167,0.0,-98.06894582882164,-4.309048672540756,8.972662458991358,0.0,-106.654222762088,-4.557594354862208,3.2592579688203056,0.0,-72.07484507354977,-41.37388185550954,0.554801507172753,0.0,-86.68486145669188,-39.179456323725965,3.791666700725294,0.0,-121.82737671775459,-36.76602866849523,3.235507173932282,0.0
-60.69922223563505,-8.845655350738086,2.73604737673541,0.0,-97.63038016364484,-4.3585025561254,9.283223000172136,0.0,-106.66430988219287,-4.555377265202685,3.25797604598416,0.0,-72.0697892124473,-41.42424351739894,0.5178674935205763,0.0,-86.55937144138358,-39.24389309032927,3.889249842177673,0.0,-121.83567072670706,-36.78333723875777,3.227765850087156,0.0
-60.68657098525929,-8.86856970662313,2.7266956712258192,0.0,-97.16274666978548,-4.419199252674458,9.547832188254969,0.0,-106.654723573232,-4.569437926823934,3.2495328491778874,0.0,-72.07067330544014,-41.48077058169358,0.4753451524310215,0.0,-86.43089343199195,-39.303165147021176,4.004431320907019,0.0,-121.85059576130699,-36.79963770792033,3.2161450443498847,0.0
-60.675178042871224,-8.883783309383043,2.715284686897732,0.0,-96.657334740557,-4.488931756415836,9.76643553754528,0.0,-106.62429462056393,-4.599817783438368,3.2330875956754657,0.0,-72.07124621806643,-41.538053501030646,0.431972557825997,0.0,-86.2956338271023,-39.34488263796284,4.1268535058907805,0.0,-121.87119661807503,-36.81418233420924,3.1997385100297038,0.0
-60.66528441553463,-8.889198167336525,2.701235793213643,0.0,-96.11022231812501,-4.565207799307718,9.938594876965766,0.0,-106.5789048033629,-4.64133364986069,3.2108943624624438,0.0,-72.06086831546588,-41.587439926068924,0.39418206656052135,0.0,-86.15011384307117,-39.356953703643356,4.240405935277051,0.0,-121.89408968730665,-36.8263040705588,3.178567965138999,0.0
-60.65677298622276,-8.885122166767994,2.6847917030919692,0.0,-95.52348911897626,-4.645561392131288,10.064612904826097,0.0,-106.5288589587369,-4.68543493775243,3.187549187450335,0.0,-72.02629944785548,-41.618619938017744,0.36865474094734374,0.0,-85.99451010203865,-39.33278180287896,4.327039591700393,0.0,-121.91431492998825,-36.83552063461447,3.153733185731321,0.0
-60.649030034248895,-8.874429441842155,2.6671866846138883,0.0,-94.90529075712209,-4.728072302981586,10.146382953624787,0.0,-106.48436226447215,-4.723415791086838,3.168245617207676,0.0,-71.95567014015585,-41.62241979051352,0.3608247300207168,0.0,-85.83427005734394,-39.274650949287974,4.371929721969098,0.0,-121.92696813393798,-36.84163938576687,3.127042973650777,0.0
-60.64093858730941,-8.862018252781136,2.650550490717155,0.0,-94.26858626187065,-4.811682103609378,10.18780758661322,0.0,-106.45140977889471,-4.7494407959165414,3.156916893683567,0.0,-71.84386278959606,-41.594258277103236,0.3735272518274133,0.0,-85.67921092460324,-39.193483089898365,4.36797882617023,0.0,-121.92892217596122,-36.8447943245699,3.100386191690177,0.0
-60.63110171585785,-8.8535215282941,2.6374482552928296,0.0,-93.62866377864475,-4.896088148301846,10.194883839094624,0.0,-106.42992315078352,-4.762053912354314,3.1549964277074274,0.0,-71.69704174741713,-41.53688601349558,0.40586955857342666,0.0,-85.54064942072067,-39.10502471761745,4.317991767551547,0.0,-121.91983980093121,-36.845394990591885,3.075238121687377,0.0
-60.61832145743287,-8.853533480319454,2.630129576202135,0.0,-93.00002056431414,-4.981256978520603,10.175643190420537,0.0,-106.41466792388451,-4.763772207226671,3.1611457626409596,0.0,-71.53349959944148,-41.46071433970593,0.4526276807728422,0.0,-85.42787001361766,-39.02421024930336,4.2339526200636115,0.0,-121.90207775488042,-36.84401599534327,3.052514787381707,0.0
-60.602154829385206,-8.863969671419724,2.6297083930738516,0.0,-92.39341321780692,-5.066764817729274,10.140031042930495,0.0,-106.39826602966157,-4.759318729258652,3.1719735385663554,0.0,-71.37936389655516,-41.38101997254871,0.5048314368870948,0.0,-85.34527024269349,-38.960008368700734,4.133896550278653,0.0,-121.87968833488031,-36.84127311150561,3.0327020482078932,0.0
-60.583227824464586,-8.883322536586943,2.6355990248098387,0.0,-91.81389439649392,-5.151236944959839,10.09956203211971,0.0,-106.37485787968637,-4.753507482597683,3.183430053925971,0.0,-71.26059430314048,-41.31320377080954,0.5519559787314243,0.0,-85.29117926897663,-38.91255724125605,4.037484950208862,0.0,-121.8571205856007,-36.83772297966396,3.0160513539214975,0.0
-60.56308509077098,-8.9072768637073,2.645571014083215,0.0,-91.26038363154495,-5.23216993631514,10.066407011579216,0.0,-106.34278162355608,-4.749671154354901,3.1922448614017895,0.0,-71.19498983733511,-41.26843171820519,0.5850730334415211,0.0,-85.25881888781181,-38.87353581963956,3.9615295294105497,0.0,-121.83819916794961,-36.8338083291195,3.0026959407675378,0.0
-60.543601286871215,-8.930410640015307,2.6565774561660973,0.0,-90.726869571246,-5.306330739596612,10.051707908971908,0.0,-106.30513673024011,-4.749060047042032,3.196769080288828,0.0,-71.18768393559648,-41.251318938060464,0.5994757758551401,0.0,-85.23909812113823,-38.829845194397784,3.9164456754164263,0.0,-121.82562479455248,-36.8298544042437,2.992684795262564,0.0
-60.52622009266576,-8.94808630931904,2.6660283072228133,0.0,-90.20486343267545,-5.370643256124348,10.063384376663823,0.0,-106.2681509847786,-4.7511509245225785,3.1969984961495825,0.0,-71.23120911295143,-41.25976602199775,0.595655188646445,0.0,-85.22404013142835,-38.76951477189094,3.9042176287415558,0.0,-121.82088794166003,-36.82610349584444,2.9860152556730597,0.0
-60.511386223286635,-8.957694616745156,2.6728168854066805,0.0,-89.68636334473396,-5.42311414808519,10.104164843075361,0.0,-106.23832652783595,-4.754471887141399,3.1940585872230933,0.0,-71.30887728299679,-41.28619707515896,0.5785872664256804,0.0,-85.20915034158782,-38.68729316871976,3.9183249006208456,0.0,-121.82435670643623,-36.82275665385074,2.982701612757385,0.0
-60.49842718234879,-8.958946538301856,2.6775557094013482,0.0,-89.16642146139314,-5.463255367525305,10.170671698110754,0.0,-106.21978020561072,-4.757446020588906,3.189614090884943,0.0,-71.39957526006162,-41.319602224335995,0.5559880164636777,0.0,-85.19354259126062,-38.5868211546184,3.946089604918587,0.0,-121.83540624832153,-36.81998489497142,2.9828124877716267,0.0
-60.48595845377534,-8.953404101561853,2.682013874916567,0.0,-88.64446540742412,-5.491810437160806,10.25404223151229,0.0,-106.21285917798917,-4.758891203431353,3.185478556911354,0.0,-71.482791621659,-41.34819260550585,0.5361828451368087,0.0,-85.1781194733774,-38.47810013595156,3.9732509882905784,0.0,-121.85261289869068,-36.817889356001395,2.9863759074373863,0.0
-60.472701689246726,-8.943639171258502,2.688191816497417,0.0,-88.12388283087694,-5.510111585528945,10.341990900907046,0.0,-106.21439068629725,-4.758081343794892,3.1834237124658458,0.0,-71.54329398345928,-41.362464949224695,0.5259361069005237,0.0,-85.16341406294532,-38.37229457633452,3.989060717456436,0.0,-121.87406062411966,-36.816429735264194,2.993135797148833,0.0
-60.45835724060783,-8.932351318894076,2.6975253552569143,0.0,-87.6100541156714,-5.519610480621186,10.421682353686501,0.0,-106.21926684561272,-4.7545026932342465,3.1850494978203283,0.0,-71.57465777152868,-41.358048731477645,0.5284519482490637,0.0,-85.14863092307644,-38.27747532210168,3.989307131180448,0.0,-121.89770567070546,-36.81537346014321,3.002272768792386,0.0
-60.44400728978974,-8.921649119978058,2.7104808385700885,0.0,-87.10777003977766,-5.521865136359578,10.482490727406097,0.0,-106.22263906187476,-4.747548000550208,3.191578884011342,0.0,-71.58052037491478,-41.33734896911308,0.5419649066045107,0.0,-85.13221221627224,-38.197267864361024,3.9758964748799546,0.0,-121.9216481616717,-36.814309075564196,3.012274652474746,0.0
-60.43171538741543,-8.912623842803095,2.7265430740522554,0.0,-86.61931909057506,-5.5188189929098765,10.517791746208303,0.0,-106.22182889087358,-4.736403797652025,3.2035251118168873,0.0,-71.57279968353413,-41.30910333833478,0.5596841557265702,0.0,-85.11309913717189,-38.13174556299682,3.9540208376990744,0.0,-121.94417160887612,-36.81272070126057,3.02110257067201,0.0
-60.42348637525732,-8.905285779645379,2.7444554235511944,0.0,-86.14415563761756,-5.512984126785556,10.525357691410937,0.0,-106.21722223951731,-4.720293620832241,3.2203250276793867,0.0,-71.56713859826762,-41.28560183439761,0.5717990767618044,0.0,-85.09153235472225,-38.078864646552134,3.9291907545128932,0.0,-121.96355669067077,-36.81008368099618,3.026649592772392,0.0
-60.4201792897002,-8.898823676363326,2.762555219167684,0.0,-85.68014855660518,-5.507258946944502,10.506514538555386,0.0,-106.2118967964028,-4.699020099780781,3.2401757282723107,0.0,-71.57699503535547,-41.27822101167226,0.56941621372337,0.0,-85.06878476236167,-38.03544140371152,3.905650962960422,0.0,-121.97788349685808,-36.80595145101615,3.027313292440031,0.0
-60.42098913188427,-8.892040148044385,2.7791139019452267,0.0,-85.22552882831032,-5.504383014807599,10.46467729296479,0.0,-106.21032114651553,-4.673504389144084,3.2603057081862996,0.0,-71.60846315225996,-41.29264350707121,0.5490379363035025,0.0,-85.04615122932701,-37.997747458285474,3.8861483910429744,0.0,-121.98513802990128,-36.80004049990696,3.0224341082231323,0.0
-60.423726789284146,-8.883820374831,2.7926899195303836,0.0,-84.78032481602065,-5.506243073576378,10.403978243238827,0.0,-106.2168289478074,-4.6459384288836505,3.277701276515945,0.0,-71.65775796981762,-41.325441863022306,0.5154248259347369,0.0,-85.02408284983086,-37.962197418275494,3.872158758499028,0.0,-121.98379242104707,-36.79233119828658,3.0124473419272153,0.0
-60.42564983087667,-8.873561379882691,2.802554946255569,0.0,-84.34644177269182,-5.51331687705788,10.328457009787211,0.0,-106.23447586556246,-4.61933366583687,3.2900362833845573,0.0,-71.71255248393709,-41.36375678808264,0.4810507487863056,0.0,-85.00209986404367,-37.926241748811606,3.863922643328502,0.0,-121.9736865890339,-36.783163931324715,2.998766702865561,0.0
-60.42437128635035,-8.861464290882301,2.809165967138341,0.0,-83.92634899366644,-5.524480846720705,10.241899489635403,0.0,-106.26438663606046,-4.596594638962386,3.296410566533078,0.0,-71.75719501586204,-41.389322482755624,0.461790903858347,0.0,-84.97932105747034,-37.88896313150627,3.8604518439885975,0.0,-121.95673150891272,-36.77325606080348,2.9835130273645287,0.0
-60.41845766303895,-8.848501030690901,2.8144506587187745,0.0,-83.52111290647427,-5.537254812398533,10.148114101126243,0.0,-106.30524849251599,-4.579561467696052,3.297566599346638,0.0,-71.78007716198341,-41.38626050469679,0.47029797522857564,0.0,-84.95495525199333,-37.850758908586265,3.860040253569542,0.0,-121.93690341230041,-36.763557560908225,2.9691639562197487,0.0
-60.40755352126069,-8.83593138167245,2.82155759700613,0.0,-83.12886127380355,-5.548389257188186,10.051325216726319,0.0,-106.35274709264425,-4.5685121681467225,3.295483782943476,0.0,-71.77962504833418,-41.34924853940275,0.5097456299568197,0.0,-84.92842241194924,-37.81223392673028,3.8612381417634385,0.0,-121.91927808557936,-36.75493817903709,2.958109384231401,0.0
-60.39210071754778,-8.824527461787365,2.833892372684838,0.0,-82.74455861444476,-5.5545911624337005,9.956422748616882,0.0,-106.39944122961039,-4.5623303987092125,3.2925450177875,0.0,-71.76526497934303,-41.28743169238337,0.5706550675234503,0.0,-84.89935682526507,-37.77325725813278,3.863506077709223,0.0,-121.90836038170319,-36.74782454006123,2.95209424596119,0.0
-60.372896137261016,-8.81394291917432,2.8536907411108707,0.0,-82.36136415120887,-5.55315386906917,9.86893227665384,0.0,-106.43600896660651,-4.559150436111862,3.290687746999856,0.0,-71.75226946973301,-41.22182783066305,0.6324874123203443,0.0,-84.86776323213985,-37.732974919840004,3.8669564060566817,0.0,-121.90642649543393,-36.74198671139507,2.951658320619412,0.0
-60.350769572059434,-8.80267610894873,2.880825125972086,0.0,-81.97312206825762,-5.542286937115966,9.794671204881688,0.0,-106.45414460428238,-4.557077939769316,3.290945227790653,0.0,-71.75310679918837,-41.17817576410981,0.6698952722369977,0.0,-84.83415643346451,-37.690583632654075,3.871521498041764,0.0,-121.91269657857157,-36.73662329427009,2.9558245030952026,0.0
-60.32650880519232,-8.78872629952071,2.9126338825441174,0.0,-81.57697958975331,-5.521036153095473,9.739115525418281,0.0,-106.44994259684925,-4.554630246773656,3.29352190957791,0.0,-71.76993384900177,-41.17922871174927,0.6614692753863878,0.0,-84.79936768848036,-37.64602399779257,3.8763865405456066,0.0,-121.9237792001635,-36.73072023546708,2.962290925931873,0.0
-60.30091725585008,-8.770535291911456,2.945049556868156,0.0,-81.17494479806723,-5.488859312883717,9.706558600915141,0.0,-106.42576924950883,-4.550758508887449,3.2982114538118346,0.0,-71.79190729262135,-41.23926353675629,0.5975185460128785,0.0,-84.76405882548,-37.60003192470517,3.880115848679914,0.0,-121.93519406471539,-36.72348156193236,2.968199578207397,0.0
-60.27478015387236,-8.747574438759031,2.97444412810899,0.0,-80.77352193830626,-5.445134865764176,9.699223667969521,0.0,-106.38938520289553,-4.544600711383118,3.304827330258629,0.0,-71.79829634482729,-41.361568444097585,0.48368482945837066,0.0,-84.72832775342715,-37.55366750579387,3.88123761442567,0.0,-121.94324912306506,-36.7145883570225,2.971248688661735,0.0
-60.24864518245471,-8.720216385441669,2.999132281083023,0.0,-80.38138187601652,-5.388990830614519,9.716564130626324,0.0,-106.35082862756282,-4.5352979761843715,3.3134298953123054,0.0,-71.76579203301768,-41.53901790954344,0.33888563995559196,0.0,-84.69171663096434,-37.50779532652093,3.8788037444103907,0.0,-121.94638665822185,-36.704167732842826,2.9706483897477796,0.0
-60.222562695170375,-8.689077598533718,3.0197886960750875,0.0,-80.00601256487472,-5.319704625878444,9.754990994141021,0.0,-106.31878443587787,-4.522117207203046,3.3242959283887963,0.0,-71.67673557909585,-41.75785421842097,0.1885298015234227,0.0,-84.65361506235884,-37.462875271546906,3.8726024720200467,0.0,-121.94539270499416,-36.69254868547403,2.9673981007091434,0.0
-60.19604289928207,-8.654383388517251,3.038759757015278,0.0,-79.65087473137847,-5.23753977700134,9.808167448857807,0.0,-106.29805256470243,-4.504839268283307,3.3376505085919845,0.0,-71.52464316920633,-42.00388796407953,0.05605823086453299,0.0,-84.61382539199998,-37.41911960037207,3.8629688304890664,0.0,-121.94245468609067,-36.68000761682385,2.963684447715245,0.0
-60.16835979485346,-8.615859238375926,3.058762489459177,0.0,-79.31432884825674,-5.14450419981684,9.86782239348656,0.0,-106.28877756743289,-4.484161123681184,3.3532550641774446,0.0,-71.31482970803478,-42.26868959980884,-0.0435929572410938,0.0,-84.57302284969397,-37.37684458563069,3.850346730035074,0.0,-121.93965474528015,-36.66668388940409,2.9617063616153896,0.0
-60.13907451302487,-8.573270257219693,3.0815898019324255,0.0,-78.99062118177653,-5.044483347295158,9.924840491820987,0.0,-106.28723574591082,-4.461852384279304,3.370073455654815,0.0,-71.06055605427697,-42.55273661989911,-0.1063297913613166,0.0,-84.53289549980215,-37.33676577559038,3.834872777026254,0.0,-121.93777460881151,-36.65269728103417,2.9626026702995887,0.0
-60.108478779629706,-8.527266462822688,3.1073410263739074,0.0,-78.67216292100244,-4.942583784466658,9.970300216644013,0.0,-106.28758966519408,-4.4405183517823525,3.386278505145917,0.0,-70.77720616606685,-42.86392766628505,-0.13694985635041768,0.0,-84.49581542879494,-37.3000180736565,3.816247499507096,0.0,-121.93607616873909,-36.63833064756205,2.96610846837034,0.0
-60.07770041680946,-8.479928491066936,3.1344524310246893,0.0,-78.3518618689372,-4.843991542140129,9.996205549216752,0.0,-106.28395246482282,-4.422961664557406,3.399695828871394,0.0,-70.4773069229513,-43.2124108255524,-0.14459195413064663,0.0,-84.46403114711939,-37.267815552733595,3.79400037661496,0.0,-121.9330797407311,-36.62408285500233,2.9710726557959664,0.0
-60.04842306139172,-8.434530306840855,3.160443576625033,0.0,-78.02455324161308,-4.752852283443433,9.995835580121021,0.0,-106.27217145971932,-4.411308223283497,3.408518328776287,0.0,-70.16802835965855,-43.60448279766865,-0.13797606274419216,0.0,-84.43863961551075,-37.24088311340355,3.767994819961361,0.0,-121.92767212027984,-36.610510502130936,2.976341648384933,0.0
-60.0223838563926,-8.394491983768013,3.182984899128609,0.0,-77.68728524479536,-4.671577760551882,9.963820802756295,0.0,-106.25092811522168,-4.406248701754602,3.4119733201033124,0.0,-69.85125110025959,-44.038443951577854,-0.12239441042569332,0.0,-84.41887479322544,-37.21896624114238,3.738824723904889,0.0,-121.91966715070356,-36.597980326162585,2.9812549530604517,0.0
-60.00088531957413,-8.362011755963538,3.2008137701164117,0.0,-77.33881890467818,-4.600763238913755,9.896164999986857,0.0,-106.22200353331777,-4.406790265897736,3.4106577090443526,0.0,-69.52523912927815,-44.5040334012924,-0.0991777006198582,0.0,-84.40226726119684,-37.20072552075409,3.7077804752649772,0.0,-121.9094251332577,-36.586564745286246,2.985378208841155,0.0
-59.9844973072076,-8.337118530133594,3.2141792855154296,0.0,-76.97890236338884,-4.539703713215458,9.790412825847701,0.0,-106.18972605157235,-4.410682738436953,3.406392891101058,0.0,-69.1866905254668,-44.98525711408703,-0.06699210042139292,0.0,-84.38581551137722,-37.18415001012143,3.6763240380884206,0.0,-121.8969346271459,-36.576208249124015,2.987817639016468,0.0
-59.97301276159399,-8.31768341660219,3.224734176063265,0.0,-76.60774789164617,-4.4873282123050515,9.646017352302326,0.0,-106.15969073042304,-4.415298517380314,3.4016182901560654,0.0,-68.83226734545998,-45.464918759056424,-0.023619886295749737,0.0,-84.3676380174498,-37.16735425367177,3.64535975479577,0.0,-121.88120809929828,-36.5670425879603,2.9868662087120743,0.0
-59.96559391239887,-8.300364170668992,3.234995734763615,0.0,-76.22589921329883,-4.443216142741136,9.464767737173233,0.0,-106.13699741524789,-4.418501432980095,3.3985248857839174,0.0,-68.45926459767712,-45.92867463157973,0.03281502649556778,0.0,-84.34812556300945,-37.14936800880021,3.6147797345178194,0.0,-121.86058161239768,-36.5595581659613,2.980465246833541,0.0
-59.96096857388593,-8.281921578260366,3.247610488413457,0.0,-75.83447418162336,-4.408268018783694,9.251009502343686,0.0,-106.12454502142118,-4.419110163785597,3.3982653972574326,0.0,-68.06555958969301,-46.36714062368577,0.10334981662771625,0.0,-84.32980524427042,-37.13046555569969,3.5836269887435925,0.0,-121.8337798369642,-36.55442546643707,2.9672889016915462,0.0
-59.95762773253286,-8.26023285470142,3.264660223516108,0.0,-75.4356411918455,-4.384657894247669,9.011405924259156,0.0,-106.12207488789012,-4.416860356934017,3.400566964216246,0.0,-67.64922432445957,-46.77586822306321,0.18799140370605372,0.0,-84.31592481690622,-37.11183284065761,3.5508053548357204,0.0,-121.80101878554541,-36.55205210863698,2.9477506196928704,0.0
-59.954152024782026,-8.2346527368171,3.2871748639364746,0.0,-75.03311862043435,-4.374947321015313,8.754137150524073,0.0,-106.12640585315862,-4.412072248147591,3.4039102627267788,0.0,-67.20818311279075,-47.15397109626533,0.2854686794822747,0.0,-84.30861224919309,-37.09479438500596,3.5158654390860864,0.0,-121.76439861516253,-36.55221177244839,2.924250741772557,0.0
-59.949739016607886,-8.20579981241604,3.314931425636381,0.0,-74.63244793191564,-4.380656185649512,8.487636410828678,0.0,-106.1327659361915,-4.405351696795294,3.40621373649034,0.0,-66.74015095556781,-47.50238618479317,0.3929736250878939,0.0,-84.30770222595429,-37.080087637995106,3.479345781419946,0.0,-121.727316957996,-36.55407198233799,2.900455135148011,0.0
-59.944666772998985,-8.175047779558575,3.346550085752929,0.0,-74.24079455975959,-4.400979224111408,8.219144382623833,0.0,-106.13665665348692,-4.397524643522285,3.4057513169336886,0.0,-66.24288458030234,-47.822388658903776,0.5061937413401747,0.0,-84.31078811517315,-37.06757935933639,3.4425011115565294,0.0,-121.69321552403314,-36.556667173882744,2.8799637772385918,0.0
-59.940252775973775,-8.14395810767985,3.379850959145829,0.0,-73.86614609935948,-4.432403266499469,7.953471987269181,0.0,-106.13549416255515,-4.38971848787919,3.401914442168545,0.0,-65.71459925432421,-48.11451973063813,0.619855025749315,0.0,-84.31423666233466,-37.056479751190956,3.4066880528805115,0.0,-121.66430572617364,-36.559511064675476,2.8650428584380165,0.0
-59.93818768256355,-8.1138048460357,3.4123913134544654,0.0,-73.51605658514686,-4.469546443234287,7.692348506935654,0.0,-106.1293769724067,-4.38330974532315,3.395496599299465,0.0,-65.1543577853307,-48.3778843388928,0.7287001954339694,0.0,-84.31443317147233,-37.04580779693613,3.3728455467368406,0.0,-121.64087024499172,-36.562892040842144,2.8560008559568217,0.0
-59.93963551020978,-8.085313211039903,3.442044776218454,0.0,-73.196396410355,-4.5068351409770795,7.4345652368256285,0.0,-106.12070201873732,-4.379570674640188,3.388416639672533,0.0,-64.56234905200469,-48.609847418578674,0.8285545193839159,0.0,-84.30864868191827,-37.03478337020907,3.3413425115179507,0.0,-121.6213960282173,-36.56759078334126,2.8514005412868713,0.0
-59.94463398934172,-8.058655429992658,3.46744374199287,0.0,-72.91060875734688,-4.540180502950538,7.176861752067704,0.0,-106.11286468917136,-4.3791645284226135,3.3830385421937414,0.0,-63.94009154702234,-48.80625719694923,0.9170637490826312,0.0,-84.29537954028808,-37.02296489062866,3.312166904327066,0.0,-121.60338518713323,-36.57417407750098,2.8488859487870446,0.0
-59.952033092394025,-8.03358947439152,3.488159023663769,0.0,-72.65963540168788,-4.567950245368612,6.915273885009584,0.0,-106.10868242068128,-4.381815150330738,3.3813485908085443,0.0,-63.29055779939113,-48.96226643068849,0.993862802944605,0.0,-84.27437490217314,-37.01018258276504,3.2852233670057522,0.0,-121.58442083062124,-36.58233923688688,2.8461833297830754,0.0
-59.959899933462346,-8.009580473691214,3.5046363197321906,0.0,-72.4422549477419,-4.591067353196358,6.646546690064763,0.0,-106.10925947856933,-4.386349090784709,3.3842428928453945,0.0,-62.61808134813734,-49.07364319048424,1.060231347602489,0.0,-84.24661555685415,-36.996447312970545,3.260505192387564,0.0,-121.56302363949739,-36.59076606381975,2.8418584490047945,0.0
-59.96623713996322,-7.98591336115074,3.518006068661464,0.0,-72.25545095036821,-4.612507952095271,6.369190481851536,0.0,-106.11373455827722,-4.391058723566824,3.391147186431649,0.0,-61.92791000033867,-49.13825995863686,1.1185294460292496,0.0,-84.21430452152893,-36.981936176220046,3.238071365874646,0.0,-121.53900604747189,-36.59759759284798,2.8356027266550363,0.0
-59.96983004939285,-7.961954790508425,3.529817562224176,0.0,-72.09465598670667,-4.636502181950993,6.083818981185604,0.0,-106.11988408430689,-4.394200499316291,3.400131206416937,0.0,-61.22548866995254,-49.15728093787723,1.1717379810137611,0.0,-84.18068854796671,-36.96699639915012,3.2179294148607447,0.0,-121.51330850883954,-36.601278506687976,2.828051857756929,0.0
-59.970906906929805,-7.937585705162693,3.5416404548196017,0.0,-71.954059314419,-4.667483332599835,5.792608517916752,0.0,-106.12515686082278,-4.3944563376338985,3.408526342476936,0.0,-60.515796989112964,-49.13553821813087,1.2232358915404564,0.0,-84.14947946643446,-36.9520781594221,3.199953286185149,0.0,-121.48751012172616,-36.60131222237816,2.8203087044770996,0.0
-59.97123200862558,-7.913518292558296,3.5545520683335887,0.0,-71.82728801981396,-4.708696442497259,5.498048393916864,0.0,-106.12760564699559,-4.3912451027060175,3.413832602927858,0.0,-59.80308868542289,-49.080804652561426,1.2766763271680563,0.0,-84.12388645478742,-36.93759944449243,3.1838581359863145,0.0,-121.46323266941938,-36.59861303854913,2.8134164235976247,0.0
-59.97345754752498,-7.891123572041872,3.5687377750962153,0.0,-71.70848637015479,-4.760670402892414,5.201492670401883,0.0,-106.12636302025697,-4.38481701955004,3.4145530101258625,0.0,-59.09113362502403,-49.00206787851692,1.3356782950588766,0.0,-84.10562667056831,-36.92382027542217,3.1691574911120064,0.0,-121.4415777013146,-36.59535461169134,2.8080189667885884,0.0
-59.97996509123695,-7.871722367286283,3.583456863360862,0.0,-71.59335244111756,-4.820261627018035,4.902227576527525,0.0,-106.12160015053034,-4.37611742956325,3.410634294235189,0.0,-58.38370192445126,-48.907276060768446,1.4031311312012118,0.0,-84.09441844852904,-36.91081238006545,3.155078540077909,0.0,-121.42270215353409,-36.594375614526,2.804341591634002,0.0
-59.9917448090883,-7.85577208668789,3.5973890852047976,0.0,-71.47958843478742,-4.881067278215602,4.597720335102536,0.0,-106.1141390529649,-4.366480590438987,3.4033826080849234,0.0,-57.68479638569126,-48.801200160871254,1.4801793177299523,0.0,-84.0882347231986,-36.898565083227616,3.1405620616762704,0.0,-121.40567432093742,-36.59828657307727,2.8024224333742023,0.0
-60.00785623602677,-7.842531254821095,3.609174055737661,0.0,-71.36667551465821,-4.935355771887365,4.285300517115508,0.0,-106.10499613628278,-4.357269550471239,3.3949314552215526,0.0,-56.998230515685,-48.68401268532038,1.5652668050699283,0.0,-84.08418124413751,-36.88718118187924,3.1245042961504073,0.0,-121.38874592248634,-36.60849516741159,2.8023305498445312,0.0
-60.025705357068034,-7.830409464433848,3.617951975206033,0.0,-71.25536829328028,-4.976717041462144,3.964769364891361,0.0,-106.09509089939148,-4.349569492009689,3.38747855769415,0.0,-56.3265610288193,-48.55098208216587,1.6537760775311074,0.0,-84.07956475386496,-36.87705021073681,3.106201228745711,0.0,-121.37002862310845,-36.624440845629934,2.804081600113334,0.0
-60.041986154936446,-7.817658919299124,3.6237506886121533,0.0,-71.14724979537318,-5.002159248977468,3.640729033390614,0.0,-106.08518033837474,-4.343983414344159,3.3825676854428828,0.0,-55.66988021420971,-48.39339643331195,1.738675160818369,0.0,-84.07270006124854,-36.86889035334656,3.0857319677684547,0.0,-121.34830183604504,-36.64336189387409,2.807166832945727,0.0
-60.05389548650772,-7.8028670590853935,3.627561115201736,0.0,-71.04431562435735,-5.012668832483823,3.323346351452236,0.0,-106.07589962038665,-4.34053514076349,3.3806713739737653,0.0,-55.02522662800171,-48.20050082158755,1.8122186436263572,0.0,-84.06321648019006,-36.863600214722084,3.0640182083545273,0.0,-121.32347437365632,-36.660864870641696,2.8099233765854743,0.0
-60.06018938180588,-7.785005327871846,3.6310342309307178,0.0,-70.94849580490927,-5.011921292697078,3.0270843527863294,0.0,-106.06774484087677,-4.338689117397347,3.3812153665547093,0.0,-54.3871695473578,-47.96193304059903,1.8682840070040037,0.0,-84.05187746305887,-36.86193325053238,3.0425021500943714,0.0,-121.29629692691343,-36.67239009622669,2.809212888374237,0.0
-60.06169487499968,-7.763222519327708,3.6359309651048086,0.0,-70.86134251110568,-5.001672423922676,2.769497999448312,0.0,-106.0609513924306,-4.337508300622325,3.382998319468001,0.0,-53.74952496045088,-47.67001673950855,1.904556990266137,0.0,-84.04007454684997,-36.864099671480325,3.0225875334448205,0.0,-121.26733523006996,-36.67535725230543,2.800936178842388,0.0
-60.06096772459031,-7.73674714701397,3.6435732450955474,0.0,-70.79312450339629,-5.007051520121462,2.563527673140201,0.0,-106.05538375171855,-4.33593865968435,3.3847894567310206,0.0,-53.10752508688676,-47.32140354742655,1.9237054550573554,0.0,-84.02918747533121,-36.869467525409064,3.0050668042419755,0.0,-121.23574761916787,-36.67139701806367,2.781754511225304,0.0
-60.06105341737756,-7.705107133303665,3.654491837965862,0.0,-70.72989877656852,-5.046568559573446,2.3819868369950763,0.0,-106.05059782561364,-4.333146084113704,3.385824743801182,0.0,-52.459519508010025,-46.917834687695745,1.9329918881762413,0.0,-84.01999850778328,-36.876503503337545,2.9897552875304534,0.0,-121.19871378498225,-36.66780353452711,2.7519766741221074,0.0
-60.063854721674964,-7.668563513733009,3.6683545599460423,0.0,-70.66529094379253,-5.088336898804095,2.237796561150515,0.0,-106.04611829342382,-4.328802105546584,3.385997100331231,0.0,-51.807582464329855,-46.46601462616887,1.9423617543388918,0.0,-84.0123512923323,-36.882974856223576,2.9755189664318227,0.0,-121.15217355977165,-36.67739852337184,2.718937137463185,0.0
-60.069055998944044,-7.628416375715124,3.6841783955204637,0.0,-70.62099765039484,-5.191716643162551,2.119654147811663,0.0,-106.0417968453924,-4.323248315699953,3.385703903367217,0.0,-51.15700884758965,-45.9766669118179,1.9616629431326906,0.0,-84.00519730689116,-36.886337177949855,2.960756519008049,0.0,-121.09283369602917,-36.716456907146274,2.6995657431332205,0.0
-60.07436191529968,-7.5868547850521315,3.7007597085564843,0.0,-70.5987630141545,-5.2956916736787525,2.0631730980147402,0.0,-106.03801859004687,-4.31751989049191,3.3854848525724197,0.0,-50.51518728526579,-45.46288649296097,1.9980070004110733,0.0,-83.99702470789163,-36.88423667946204,2.944156240501016,0.0,-121.02049530668226,-36.80103553048962,2.720608398402562,0.0
-60.07698374618524,-7.546308373022807,3.7171731554121,0.0,-70.59158216864411,-5.393447174574445,2.048861687990743,0.0,-106.03557320832141,-4.313219135171094,3.385664145996781,0.0,-49.890383999683365,-44.93808768988084,2.0541224592675835,0.0,-83.98648507720247,-36.875096309539146,2.9253670002948535,0.0,-120.93923052406663,-36.94267729869346,2.8153793784573633,0.0
-60.075474159669916,-7.5086035289355495,3.733124405972415,0.0,-70.59590530344686,-5.476682334156763,2.0638888902433337,0.0,-106.03519967056006,-4.312216753015959,3.386168048838151,0.0,-49.29062401667394,-44.414042508165565,2.1279857410643483,0.0,-83.97295023343833,-36.85870898718436,2.905265943161073,0.0,-120.85631022135986,-37.14477858368735,3.0169959404426647,0.0
-60.07077912843117,-7.474360191916417,3.7489624895368188,0.0,-70.6058395527909,-5.536793190989994,2.095403131467716,0.0,-106.03704062293009,-4.316180576052265,3.38656607656716,0.0,-48.7226308350254,-43.89940060298918,2.2135080652950414,0.0,-83.95677847217968,-36.83662699604204,2.8856955088222467,0.0,-120.77902869356625,-37.40079327601461,3.3494364087353086,0.0
-60.065858587916225,-7.442926120894041,3.765315082251284,0.0,-70.61481110771062,-5.569128010840324,2.131735697076727,0.0,-106.04032532473484,-4.326006757726727,3.386270420623605,0.0,-48.19092065515413,-43.39881703718335,2.3018484090837514,0.0,-83.93918871401003,-36.81207124088,2.868738212395492,0.0,-120.71096557422179,-37.69497826720292,3.818960033112785,0.0
-60.064100434094904,-7.4128666933444105,3.782549899843156,0.0,-70.61795685140758,-5.574720413093684,2.163949347230732,0.0,-106.04346076300611,-4.3413216755914075,3.3847873351725593,0.0,-47.69733517367843,-42.912729741107064,2.382952342300319,0.0,-83.92178553280698,-36.789226470096416,2.8557992707727564,0.0,-120.649773742734,-38.00570185932006,4.408927504812795,0.0
-60.067497204212344,-7.382742017013932,3.8004112709946405,0.0,-70.61403003149748,-5.560057477410491,2.1863388312446386,0.0,-106.04447239727823,-4.360272219802671,3.3819306187580374,0.0,-47.24122417410193,-42.43790905270299,2.447085130260925,0.0,-83.90592470306495,-36.7720845698044,2.846940518137318,0.0,-120.58775469352591,-38.310496429104205,5.080472524062778,0.0
-60.07568709137764,-7.351741179911198,3.818079997223297,0.0,-70.60584883057389,-5.535343574845709,2.195942850067974,0.0,-106.04157795614553,-4.379769786519337,3.377926176789325,0.0,-46.82022205071992,-41.96892658987818,2.4863061322395623,0.0,-83.89219019537309,-36.7632517340288,2.8408492215000702,0.0,-120.51474616589985,-38.59124335499328,5.779643934410386,0.0
-60.086367439910326,-7.3198469142124525,3.8346052437994924,0.0,-70.59906469175938,-5.5118506926741455,2.1919043289318694,0.0,-106.03366216849442,-4.396193267394684,3.373351340807231,0.0,-46.43134633139707,-41.500537189555004,2.4958793388871463,0.0,-83.88019862512088,-36.763192203812366,2.835447038204844,0.0,-120.42146356130085,-38.83768889337747,6.449086155863293,0.0
-60.0967130675432,-7.287529817450167,3.8493931483983506,0.0,-70.59975012442632,-5.498943050078395,2.1754187623579186,0.0,-106.02050866672768,-4.4063559531572185,3.3689079289001533,0.0,-46.072077683166796,-41.03063972418476,2.475482561603531,0.0,-83.86879803783432,-36.77020840596656,2.82875158410433,0.0,-120.30144926047372,-39.04827666818851,7.040408833969214,0.0
-60.104887817626434,-7.255260697177636,3.862415151704486,0.0,-70.61174861923047,-5.50148362150246,2.150200543918184,0.0,-106.00277750701652,-4.408404926311352,3.365128446982018,0.0,-45.74110834718846,-40.5630669346,2.429849400495895,0.0,-83.85658296060795,-36.78113698369511,2.8195412695178295,0.0,-120.15103272759067,-39.22856452283553,7.523331051012152,0.0
-60.11078913490728,-7.223185061988188,3.8740193326819945,0.0,-70.63483169242245,-5.518496565926979,2.122588575899461,0.0,-105.98181455925007,-4.402327509920588,3.362179577970391,0.0,-45.43852567573509,-40.10911173362183,2.3683575615143226,0.0,-83.8425270389316,-36.792435485120265,2.807591189847482,0.0,-119.96804179071326,-39.388341772043624,7.889341071143469,0.0
-60.115681189882906,-7.191159247268533,3.884507303097184,0.0,-70.6644600758375,-5.543786833026331,2.1004151483219946,0.0,-105.95937428781679,-4.389888266511303,3.3598776942780635,0.0,-45.16535708663631,-39.68668784938281,2.3032839400499032,0.0,-83.82644272108912,-36.80119483639711,2.793488924495824,0.0,-119.75048831516138,-39.53859530644955,8.149737511937971,0.0
-60.12103388534382,-7.159129251102655,3.893789133946928,0.0,-70.69332471884186,-5.568439637703348,2.0907028357242137,0.0,-105.93726644335626,-4.374036371580174,3.357896016890562,0.0,-44.922675579370704,-39.31664691628572,2.2470044430875067,0.0,-83.809004239045,-36.80569809038349,2.7781985294034595,0.0,-119.49606888211095,-39.68902919830383,8.329420288182085,0.0
-60.127304276979956,-7.127608987414197,3.9013775244879234,0.0,-70.71400527331555,-5.584144319306745,2.0972920193775675,0.0,-105.91693427257167,-4.358010338343455,3.3560256963608754,0.0,-44.71073619262881,-39.01706324769353,2.209027576512849,0.0,-83.79128495888561,-36.80541324597676,2.762626168360377,0.0,-119.20264627321704,-39.84636855115431,8.458448408643003,0.0
-60.13331614389667,-7.097870555616341,3.9067633753355473,0.0,-70.72151771129197,-5.585904260566591,2.119664925643745,0.0,-105.89909302597276,-4.344456635117365,3.354327735151248,0.0,-44.52861336352939,-38.79764455197813,2.1939582476029766,0.0,-83.77406071891464,-36.80061361353904,2.7474090888986122,0.0,-118.86936995310151,-40.01336978778855,8.563495237560646,0.0
-60.13644375760419,-7.07156268398715,3.90993701668091,0.0,-70.71466760256651,-5.573181952399164,2.1534474122788936,0.0,-105.88364643125905,-4.3348451330704805,3.3530916989615562,0.0,-44.37445127259707,-38.6567637399465,2.2010810219317847,0.0,-83.75729860520684,-36.79197031468206,2.7329669537573906,0.0,-118.49784021946267,-40.18839054781901,8.661192307563844,0.0
-60.13338886934598,-7.049858899434423,3.9116672694153145,0.0,-70.69586494878936,-5.5494187050232835,2.19211310297891,0.0,-105.86996052969994,-4.329327038162501,3.352652142515355,0.0,-44.246033361849044,-38.58239100957737,2.225510743579086,0.0,-83.74014914867765,-36.78036011050051,2.719649000067136,0.0,-118.09265921970686,-40.36554652443128,8.754957893160077,0.0
-60.12119061741675,-7.03263259333186,3.913282247413145,0.0,-70.66982059724076,-5.520509919162267,2.22898927566213,0.0,-105.85729714392474,-4.327001788815911,3.353197879264556,0.0,-44.141258973349245,-38.55620787677898,2.2602653189890525,0.0,-83.72144794970112,-36.766888991438094,2.7077739960514773,0.0,-117.66087846568155,-40.53568858612859,8.83613090626456,0.0
-60.0981450561574,-7.018218105423422,3.91604641709627,0.0,-70.64187224536302,-5.492946173117488,2.258834984769745,0.0,-105.84510747789444,-4.32641951907485,3.354672248283604,0.0,-44.05828856139718,-38.5588297940644,2.2984209757222676,0.0,-83.70041858515286,-36.752966777585144,2.6974998036958855,0.0,-117.2103223065133,-40.6883367107141,8.889097044403687,0.0
-60.06439712449672,-7.003974966349892,3.9205205347799055,0.0,-70.61655059418332,-5.472134529329125,2.2786957141806745,0.0,-105.83307099438238,-4.3261006086145875,3.3567681489980856,0.0,-43.995369421038546,-38.57406032863914,2.334674826267843,0.0,-83.67716179236815,-36.74027252534368,2.688617160001943,0.0,-116.74741659132569,-40.814244339022906,8.898844404463897,0.0
-60.022077753408176,-6.987375884961141,3.9263007359777085,0.0,-70.59666596434164,-5.461190168932045,2.2881073443397764,0.0,-105.8209997307229,-4.3249039813286245,3.3589860274253702,0.0,-43.950511941510825,-38.59105527480453,2.3660019806073027,0.0,-83.65267389992269,-36.73053693224699,2.6804251175865357,0.0,-116.27557484969195,-40.90781077442683,8.858397031752666,0.0
-59.97498390692033,-6.967035220407812,3.932274428199248,0.0,-70.58294571869138,-5.460364826664907,2.2888537486164484,0.0,-105.80876301959206,-4.322181548837335,3.360755464806692,0.0,-43.921226979092125,-38.604379500023704,2.3914815042361646,0.0,-83.62843971381336,-36.72514169295938,2.6718059369216487,0.0,-115.79497292927249,-40.96850670753878,8.773324498148963,0.0
-59.92789226304317,-6.943169545626443,3.9372014744027197,0.0,-70.57416646883455,-5.467209827558104,2.2843990859195777,0.0,-105.79624772190823,-4.317760949599163,3.3616218865635705,0.0,-43.90448681167444,-38.612653754055756,2.411631496294982,0.0,-83.60589913604665,-36.72460088916069,2.6615097726245107,0.0,-115.30371356594196,-41.00079720605882,8.661449987544373,0.0
-59.88564314093455,-6.917352201128111,3.9402475495325735,0.0,-70.56771498306561,-5.477461407397345,2.2790102099972422,0.0,-105.7832695061118,-4.311848708117981,3.3614208673191044,0.0,-43.896951840947736,-38.61669897032471,2.4276577851065397,0.0,-83.58613831320976,-36.728072131360975,2.6485403033476445,0.0,-114.79954903547211,-41.01248681717069,8.547878906314597,0.0
-59.852160961041356,-6.8918266949869125,3.941164453705925,0.0,-70.560458376145,-5.4864283442645,2.276652263691121,0.0,-105.76941937540957,-4.304927592331814,3.3603041290965034,0.0,-43.895366873023875,-38.61792152829823,2.4408984136633585,0.0,-83.56995764415569,-36.733118514470874,2.6324748363314665,0.0,-114.28114236092281,-41.01192148181192,8.457546143191404,0.0
-59.82960656178006,-6.868809108269026,3.940077847733251,0.0,-70.5496894217394,-5.490420870029684,2.279952425298184,0.0,-105.75397727399643,-4.297666288502736,3.3585689056396753,0.0,-43.8969625616656,-38.61733106332315,2.4525436910170466,0.0,-83.55813410184864,-36.735947730471324,2.6135980367087317,0.0,-113.7483812057501,-41.005020390795096,8.408349745123825,0.0
-59.81787589875456,-6.850037718246242,3.937140927105723,0.0,-70.53384785316335,-5.487689791360057,2.2896229093062868,0.0,-105.73606823765076,-4.290804249906004,3.3564270299181107,0.0,-43.89972785052288,-38.615215938271284,2.4635627369523174,0.0,-83.55148192250792,-36.73225033758217,2.5928418181527206,0.0,-113.20199258451512,-40.99333715912785,8.407224371201387,0.0
-59.81464045154818,-6.836510243111414,3.932421070971394,0.0,-70.51280035530183,-5.478575921325136,2.304544873331997,0.0,-105.71509335397943,-4.284963263488687,3.3539257740771706,0.0,-43.90249161790706,-38.61125952240611,2.4747309939303648,0.0,-83.5504463745028,-36.718549591432364,2.571605620155635,0.0,-112.61176144310124,-40.94450596648811,8.454510673952619,0.0
-59.816004508020576,-6.828223423164189,3.926170888659753,0.0,-70.48763973067287,-5.464944084760184,2.3223933926485305,0.0,-105.6912302865,-4.280407374861701,3.351089754139643,0.0,-43.90480729646065,-38.60482865559814,2.4866779926181444,0.0,-83.55438447269904,-36.69370092139044,2.5514998569292118,0.0,-112.01817328615437,-40.888027600315425,8.54254586470655,0.0
-59.81761110187432,-6.823909180486678,3.919246187804461,0.0,-70.46013351581624,-5.449232046122873,2.3404975541862836,0.0,-105.66566694783126,-4.276874096964926,3.348135459296902,0.0,-43.90667739710111,-38.59526401277398,2.4998919176001984,0.0,-83.56105539124526,-36.65991648388568,2.5339757850838787,0.0,-111.41959130841555,-40.815496281138486,8.64942043847466,0.0
-59.815784451546094,-6.821007111533936,3.913245032269465,0.0,-70.43207514618042,-5.433512823908596,2.356645953068986,0.0,-105.64034646603204,-4.273609791501809,3.3455414559830388,0.0,-43.908216498124176,-38.58212594745618,2.514640748452379,0.0,-83.56683301787609,-36.62263409157979,2.5198683561639186,0.0,-110.81538273380981,-40.72094120012018,8.760011732752817,0.0
-59.80824990232431,-6.816132720117575,3.910146755097495,0.0,-70.4048199506116,-5.418906860842757,2.369643216142091,0.0,-105.61729534858043,-4.269626659580853,3.3438859339369316,0.0,-43.90940620841824,-38.5653884329691,2.5308425077899255,0.0,-83.5677273275784,-36.588973621361404,2.509084613925012,0.0,-110.20636995372324,-40.60297626364201,8.863205231817496,0.0
-59.794194847472326,-6.80605312712162,3.911595950772396,0.0,-70.37915481139666,-5.405504667775453,2.379493803416194,0.0,-105.59786308025404,-4.264063723601185,3.3435489830062366,0.0,-43.91006232841347,-38.54554006954464,2.547994307067336,0.0,-83.56076351396482,-36.565356710316394,2.5006935901429674,0.0,-109.59300001502918,-40.463509187752685,8.951943685756483,0.0
-59.77379052553821,-6.788854560280255,3.918168879347771,0.0,-70.35542117739745,-5.392717935531404,2.3871598395891436,0.0,-105.58225414939301,-4.256488853089198,3.3444714719440505,0.0,-43.90998741916351,-38.52354895834715,2.565255210391978,0.0,-83.54502806212908,-36.55543469952588,2.4933686108244206,0.0,-108.97430928535371,-40.306210167614715,9.0219674815885,0.0
-59.74756044945068,-6.764800942583452,3.928949655722402,0.0,-70.33368724775707,-5.37981388376129,2.393986754337922,0.0,-105.56957263889929,-4.247030854914977,3.3461270966807692,0.0,-43.909138742319534,-38.50071273153987,2.5816765804303454,0.0,-83.52189210850341,-36.55920840084717,2.485855007018646,0.0,-108.34751577233897,-40.13497783910704,9.07011543656818,0.0
-59.715999128108116,-6.736465382734078,3.9416651766805515,0.0,-70.31383944962866,-5.366387744054118,2.401071480534375,0.0,-105.55833128120864,-4.236318876760883,3.347742290567391,0.0,-43.90765990650509,-38.47846094630923,2.5964982994114933,0.0,-83.4943587227704,-36.573456209571184,2.477205211121566,0.0,-107.70843163477575,-39.952985817172205,9.093121390831145,0.0
-59.67959606371614,-6.7080328329976115,3.9534578817980943,0.0,-70.29561293109084,-5.3526095251377415,2.408881082252268,0.0,-105.54715320718428,-4.225277562331308,3.3486555925237624,0.0,-43.90578576621487,-38.458149995176164,2.609430227915256,0.0,-83.46588090143544,-36.593041197362545,2.466792661064245,0.0,-107.05257574000792,-39.76245358154401,9.08738341333342,0.0
-59.639061310933606,-6.684023036909684,3.9620892904202734,0.0,-70.27864778513558,-5.339157840934214,2.4172336126437095,0.0,-105.53532782493205,-4.214865543064304,3.348623246863328,0.0,-43.903731311943616,-38.44085485398159,2.6208416419217624,0.0,-83.43920270064415,-36.612562025038045,2.4542642755369926,0.0,-106.37657296610658,-39.56487215291891,9.049661973715313,0.0
-59.59535599826922,-6.667859691044878,3.967142485885523,0.0,-70.26262455541186,-5.326864113555123,2.425504102814438,0.0,-105.52297222619673,-4.205854106598051,3.3479100605429792,0.0,-43.90160622252288,-38.427178900814376,2.631750096901632,0.0,-83.41570547344226,-36.62788176541056,2.4395202068711583,0.0,-105.67933109702359,-39.36133619422919,8.978303069493938,0.0
-59.54926518603527,-6.660695138654118,3.9707858967265075,0.0,-70.24746728491843,-5.3162527543228535,2.4328457977557854,0.0,-105.51072964217843,-4.198716116790573,3.3471257565483423,0.0,-43.89929869857005,-38.417138489694366,2.6435290447958106,0.0,-83.39542209494577,-36.6371250302656,2.4226911391221186,0.0,-104.96258404263949,-39.15284377490022,8.874433910016156,0.0
-59.500597491875034,-6.660804953496447,3.977842999431246,0.0,-70.23353543144945,-5.307253805589982,2.438339961640489,0.0,-105.4991523294993,-4.193630744000421,3.34689281165433,0.0,-43.896321183033706,-38.41017647059684,2.657408053886071,0.0,-83.3775127066765,-36.640845350364174,2.4041065404250936,0.0,-104.2305881711068,-38.940647363936705,8.742620952695537,0.0
-59.44740307612838,-6.663749085018573,3.9951750990766985,0.0,-70.22166122455201,-5.299265409348639,2.441138853797673,0.0,-105.48809206497855,-4.190538152870592,3.3475042335684186,0.0,-43.891751325041184,-38.40531654316967,2.674011451647953,0.0,-83.3608180962453,-36.641339698023344,2.3843359310620507,0.0,-103.48899760098983,-38.72674698411601,8.590674250820381,0.0
-59.38567749797997,-6.663302900981398,4.030619310506246,0.0,-70.212886175882,-5.291513200250995,2.440686795867265,0.0,-105.4764470146139,-4.1891563309938995,3.3487273853815083,0.0,-43.88442748450003,-38.401417200803365,2.693198858093501,0.0,-83.3441987524724,-36.641468910996736,2.3643018586952635,0.0,-102.74322974236236,-38.51440953841116,8.42857832504696,0.0
-59.30981341190271,-6.652843282150027,4.091812864774738,0.0,-70.20789600966768,-5.283477595358925,2.436987670624175,0.0,-105.46245216935743,-4.188935070261036,3.349838424082442,0.0,-43.87339191078513,-38.397443357268244,2.7143022092586406,0.0,-83.32660423172547,-36.64356929090503,2.3452625136544363,0.0,-101.996914978486,-38.30836702188795,8.266845658206002,0.0
-59.213721788714736,-6.626563044618381,4.185115615369455,0.0,-70.20640364656953,-5.2751549588372395,2.430765029708052,0.0,-105.44443222195089,-4.189033766509936,3.3498745837064305,0.0,-43.858354101385885,-38.392670859722166,2.7366154700385934,0.0,-83.30701738922006,-36.6488886324844,2.3284848438900454,0.0,-101.25112181744129,-38.11431102449035,8.114787869976686,0.0
-59.09232802046893,-6.579900400514763,4.314632990950667,0.0,-70.20686945784755,-5.267038705307251,2.4233629527849523,0.0,-105.42168095012956,-4.188458970419767,3.3480124820758768,0.0,-43.83987043566887,-38.38678612702971,2.7598332484690147,0.0,-83.28447864152017,-36.65758687736717,2.314732347780163,0.0,-100.50478730101781,-37.93757056912431,7.9791584078529745,0.0
-58.94311684284448,-6.50905798016573,4.481278073432852,0.0,-70.20680113383266,-5.2598347425330925,2.416377258409419,0.0,-105.39501263428846,-4.186388700996098,3.343925905637816,0.0,-43.81908850816856,-38.379899840511136,2.784156695033179,0.0,-83.25830854641777,-36.669057591689906,2.3039217112104353,0.0,-99.75621829857194,-37.781347480257246,7.863383997627846,0.0
-58.76735090992885,-6.410129141379181,4.68197867016343,0.0,-70.2035263237476,-5.254005842400417,2.4111835234974617,0.0,-105.36665356570946,-4.18250450269746,3.337959966943247,0.0,-43.797187984927994,-38.37250342125998,2.8099969972742347,0.0,-83.22848011355612,-36.682300991131754,2.29518580747523,0.0,-99.00497318889889,-37.64530425922407,7.767393262272098,0.0
-58.57043633466941,-6.278643084882628,4.909371029544232,0.0,-70.19505725650453,-5.249296360813692,2.408595515922997,0.0,-105.33947825990896,-4.177068619261928,3.3310327618394417,0.0,-43.77485148645133,-38.36536505172937,2.837481702218776,0.0,-83.19596041682772,-36.69619259482388,2.2872446355369096,0.0,-98.25323200378139,-37.525323919332436,7.688018331691829,0.0
-58.36090547516246,-6.1100903915760565,5.152414460468698,0.0,-70.18065857178429,-5.244447418873491,2.4087863965495053,0.0,-105.3159433768584,-4.17066056025687,3.3243327886296683,0.0,-43.752060862972904,-38.359345368769326,2.8661097577735273,0.0,-83.16281425031278,-36.709602979662726,2.278778666863424,0.0,-97.50603627525597,-37.41477035252797,7.6199657470012205,0.0
-58.14791921566727,-5.901391136332503,5.398186059076069,0.0,-70.16093323604228,-5.23732541239254,2.411433704336215,0.0,-105.29721931525438,-4.163774937154277,3.3189825953604384,0.0,-43.72827433733528,-38.35514543434503,2.894796247124223,0.0,-83.13192251748374,-36.7214060326544,2.2686076362966716,0.0,-96.77033592720818,-37.30679973506417,7.557207873541632,0.0
-57.93797650000464,-5.652649592587264,5.634654359515267,0.0,-70.1374717618297,-5.225566891215286,2.4159543081141486,0.0,-105.28289735463419,-4.156599437351417,3.3157805069115387,0.0,-43.70280094320907,-38.353062012344566,2.9222752203650106,0.0,-83.10629090921167,-36.730470854329155,2.2557403873707003,0.0,-96.05328042538773,-37.19664514770979,7.494347804926548,0.0
-57.73216850498017,-5.368200112127984,5.853671690771213,0.0,-70.11224690888204,-5.207584260212019,2.421710327856289,0.0,-105.27133520753038,-4.149143765853759,3.315009084422437,0.0,-43.675127362046425,-38.35286647892493,2.9475952662976823,0.0,-83.08811330656698,-36.735740084643965,2.239475319845001,0.0,-95.36040784061177,-37.08269599983462,7.4273393211890575,0.0
-57.52532919113001,-5.056116656806106,6.0531368161527865,0.0,-70.0869780778427,-5.1835036383303645,2.428125769118582,0.0,-105.26037713235299,-4.141616523207177,3.316270573021459,0.0,-43.645070634729485,-38.35389203138379,2.970413172415178,0.0,-83.07794530931267,-36.736436142469046,2.2196183883602245,0.0,-94.69432504003575,-36.96574535956025,7.3531601291847455,0.0
-57.307740616725084,-4.726107281514693,6.237480870271959,0.0,-70.06267303928199,-5.155495657749011,2.4347102116116126,0.0,-105.24805794119526,-4.134748223223625,3.3183899222419306,0.0,-43.61279606945659,-38.35530535959607,2.9909684029240573,0.0,-83.07438529392128,-36.73234358529477,2.1967278261617125,0.0,-94.05427994783035,-36.84676067108863,7.268600812230368,0.0
-57.06898049317662,-4.386750909059264,6.416165406495654,0.0,-70.03948779052307,-5.127153300963781,2.441031537101665,0.0,-105.23304547556312,-4.1297722449163485,3.319515679765768,0.0,-43.57881774795991,-38.35643101075758,3.0098467438345526,0.0,-83.07446134606056,-36.72405877873583,2.1722437389046014,0.0,-93.4368001374618,-36.72442393996002,7.168890517075846,0.0
-56.802468167963866,-4.043628490769118,6.600499573991449,0.0,-70.01692908823449,-5.102080744833971,2.446696428945481,0.0,-105.21483833984713,-4.1279920479706576,3.317547398894469,0.0,-43.544036791527965,-38.35698490241314,3.0277267232525844,0.0,-83.07457779849035,-36.71309539911134,2.148395947689128,0.0,-92.8373047302744,-36.593931949725544,7.047054228658212,0.0
-56.50869804930701,-3.699408125661557,6.799718402606446,0.0,-69.9942891282088,-5.0824187675579955,2.4513694602112466,0.0,-105.19387516704283,-4.1301190089184985,3.310879095330426,0.0,-43.50974521997293,-38.35715166971012,3.04522325125005,0.0,-83.07161063630272,-36.701748998805336,2.127837439348008,0.0,-92.25230427864936,-36.447962503649904,6.894583045065369,0.0
-56.19549042793113,-3.3555883417703547,7.0177796294152675,0.0,-69.9711029502043,-5.068175641254209,2.4548124194602625,0.0,-105.17163089870446,-4.135697922394987,3.2992233615116717,0.0,-43.47747333399138,-38.35750991168824,3.062840170880172,0.0,-83.0637213426537,-36.69266276040711,2.1130197155810535,0.0,-91.68158154494274,-36.27965360202444,6.703378423161034,0.0
-55.87493530301638,-3.014470625759033,7.252288473566834,0.0,-69.94741500206412,-5.057757182962817,2.4569039033409545,0.0,-105.15057933628766,-4.142919056816747,3.2841060786657668,0.0,-43.44863564326029,-38.35882532170078,3.080995514543078,0.0,-83.05066000827382,-36.688169863874904,2.105438023378479,0.0,-91.12965251286307,-36.0864756819942,6.46829412619644,0.0
-55.558402613917295,-2.679938636514855,7.496017865289533,0.0,-69.92375433987439,-5.049357642222476,2.4576219477089403,0.0,-105.1337768111582,-4.148998436257244,3.2686401992796945,0.0,-43.42406602358351,-38.3617511332756,3.1000533447428484,0.0,-83.0335748455672,-36.68968473643992,2.1050336989455847,0.0,-90.60585291371902,-35.873341128300744,6.18926915229847,0.0
-55.251978319056384,-2.35662841707299,7.740026265377903,0.0,-69.9008830073929,-5.042418385826858,2.4570047996350706,0.0,-105.12392408500538,-4.151109971236516,3.256467571614227,0.0,-43.40364215059918,-38.36653986539458,3.1202861903298267,0.0,-83.0144644647804,-36.697465204322334,2.1101409935004103,0.0,-90.12269775746476,-35.65332373544224,5.872277546715486,0.0
-54.95433468760491,-2.048150470750857,7.976431412887457,0.0,-69.879478621504,-5.038376421912586,2.455113931810235,0.0,-105.12212149908136,-4.14757378663175,3.2502112747556904,0.0,-43.38621214913101,-38.3729145196049,3.1417537346261444,0.0,-82.99542685992317,-36.710871422967635,2.118142035577245,0.0,-89.69283561262151,-35.44514039712318,5.529010834052292,0.0
-54.65756642810959,-1.7554289932791483,8.199431089771506,0.0,-69.85988420570035,-5.040272880264958,2.4520161285470827,0.0,-105.1269232218604,-4.138757849858905,3.250140954965188,0.0,-43.36991774952422,-38.380181293040316,3.1641858053530516,0.0,-82.97792158128257,-36.728944199019395,2.1264707941453675,0.0,-89.32570130778629,-35.26805634536903,5.175768409773788,0.0
-54.34983118721838,-1.4759452004871887,8.404946632812086,0.0,-69.84197169353048,-5.051291833971177,2.447797448461415,0.0,-105.13432820537258,-4.127179683100306,3.2537501967059512,0.0,-43.35281648856345,-38.38752336909502,3.186983840009093,0.0,-82.96233209846571,-36.75087897145976,2.1333505843691665,0.0,-89.02523230723817,-35.136335453772865,4.831918502019477,0.0
-54.017974587780856,-1.204167050950911,8.590589974635549,0.0,-69.82512010486647,-5.072812890823482,2.4426179108278454,0.0,-105.13888467590947,-4.116699752824542,3.2565436304977577,0.0,-43.333557624957436,-38.39432106619718,3.2093699039339167,0.0,-82.94805539251087,-36.77603744821068,2.1379373865615374,0.0,-88.78941833468832,-35.055616911109944,4.517743472337868,0.0
-53.64923504943644,-0.9330478498791441,8.756992853646494,0.0,-69.80832295653747,-5.102905851266103,2.436790735449202,0.0,-105.13549112060734,-4.111194344525407,3.2537563210763807,0.0,-43.31184322847555,-38.40035519126191,3.2306264597622683,0.0,-82.93411544764452,-36.803571337833475,2.140016837351281,0.0,-88.61144245538563,-35.02241187239032,4.251345768750642,0.0
-53.232501738142574,-0.6561335043209473,8.909607734814877,0.0,-69.79045010367777,-5.136156000263934,2.430828234555001,0.0,-105.12118183593084,-4.113291073711428,3.242286649364358,0.0,-43.28850530175578,-38.40583245943828,3.2503506217015303,0.0,-82.91997573067036,-36.832098231758316,2.1396526304757977,0.0,-88.4815451156911,-35.02630197920412,4.0449689134940705,0.0
-52.759945712002136,-0.3695200354960355,9.059052485067602,0.0,-69.77064526401333,-5.165171725690396,2.4253856766935087,0.0,-105.09624830131648,-4.12358634588029,3.2220272167495754,0.0,-43.26518358975824,-38.41126446480365,3.2686292463439948,0.0,-82.90604065395767,-36.85979773506558,2.1370672369638104,0.0,-88.388830196553,-35.053501812634536,3.902012318769801,0.0
-52.22913644557809,-0.07295809976934997,9.218895383588723,0.0,-69.74875166875763,-5.183243663773181,2.421085234334292,0.0,-105.06432334077103,-4.140491400026262,3.1960496219929038,0.0,-43.243730659001656,-38.41728145116591,3.286015783590953,0.0,-82.89350142583984,-36.884908562212665,2.132731455953607,0.0,-88.3226836509953,-35.09041654870882,3.816245612144204,0.0
-51.644868898241654,0.23014441310531986,9.401515950462143,0.0,-69.72558415761891,-5.18687669638202,2.4182795569266418,0.0,-105.03143405067722,-4.160676499921466,3.1695988887587063,0.0,-43.22556594981925,-38.42445275242888,3.303252510033227,0.0,-82.88361652890153,-36.90629207797554,2.127470963585358,0.0,-88.27379777768125,-35.126261046383576,3.7738559070020337,0.0
-51.01943744786979,0.5336417535620139,9.613941963175705,0.0,-69.70287811837198,-5.176882940344655,2.4168649634449313,0.0,-105.00435661400049,-4.1799831797714395,3.1483456133856684,0.0,-43.21121873857119,-38.43315462365227,3.32084178969912,0.0,-82.87687483767505,-36.923714102481675,2.122467316554621,0.0,-88.23485441868044,-35.15434819932897,3.757564252811834,0.0
-50.37044240658154,0.830079355608544,9.855691064919444,0.0,-69.68286328923854,-5.157555140880684,2.416252631326005,0.0,-104.9887258762838,-4.194554065753102,3.1365848416522546,0.0,-43.20022243019782,-38.44350860540987,3.3386964769069305,0.0,-82.87252544834021,-36.93771490731854,2.119146538718475,0.0,-88.20086734862146,-35.17213498801613,3.751152629647237,0.0
-49.71649646350828,1.1120557904207677,10.119610684348872,0.0,-69.6675639479975,-5.134570166200538,2.415542412842367,0.0,-104.98731853833551,-4.2018197242648725,3.1359664063208754,0.0,-43.19136931856504,-38.455394986810994,3.356084096156966,0.0,-82.86874217049123,-36.94921289579683,2.118942411950327,0.0,-88.16914327978577,-35.180413888356256,3.7428263983917915,0.0
-49.07249316068857,1.3729968964724169,10.395058916849539,0.0,-69.65802971555685,-5.112863989942426,2.413838234321636,0.0,-104.99892443422384,-4.201008642399766,3.1450418907383533,0.0,-43.18317669696705,-38.46851342520668,3.3719300514920683,0.0,-82.86341213175334,-36.95918254474774,2.1228644639880265,0.0,-88.13884668596793,-35.182101009470564,3.726598414066931,0.0
-48.44628675458246,1.6072951712813976,10.671587743235873,0.0,-69.65374343526794,-5.095429524766304,2.4105678884937998,0.0,-105.01825971833641,-4.1930474166162,3.1596624624660716,0.0,-43.17435242164911,-38.48245444193435,3.3853534783409653,0.0,-82.85521601607306,-36.96861409637672,2.1309282628200155,0.0,-88.11026866432442,-35.18097643523417,3.7017646989673274,0.0
-47.837759052802014,1.8103225478997134,10.94136679720662,0.0,-69.65246523801326,-5.083207965336074,2.4056746498683683,0.0,-105.03724983512716,-4.180000438204723,3.174131821314324,0.0,-43.164107347021016,-38.496780679380436,3.3961903286715245,0.0,-82.8443214872113,-36.97842863202053,2.1418459815615574,0.0,-88.08403855831222,-35.1806072968398,3.671152049081119,0.0
-47.24024276905824,1.9788602555262917,11.199651412742403,0.0,-69.65071574292239,-5.07562936428052,2.3996078442999025,0.0,-105.04755813329417,-4.164406161381217,3.1828821247710373,0.0,-43.15225358697138,-38.51114328519293,3.4052625651653443,0.0,-82.8321936370005,-36.989013196378735,2.153322504460416,0.0,-88.06055080787222,-35.183591937210664,3.6390119540657224,0.0
-46.643658532353314,2.1119235392307267,11.443716419719497,0.0,-69.64487863952543,-5.0712640622376846,2.39311405035364,0.0,-105.04358411152224,-4.148839255889519,3.1822100369703143,0.0,-43.13908706700378,-38.525432210836655,3.414246408185411,0.0,-82.82080894740487,-36.999793545697855,2.1627394556430115,0.0,-88.03975712077009,-35.19118831151304,3.6092753236025956,0.0
-46.03833305362237,2.211379651071322,11.671207720109605,0.0,-69.63253328583198,-5.068351427348805,2.3869132041955954,0.0,-105.02467898409822,-4.13573936920026,3.171414035188562,0.0,-43.125116204197084,-38.53990668828916,3.4251455052295814,0.0,-82.81186301552694,-37.0093065443368,2.167854109418286,0.0,-88.02128042219174,-35.203316194785295,3.584549469456812,0.0
-45.41818675294943,2.2817115908090138,11.878822972921975,0.0,-69.61336457939805,-5.065277195992979,2.381410151898507,0.0,-104.99543064384814,-4.127248904639817,3.1527864180689864,0.0,-43.11077780188089,-38.55522731528588,3.439566506265095,0.0,-82.80626420337278,-37.01568643341139,2.167362617526077,0.0,-88.00467040267635,-35.2188614384225,3.565895796025387,0.0
-44.78213947512419,2.3286825301760805,12.061919823855519,0.0,-69.5891413302679,-5.061080033208197,2.3765802810530836,0.0,-104.96370339141733,-4.12482367169582,3.130453701953627,0.0,-43.09629432235067,-38.57233383767413,3.4581316694559874,0.0,-82.80392873907019,-37.01730239974398,2.1612555897931927,0.0,-87.98960112731712,-35.23616446545156,3.553148756074112,0.0
-44.13341568225447,2.3571249159208785,12.215231329558074,0.0,-69.56279293302339,-5.0558526407763225,2.372062017065991,0.0,-104.93731207376622,-4.128710267482718,3.108709051316774,0.0,-43.08171798742195,-38.5921692200172,3.4803107960189266,0.0,-82.803797727456,-37.01338717696179,2.1508793345214787,0.0,-87.97589074757204,-35.25354203336208,3.545392454693072,0.0
-43.47747801021638,2.368546752780956,12.334328847294017,0.0,-69.53713310445161,-5.050774309194939,2.3673721614971868,0.0,-104.92097752929028,-4.137649469816304,3.0906916924028547,0.0,-43.06706337700421,-38.615322526323894,3.5047048263019427,0.0,-82.80404809688726,-37.00456079250014,2.138641489134505,0.0,-87.96335493423183,-35.269688351557456,3.541291975753582,0.0
-42.81977147735277,2.359733512940922,12.416963441169527,0.0,-69.51386399629436,-5.047652871824141,2.3621258983129323,0.0,-104.91496517486951,-4.149090853628083,3.0778840927699243,0.0,-43.05239245857796,-38.64172449638605,3.5295575161628463,0.0,-82.80254853229918,-36.99308067073537,2.1273888458409687,0.0,-87.95162625412141,-35.28385093991893,3.5392392152971635,0.0
-42.16414123187549,2.323528280940579,12.463452367295668,0.0,-69.493177314924,-5.048145644210767,2.3561867565022077,0.0,-104.91575313213099,-4.159893293744619,3.070323145000497,0.0,-43.03780125331564,-38.67053905389703,3.5532192733390033,0.0,-82.79752683112422,-36.98250862971304,2.119634975280178,0.0,-87.94009767968737,-35.295774975685376,3.5374704981118263,0.0
-41.512252238045875,2.2519389599225086,12.47602535658006,0.0,-69.47392478368585,-5.0530296674008355,2.349719240534524,0.0,-104.91801965750244,-4.167220295347632,3.0671071746014125,0.0,-43.02335475105339,-38.700327353112385,3.5744372831725535,0.0,-82.78821171094957,-36.97660328652029,2.1169194517689665,0.0,-87.92804966830971,-35.30551662714438,3.534264528393763,0.0
-40.86396079298879,2.140128396002199,12.457739773944816,0.0,-69.45418930305486,-5.061871688907776,2.3431311331762448,0.0,-104.91683257058045,-4.169281278556867,3.0668282596129615,0.0,-43.00903946810139,-38.72944164893986,3.5925132880312987,0.0,-82.77519514304475,-36.97783870469872,2.1194816565644654,0.0,-87.91488910926702,-35.313273803499584,3.5281795420781688,0.0
-40.21832034736692,1.989033254003754,12.411503397236073,0.0,-69.43207365852052,-5.073232258496708,2.3369043653762525,0.0,-104.90917504222264,-4.165684732076604,3.0678157546442684,0.0,-42.99476082302026,-38.75649407827747,3.607401224257085,0.0,-82.7604097344626,-36.98638915596801,2.1262718000078067,0.0,-87.90037570687737,-35.319330443226384,3.5182607298818898,0.0
-39.574790087032824,1.8051326025806382,12.339279542160066,0.0,-69.40648672362805,-5.085259243015075,2.3313663237686217,0.0,-104.89444978871518,-4.1573362822891315,3.068318267972449,0.0,-42.98036561605116,-38.78070797878807,3.6197289414337614,0.0,-82.7467126182452,-37.000111921139656,2.1352859555990094,0.0,-87.88473754838493,-35.324092075907586,3.504214014655931,0.0
-38.9342933012906,1.597670343423525,12.24141340527377,0.0,-69.37764215540699,-5.096359535360426,2.326525338895971,0.0,-104.87405136694022,-4.1459610183917235,3.0668066512241,0.0,-42.965666577800974,-38.80202868700988,3.630658840824431,0.0,-82.73717082571852,-37.01543725049696,2.1441685225727163,0.0,-87.86862451196953,-35.32809915926612,3.486560807993735,0.0
-38.29984916667395,1.3750374342423672,12.116214537050345,0.0,-69.34702605331613,-5.105661993042975,2.322088672536731,0.0,-104.85039942024537,-4.133435433325195,3.0624394991352055,0.0,-42.95048051501595,-38.82100345795333,3.641552374415575,0.0,-82.73424630180722,-37.02868458880401,2.1509060919550222,0.0,-87.85289625693927,-35.33192322280635,3.4667285747769174,0.0
-37.676492699154394,1.1421103084895563,11.960025897567496,0.0,-69.31682447972074,-5.1131271096019635,2.317651577122973,0.0,-104.8259427739806,-4.121167779994698,3.055521731181635,0.0,-42.93471457385937,-38.83854368123103,3.653546072077413,0.0,-82.73908233481257,-37.03725795213623,2.1543593543513815,0.0,-87.83830240860881,-35.335974550562,3.4469406846323007,0.0
-37.07030214819558,0.899382291261432,11.767897727100717,0.0,-69.28910191662015,-5.119323938986211,2.3129012424313515,0.0,-104.80250989998645,-4.109751702820378,3.0476464724079175,0.0,-42.91850719861338,-38.855697784914625,3.667247535030816,0.0,-82.75105185714774,-37.04032075256856,2.154447217275237,0.0,-87.82517520308826,-35.340368202706486,3.4297268856275416,0.0
-36.48670962955613,0.6436822916697764,11.534839569562514,0.0,-69.26514185517833,-5.125037117991129,2.3076782167295082,0.0,-104.78106443348402,-4.099016009379978,3.041236070830676,0.0,-42.90235876305904,-38.8735051450606,3.682687539664114,0.0,-82.76772449750707,-37.038787234263765,2.151988836825627,0.0,-87.8132791774144,-35.34497810792168,3.417028873575802,0.0
-35.92872815744424,0.36979013573569297,11.25747102171737,0.0,-69.24519570834812,-5.130926286071542,2.301884698953806,0.0,-104.76167031162122,-4.088416540151693,3.0384326146830443,0.0,-42.88713130758224,-38.89292444193172,3.6994639643632716,0.0,-82.78537501792776,-37.034722072315695,2.1483728998574545,0.0,-87.8019208316009,-35.34964647937407,3.409292177393766,0.0
-35.395944131059316,0.0722611058460636,10.935645698837712,0.0,-69.2286011076454,-5.137376307850765,2.2953666204220067,0.0,-104.74348275978056,-4.077554046791261,3.039680519625561,0.0,-42.87383185684496,-38.91478250332316,3.7168978637183994,0.0,-82.79997637928835,-37.03046003440694,2.145223914243825,0.0,-87.79030504321844,-35.35436440678178,3.405221184313275,0.0
-34.88483343350415,-0.2530806873500122,10.573405061198038,0.0,-69.21409396631647,-5.144507353100716,2.2878986000732127,0.0,-104.72480758225481,-4.0665484592905665,3.0427064458056474,0.0,-42.86322500679939,-38.939694078758,3.73410350742847,0.0,-82.80835493229122,-37.02784552458009,2.1441152769856693,0.0,-87.77796152266819,-35.35927017968934,3.402452544005948,0.0
-34.39029105035773,-0.6083299551136925,10.178715340894046,0.0,-69.2002059316203,-5.152215798230277,2.279298143774124,0.0,-104.70345553265525,-4.056065713442644,3.042681495172074,0.0,-42.85545514866159,-38.96794846942236,3.7500339757045236,0.0,-82.80904991811093,-37.02786529983007,2.1462965301069072,0.0,-87.76499169953608,-35.36448434673985,3.3986586538842083,0.0
-33.90769132556861,-0.9933756893778245,9.76195427260389,0.0,-69.18571192143106,-5.160162434472219,2.2695952863789266,0.0,-104.67755090032439,-4.046933807977717,3.0340145067364297,0.0,-42.84988594902182,-38.99940748260252,3.763628114047993,0.0,-82.8025445621203,-37.03068480731622,2.152431762715416,0.0,-87.75200502158266,-35.36992473958824,3.3924294969189965,0.0
-33.4346361536864,-1.406116050242888,9.333783442924295,0.0,-69.17003453707864,-5.167732452750079,2.259142563558145,0.0,-104.64665760972521,-4.03944304645756,3.013581486670976,0.0,-42.845253370742824,-39.03346814920084,3.774097109256145,0.0,-82.79083563226892,-37.03590719411854,2.1624192291741497,0.0,-87.73980751256164,-35.37523733762516,3.383630679263856,0.0
-32.97175546905977,-1.8426681401739327,8.903394688329701,0.0,-69.15343038113113,-5.174053887368798,2.2485715849235355,0.0,-104.61276388059756,-4.032533217034812,2.9845021579525532,0.0,-42.84005847825935,-39.069105372242575,3.7812378777881257,0.0,-82.77659023970449,-37.04285669536706,2.1753895994156203,0.0,-87.72902346977378,-35.3798902172668,3.373235087409073,0.0
-32.522357100391936,-2.2975558813373294,8.477849311763002,0.0,-69.1368368027173,-5.178142493928817,2.238587435437964,0.0,-104.58051521474152,-4.023091399458492,2.9590566618306138,0.0,-42.8330259223615,-39.10497422686614,3.7855967640222943,0.0,-82.76226241187581,-37.05076401241973,2.1899351304270525,0.0,-87.71984070745816,-35.38338283204481,3.3627456929052215,0.0
-32.09123257528882,-2.764023989599467,8.062511015201823,0.0,-69.12143227135432,-5.179170355831979,2.2297054703495434,0.0,-104.5562004733128,-4.005568751354819,2.959151810768315,0.0,-42.823474108691926,-39.13956671905238,3.7883872119045474,0.0,-82.74949185471209,-37.05882423555355,2.204517260619303,0.0,-87.71199807762763,-35.38546648416019,3.3534337582015414,0.0
-31.683260103631568,-3.234459520276059,7.6619340943509116,0.0,-69.1081139838584,-5.1767909132343455,2.2220814755064175,0.0,-104.54537038537671,-3.972138864417957,3.013075728382095,0.0,-42.81151350550848,-39.17144882643146,3.7911942533016862,0.0,-82.73895015449173,-37.0661992136216,2.2178958501900414,0.0,-87.70501429405343,-35.38626044674706,3.345772726824597,0.0
-31.30240799511595,-3.700774101529248,7.280406974485921,0.0,-69.09712728230579,-5.171422142364081,2.215511458905018,0.0,-104.54955110074168,-3.9135841774026625,3.148307708664243,0.0,-42.79803124471852,-39.1995770114864,3.795570553923344,0.0,-82.73060002425085,-37.07209478398034,2.229416700569937,0.0,-87.69852650864613,-35.38618819062046,3.339427524158106,0.0
-30.951386263277954,-4.1547669270175325,6.9216661888159,0.0,-69.0880065039122,-5.1643616480955234,2.2095568433925425,0.0,-104.56321604058849,-3.8208646848166037,3.3818554906427254,0.0,-42.784445223868374,-39.22360832888567,3.8026431511048404,0.0,-82.72415300045486,-37.0759954381123,2.239100326130119,0.0,-87.69253102883562,-35.38575967615569,3.3337647323503194,0.0
-30.631765246553197,-4.588723783327825,6.587841796060339,0.0,-69.07985039282757,-5.157593019491641,2.2036995650473763,0.0,-104.57259465182648,-3.6870833313878677,3.711301120369267,0.0,-42.772273723227116,-39.244058759190246,3.8128402821016394,0.0,-82.71944300372556,-37.07801121031648,2.2475848709344604,0.0,-87.68737447428947,-35.38533004078464,3.328425263886018,0.0
-30.344140593466804,-4.996451558003995,6.278206439931642,0.0,-69.07179845600369,-5.153240583177777,2.197464669257661,0.0,-104.55750602605282,-3.509612936017283,4.110157948234537,0.0,-42.7626615328205,-39.262204526226924,3.825800305177413,0.0,-82.71653122742904,-37.07916147247606,2.2559945420702316,0.0,-87.68351388108927,-35.384972270057354,3.32353318355913,0.0
-30.088050178090022,-5.374560426649336,5.9885167965880655,0.0,-69.06346892624705,-5.15284870368966,2.1904989809644047,0.0,-104.49640781244429,-3.2919922081843698,4.530350318116579,0.0,-42.756051832652695,-39.279743132662766,3.8404524070790185,0.0,-82.71554047408182,-37.08135102365655,2.2657555220844827,0.0,-87.68121222396468,-35.384511672237046,3.3194942939454126,0.0
-29.861770083981597,-5.723396700985332,5.711485044640643,0.0,-69.05513399860075,-5.156816319679805,2.1826203546411094,0.0,-104.37318125640762,-3.0448130437928036,4.913010936600208,0.0,-42.7521278716503,-39.29834230285108,3.855235002030195,0.0,-82.71634235431905,-37.08686090587893,2.278337788020517,0.0,-87.68035075814826,-35.383684292226185,3.316633375789289,0.0
-29.662403825796865,-6.046957234612609,5.4383466115071695,0.0,-69.04753776805676,-5.164248921706678,2.173854715506719,0.0,-104.18262636815481,-2.78484886679518,5.205437662353528,0.0,-42.75000230114499,-39.31923437402293,3.8684491830366543,0.0,-82.71824566332262,-37.09742236380514,2.2949048575161495,0.0,-87.68044054969417,-35.3823509556362,3.314946432995976,0.0
-29.486450999276805,-6.3515057089760125,5.160998349839467,0.0,-69.04143632914617,-5.173269276978333,2.1644662981014875,0.0,-103.9322883779235,-2.531940484351227,5.37893179884947,0.0,-42.748517146060436,-39.342969891775596,3.8787287804137325,0.0,-82.71981727051254,-37.113257246635136,2.3159175990978547,0.0,-87.68080079042714,-35.38068536531316,3.314093166846906,0.0
-29.33055271049337,-6.643259999211109,4.874024249235644,0.0,-69.037081865902,-5.181626387114381,2.154964347395728,0.0,-103.6404701361473,-2.303880715045999,5.441448022991254,0.0,-42.74650958114646,-39.369375857028295,3.8855000181357706,0.0,-82.71895180680133,-37.13264809662704,2.3408438705125256,0.0,-87.68080537148364,-35.379248015458,3.313575068568822,0.0
-29.19195958036931,-6.926018267232704,4.576069445841057,0.0,-69.03391360764813,-5.187349165241135,2.1460482777444003,0.0,-103.33187287416176,-2.110777651278191,5.4402249875040445,0.0,-42.74296975077934,-39.39769918222552,3.889216957422958,0.0,-82.71326346384036,-37.15250435863947,2.3682002846523122,0.0,-87.68008002413745,-35.37889914563192,3.3129462376159005,0.0
-29.068555318053512,-7.199621359964686,4.270301662114603,0.0,-69.03061526738236,-5.189221558091868,2.1384557887620907,0.0,-103.03225201873491,-1.951405870657016,5.452255559133333,0.0,-42.73708994256869,-39.42686492081074,3.8912196471621883,0.0,-82.7007509883311,-37.16998305747192,2.396109930984773,0.0,-87.67855262513874,-35.38058197049555,3.311932597123244,0.0
-28.95856728304143,-7.459755121438537,3.9639378968675754,0.0,-69.02550421234645,-5.18698132589142,2.1327233229907865,0.0,-102.76263868416359,-1.8139444335850587,5.564366695858537,0.0,-42.728239587190515,-39.45575960451316,3.8932443372749628,0.0,-82.6805245703727,-37.184645756895435,2.4233716251452684,0.0,-87.67632704885453,-35.3850556341182,3.31044206494059,0.0
-28.860152888175854,-7.6990968859159725,3.66694624682569,0.0,-69.01706956119628,-5.181285269225806,2.1289391169151983,0.0,-102.53365995690157,-1.681655560985467,5.8487023346924145,0.0,-42.715913087604925,-39.48347430423903,3.8967915090816874,0.0,-82.65331199676496,-37.20025135178466,2.4507673389294293,0.0,-87.67344481100861,-35.39265927823704,3.3085236510303364,0.0
-28.771017347400758,-7.909425605630522,3.3901625513683076,0.0,-69.00445515341555,-5.173558975878897,2.1266055786915476,0.0,-102.34163892665735,-1.5410687604279616,6.341349628308213,0.0,-42.69970509186888,-39.50948353940884,3.9026200082641083,0.0,-82.62151338781706,-37.225377778022036,2.482125116104152,0.0,-87.66966345815979,-35.403183053482415,3.306322729890786,0.0
-28.68824026256221,-8.084053729349712,3.143263312673387,0.0,-68.98774197862735,-5.165828302584308,2.12468226260866,0.0,-102.16890874806994,-1.3881908239961884,7.030715305628129,0.0,-42.67935376676314,-39.533746489063304,3.910553320626862,0.0,-82.58864609097887,-37.27253137229141,2.5246233928451733,0.0,-87.66438000678723,-35.41591972692914,3.3040353045018858,0.0
-28.608492527617518,-8.219831112580568,2.9331621386849864,0.0,-68.96795381145051,-5.160522643587697,2.121792906327544,0.0,-101.98945684481994,-1.2291470562112838,7.859340547626352,0.0,-42.65484744667062,-39.556696575117435,3.919621398557794,0.0,-82.5581127340148,-37.355930076738865,2.587982228989585,0.0,-87.65676529338396,-35.42993673036326,3.301855737621489,0.0
-28.52869328951024,-8.318109919730588,2.763250623282575,0.0,-68.94678070602755,-5.160127736064692,2.1165351208914434,0.0,-101.77785253229341,-1.0753071313539078,8.739204461325631,0.0,-42.62654490690643,-39.57909574222846,3.92843041495056,0.0,-82.53145217086116,-37.48852717022169,2.682490515830686,0.0,-87.64607140466117,-35.4445155919281,3.299932404118504,0.0
-28.446897130205905,-8.384415288544707,2.633522302793164,0.0,-68.9260896470054,-5.166596732197257,2.1078361711084703,0.0,-101.51684413896828,-0.9366678539992197,9.575912270799709,0.0,-42.59524045830791,-39.60179485724337,3.935608178568062,0.0,-82.50660033171955,-37.67904772580154,2.816229578336033,0.0,-87.63197367559576,-35.459583009720795,3.29834422540557,0.0
-28.362984523289903,-8.426996586089505,2.5412635925261675,0.0,-68.90735107160921,-5.180638860529215,2.0952867799329695,0.0,-101.19980678547498,-0.8177914929828685,10.292996064161036,0.0,-42.56210668407113,-39.62549929700852,3.940184979556266,0.0,-82.47699077277237,-37.929869057707826,2.992315260600442,0.0,-87.61478684574193,-35.475895093002684,3.297090992532997,0.0
-28.27877030810763,-8.454795466726575,2.481908287765899,0.0,-68.8911487359818,-5.201204003780939,2.0793505025269123,0.0,-100.82804529388048,-0.7176527245866176,10.847619122026257,0.0,-42.528474785002246,-39.650631174164836,3.9418034331820646,0.0,-82.43223652188415,-38.23641171898114,3.207290768075664,0.0,-87.59547907627271,-35.49481277639509,3.29609301931683,0.0
-28.197457321597554,-8.47551854369689,2.449832391892949,0.0,-68.8769613094062,-5.225465861772755,2.061356351410989,0.0,-100.40611244533748,-0.6316758659471056,11.233912394459773,0.0,-42.495483954603735,-39.67732456183547,3.9407113088040706,0.0,-82.36048034357889,-38.58823573807012,3.4515966462363483,0.0,-87.57551302553952,-35.51769806423693,3.295211857199398,0.0
-28.122686027484807,-8.494377774872873,2.4390915141262397,0.0,-68.86338172660332,-5.249407678380138,2.043252400267704,0.0,-99.93826591071962,-0.5537856598040811,11.475819055224882,0.0,-42.463722173087596,-39.70553001040177,3.937576732708578,0.0,-82.2515667301084,-38.97144059160546,3.71215135345442,0.0,-87.55657619790654,-35.54515106053596,3.294293471842048,0.0
-28.057508195439425,-8.513767554768576,2.4441555480672204,0.0,-68.84882262748648,-5.268894736168571,2.0271654631550398,0.0,-99.42713487661763,-0.4777330459102185,11.614118809517223,0.0,-42.433017346831726,-39.73515517283296,3.933234125359853,0.0,-82.09962225748981,-39.37160556025979,3.975946795488934,0.0,-87.54024147075299,-35.576396115364076,3.293211464135693,0.0
-28.003479723738508,-8.533821683494939,2.460563279976208,0.0,-68.83251853383177,-5.280953594573632,2.0148409747051357,0.0,-98.8739720786931,-0.398150585088656,11.692426959384381,0.0,-42.402476396990814,-39.766143993982865,3.928474806009426,0.0,-81.90387684656409,-39.776488562053245,4.233019713587405,0.0,-87.52759645464816,-35.60909233759506,3.2918883219417996,0.0
-27.95999524786904,-8.553467068339337,2.485270916533402,0.0,-68.81537188979154,-5.284879995867741,2.007055869851328,0.0,-98.27944954379448,-0.3118090043731634,11.745933596108042,0.0,-42.37075583349654,-39.79843156639191,3.9239329962976033,0.0,-81.66748033546946,-40.17786601578403,4.477613721583484,0.0,-87.51891301804768,-35.63971691666358,3.290284485232837,0.0
-27.924098507691976,-8.571368799212062,2.516472328419038,0.0,-68.80011419961015,-5.282787620162804,2.0031462359963097,0.0,-97.6443425084885,-0.21889586554284257,11.795145021327368,0.0,-42.336466923601435,-39.83181044505169,3.9200423615662885,0.0,-81.3950743944437,-40.57218209747678,4.707443514575036,0.0,-87.51346360750087,-35.66447665083278,3.288339540805989,0.0
-27.891060008575174,-8.586298537351283,2.5528854166023596,0.0,-68.79049840040454,-5.2792977756163575,2.00087210867442,0.0,-96.96992074769763,-0.12370919763265853,11.845110104124284,0.0,-42.29860436648105,-39.865835249307246,3.917023847622355,0.0,-81.09033297655941,-40.96006590969641,4.921925689477075,0.0,-87.50960153883099,-35.680488265879774,3.2858530667496844,0.0
-27.85573973989859,-8.596985395554736,2.5928413085252,0.0,-68.78968475278543,-5.280279228223251,1.9968548122820717,0.0,-96.25810634350427,-0.03434082277164663,11.888980607979317,0.0,-42.25689858126389,-39.89988181765415,3.914905373929301,0.0,-80.75437986871636,-41.34502400446733,5.12043750423325,0.0,-87.50517273250152,-35.68681898123534,3.282348652462545,0.0
-27.814274589794145,-8.601985843495338,2.6337378963636926,0.0,-68.79838532984502,-5.2908998920874115,1.987616810058153,0.0,-95.5114794015777,0.03857718967651991,11.913777218234626,0.0,-42.21199072395258,-39.93336188230536,3.9135859539086013,0.0,-80.38531300714781,-41.73157128536636,5.30115024194507,0.0,-87.49817970598808,-35.68497477201287,3.2770402559550504,0.0
-27.76536323735073,-8.600051933522973,2.672278415345243,0.0,-68.8135546104766,-5.313616451592876,1.9708685086586772,0.0,-94.73313296007017,0.0836743501009174,11.906134592855025,0.0,-42.16534111686291,-39.96597124040022,3.9129122171212387,0.0,-79.97858859292451,-42.12308800291399,5.460433708707337,0.0,-87.4874285609802,-35.678581148842696,3.2690050860700133,0.0
-27.710575171433074,-8.590929622916075,2.7054200420077716,0.0,-68.82840962371095,-5.346873915347541,1.946441447587409,0.0,-93.92631546260837,0.09082249010677224,11.856415443812029,0.0,-42.11884888356742,-39.997806746601896,3.9126993772565477,0.0,-79.52796454251364,-42.52008302235307,5.592819115202502,0.0,-87.47282382012234,-35.67228897282499,3.257520352403681,0.0
-27.653568122575603,-8.576007907339122,2.731453810366318,0.0,-68.83420464751934,-5.3851217793879425,1.91643893640836,0.0,-93.09384877155749,0.05302699482420792,11.760504517564154,0.0,-42.07427008186964,-40.02924368199651,3.912671387745121,0.0,-79.02681648360547,-42.91973982652594,5.691752916123506,0.0,-87.45515403252806,-35.670273799754405,3.2423713604786517,0.0
-27.598618328978834,-8.55823221407928,2.7505362812959913,0.0,-68.82337660471762,-5.420300630925102,1.884635158413177,0.0,-92.23744810118691,-0.032112836792407506,11.619408656020926,0.0,-42.03261593018476,-40.06059643037098,3.912391176923162,0.0,-78.46962183641772,-43.31696562460301,5.751180190126167,0.0,-87.43553556708066,-35.67491860383703,3.2239411501635207,0.0
-27.54914380751521,-8.541204413371894,2.764368849570811,0.0,-68.79277174783728,-5.444302405421232,1.8554951779826165,0.0,-91.3571622456681,-0.16188229598134818,11.437313994598064,0.0,-41.99375479306446,-40.09172603014676,3.9112787111755267,0.0,-77.85331655286147,-43.706194096744234,5.76743807396205,0.0,-87.41489973536379,-35.68621239194483,3.2030442303300326,0.0
-27.506748534373138,-8.52798563858028,2.7752454184607434,0.0,-68.7454103422226,-5.451411402540156,1.833185424787688,0.0,-90.4511265012382,-0.3293074111638248,11.219030185188085,0.0,-41.95642101224903,-40.12181053557707,3.908723676534219,0.0,-77.17825818942231,-44.08292025211463,5.7406923698145995,0.0,-87.39384357925957,-35.70205809923134,3.180652610452576,0.0
-27.470965656834863,-8.520294528683696,2.7849909502774963,0.0,-68.689956131944,-5.4398435539056385,1.8207415258136361,0.0,-89.51576216957862,-0.5253497852740807,10.967839453292136,0.0,-41.91872233188918,-40.149423320097256,3.904216925502899,0.0,-76.4486313120005,-44.44439357824897,5.675369686908065,0.0,-87.37286774585743,-35.71925985163059,3.157784502790822,0.0
-27.439659527808693,-8.51846596597452,2.794277560364895,0.0,-68.63817662282078,-5.412136177656666,1.819417801130749,0.0,-88.54656554108709,-0.741766586813446,10.68459767415301,0.0,-41.8790089035268,-40.17293107388909,3.897450278177713,0.0,-75.67216183962846,-44.78944173360189,5.579414672377627,0.0,-87.35271831813273,-35.73469454928433,3.1358200052213245,0.0
-27.409908419475713,-8.522059509593827,2.802551492511869,0.0,-68.60148525621919,-5.374638553367792,1.8282637304318516,0.0,-87.53965530138976,-0.9736176856395655,10.368459318811666,0.0,-41.836717010348934,-40.19109568837662,3.8883924144709034,0.0,-74.85903222449959,-45.1177613064199,5.462638562564326,0.0,-87.33445886818888,-35.74618529096029,3.1172567859736198,0.0
-27.379015513608174,-8.530691834895386,2.8085124024420143,0.0,-68.5879166434371,-5.3363145545245425,1.8440854192619902,0.0,-86.49413426306555,-1.2205151718404057,10.018951921807602,0.0,-41.79275360038056,-40.20366944970732,3.877341371963004,0.0,-74.02009829096542,-45.429181123479246,5.334854836844728,0.0,-87.3191281282663,-35.752887843986464,3.1059539205205304,0.0
-27.345294609014072,-8.544551461185769,2.810870577168055,0.0,-68.6006090509444,-5.306869978566149,1.861985735832393,0.0,-85.41495544616683,-1.4860844066213392,9.638538027085659,0.0,-41.74922939631084,-40.21173199831996,3.8649116013591147,0.0,-73.16488828658626,-45.72329421924466,5.2045830054297415,0.0,-87.30729653250236,-35.755409659495804,3.104552797941551,0.0
-27.30854370944023,-8.564174139341572,2.8090151906653595,0.0,-68.63803254370336,-5.29441586236184,1.8764816499722148,0.0,-84.31539048235217,-1.7755779630225241,9.234455554669296,0.0,-41.70868677128472,-40.21757111697222,3.8519194230438103,0.0,-72.30012629716235,-45.99950396699237,5.07865792360063,0.0,-87.29883664788768,-35.755633052831875,3.11120371512677,0.0
-27.270285837668137,-8.589509034357134,2.80328771367655,0.0,-68.69520269293183,-5.30336624940567,1.8828411573457586,0.0,-83.21765556132972,-2.0922623850933686,8.818678631736013,0.0,-41.6731719968685,-40.22407194393214,3.8391951885086026,0.0,-71.42937822644322,-46.25721927804271,4.962451870519395,0.0,-87.29271784163805,-35.755893010895676,3.1216332644108036,0.0
-27.233672171477338,-8.618903203351866,2.7947699522910803,0.0,-68.76488027706468,-5.333422611433274,1.8781095194897475,0.0,-82.15030363315823,-2.434088125562825,8.405472385242739,0.0,-41.64351123969589,-40.23378442340059,3.827414201438513,0.0,-70.553888870829,-46.495888567771296,4.860128087761266,0.0,-87.28708928060355,-35.758147101504264,3.1322305082773596,0.0
-27.20278832865334,-8.648857349923391,2.7847666852305473,0.0,-68.8385389376659,-5.380046908131739,1.861537205241378,0.0,-81.14214082783755,-2.7926573563010635,8.007221440643875,0.0,-41.61902913110732,-40.24799095726029,3.8170330639110635,0.0,-69.67411101695875,-46.71474508836958,4.774564825458368,0.0,-87.27989315187162,-35.763595038635756,3.140569879929151,0.0
-27.18141436929965,-8.67493418000779,2.7743016333307526,0.0,-68.90756546435267,-5.436135430639585,1.8345179600186814,0.0,-80.2144868055935,-3.155706453747241,7.63039249378571,0.0,-41.597774984307414,-40.26613990534601,3.808314853271746,0.0,-68.79119462497677,-46.91238059311462,4.707019428160569,0.0,-87.26965444752841,-35.772604311944896,3.1451713728529747,0.0
-27.171763042533485,-8.693368348732399,2.7638574818874755,0.0,-68.96479032080728,-5.4941604956094965,1.8002541254425566,0.0,-79.37526616645239,-3.512174734773458,7.273628542279161,0.0,-41.57715694001466,-40.28591113918658,3.801314270233396,0.0,-67.90787236336944,-47.08642527636936,4.65684345341022,0.0,-87.25601887196046,-35.78483688953283,3.1453788976359096,0.0
-27.173738499083274,-8.702458942804942,2.753402415651376,0.0,-69.00570760259977,-5.548004995108461,1.763192017798751,0.0,-78.61805801414197,-3.8569342922971623,6.928805128321237,0.0,-41.55477494707633,-40.30394297262103,3.795740765930006,0.0,-67.02853159427389,-47.233590917735924,4.621500492516798,0.0,-87.23979742477009,-35.79949960977001,3.1412965015605394,0.0
-27.184865892543623,-8.703061563424493,2.742626763125294,0.0,-69.02873359829522,-5.593938280381297,1.7282110006995968,0.0,-77.92677381687295,-4.19215943937943,6.5844494354208365,0.0,-41.52920183073471,-40.31698089341429,3.790828525825395,0.0,-66.15860378876553,-47.35011789034645,4.59693709730281,0.0,-87.22253372311042,-35.81561268437902,3.133664044950006,0.0
-27.200800847629715,-8.698101916285067,2.7312726502608786,0.0,-69.03448401008127,-5.630523047966693,1.6997402551950405,0.0,-77.28388165969575,-4.524259422328962,6.2302008780698035,0.0,-41.5004680613038,-40.32303136215818,3.7854692330972455,0.0,-65.3036641734564,-47.432401219538335,4.578173413501956,0.0,-87.2058332339209,-35.832211859249675,3.123653621280404,0.0
-27.216353420933444,-8.69149335899036,2.7194325764617044,0.0,-69.02458205398318,-5.657686019131924,1.6810676458463512,0.0,-76.67864552959591,-4.85788238164217,5.860817286860842,0.0,-41.470062397602106,-40.32206707241984,3.778701818341876,0.0,-64.46873444999696,-47.477485384179666,4.559883115644006,0.0,-87.19077845314266,-35.84846463904483,3.1126242466208964,0.0
-27.226880565901165,-8.68696355194402,2.707724921366225,0.0,-69.00065702826855,-5.675604735675463,1.67387187831838,0.0,-76.11191687133629,-5.19022561913488,5.478316433979357,0.0,-41.44040846881814,-40.31597158133058,3.7703215595514354,0.0,-63.65808803744357,-47.48327648616271,4.536772157914877,0.0,-87.1776704615335,-35.86373256042744,3.1018755999743153,0.0
-27.229619387431157,-8.68717073278965,2.6972899160583683,0.0,-68.96407478131714,-5.684143453643678,1.677798390364698,0.0,-75.59541389576584,-5.508942210905148,5.091546590233412,0.0,-41.414008188104056,-40.30774857058113,3.761179495592467,0.0,-62.87541790412601,-47.44853876977773,4.503744667423867,0.0,-87.16615108498037,-35.87761630774073,3.0924124900102736,0.0
-27.224395457900222,-8.693263772956637,2.6895491984491695,0.0,-68.91664940875609,-5.683207656504812,1.6900868928810002,0.0,-75.14599153688862,-5.795155491362738,4.71377973475842,0.0,-41.39262530368285,-40.30039658862805,3.752874178644525,0.0,-62.123891381836096,-47.37282396299082,4.456046133697811,0.0,-87.15558593419107,-35.8899939428352,3.084713203402213,0.0
-27.213376369806852,-8.70483941969254,2.6857045129518244,0.0,-68.86208851973176,-5.673827414403933,1.7056140712515564,0.0,-74.77797764175473,-6.03018816265749,4.3597435532989,0.0,-41.37685402784294,-40.295988993432445,3.746928083291289,0.0,-61.405740338684225,-47.25643554107548,4.389634827619368,0.0,-87.14550429729574,-35.90103642305655,3.078534128650775,0.0
-27.19998369846312,-8.72016736671111,2.686079817745643,0.0,-68.80729045066485,-5.659324921613402,1.7177443791675993,0.0,-74.49729532873855,-6.202414932824129,4.04308640405867,0.0,-41.366175432852785,-40.29530328454718,3.7439353399124933,0.0,-60.7215461290311,-47.100484118229296,4.301883069780951,0.0,-87.13589911770488,-35.91117344291949,3.0728647218969254,0.0
-27.187422449138886,-8.736589245133114,2.6895558870470833,0.0,-68.76228995522693,-5.645721524904083,1.7200250400620325,0.0,-74.29938179582562,-6.310866681710487,3.7743777178839473,0.0,-41.35934556104968,-40.29799945223714,3.743242185092308,0.0,-60.069786533778476,-46.907077974692534,4.192428688049059,0.0,-87.12725956373185,-35.920990399420354,3.066177819636188,0.0
-27.177393810049075,-8.751064685541827,2.6933856322284075,0.0,-68.73808629522298,-5.640674290243815,1.7083354205992647,0.0,-74.17062253492746,-6.364484685536825,3.5595396835253386,0.0,-41.354877341614646,-40.303109194573096,3.7433678907588543,0.0,-59.44712682601258,-46.679619171489065,4.06375646041098,0.0,-87.1203262824991,-35.93107018963052,3.057001244256016,0.0
-27.169463723243005,-8.760844992871776,2.6935907080285535,0.0,-68.74267939722104,-5.65081205831175,1.682784732259849,0.0,-74.09187026594128,-6.378232179931102,3.398987248850469,0.0,-41.35146110723831,-40.30956002069584,3.7428758948964465,0.0,-58.84946820958771,-46.42300736626953,3.921066052301075,0.0,-87.11570049585575,-35.94183885960619,3.044594334123353,0.0
-27.1613347574166,-8.764176200542252,2.685973100815705,0.0,-68.77697201713423,-5.678377721422965,1.6484613855009522,0.0,-74.04267156322582,-6.368249417240801,3.2878595233756194,0.0,-41.34826412691716,-40.31654162056602,3.741160313719943,0.0,-58.27333138881518,-46.14344092723657,3.7712470871807504,0.0,-87.11351884952418,-35.95348539513768,3.029378062515283,0.0
-27.1499427231832,-8.760829475948107,2.667563046858721,0.0,-68.83303127186102,-5.71911101435809,1.6142685791218714,0.0,-74.0052378828352,-6.3479805147182,3.217322390250647,0.0,-41.34507434888496,-40.32363181539468,3.7387386592744,0.0,-57.71702211085266,-45.847631303161634,3.6212219504738243,0.0,-87.11334326832664,-35.96597401313357,3.012957860790806,0.0
-27.132956567963916,-8.752235342216247,2.6380985809811666,0.0,-68.896361876987,-5.763263255070854,1.5898235199036748,0.0,-73.96740955207864,-6.326316361288003,3.176500050498703,0.0,-41.34224897660404,-40.33070545722547,3.7369555765482136,0.0,-57.18117309230137,-45.54159791552972,3.476279622424828,0.0,-87.11423354502129,-35.97909248717005,2.99804674818132,0.0
-27.11007119122244,-8.741119736120636,2.6009578740706374,0.0,-68.95130869338426,-5.799824405744793,1.581576784755006,0.0,-73.92394180653467,-6.307748311520042,3.1544890198614883,0.0,-41.34046037967068,-40.33772907909433,3.7372835008942893,0.0,-56.66853249318533,-45.22954118376375,3.339063131498719,0.0,-87.11480601436423,-35.99245871397781,2.9889814864667414,0.0
-27.083554848521423,-8.730751915270531,2.5629310904041844,0.0,-68.98664096266603,-5.821604968321045,1.5900535702013103,0.0,-73.87580198843766,-6.293723808374126,3.1419919478690392,0.0,-41.340304065296664,-40.34456508129012,3.7405624375010227,0.0,-56.18314575151823,-44.913319622762955,3.2095402138778795,0.0,-87.11350858888659,-36.005608697584,2.990973576958009,0.0
-27.05777588423109,-8.72407089075249,2.532455561981889,0.0,-68.99863695242618,-5.82813538182096,1.6096348049973157,0.0,-73.82791893452944,-6.284187416512548,3.1322367827207316,0.0,-41.34190105343326,-40.3508772783535,3.746538352601279,0.0,-55.72925057536946,-44.59274310986986,3.0858105186021767,0.0,-87.11005987312056,-36.018465528823846,3.0028091418185365,0.0
-27.037752912227507,-8.722934886692197,2.516615714517128,0.0,-68.99087343078598,-5.825064648434601,1.6309013539040143,0.0,-73.78646090651742,-6.278655776573298,3.1210770589256303,0.0,-41.34466403914473,-40.35617498801351,3.7539140253651997,0.0,-55.310205068189,-44.2665002172917,2.965303802221646,0.0,-87.10537937930205,-36.03124223710441,3.017759448211816,0.0
-27.027157523087556,-8.727621113079366,2.518194812963447,0.0,-68.97158641352145,-5.820992829095484,1.6443104919427398,0.0,-73.75667722443204,-6.276708485860827,3.1064816685018446,0.0,-41.3473892375825,-40.359976344984865,3.760859478124578,0.0,-54.92764960526907,-43.933338667676594,2.845921562082445,0.0,-87.10014589552624,-36.0439749549408,3.0311580011738,0.0
-27.026705297141834,-8.73677012828378,2.534539814272847,0.0,-68.95009381767183,-5.823672033979792,1.643555623766221,0.0,-73.74172318819602,-6.278098546422248,3.0878184566158655,0.0,-41.348720665283025,-40.362030203383924,3.7657118959088702,0.0,-54.58101774933494,-43.59313395901723,2.726837340323197,0.0,-87.09460986719455,-36.05648234161773,3.04085674812106,0.0
-27.033964194709775,-8.748016976869526,2.559069682907552,0.0,-68.9336098071693,-5.837152051124685,1.6274273426375059,0.0,-73.7422856138239,-6.282720920351009,3.065280718019853,0.0,-41.34779459610557,-40.36251893846549,3.7675604990105764,0.0,-54.267516065601036,-43.24758118580442,2.608827694681997,0.0,-87.08876490922518,-36.06838368169677,3.0461394917540954,0.0
-27.04465469407348,-8.759025703269852,2.584409119057641,0.0,-68.92531011211935,-5.860614698547359,1.599844211694668,0.0,-73.75663617744043,-6.290570943198371,3.0395742943916435,0.0,-41.34468956990501,-40.36216138866954,3.7665103615695834,0.0,-53.98265646818678,-42.90036912767758,2.494122610716289,0.0,-87.08252239058905,-36.07912458640603,3.0470122409060885,0.0
-27.054479677331333,-8.768223904843087,2.6051706271935426,0.0,-68.92403910935036,-5.889022400560867,1.5683121115281775,0.0,-73.7809210513875,-6.301728906308443,3.011756830262689,0.0,-41.340403704037804,-40.36213963396975,3.7635441695203244,0.0,-53.7212334311478,-42.55683813565768,2.385887579527962,0.0,-87.07587218507602,-36.088073572807076,3.0437372476983224,0.0
-27.060515503135644,-8.774941532933195,2.6191116614920364,0.0,-68.92562526227952,-5.915295439492077,1.541318989047415,0.0,-73.80975724053688,-6.31635769864213,2.983052238447682,0.0,-41.33640162049559,-40.363805593808465,3.760040325090465,0.0,-53.47839761096441,-42.2232362068361,2.2875547699878442,0.0,-87.0690019531648,-36.094682209802784,3.0365851696564903,0.0
-27.061752773561757,-8.779188429193557,2.6266834831586117,0.0,-68.92528261433671,-5.933231021810739,1.5254546609972408,0.0,-73.83724715149278,-6.334637351671495,2.9545939975599786,0.0,-41.3340134380732,-40.36820229149541,3.7571596697341754,0.0,-53.25041044058268,-41.90572721232144,2.2022188665704636,0.0,-87.06235402477147,-36.09863969160999,3.025811826791605,0.0
-27.05885462808257,-8.781393224608713,2.6297511465228265,0.0,-68.92011103496446,-5.939908286323584,1.5233393600600937,0.0,-73.85824292964675,-6.356491169430339,2.927250571124185,0.0,-41.333953885657195,-40.375541123573434,3.7553874455010767,0.0,-53.034857622163095,-41.609305960629804,2.132200577536942,0.0,-87.05658465623422,-36.09995611050821,3.0118560957081026,0.0
-27.053457030621257,-8.782241500648599,2.630334729376127,0.0,-68.9106142084342,-5.936465767652045,1.5332295679843613,0.0,-73.86932753568821,-6.381036545824041,2.9017302462535444,0.0,-41.33608564459854,-40.38485739760796,3.754425133500771,0.0,-52.830408275788585,-41.33680674362807,2.078767436080504,0.0,-87.05235006585657,-36.09895793884722,2.995854715310406,0.0
-27.04738902816396,-8.782582838467846,2.6299071374460734,0.0,-68.90061416509093,-5.927075812205564,1.5503137840700036,0.0,-73.86897842203145,-6.406008600350551,2.8789507966269703,0.0,-41.33944457056153,-40.394061203370455,3.753428032741134,0.0,-52.63639135810778,-41.08825140516726,2.0419723796832585,0.0,-87.04977989032514,-36.09620417971796,2.9810043459367233,0.0
-27.04211303587246,-8.783330878537518,2.6293701535574847,0.0,-68.89567546904769,-5.916951467237178,1.568845099191516,0.0,-73.85695476777637,-6.4277190959537425,2.8603461424286127,0.0,-41.34248984744048,-40.40048133817534,3.751428598230998,0.0,-52.45241546620894,-40.86077035636167,2.0206097918627517,0.0,-87.04770690351765,-36.092350444651515,2.9746560359102823,0.0
-27.038529448055364,-8.7853174723712,2.6294766745901175,0.0,-68.90071629194573,-5.910475602207299,1.5840445613321226,0.0,-73.83365315191631,-6.441998033057737,2.8476846137845833,0.0,-41.343504226635076,-40.40179319035788,3.747748343044103,0.0,-52.278101454759074,-40.64919168073289,2.0123337729788595,0.0,-87.045155026823,-36.08822393399192,2.980358839599555,0.0
-27.037084077095464,-8.789120524657932,2.6312634956213863,0.0,-68.91771150055557,-5.910072387177911,1.5931360189916566,0.0,-73.8002106314454,-6.445916321882417,2.842278990698894,0.0,-41.341054312143704,-40.39700218720687,3.7422475571545757,0.0,-52.112921470628415,-40.44722283258043,2.0139773631888573,0.0,-87.0431896418091,-36.08482763409711,2.9898526383105732,0.0
-27.037955584034282,-8.794921523139458,2.6360815246394598,0.0,-68.94437364669407,-5.915889093567047,1.5954543849514078,0.0,-73.75933511631344,-6.439394700349156,2.843972287252315,0.0,-41.33442361451262,-40.38704037263219,3.7353386411227447,0.0,-51.95618010083346,-40.24904225029843,2.022035892624144,0.0,-87.0422262853253,-36.08288921531829,2.9966336124533104,0.0
-27.04111163536597,-8.80243155049363,2.645079824404247,0.0,-68.97445340903444,-5.926126442056727,1.5919356937940288,0.0,-73.71600226194022,-6.425713816252153,2.850545798571666,0.0,-41.32392074720154,-40.374644517401926,3.7277745103876896,0.0,-51.80719230105542,-40.05101195233651,2.033189815855959,0.0,-87.04179158120498,-36.08276546852433,2.9984113754644888,0.0
-27.046201790441827,-8.810884260527558,2.6583989219651567,0.0,-68.99973604287251,-5.93785915670256,1.5843784816249809,0.0,-73.67710993464605,-6.410578544063157,2.857997726742701,0.0,-41.31094963577942,-40.363525353782556,3.7203134139636465,0.0,-51.66561256762091,-39.85303931063299,2.0447274389445997,0.0,-87.041316535774,-36.084477712380746,2.99492283566679,0.0
-27.052436221417175,-8.819108615496972,2.674611031818449,0.0,-69.01300783892934,-5.9481588317430205,1.5747471422433614,0.0,-73.64990920377257,-6.400229539289218,2.8616544708681158,0.0,-41.29776375497287,-40.357213519144,3.7134370789524844,0.0,-51.531745010660764,-39.658998041271,2.0547966629048453,0.0,-87.04053563718107,-36.0877557936277,2.9868960888290985,0.0
-27.058629300959367,-8.825746696648782,2.690885461852112,0.0,-69.01067133402736,-5.955178968586017,1.5646162600611229,0.0,-73.63983117678498,-6.399484901039392,2.8576519200753143,0.0,-41.2869347612065,-40.35809714196704,3.7072949360786573,0.0,-51.40664813695696,-39.475814172413195,2.0625042502749142,0.0,-87.03955026030698,-36.0921198834096,2.975571711232069,0.0
-27.063460115760428,-8.829644628584385,2.703940200655934,0.0,-68.99379311754538,-5.958762814812355,1.5547755854663627,0.0,-73.64862007592804,-6.41037655350486,2.844196504040907,0.0,-41.28067984748513,-40.36695819811308,3.7019017510143097,0.0,-51.291945667343626,-39.31135819073485,2.0679335352251886,0.0,-87.03863310573038,-36.09700083419031,2.9626351700204037,0.0
-27.06583171722884,-8.830280914828467,2.7113165601929428,0.0,-68.9671799457555,-5.9602987731729655,1.5450506726850985,0.0,-73.67347883923205,-6.431613730496691,2.822164904147037,0.0,-41.2802272579293,-40.382981299134606,3.6974074691870396,0.0,-51.189396411412886,-39.17189437813306,2.0721560597000526,0.0,-87.0378463253198,-36.1018671354047,2.9506326032722683,0.0
-27.06513169510747,-8.827971245867746,2.7122590209570703,0.0,-68.93706441676564,-5.961929948123778,1.5344305227779467,0.0,-73.70756044430263,-6.458866173028923,2.794865965452427,0.0,-41.28537836718657,-40.40403700346218,3.694186309907412,0.0,-51.100404669477456,-39.06019943065678,2.077290029236595,0.0,-87.03665645313987,-36.10631575085129,2.9434539051060167,0.0
-27.061269027271834,-8.823685778224164,2.707717111226966,0.0,-68.90857426312157,-5.965548855817154,1.5215322981710067,0.0,-73.74173828552901,-6.4858055575518465,2.767071471105581,0.0,-41.29442172214237,-40.42710651229858,3.692652253571554,0.0,-51.02571099458972,-38.97536313742091,2.08659451582985,0.0,-87.03433735852825,-36.110141169015215,2.9440397101971616,0.0
-27.054523376652913,-8.818582024876536,2.6995579624013732,0.0,-68.88413884856662,-5.972058670337837,1.5052981683851723,0.0,-73.76712991586345,-6.505727538807228,2.7436804485419497,0.0,-41.30451838809263,-40.44883913656023,3.692953176270505,0.0,-50.965439077798656,-38.91463102501871,2.1044421596483804,0.0,-87.03116724826577,-36.113382965348556,2.9496536873328267,0.0
-27.045363377069183,-8.813545601633038,2.689562518227996,0.0,-68.86343817922615,-5.981165343759997,1.4857067978376541,0.0,-73.77748381282596,-6.513338172973478,2.7284962312948142,0.0,-41.312505266955725,-40.46622375748115,3.6947849920913036,0.0,-50.91947078057869,-38.87656712570783,2.135874968851599,0.0,-87.02781785874654,-36.116200177897724,2.954881652993244,0.0
-27.034382182501346,-8.808987371829769,2.6788379259546637,0.0,-68.84471287514269,-5.991650016914486,1.4642538375326843,0.0,-73.77059170720749,-6.506150225247572,2.723458141161821,0.0,-41.31583741315178,-40.47724122479157,3.697437880664701,0.0,-50.88784248282861,-38.86382474506153,2.185545875565145,0.0,-87.02440767967083,-36.118711149283705,2.956144593188606,0.0
-27.022371161180956,-8.804930894636463,2.6679114142021056,0.0,-68.82663808555917,-6.001856193229168,1.443999376219641,0.0,-73.74838287660224,-6.4850697246265065,2.7283916426517845,0.0,-41.31331231623488,-40.48131335766324,3.700004070006438,0.0,-50.87071427110763,-38.8836448077207,2.2562551391427004,0.0,-87.02070948525554,-36.12094779968682,2.951878136282822,0.0
-27.010406263016606,-8.801215365713858,2.6572682554510116,0.0,-68.80980460105383,-6.010115409690229,1.4290609105362133,0.0,-73.71589337632955,-6.4540457445789725,2.741179759157408,0.0,-41.30533446188635,-40.479411149615075,3.701606918128091,0.0,-50.86768629211512,-38.94517316336157,2.3477160494552844,0.0,-87.01656536586428,-36.122890250812695,2.94189797759557,0.0
-26.999785455400083,-8.79760861607333,2.647828618782057,0.0,-68.79711776248317,-6.014984006288106,1.423557438886487,0.0,-73.67956694870593,-6.41891364139825,2.758289140030051,0.0,-41.29366973224617,-40.47375920710569,3.701567083875398,0.0,-50.87673077362007,-39.054320070871285,2.4561918474202944,0.0,-87.0121468890437,-36.124547322236694,2.926934886133843,0.0
-26.99176917495169,-8.793796760635303,2.6409924809149192,0.0,-68.79291395824282,-6.015333574654184,1.4302211134803082,0.0,-73.64540875041865,-6.385759235377365,2.7756143818554797,0.0,-41.28081049624295,-40.467179825870716,3.6995131602695412,0.0,-50.89334360490521,-39.20825804121052,2.575122844088762,0.0,-87.00803958224834,-36.12603424685333,2.9080870557824987,0.0
-26.987223095077653,-8.78939769879458,2.638229544471196,0.0,-68.80113478932618,-6.010410268643897,1.4491549641875707,0.0,-73.61752439026414,-6.35930381010769,2.7894801472856354,0.0,-41.26918876427606,-40.46226479794982,3.6954770545719864,0.0,-50.91040705017547,-39.39208990590692,2.696255551316792,0.0,-87.00538455624472,-36.12760737013444,2.8853419279535437,0.0
-26.98631175508591,-8.784121744371593,2.640449788958085,0.0,-68.82333500461829,-5.999932062155089,1.47737180413794,0.0,-73.59747363405238,-6.341865112717219,2.7974819280981844,0.0,-41.26049651956261,-40.46063913586251,3.689967469063987,0.0,-50.918893078311946,-39.57954462036609,2.8107035542276737,0.0,-87.00481716504721,-36.129687797274215,2.8611044150819893,0.0
-26.988359642114737,-8.77800349529829,2.6474799187867237,0.0,-68.8574102208212,-5.984194295195364,1.5096078578185113,0.0,-73.58456503074173,-6.333245979203046,2.7988755453791043,0.0,-41.2552903592911,-40.46251258524253,3.683954505270494,0.0,-50.90929919333915,-39.73797277785023,2.909858942234111,0.0,-86.99919709329772,-36.13176956197612,2.8601277286477345,0.0
-26.99195141110851,-8.771487306660774,2.6579566956067353,0.0,-68.89758765551797,-5.964079920560849,1.5404037746959807,0.0,-73.57683172406732,-6.331474921911166,2.794459482398789,0.0,-41.252947208902796,-40.46659174021981,3.678697726684563,0.0,-50.873611849455536,-39.836032065611924,2.9864774676781423,0.0,-86.99361513128923,-36.133913123290746,2.8615809929433063,0.0
-26.995267899707898,-8.765227578605732,2.6698025372078895,0.0,-68.93564672989575,-5.9408420060474665,1.5667864787139054,0.0,-73.5721835722383,-6.33393372077548,2.7861261110234885,0.0,-41.251965157112686,-40.47036467582308,3.6754149067655995,0.0,-50.80738066361516,-39.851320590861185,3.0360309274138366,0.0,-86.98090962694916,-36.135746955564,2.8892679512532347,0.0
-26.996536332195138,-8.759686674655217,2.681120415180816,0.0,-68.96294422956029,-5.915530406660729,1.5904922678899522,0.0,-73.56924306764918,-6.338318381192581,2.7763129322190085,0.0,-41.25053588127357,-40.4707468881541,3.6748748371507514,0.0,-50.711194230178506,-39.77553257745724,3.057855122803616,0.0,-86.97178333064207,-36.137378367322796,2.903808648368985,0.0
-26.994388433361028,-8.754766152473447,2.690986892640094,0.0,-68.97273052185373,-5.8880245538606975,1.6188632140201449,0.0,-73.56759473777976,-6.34310802490406,2.767490109131028,0.0,-41.24721881692055,-40.46500052310321,3.67705648200727,0.0,-50.590856198114864,-39.61600266842517,3.055443245906954,0.0,-86.96416241827566,-36.1379588319355,2.909699173548713,0.0
-26.98796449246638,-8.749690161958375,2.699584133729628,0.0,-68.96219619175092,-5.855926035697669,1.6641246951978976,0.0,-73.5674778109597,-6.34754897409826,2.7617189935344157,0.0,-41.241481488942924,-40.451707384377336,3.681022634042545,0.0,-50.45606582036339,-39.39369632091832,3.0356411310764333,0.0,-86.95813485050982,-36.13694133165105,2.9063376994889687,0.0
-26.97678854176044,-8.743242905530856,2.7075683504801624,0.0,-68.93355838996719,-5.8140309484471135,1.7410845321809578,0.0,-73.56919597512203,-6.351381116644486,2.7602904816288962,0.0,-41.23390270017819,-40.43146836096566,3.6851107887660834,0.0,-50.31812601809063,-39.1383558905524,3.00705478634854,0.0,-86.95431291228977,-36.13407678145835,2.893286793674452,0.0
-26.960641049741863,-8.73432104742019,2.715182324382237,0.0,-68.89354627010772,-5.755254885146293,1.8633611237809262,0.0,-73.5726042000479,-6.354564059993064,2.763470533671404,0.0,-41.22595585206435,-40.406989069531974,3.687445059101716,0.0,-50.18759777054953,-38.88194230267749,2.9782409560997305,0.0,-86.95401158777214,-36.12956364988794,2.869340444707916,0.0
-26.9396663535616,-8.72260327722224,2.7218149486896372,0.0,-68.85113610061373,-5.673069807091311,2.03899955212721,0.0,-73.57692628062212,-6.357143037567742,2.770392770472977,0.0,-41.21944667109547,-40.382360610887815,3.6866187687948777,0.0,-50.07260354420821,-38.65194237259364,2.9561607874477023,0.0,-86.96281281679231,-36.12462674399859,2.8228889631274807,0.0
-26.914714704855108,-8.70900480582658,2.7263467699667974,0.0,-68.81417304546859,-5.564230157181896,2.2673441682811575,0.0,-73.58093522297642,-6.35922862798165,2.77914912129844,0.0,-41.21581201189244,-40.36168351121997,3.6822629538639067,0.0,-49.97793914088408,-38.46627636019177,2.945137967306991,0.0,-86.9631346464269,-36.11916855722779,2.810228764214367,0.0
-26.88762915921826,-8.695588094518998,2.728063940437993,0.0,-68.78609774711427,-5.43020560416338,2.5386401140659727,0.0,-73.5833419081938,-6.3609666301435,2.7871407256698415,0.0,-41.21553053686936,-40.347564122667094,3.675231696328254,0.0,-49.904826009986394,-38.331113526578626,2.9463904454640506,0.0,-86.96459492981948,-36.11411769192584,2.798834189390492,0.0
-26.86110859254582,-8.684812250555396,2.7275572113297777,0.0,-68.76400567398768,-5.276557171728394,2.8364452069452204,0.0,-73.58319140371457,-6.362417607474409,2.791703169801931,0.0,-41.217841707391564,-40.34015035489824,3.6673179554892403,0.0,-49.851183781366565,-38.24194025338713,2.9581662613438215,0.0,-86.96676883850816,-36.11012756150423,2.7889473252890244,0.0
-26.838006123988123,-8.678358899131954,2.726993510352779,0.0,-68.73877295043576,-5.110675818084292,3.1418668531263414,0.0,-73.58015705165317,-6.363416287658258,2.790866464456734,0.0,-41.22087708493556,-40.33713688889076,3.660626352332219,0.0,-49.812426424921604,-38.187132730216376,2.9764895154533573,0.0,-86.96924075039298,-36.10752042876496,2.780348084629672,0.0
-26.820330762582582,-8.676096212786907,2.7294682490019238,0.0,-68.69727110605112,-4.939135546796955,3.4381621314458704,0.0,-73.57474652026102,-6.363585368400769,2.783941296033154,0.0,-41.222208139152244,-40.33472006430975,3.656858366745876,0.0,-49.7827279392235,-38.152541614099235,2.996370105125129,0.0,-86.97168723576054,-36.10619453613202,2.7726131363065996,0.0
-26.80851929080747,-8.675809154314596,2.7376896223621827,0.0,-68.6260062443236,-4.766040421043426,3.7141784384564867,0.0,-73.56844913375804,-6.362572816877574,2.7716402052967553,0.0,-41.21967223444921,-40.32907285358449,3.6567949196801557,0.0,-49.75651514852037,-38.12548384383514,3.013117455089507,0.0,-86.9738881739152,-36.10569100606114,2.7653868805445434,0.0
-26.80144374826278,-8.673971794416,2.75268818996655,0.0,-68.51504849623366,-4.593127006290883,3.9654329047081553,0.0,-73.56372699041904,-6.360320428426921,2.755719945267808,0.0,-41.21217560024906,-40.31770542811897,3.660176749379527,0.0,-49.72979807763367,-38.09704206675773,3.0233397094131664,0.0,-86.97565279536103,-36.1053776164591,2.7585930820911564,0.0
-26.797122008888003,-8.667195659950089,2.7732670779129602,0.0,-68.3610488505683,-4.421367281300034,4.192414591091007,0.0,-73.56365223578182,-6.357056683477945,2.7384413238854464,0.0,-41.20011967384825,-40.30015691587932,3.6659925074058233,0.0,-49.700938047115,-38.06243416290802,3.0253782418707615,0.0,-86.97673467671788,-36.10465264772337,2.7524974253038543,0.0
-26.793625309368178,-8.65354752386412,2.7964869545282305,0.0,-68.16850736094217,-4.253012698130677,4.3968469321760795,0.0,-73.57111488907879,-6.3529424936505094,2.7221636185414386,0.0,-41.18524780222825,-40.27780414870524,3.6730000387945427,0.0,-49.67059987316263,-38.02002181651709,3.01918473486918,0.0,-86.97684483310596,-36.103078983959634,2.7475748910072912,0.0
-26.78965502307881,-8.63309503512028,2.8189056984507666,0.0,-67.94904853325292,-4.092895031390267,4.577643935442906,0.0,-73.58783157974216,-6.347692449785176,2.7091049587806726,0.0,-41.169987588779556,-40.25299162887355,3.6802420783574927,0.0,-49.6409179839439,-37.969891104824185,3.005844746265545,0.0,-86.97579269293311,-36.100417246604366,2.7442533791833466,0.0
-26.78462478369206,-8.60760315648034,2.8379131958929165,0.0,-67.71898930212451,-3.9483402582282174,4.728508070401277,0.0,-73.61361294693833,-6.3406194589733635,2.70105431524569,0.0,-41.156592858099195,-40.22794310448278,3.687365699860564,0.0,-49.61422276560973,-37.91276423347273,2.987026713057846,0.0,-86.97367714989008,-36.09659657903029,2.7426689276013594,0.0
-26.778420526177072,-8.579712907997195,2.8525070778060773,0.0,-67.49582260787338,-3.8278035531840313,4.838471411613356,0.0,-73.64627356749749,-6.331185830883908,2.69892373026884,0.0,-41.14644909529333,-40.203901866676546,3.694646883197814,0.0,-49.59184376663529,-37.84953971161491,2.964565443747059,0.0,-86.97101756166961,-36.09169114915682,2.7425268573666344,0.0
-26.771095295618224,-8.55198535564816,2.86322241220126,0.0,-67.29442673095443,-3.7387711496339993,4.895640211103118,0.0,-73.68222517789437,-6.319591648761817,2.7023651650463805,0.0,-41.13979974652638,-40.18075674261961,3.702738347626415,0.0,-49.57343246009875,-37.781346719030296,2.940211886378135,0.0,-86.96874217989857,-36.085934077260816,2.74310943232312,0.0
-26.762673026225748,-8.526115690422724,2.8714256162813765,0.0,-67.12389262201074,-3.685400552975352,4.893384962033782,0.0,-73.71742665901816,-6.30680902276748,2.7098326394559216,0.0,-41.13594823838897,-40.15721653496958,3.71228937351737,0.0,-49.556997334347066,-37.70980949963481,2.915441855328522,0.0,-86.96798627777476,-36.07973266415366,2.743453912548407,0.0
-26.753122270647737,-8.50257240093042,2.8784892281840406,0.0,-66.98581227472721,-3.666070835484758,4.837336695326627,0.0,-73.7482118014906,-6.2939822086716495,2.719233809581201,0.0,-41.133782810414566,-40.13148223187172,3.7236389732317807,0.0,-49.53955409123167,-37.63722272290781,2.8912430488330987,0.0,-86.96971295936994,-36.07362108059301,2.7426844906578616,0.0
-26.742462683764415,-8.480792461617199,2.8853075793019993,0.0,-66.87463546781109,-3.671086425801249,4.750810922104271,0.0,-73.77165861448358,-6.2817140375052976,2.7288935757097175,0.0,-41.13235590686205,-40.1022723191347,3.736688149731588,0.0,-49.518086427615316,-37.56644001972709,2.867938145082519,0.0,-86.97427596136124,-36.068130376565406,2.740388439163402,0.0
-26.730889808470526,-8.459793249391895,2.89229082390006,0.0,-66.7801680165286,-3.681559924708573,4.675953370158926,0.0,-73.78550664406858,-6.269825660228896,2.7383061500257213,0.0,-41.131274615828886,-40.069884390376004,3.750913254812769,0.0,-49.4904698806586,-37.50041436811241,2.845179913323001,0.0,-86.98112680606944,-36.06362278486238,2.7368513408299933,0.0
-26.71878236268728,-8.438822236434378,2.899649030929366,0.0,-66.69142158264563,-3.6713542930196734,4.668695018385566,0.0,-73.7879491623417,-6.257742474783662,2.7482484054065406,0.0,-41.13077401925996,-40.03678153088904,3.7654464509841734,0.0,-49.45610404809498,-37.44148802044367,2.8221862102234,0.0,-86.98884348174349,-36.060163404583335,2.732987925623794,0.0
-26.706537426571543,-8.417689568580624,2.9076693381676577,0.0,-66.60027686351519,-3.613413105360589,4.787809897675346,0.0,-73.77769642631695,-6.245204801256347,2.760175659027171,0.0,-41.131475549363905,-40.00720965858677,3.7792250567921695,0.0,-49.416114577852156,-37.39069708221915,2.7981319475929425,0.0,-86.99552446324815,-36.05748301794977,2.7299405291198457,0.0
-26.6943241692067,-8.396695338896915,2.916812711729431,0.0,-66.503523417825,-3.4892283844239333,5.080761759754747,0.0,-73.75444887816252,-6.232830636861901,2.775211736936047,0.0,-41.13395962000568,-39.985736856541564,3.7912705634328905,0.0,-49.37307992381101,-37.347450859733335,2.772501444579797,0.0,-86.99941837188801,-36.055054676601856,2.7285167535447687,0.0
-26.68192124185676,-8.37631826743038,2.927642922397297,0.0,-66.402833548909,-3.2972546294966136,5.5700324888769535,0.0,-73.71950920907447,-6.222161881060352,2.7932737845118183,0.0,-41.13839145012246,-39.9751840355549,3.80109612759189,0.0,-49.33035766847373,-37.30983185008671,2.7452217610108605,0.0,-86.99953042278106,-36.05227187712111,2.728778925332101,0.0
-26.668741757004202,-8.35689250137175,2.9406927383912365,0.0,-66.30318558369883,-3.055314608230402,6.2436198946562795,0.0,-73.67605124389074,-6.215107727286405,2.8128127318757823,0.0,-41.14444053929077,-39.97481090279217,3.8090806610358126,0.0,-49.291232487820444,-37.27542406651913,2.7165491423691392,0.0,-86.99594232724093,-36.04866960008082,2.7300418580562535,0.0
-26.654048852609286,-8.338414400070334,2.956364361021082,0.0,-66.2104206371773,-2.7945006865535404,7.053555274337942,0.0,-73.6287642679533,-6.213036656179696,2.8313248778510065,0.0,-41.15154773313256,-39.97960599762582,3.816541433871862,0.0,-49.25817526902093,-37.2422492211592,2.686842180182394,0.0,-86.98972386974806,-36.04409317000704,2.7312835834562286,0.0
-26.63730453876272,-8.32052534708297,2.9749072606697684,0.0,-66.1283322216071,-2.546876335196643,7.925378524546823,0.0,-73.58299694232099,-6.215975380353063,2.846379763025263,0.0,-41.15930917022985,-39.981174853035675,3.8253327601709906,0.0,-49.23240851963693,-37.20935255635511,2.656388681308604,0.0,-86.98251201513183,-36.038732456175985,2.731716271494424,0.0
-26.61852508760851,-8.302645514488361,2.9964317073924853,0.0,-66.05578436213396,-2.3335185282854205,8.777180794972924,0.0,-73.54373999091686,-6.222307724432617,2.8566482724637083,0.0,-41.167588646776906,-39.97022906591819,3.8370492245456855,0.0,-49.21379765391903,-37.17684847215323,2.625370048434835,0.0,-86.9759568571861,-36.0330051257982,2.7311955176850073,0.0
-26.598444435930617,-8.28416917454941,3.020849738886982,0.0,-65.98493548407997,-2.159181468829532,9.540952447747648,0.0,-73.51472755185277,-6.229081668132993,2.862440849861697,0.0,-41.17607439322108,-39.94018875036858,3.852108173165174,0.0,-49.20099314862305,-37.14555788669408,2.593962947767853,0.0,-86.97123993432955,-36.0273516903786,2.7302734007581204,0.0
-26.57834444972264,-8.264610491247332,3.0476819831439865,0.0,-65.90181823867879,-2.014867409241523,10.177249156735147,0.0,-73.49782470752496,-6.23275709846672,2.865536814174673,0.0,-41.183300495413526,-39.890968867297644,3.869013957877547,0.0,-49.19177524818072,-37.116510098714194,2.5625383379378484,0.0,-86.96880869105262,-36.0220461169231,2.729895574467447,0.0
-26.559606335302696,-8.243644370381192,3.0758057456054537,0.0,-65.78960823821531,-1.884782753976646,10.678473689711012,0.0,-73.49279829516965,-6.230144228561124,2.8684252779675408,0.0,-41.185511529392926,-39.831699499393316,3.8840764069792275,0.0,-49.18358115009691,-37.09052688563966,2.5318711482173715,0.0,-86.96838655767262,-36.01710651595199,2.730903724127211,0.0
-26.543206455675655,-8.221087776605124,3.103327190434669,0.0,-65.6334506345486,-1.7533379735892467,11.06208217294566,0.0,-73.49746648206776,-6.21932362674183,2.8733184955962834,0.0,-41.176021179184005,-39.7811243804045,3.891904777462317,0.0,-49.174112751802355,-37.06797931561455,2.503204907773055,0.0,-86.96921918456599,-36.01232764611671,2.7335898220517656,0.0
-26.529419147751227,-8.196944495235515,3.127798692064495,0.0,-65.42480711959678,-1.6097916854044279,11.358523310512075,0.0,-73.50813685971937,-6.200322749750238,2.8813661644825306,0.0,-41.14572469910574,-39.76495147507758,3.887011635378782,0.0,-49.16178967706811,-37.048697835963104,2.478028494886564,0.0,-86.97042600628525,-36.00739429714853,2.7375218260874465,0.0
-26.517894433925818,-8.171594630546021,3.146930853572254,0.0,-65.16348009810338,-1.4500369152751151,11.599143237292305,0.0,-73.52026434431849,-6.17528349085773,2.892386448390498,0.0,-41.08501153541106,-39.810478346242306,3.8664957577742047,0.0,-49.14581483500868,-37.03195094935546,2.4576197035469605,0.0,-86.97129874398985,-36.00201629150406,2.741716843094199,0.0
-26.508065287036356,-8.14601299774517,3.1596613730460934,0.0,-64.85655671739613,-1.2759538869232365,11.807809539226305,0.0,-73.52929504668059,-6.147968138557937,2.9051776021437483,0.0,-40.986566472548986,-39.93996192516378,3.8329106389911605,0.0,-49.12583918845956,-37.016422241603365,2.442667094422619,0.0,-86.97145163756102,-35.99605383724012,2.7450550962353635,0.0
-26.49962049743742,-8.121723574346248,3.1670406229878996,0.0,-64.51490919227467,-1.0931994529029083,11.997695677714276,0.0,-73.53159319949103,-6.122710547025989,2.91819955492263,0.0,-40.84785959042965,-40.16484451018313,3.7956381111190023,0.0,-49.10148062195781,-37.000242975941745,2.433268337606167,0.0,-86.97082652422418,-35.989622334299675,2.746722061913106,0.0
-26.49273433037594,-8.100299109512402,3.172271892060497,0.0,-64.14892888810574,-0.9085692326359425,12.172459648912868,0.0,-73.52524322509298,-6.103138863005754,2.9302688668382686,0.0,-40.67203868064969,-40.48279087237338,3.7693195791166225,0.0,-49.07204760662776,-36.98129947301903,2.429237268563929,0.0,-86.9696066031367,-35.98313834167289,2.7464889737213536,0.0
-26.4879031624859,-8.082582324815037,3.1796670605245954,0.0,-63.76534916792831,-0.7279600147740481,12.329772549697386,0.0,-73.51049931192198,-6.091066260259774,2.9409629041330003,0.0,-40.466679089063504,-40.87867607423101,3.769417024925838,0.0,-49.03670676969371,-36.95801858321221,2.430340023932718,0.0,-86.9680816423332,-35.977236994473785,2.744750457252115,0.0
-26.485473047255777,-8.068100263513902,3.1929929228366305,0.0,-63.366261079163785,-0.555427405160474,12.465094997959694,0.0,-73.48973522063939,-6.0859024016919205,2.9506152554040206,0.0,-40.24100818582102,-41.32939312328518,3.8068519788248647,0.0,-48.99508706245495,-36.930516035058815,2.4361753552439325,0.0,-86.96648764811263,-35.97253183930609,2.742352521789332,0.0
-26.485146898391122,-8.05507337935556,3.2141109054024195,0.0,-62.95024582815138,-0.39322597413655735,12.57437454659712,0.0,-73.46687272497745,-6.084827958197764,2.9599798647649322,0.0,-40.00295994580153,-41.81081104085851,3.884471467868261,0.0,-48.948031654083714,-36.90155429790933,2.4457590777749267,0.0,-86.964854404262,-35.96929902549729,2.740308013629548,0.0
-26.485840328780373,-8.041042792196581,3.242587043653062,0.0,-62.51464880818683,-0.24238725734850775,12.655294732140772,0.0,-73.44638474843043,-6.083770086212285,2.9697597847857757,0.0,-39.757198979144995,-42.304024998451354,3.997088119796583,0.0,-48.89806114126384,-36.876568776443605,2.4571372574497623,0.0,-86.96291561611316,-35.96725641658829,2.7394999112353506,0.0
-26.48605453833605,-8.023772126105257,3.276264165678848,0.0,-62.05779015592976,-0.10337248040920954,12.707412846182168,0.0,-73.43205648574947,-6.078907743945729,2.98021352446718,0.0,-39.504400760058445,-42.79817904361911,4.134702606278989,0.0,-48.84920870158151,-36.86231817059463,2.4674028870495412,0.0,-86.96012826667577,-35.96558743753952,2.7404476832066873,0.0
-26.484508383960353,-8.001970744544542,3.3122399752142275,0.0,-61.580225211662466,0.023523175007634123,12.731829253172965,0.0,-73.4257742659293,-6.068155154561538,2.9909800507440636,0.0,-39.241403935845625,-43.28894308827332,4.286803658968687,0.0,-48.806157542944916,-36.864410120114805,2.4733182917673258,0.0,-86.95580295852295,-35.96323151427069,2.7431914262829213,0.0
-26.48055523528128,-7.975515473104023,3.3476674007765244,0.0,-61.08467092359482,0.1381518281819183,12.730926740009357,0.0,-73.42673197507928,-6.0520171992732354,3.001145644207261,0.0,-38.9618192476542,-43.774187046693775,4.4454624346457425,0.0,-48.77290610683562,-36.88468763956939,2.472379993662866,0.0,-86.94929379794854,-35.95930931107654,2.7473274348347108,0.0
-26.474209053856498,-7.94510238005838,3.380127431091216,0.0,-60.574704138952775,0.24081002417746689,12.708336932907844,0.0,-73.4315034011568,-6.033445624557318,3.0094861684443917,0.0,-38.65699629930342,-44.24984280756159,4.606131389654502,0.0,-48.75141406410998,-36.91977627891267,2.46379813079235,0.0,-86.94016837907877,-35.95346756801694,2.7521822663828672,0.0
-26.466063942976692,-7.911559785581998,3.4076716445285946,0.0,-60.05283244724015,0.33260280723283664,12.668916407345039,0.0,-73.4351997120842,-6.016735504629885,3.014803740979376,0.0,-38.317381603830384,-44.70842572392188,4.766608914735679,0.0,-48.740765782979004,-36.961647689728096,2.448835062471833,0.0,-86.92829770595873,-35.94597045991228,2.7570453667659596,0.0
-26.457406738493024,-7.875251648960612,3.428808978251082,0.0,-59.518920633883965,0.41557761245385905,12.618404701638429,0.0,-73.4333623176042,-6.005898021809969,3.0162927185824984,0.0,-37.934132660969645,-45.14071174869989,4.925546131165227,0.0,-48.737217872659414,-36.999956336960466,2.430356680448348,0.0,-86.91386414543963,-35.93750932887626,2.761346213121975,0.0
-26.45036415730221,-7.835942245688129,3.442663816976511,0.0,-58.96990525084294,0.49245800300694853,12.562637080253735,0.0,-73.42371001658138,-6.003159135436137,3.0138424275479885,0.0,-37.500654759008285,-45.53911586536241,5.081721012234045,0.0,-48.735103844976834,-37.0249347082527,2.411921442534746,0.0,-86.89733065173412,-35.92885215074397,2.764711014669423,0.0
-26.44756010358746,-7.793218768265874,3.449303204314406,0.0,-58.40112750034471,0.5660359875850016,12.506519985695526,0.0,-73.40687120226234,-6.008173400440953,3.008141141078692,0.0,-37.01371902773982,-45.90063869798186,5.234388109166705,0.0,-48.728267813067916,-37.0297033679732,2.39682516451853,0.0,-86.8793964867549,-35.92051302962211,2.766934654957879,0.0
-26.450957253279146,-7.747265261544506,3.450012006948631,0.0,-57.808769236017525,0.6384904134528533,12.453176281300621,0.0,-73.3858303487424,-6.018225715966876,3.0004950856012798,0.0,-36.47395894888773,-46.227920680894144,5.384108041308609,0.0,-48.71170721999615,-37.0117702891665,2.3872885939014328,0.0,-86.86090703178014,-35.91257841529131,2.7679526159629173,0.0
-26.460266587829732,-7.699579872650683,3.447255133935439,0.0,-57.1922914377851,0.7109710096110291,12.403578464292234,0.0,-73.36451067119913,-6.029256352111884,2.992427575792986,0.0,-35.88565274232014,-46.5280746116432,5.533171233948403,0.0,-48.68313432381696,-36.97392972984155,2.3838360528533578,0.0,-86.84267069521528,-35.904735125169566,2.767840950260652,0.0
-26.472001510820057,-7.653166353688753,3.4441774062359016,0.0,-56.555780071871986,0.7836525299118868,12.356704186653431,0.0,-73.3462214163667,-6.037210908675526,2.985242470605696,0.0,-35.25573633425444,-46.80980185983538,5.685062651748135,0.0,-48.643947675327496,-36.92418710265603,2.3850337916177917,0.0,-86.82520148602079,-35.89646006344864,2.7667846071405577,0.0
-26.480216889344607,-7.611876723606368,3.443695371666987,0.0,-55.90764932512113,0.8561849426651182,12.310003555325157,0.0,-73.33257537135691,-6.039172958978588,2.979722569401485,0.0,-34.59212083062992,-47.07979369302997,5.8430037681995,0.0,-48.59900723873799,-36.87392989994457,2.387868574003404,0.0,-86.80849260579035,-35.88728082810536,2.7649533006359928,0.0
-26.478904901505448,-7.579020951387604,3.447526330183946,0.0,-55.25888270612181,0.9282366894137191,12.259918892172346,0.0,-73.32317895630146,-6.033964753573546,2.976037831986483,0.0,-33.90171466860447,-47.339711577573865,6.008099828218262,0.0,-48.55505823059802,-36.83439633856164,2.388830971536244,0.0,-86.79195037400713,-35.877010335246645,2.7623220897298975,0.0
-26.464666724191858,-7.555935153435805,3.455678279627419,0.0,-54.620535174712316,0.9998083995976899,12.202320389620699,0.0,-73.3160948040004,-6.022182116659964,2.973856172086517,0.0,-33.188852113017305,-47.584923975009424,6.177812413676062,0.0,-48.51836826699619,-36.81284493092867,2.3852684322072495,0.0,-86.774550451144,-35.86588891918605,2.7585654477389845,0.0
-26.43798542319846,-7.541409300510649,3.4667009144706036,0.0,-54.00138753342016,1.0711773873665145,12.132885244622369,0.0,-73.30880302150723,-6.005776586296669,2.9726010834292964,0.0,-32.45474583111194,-47.80543690060375,6.345331447528213,0.0,-48.492563013039856,-36.81029833421285,2.3762581985524704,0.0,-86.75516049320912,-35.85460382256376,2.7531365995627226,0.0
-26.402529576877182,-7.5323580366889855,3.478504338621116,0.0,-53.406449802105655,1.1425754959659482,12.047535482130431,0.0,-73.2991991058265,-5.98734037088405,2.9717595863553576,0.0,-31.69807329900141,-47.988399375448765,6.5000432863179896,0.0,-48.477584700685476,-36.82191493333421,2.362562290814571,0.0,-86.7328915815037,-35.844174668321614,2.7455178094048005,0.0
-26.36326725856668,-7.525241220237824,3.48925887457251,0.0,-52.836595632110175,1.213844691957208,11.943001045360486,0.0,-73.28620911664075,-5.96930720478729,2.9711147260358715,0.0,-30.916265381681576,-48.12090289035393,6.628894315035305,0.0,-48.47019674244178,-36.83959248323336,2.3459220904765647,0.0,-86.70735944224846,-35.8357105832657,2.735495176513199,0.0
-26.324639475977744,-7.517321698461181,3.4979804543103405,0.0,-52.28918242870846,1.2842876508521641,11.817426382826593,0.0,-73.26989428781731,-5.953336923579966,2.9707948240017803,0.0,-30.10690055321211,-48.191975436264954,6.7182523182956775,0.0,-48.465653983505106,-36.855324955853675,2.3282662298300156,0.0,-86.67881672697682,-35.83008990343858,2.723292558093135,0.0
-26.289629327452253,-7.5071913847394605,3.504667295784648,0.0,-51.7592629821771,1.3527909983982553,11.670829568168514,0.0,-73.25121775813639,-5.94008765216849,2.9711156888368393,0.0,-29.268832488528528,-48.193457218670844,6.7559114136061265,0.0,-48.45957517629475,-36.863741756825945,2.311159626587589,0.0,-86.6481555696462,-35.827672301120046,2.7095091347697693,0.0
-26.25982447565356,-7.494586229801054,3.5100648334968216,0.0,-51.240991152521204,1.4181568431285516,11.505254543898493,0.0,-73.23170624762604,-5.9293886056357215,2.9723072638069343,0.0,-28.402960521748817,-48.12017116418677,6.732993029508769,0.0,-48.449168068471344,-36.86300825975517,2.2955212326465446,0.0,-86.6167512369747,-35.82816886030015,2.69493366927008,0.0
-26.23596513909782,-7.479794299139637,3.5152353636350657,0.0,-50.72895437855737,1.479492045925424,11.324566830743578,0.0,-73.21309818123434,-5.920644331145985,2.9742877605565745,0.0,-27.512623964229313,-47.96999300357742,6.645516639947617,0.0,-48.4335406096575,-36.85421852592574,2.2815576858148123,0.0,-86.58611765927802,-35.83073472390393,2.680341736476519,0.0
-26.218335306426088,-7.462982321878776,3.5211041613703316,0.0,-50.219257361908014,1.5364715405688116,11.13391814695715,0.0,-73.19695973410772,-5.913248777576829,2.9766210254054606,0.0,-26.603521722955264,-47.744129837624186,6.495402000239617,0.0,-48.41332656409119,-36.84001358336721,2.2688856665277566,0.0,-86.55744666798529,-35.83424583842131,2.666328116895393,0.0
-26.20674657946063,-7.443764761444586,3.528101497606402,0.0,-49.71020492089617,1.5893254005248245,10.938956374299213,0.0,-73.1842859865103,-5.9068557992422095,2.978679444114439,0.0,-25.683076083511004,-47.44750798942595,6.2907290636558315,0.0,-48.39000931486715,-36.82324261578799,2.256805670752124,0.0,-86.53122911284693,-35.83764197418317,2.6531858862431257,0.0
-26.20034943750543,-7.4212410851911255,3.535992701999602,0.0,-49.20248847795507,1.6385390643724236,10.744938488426,0.0,-73.17519610079367,-5.9014558678815305,2.9799056602873772,0.0,-24.759391447184967,-47.08895994771208,6.045208216282072,0.0,-48.36525060544008,-36.806189371163704,2.244623200807368,0.0,-86.50715405663323,-35.84019572578473,2.6408623601900345,0.0
-26.197598078634122,-7.394436445055545,3.5439611979062473,0.0,-48.698890150680334,1.684454228292383,10.55595010221628,0.0,-73.16885636658614,-5.897286811769684,2.9800045854536172,0.0,-23.840229246723858,-46.68092834807328,5.776907416897997,0.0,-48.340405473413554,-36.79045016876217,2.2318775695890807,0.0,-86.48431537596075,-35.84160263858268,2.6290325200446443,0.0
-26.196448660836236,-7.3628479557187445,3.5508977949362794,0.0,-48.203584724026165,1.7270353538209307,10.374364149069157,0.0,-73.163700063258,-5.8946490071513935,2.978950642059834,0.0,-22.932420819697935,-46.23853728718012,5.506328770684991,0.0,-48.31630395781486,-36.77718775382497,2.2184066661503365,0.0,-86.46156962539281,-35.84187898988068,2.6172711366850656,0.0
-26.194691432235157,-7.3268456890006775,3.5556979190348095,0.0,-47.7211166645069,1.7659168984234608,10.200554189105658,0.0,-73.15789815397987,-5.893712429290586,2.9768369507031665,0.0,-22.041797575650403,-45.77801722263967,5.2540062849548885,0.0,-48.29328509306294,-36.76735004466289,2.2042932174772147,0.0,-86.4378460992484,-35.84116368470457,2.6052265255817435,0.0
-26.190329940023027,-7.287830247313812,3.557366835145494,0.0,-47.25515819344333,1.800624592846967,10.032827453341651,0.0,-73.14991347130123,-5.894396044426502,2.9737204999220896,0.0,-21.1733373927934,-45.31463539435727,5.0379441648232195,0.0,-48.27136962843474,-36.761584737006906,2.1897801406876667,0.0,-86.41230767561473,-35.8395605173739,2.59268941827186,0.0
-26.18194260525392,-7.248090313279379,3.554973685713753,0.0,-46.80727002742136,1.8307935203424073,9.867551799103868,0.0,-73.13890900929388,-5.896362762313718,2.969621704506828,0.0,-20.33116985926142,-44.86052272761505,4.871351895832932,0.0,-48.250413043013246,-36.759895372844355,2.1751853887912187,0.0,-86.3843756830064,-35.83708471679536,2.5795082880734927,0.0
-26.168919191319638,-7.210323801102371,3.5477595085220948,0.0,-46.37599788571638,1.8562674506137373,9.699465709533278,0.0,-73.12484770763146,-5.89911582234783,2.9646976772387994,0.0,-19.518367367617437,-44.423011807987955,4.761145207635549,0.0,-48.23015935327718,-36.76134254122236,2.1607953842174634,0.0,-86.35367828804891,-35.83367770633243,2.5653642297085337,0.0
-26.151455927559834,-7.176916852642302,3.5356298855290422,0.0,-45.95663959148652,1.876998950605902,9.52217064079079,0.0,-73.10829693222861,-5.902134303008705,2.959427262712918,0.0,-18.736753521705605,-44.00408983670474,4.7075096980223385,0.0,-48.210269309486954,-36.764107068883334,2.1467427827776486,0.0,-86.31997009613215,-35.82924460256248,2.5494734039821374,0.0
-26.130283951035068,-7.149230256836841,3.5198284811654013,0.0,-45.54189100092504,1.892684466102386,9.328795839239072,0.0,-73.09010849100721,-5.904969221563611,2.9545823556862114,0.0,-17.986998449332663,-43.601175022734466,4.704514462778569,0.0,-48.19045248971292,-36.76601216317431,2.1329297393642523,0.0,-86.28304777607882,-35.82374917012939,2.530375777775962,0.0
-26.10627253667167,-7.127189807493492,3.5032523335029566,0.0,-45.123344110763526,1.9021847211625413,9.112778801470025,0.0,-73.07116439893215,-5.907244800728405,2.9509024026958954,0.0,-17.269057732405322,-43.208801069576154,4.741480425716006,0.0,-48.170700492102995,-36.765329653365875,2.1190623383715685,0.0,-86.24268356878704,-35.81745167328141,2.506077439715117,0.0
-26.08017779339829,-7.109373513769327,3.490031437927552,0.0,-44.6935198696762,1.9029805594103806,8.868655504158149,0.0,-73.05226429155205,-5.908569721600294,2.9486484346938617,0.0,-16.582756069953422,-42.82037525003905,4.80470328765038,0.0,-48.15143916767545,-36.76153714474026,2.1047976521035725,0.0,-86.198620021495,-35.81130781937824,2.4748141861257267,0.0
-26.05272068288855,-7.093536277967242,3.484494481534794,0.0,-44.247876143745025,1.8910376604782542,8.592753666780064,0.0,-73.03409976412992,-5.908440972164199,2.9473635807599035,0.0,-15.928187105683904,-42.429294498485326,4.879202548338238,0.0,-48.13341834663033,-36.75568631749372,2.089921703041499,0.0,-86.15068133642049,-35.807400589490584,2.436472006415416,0.0
-26.0248645440445,-7.077242274000525,3.4899838265729954,0.0,-43.78614063308305,1.861357730536918,8.28372190085338,0.0,-73.01722060020725,-5.906266551650829,2.946050757115936,0.0,-15.305672740623766,-42.02925420573378,4.950299256256194,0.0,-48.117365044849116,-36.75016691374047,2.074447498391619,0.0,-86.09900494270423,-35.80916528849101,2.3942663104384616,0.0
-25.997939329488585,-7.058277131905465,3.5079146969084505,0.0,-43.31246027944637,1.8091512081335601,7.942861990198396,0.0,-73.00194877813298,-5.901580019433913,2.9436845725222707,0.0,-14.715292874711972,-41.61411791081524,5.004924794506321,0.0,-48.10362556575535,-36.747885074805204,2.058577994316831,0.0,-86.04428352298972,-35.82117451533261,2.355866413432259,0.0
-25.973427961940413,-7.0348668705730715,3.5372170888459706,0.0,-42.83426293319544,1.7311552171770774,7.574227749917759,0.0,-72.98826224063988,-5.894371610404471,2.9397577289722996,0.0,-14.15631475264425,-41.177882154251236,5.032627923118756,0.0,-48.09201389536473,-36.75113965874041,2.0425734649190357,0.0,-85.98782029116963,-35.84837515468853,2.3330437471724803,0.0
-25.952603278070427,-7.0060246060230105,3.574196422019403,0.0,-42.36025119871354,1.626481932668904,7.184413571386461,0.0,-72.97569690414385,-5.885326618400473,2.9345708088063738,0.0,-13.626987599939433,-40.71509778719885,5.026300688313629,0.0,-48.08190388109603,-36.76063980909426,2.0266188916346906,0.0,-85.93123061272755,-35.89486621536222,2.3392989614145776,0.0
-25.93631490587589,-6.972132694071148,3.6129178818567986,0.0,-41.89829056950151,1.4966795815083014,6.781931585345126,0.0,-72.96331572706478,-5.87576950604843,2.9291397188353265,0.0,-13.125013505163071,-40.221860959368954,4.982661775047147,0.0,-48.07244503728349,-36.77507631436803,2.0107723284629273,0.0,-85.87578891349021,-35.96253516710667,2.3857402736387323,0.0
-25.924974538498798,-6.935345165618256,3.6462317720492123,0.0,-41.45390661818586,1.3451531672864983,6.376134476471346,0.0,-72.94980423715228,-5.867271700340585,2.924779240240442,0.0,-12.648666877701254,-39.69732785385613,4.902487103963807,0.0,-48.062773300402505,-36.791452386830834,1.9950242530140674,0.0,-85.82166342104699,-36.05008577535725,2.476491425943559,0.0
-25.918544371343042,-6.89923050425276,3.6674014352658464,0.0,-41.02974861874998,1.1763099035950013,5.975781738455609,0.0,-72.93376247887744,-5.861078268211694,2.922551780446634,0.0,-12.198196520313532,-39.145559640457535,4.790501118440156,0.0,-48.05218418442826,-36.80607454649284,1.9794492761093743,0.0,-85.76747317964463,-36.15308221250305,2.6057220744775424,0.0
-25.916412131339847,-6.86756794549403,3.672021432380749,0.0,-40.62595694331645,0.9946779713512619,5.587510720816864,0.0,-72.91421054983736,-5.857624184762234,2.9228208465741776,0.0,-11.776925427471024,-38.57723205153308,4.654815009509113,0.0,-48.04029791301846,-36.81582195180181,1.9643764930341998,0.0,-85.71054888805335,-36.26545908081725,2.7585546907316383,0.0
-25.917324680794014,-6.842926187227511,3.6596155804521437,0.0,-40.241066876624984,0.8040604365525192,5.214596868042076,0.0,-72.89117514781663,-5.856392391726308,2.92510220341355,0.0,-11.391441790674898,-38.01040935448589,4.505858420319559,0.0,-48.02719953191708,-36.81918904157428,1.9504515380915617,0.0,-85.64789410730629,-36.38244335685488,2.9171272708802514,0.0
-25.91966639974884,-6.825888484732744,3.634164649512037,0.0,-39.8729744271848,0.6067771356629255,4.856416373829335,0.0,-72.86605780719024,-5.8562084624560455,2.928272959640962,0.0,-11.050519079443276,-37.469461848198435,4.354897486586321,0.0,-48.013459788098814,-36.81670011999454,1.9384896878103337,0.0,-85.57738108498398,-36.504097373515194,3.0708120315268346,0.0
-25.92209688967692,-6.815289947139845,3.603077927949281,0.0,-39.51963375180353,0.4032143976175213,4.5089299483515735,0.0,-72.84146165932984,-5.855824781772721,2.931031159597042,0.0,-10.762877652676092,-36.98158184674105,4.212420664793338,0.0,-47.99996654492815,-36.81056159630238,1.9291625962904355,0.0,-85.49858245555514,-36.63796922650562,3.226753628388117,0.0
-25.924138519294104,-6.809072964668972,3.5748133485179316,0.0,-39.17946852543215,0.19204766999923262,4.166286435015038,0.0,-72.82038473562051,-5.854471054551646,2.9323793531700844,0.0,-10.534405927888539,-36.57127366406383,4.086779910822797,0.0,-47.98762448825227,-36.80371626376,1.922706999806847,0.0,-85.41283735105873,-36.79899076142202,3.415232847255835,0.0
-25.926199707469706,-6.805063559199224,3.5560747875171117,0.0,-38.85170170297111,-0.02859131590639752,3.823299266795689,0.0,-72.80509976225176,-5.852082826101517,2.9319100598774845,0.0,-10.365756912358968,-36.25432311310774,3.9833698691649886,0.0,-47.97707628688333,-36.79869346017308,1.9188326457625582,0.0,-85.32233209943891,-37.0052376865312,3.685494057680363,0.0
-25.928925029051825,-6.801312846271574,3.5497637601094443,0.0,-38.53676123227859,-0.2591118703647597,3.4781475500372823,0.0,-72.79632098597175,-5.849133355354877,2.92979554649634,0.0,-10.251201153604635,-36.03345729117019,3.9043621728457882,0.0,-47.96856582315529,-36.796728558882336,1.9168436072155366,0.0,-85.22822833103271,-37.269816058472514,4.091532290444485,0.0
-25.932323412689872,-6.7961490756799146,3.5544832181490573,0.0,-38.23669054110058,-0.49623916750049,3.13440518893752,0.0,-72.79310154172238,-5.846210738417575,2.92654371535518,0.0,-10.179249455467684,-35.89762194673704,3.8488240813925394,0.0,-47.96195700239789,-36.79749327000496,1.915845144930179,0.0,-85.12867450709204,-37.591687725940936,4.671897867453199,0.0
-25.935297683778895,-6.7882484346300656,3.5656467426261855,0.0,-37.9552942822849,-0.7315599126809538,2.8015962307654094,0.0,-72.79341081093725,-5.843580482803064,2.922688788936517,0.0,-10.134956024834167,-35.82545172162973,3.813116658090287,0.0,-47.956848237515544,-36.79948034255224,1.9149129319486597,0.0,-85.01851226074471,-37.95030658417345,5.430606564064129,0.0
-25.93585264353111,-6.77685967073848,3.57753999515905,0.0,-37.69773491574843,-0.9518402213627413,2.4938979920259294,0.0,-72.79496162349706,-5.840949468004242,2.9185910675303504,0.0,-10.103176019392148,-35.791674711838105,3.7916602522977083,0.0,-47.95271838697463,-36.8007818696581,1.9132060334083167,0.0,-84.89207075212157,-38.30850374750748,6.327004007040223,0.0
-25.931780326762667,-6.762101852675386,3.585364667062084,0.0,-37.46949633600963,-1.1415594655828363,2.227206928279778,0.0,-72.79586292499425,-5.837535294399025,2.9144180444429004,0.0,-10.07164992082062,-35.773894600627706,3.7781473978835614,0.0,-47.94906231998745,-36.79985665486142,1.910083228282609,0.0,-84.74780959130767,-38.62406795306249,7.280616687516741,0.0
-25.92141710387178,-6.745161787889098,3.586514307395774,0.0,-37.274946327020345,-1.2870641169870618,2.0153653649210836,0.0,-72.79491909075284,-5.8323967509162795,2.9102436675769194,0.0,-10.032872474589634,-35.75721477937178,3.7669765468742398,0.0,-47.94547999371829,-36.79598064882973,1.9052505521921823,0.0,-84.5908268065975,-38.864718126055195,8.191462042484828,0.0
-25.904180999015797,-6.7282223503914,3.5808465294068554,0.0,-37.11598159694595,-1.3807437217573586,1.8667007131142945,0.0,-72.7916158546089,-5.82487188556423,2.906152961648706,0.0,-9.984297817766176,-35.73543861569194,3.7543840844769125,0.0,-47.94168165475487,-36.789329090525364,1.898857059457523,0.0,-84.43009240586065,-39.01843306482701,8.968252401693661,0.0
-25.880819756027364,-6.714006104970113,3.5701312925640263,0.0,-36.99128013923415,-1.423388865179244,1.7819398408054061,0.0,-72.78592253394054,-5.814944845239792,2.902297117995582,0.0,-9.927185158923027,-35.70922275431768,3.7388164588666672,0.0,-47.93740223030555,-36.78082148391725,1.8914133294652142,0.0,-84.27190081195737,-39.094500009829574,9.552521897434989,0.0
-25.85342508515057,-6.704929647267472,3.5570526583171223,0.0,-36.89647894467444,-1.423748002536719,1.7540349130064055,0.0,-72.7780435472508,-5.803399072982833,2.898906452344294,0.0,-9.864841123664997,-35.68263490084673,3.720486539699838,0.0,-47.93228072579834,-36.77185082410273,1.8835227086189068,0.0,-84.1146203230722,-39.11688985840975,9.930063647124364,0.0
-25.825228753147293,-6.702061026231723,3.544185329088041,0.0,-36.82523042360383,-1.3957281268458273,1.7697696407137808,0.0,-72.76822196855561,-5.791679282868022,2.896263400953792,0.0,-9.800997516098569,-35.659743257600816,3.700464239242798,0.0,-47.92580590037685,-36.76393669879811,1.875575565373932,0.0,-83.94860297209759,-39.11483719986542,10.128211581792637,0.0
-25.800099303040813,-6.704301351296009,3.5332616542529216,0.0,-36.770734167172016,-1.354635667699445,1.8125494494857177,0.0,-72.75664674661644,-5.781483352966547,2.89461218400624,0.0,-9.738748584563632,-35.64239114418842,3.679787788919141,0.0,-47.917407193642845,-36.758336901011816,1.867593519144906,0.0,-83.7608985768047,-39.11452710946571,10.202456053196165,0.0
-25.781680325704052,-6.708299197101159,3.524852303743957,0.0,-36.72716275044153,-1.3138569123667283,1.8656211251447594,0.0,-72.74345708617378,-5.774230773907999,2.8940082187176444,0.0,-9.680119313936876,-35.6295770308434,3.65894921575061,0.0,-47.90667521400147,-36.75571167291434,1.8593036674776862,0.0,-83.541262838149,-39.133500301378966,10.21774643173238,0.0
-25.77230528939021,-6.70939252564355,3.5184434578086847,0.0,-36.69049546502997,-1.2828340010109525,1.9149966873560125,0.0,-72.72880483408093,-5.770632315292277,2.894180201792336,0.0,-9.626101674028236,-35.618178735044864,3.6378675800190123,0.0,-47.89359047751172,-36.75595643100795,1.8503791895784651,0.0,-83.28587348816252,-39.1781376787647,10.230369467156324,0.0
-25.772064962672385,-6.703372707414508,3.512831362997055,0.0,-36.65858946350206,-1.2665455546054618,1.951470470239295,0.0,-72.71293299457727,-5.770538673757407,2.894513609909577,0.0,-9.576905523196153,-35.6043714982105,3.6162377980837803,0.0,-47.878613107071494,-36.75826275957322,1.8406965151618238,0.0,-82.99738590772175,-39.2443110291624,10.275644602199444,0.0
-25.77850274928953,-6.688321976718205,3.506695525093374,0.0,-36.63067668113215,-1.2661123343787661,1.9713401071043197,0.0,-72.6962272280947,-5.773094445195376,2.8942110733344926,0.0,-9.532198573077158,-35.58507414302628,3.5939863385988797,0.0,-47.86257319708855,-36.76138315193227,1.8304574034987944,0.0,-82.68228578595212,-39.32090706931402,10.364225917647651,0.0
-25.78723671251066,-6.665569090045824,3.4991559263312038,0.0,-36.6066755344073,-1.2798327391165634,1.9757826368385132,0.0,-72.67919709392257,-5.777075220081322,2.8925775822275526,0.0,-9.491242037638964,-35.558956883065584,3.571547739484565,0.0,-47.8464355581406,-36.76401215855125,1.8200960173737322,0.0,-82.34738174447224,-39.39507080776846,10.486422676754607,0.0
-25.7933648415391,-6.639190050132649,3.4901389647585006,0.0,-36.58665847828013,-1.3040978175143474,1.9692039043505591,0.0,-72.66237589166657,-5.781231292928636,2.889305937185137,0.0,-9.45299170445653,-35.52675624809433,3.549825717063344,0.0,-47.83108550024936,-36.7651530019368,1.8100069630086164,0.0,-81.99688828812594,-39.45728699724956,10.621402042138762,0.0
-25.793047892727724,-6.614280079700762,3.480460000977647,0.0,-36.570602243665896,-1.3340947766374907,1.9571420031672133,0.0,-72.64618799330049,-5.784513872004991,2.8846421792409256,0.0,-9.416280364120524,-35.490846756117186,3.5299073494067024,0.0,-47.8172452983997,-36.76431591923469,1.800234024515225,0.0,-81.63085939672558,-39.50450410473573,10.747278880930315,0.0
-25.78455302933002,-6.594882435781596,3.471598290839834,0.0,-36.55833374121814,-1.3645693256258644,1.9443730788177147,0.0,-72.63086980251485,-5.786167808718748,2.8793580055190127,0.0,-9.380091958865503,-35.45427461358107,3.5127051139228804,0.0,-47.805533391436164,-36.76144380782579,1.7902855151832284,0.0,-81.2452293969335,-39.54039666142466,10.848688651251711,0.0
-25.768392871653564,-6.582527368001864,3.4651891615309154,0.0,-36.54950348669343,-1.3908636059794794,1.9337205897210028,0.0,-72.61650521946925,-5.785761063199594,2.8745118946967896,0.0,-9.343814250863925,-35.41968353579204,3.4986775366490903,0.0,-47.79659579305547,-36.75660207139089,1.779183128128695,0.0,-80.83328739731166,-39.57301417969439,10.919930418525608,0.0
-25.746697343371267,-6.575882969978241,3.4623575686733403,0.0,-36.543497232440956,-1.4100647286955539,1.9257671295747123,0.0,-72.6031563901443,-5.783223818985216,2.8710536148133805,0.0,-9.307339277411542,-35.38858114959767,3.4877051175898686,0.0,-47.79118868476302,-36.749616791162225,1.7657679473871237,0.0,-80.38797689870454,-39.610946317836536,10.96362491215221,0.0
-25.722242042593297,-6.571464580210765,3.4631531505807303,0.0,-36.53933972098052,-1.4218099042952446,1.9193374397727148,0.0,-72.59098648103607,-5.778895770120078,2.869422583525461,0.0,-9.270971118852986,-35.361177206777626,3.479143027242767,0.0,-47.790065374156676,-36.73989892954058,1.7492103315862657,0.0,-79.90416610979618,-39.65950836414337,10.986426229058715,0.0
-25.69755389307638,-6.564991190417748,3.466377620306485,0.0,-36.53571504687642,-1.4283805944434085,1.9124017501374606,0.0,-72.58025401846031,-5.773506816092276,2.8693433771305887,0.0,-9.23521255373835,-35.336739721298635,3.4720346035839285,0.0,-47.79357366368366,-36.72662951140045,1.7295708619946044,0.0,-79.3801371900442,-39.7182925493773,10.99406800306188,0.0
-25.67434731751209,-6.552865844142609,3.4699188396906777,0.0,-36.53117746518291,-1.4340316893451992,1.90300889635156,0.0,-72.57114423131402,-5.768017831254515,2.8699401493202163,0.0,-9.200543360121465,-35.31423211774207,3.465423288495268,0.0,-47.80106470664317,-36.70931317610665,1.7081495672043374,0.0,-78.81790834271271,-39.78081732848495,10.987763711464776,0.0
-25.653338946530713,-6.533328826765864,3.4714285140384025,0.0,-36.52451759059676,-1.4437449701055916,1.889958600175257,0.0,-72.56353802115059,-5.763321634956535,2.8700952316961708,0.0,-9.167263905632876,-35.29294699904034,3.45865577946158,0.0,-47.81046892044297,-36.68846828292264,1.6873400831125505,0.0,-78.17973597477209,-39.79447126952873,10.965190808657788,0.0
-25.63435638154516,-6.506992947855781,3.4690367479081257,0.0,-36.51516111473525,-1.4616943024990454,1.8730745089571386,0.0,-72.55688763727534,-5.759893952265646,2.868832816630725,0.0,-9.135420627699583,-35.27289498829485,3.4515621789478654,0.0,-47.81846669813773,-36.66603705903897,1.669886655126259,0.0,-77.5320303404051,-39.80288692153595,10.927248422407764,0.0
-25.616645310975084,-6.476637150797224,3.4618803030720144,0.0,-36.50344017049084,-1.489772477025976,1.8530868237897522,0.0,-72.55030428713188,-5.7575434828505685,2.8655537998149008,0.0,-9.10479312780041,-35.25480781600942,3.4444416767179398,0.0,-47.82139503849226,-36.64516702660351,1.6578070319240314,0.0,-76.8703784936011,-39.78582714561192,10.855914976562959,0.0
-25.599302946520222,-6.4463101957746005,3.450378227557179,0.0,-36.49059334029809,-1.5266088073499056,1.8312529110067306,0.0,-72.5428238421963,-5.755409155579003,2.860113806101337,0.0,-9.074910413913532,-35.23975596196851,3.4378581670342374,0.0,-47.8165298541016,-36.629384559658895,1.6515441217222442,0.0,-76.1985558384068,-39.73608626162037,10.742545973873458,0.0
-25.58171818254181,-6.420017290131298,3.436229407018459,0.0,-36.47842377469052,-1.5675116423793116,1.8089180939408003,0.0,-72.5337222818769,-5.752268292301888,2.85283552385604,0.0,-9.045078302333103,-35.22853594584761,3.4323287873323096,0.0,-47.80308340602465,-36.621574478315274,1.649838688380397,0.0,-75.51891971449908,-39.65227182861733,10.584981505853875,0.0
-25.56382044754655,-6.400452047421628,3.4220540868970666,0.0,-36.468674558852555,-1.6055603863791035,1.7872161112426994,0.0,-72.5227639773702,-5.747066092360333,2.8445019615384677,0.0,-9.014429614337505,-35.22109983527953,3.428038700061098,0.0,-47.78242787553238,-36.623233231869875,1.6503898928411012,0.0,-74.8320631541179,-39.53812660270178,10.388717689992015,0.0
-25.54597033392902,-6.388237873128443,3.410652835904166,0.0,-36.462330787599385,-1.6336228660676366,1.7670021033260088,0.0,-72.51033808829352,-5.739429358027202,2.836283036450462,0.0,-8.98202956392156,-35.21630901329505,3.424721897274093,0.0,-47.75752021698648,-36.63418749552019,1.6509352065628509,0.0,-74.1374343524145,-39.401286077641245,10.16590147388763,0.0
-25.528521559385386,-6.38193194626558,3.4041007245477193,0.0,-36.4591430929099,-1.6466008638341263,1.7489450422820259,0.0,-72.49747799879604,-5.72989441580852,2.8295256781530984,0.0,-8.947054659858761,-35.212165266076376,3.421792532784453,0.0,-47.731863670766955,-36.6527110894848,1.6502079602201718,0.0,-73.43394039395879,-39.251340924761315,9.932082582930025,0.0
-25.51132511999645,-6.378754922038584,3.403127099578146,0.0,-36.45760192312007,-1.6430475301361112,1.7336128670553528,0.0,-72.48572508905744,-5.719723748554003,2.825409416029361,0.0,-8.909003174249367,-35.20646450873704,3.4186781366607946,0.0,-47.708419478001396,-36.67593213437715,1.6483363586231725,0.0,-72.72011165497722,-39.097466596713915,9.701831783618788,0.0
-25.49353018452557,-6.375753084266179,3.4071474751747957,0.0,-36.455390791434475,-1.6255716225245056,1.7214436606810324,0.0,-72.47675949587384,-5.710429396126688,2.8245654326056897,0.0,-8.867831808755405,-35.19763417686786,3.4151556882652283,0.0,-47.68879357715758,-36.700478206190105,1.6465374820529242,0.0,-71.9939509098017,-38.94616853250973,9.484917610222594,0.0
-25.473874472414483,-6.370924421069028,3.414899860526301,0.0,-36.45013413437578,-1.599928088338749,1.712633417046014,0.0,-72.47179945130739,-5.703273089630034,2.8267996345815387,0.0,-8.823922721834077,-35.185417179142505,3.4114611527292773,0.0,-47.67291349386397,-36.72327109675868,1.6463128190090206,0.0,-71.25293103419551,-38.79987226509059,9.284452213381334,0.0
-25.4513633419211,-6.363826291784864,3.4252368208822457,0.0,-36.44014971110088,-1.5731450361717703,1.7070480141526048,0.0,-72.47098299930275,-5.698964039303503,2.8310329594363193,0.0,-8.777877581524592,-35.17107962191675,3.408090490729892,0.0,-47.65927684919051,-36.74224839549534,1.648603240144027,0.0,-70.4945005558688,-38.65689917335739,9.09747474552969,0.0
-25.426000077595102,-6.35540585703203,3.4375643902736446,0.0,-36.42494816725712,-1.5513613164744364,1.7042338624578868,0.0,-72.47309922039709,-5.697609961757191,2.835511123254568,0.0,-8.730231717386296,-35.15698357030193,3.405415314120946,0.0,-47.64565217257379,-36.756738185251066,1.653351760365549,0.0,-69.71707110601272,-38.512858883953285,8.91739867612788,0.0
-25.3991598186333,-6.3471866426598,3.4517052382834184,0.0,-36.40534732548992,-1.5381563796513142,1.7035197492923473,0.0,-72.475908194002,-5.698846195888582,2.838261054173522,0.0,-8.681214297924711,-35.14566680475821,3.4033334799488433,0.0,-47.62993151783551,-36.767377522527276,1.6596383732066933,0.0,-68.92114354993484,-38.362951584725984,8.73709373819102,0.0
-25.373319993706037,-6.340280592099348,3.4673563367931894,0.0,-36.38319521275823,-1.5339382820073824,1.7041652980428665,0.0,-72.47693563293063,-5.702028449418486,2.837673061378023,0.0,-8.630659243546022,-35.1388450003916,3.4011372396883406,0.0,-47.61080694182031,-36.77570716907026,1.6661984878607434,0.0,-68.11014521922272,-38.20432898743077,8.55133378379453,0.0
-25.351138389027085,-6.334750575648405,3.483555801388901,0.0,-36.36076742310621,-1.536490052557368,1.7055347389696038,0.0,-72.47435403818734,-5.706401099454192,2.8329989988876605,0.0,-8.578125363549606,-35.13679390367476,3.3976919893091484,0.0,-47.58806512617412,-36.78366130107716,1.6719702133026786,0.0,-67.29063552925122,-38.03761229864462,8.357859799203348,0.0
-25.334193600099304,-6.329593633905984,3.498548031670314,0.0,-36.33997732630419,-1.542301224850581,1.707278994717921,0.0,-72.46756105415764,-5.711213512076723,2.8245592248214724,0.0,-8.523206004610888,-35.13835930417117,3.391905895362891,0.0,-47.562458423979706,-36.79309914010658,1.6763995870410362,0.0,-66.47169345601847,-37.866972989184006,8.157045379306718,0.0
-25.32190756608985,-6.323248225491378,3.510195017671526,0.0,-36.32167293441047,-1.5480414219533363,1.7094509597380938,0.0,-72.4572606376315,-5.715813296889726,2.8135744573256662,0.0,-8.46590243069859,-35.14153792431726,3.3833164458170053,0.0,-47.5352546606594,-36.80545241618281,1.679440154392557,0.0,-65.66348750177505,-37.698784834265766,7.950697560837318,0.0
-25.311146207834728,-6.314292892349075,3.5167961075782426,0.0,-36.30537460018276,-1.5515663195823435,1.712441655369778,0.0,-72.44507242314594,-5.719743253357773,2.8017107296129478,0.0,-8.406867628000512,-35.14433181926121,3.372502302885838,0.0,-47.50768413284954,-36.82153596223726,1.6813522970799593,0.0,-64.87523017253164,-37.53945656997312,7.7406673116687745,0.0
-25.296751006531228,-6.301994731964114,3.5180062648947743,0.0,-36.289638176924164,-1.5521645841183926,1.7167082568218248,0.0,-72.43284764572728,-5.722802638530425,2.790544655666002,0.0,-8.34737148751573,-35.14549437735806,3.3610793280797004,0.0,-47.48055753480492,-36.84151564415454,1.6824543013476685,0.0,-64.11293408773993,-37.39329733267069,7.527749835152749,0.0
-25.27289128938417,-6.286508172459353,3.5155261507492153,0.0,-36.27285247970107,-1.5501745384131276,1.7224204305993425,0.0,-72.42195217977881,-5.724989692417329,2.7811626000450396,0.0,-8.288982905126389,-35.14488389096845,3.3512511523217228,0.0,-47.45425973577368,-36.86492898919278,1.6829242280818022,0.0,-63.37761247147083,-37.261072865897994,7.311060143531838,0.0
-25.234765766872307,-6.268686080517155,3.5133192853535586,0.0,-36.254014366031754,-1.5463523416403295,1.729222013398525,0.0,-72.41279622439893,-5.7263091154002375,2.774003001646493,0.0,-8.233109771708953,-35.14335830406639,3.345099396941084,0.0,-47.4291104306346,-36.890603495765916,1.6826767945064383,0.0,-62.6647010118129,-37.139536360308334,7.087896669620923,0.0
-25.179939758662723,-6.249582419882408,3.517236285099232,0.0,-36.233094477133506,-1.5413450092394632,1.7362292891796631,0.0,-72.40481670582419,-5.726571031853195,2.768908835129775,0.0,-8.180584418749106,-35.1423580958361,3.3438895555228605,0.0,-47.405817015083834,-36.916419234404586,1.6813089800652072,0.0,-61.96530649341439,-37.0219546507768,6.854106906127896,0.0
-25.108622292301412,-6.229804680675774,3.534093110156414,0.0,-36.21089622340381,-1.5354466223641832,1.7422594461457024,0.0,-72.39692711428835,-5.725385282021561,2.7652842885120617,0.0,-8.131426416804597,-35.14342010911355,3.347644242043579,0.0,-47.385619180351895,-36.93910846743661,1.6781438389814358,0.0,-61.26929537596372,-36.899557851518566,6.605003079090235,0.0
-25.022590025273526,-6.208895985233499,3.570448328128448,0.0,-36.18856076779575,-1.5286727179166135,1.7461977119589918,0.0,-72.38819293328555,-5.722457821957918,2.7622789224505073,0.0,-8.084843860607648,-35.147800411450106,3.3551594538844363,0.0,-47.36988326044676,-36.95449002524246,1.6724573660399944,0.0,-60.56943315808271,-36.76377885533042,6.336767961941096,0.0
-24.923173540707584,-6.184852297400471,3.631452857323117,0.0,-36.16696704373266,-1.5210907090948202,1.747366433695353,0.0,-72.37831918821,-5.718061590046204,2.758971724606626,0.0,-8.039495146279645,-35.15623703078709,3.364510479033502,0.0,-47.35928689081993,-36.95843977698264,1.6639305190205391,0.0,-59.86521554775017,-36.60896576908992,6.048026659041403,0.0
-24.809353736614455,-6.153780731339833,3.7200899135296392,0.0,-36.146262356523906,-1.5132274135800219,1.7457402133055293,0.0,-72.36762157011017,-5.713353550458558,2.7545215605009226,0.0,-7.993973190779252,-35.16880244736467,3.373885272512789,0.0,-47.35308765491846,-36.948486643500395,1.653133899201901,0.0,-59.16501307833261,-36.43492847598081,5.741027394033454,0.0
-24.677153400446734,-6.109737438467974,3.8369210712022657,0.0,-36.12570316019858,-1.50628296136429,1.7418978156172642,0.0,-72.35651340473744,-5.7102182738610665,2.7482364270783854,0.0,-7.9473676717332635,-35.1848337991184,3.3823856679604045,0.0,-47.34902135461424,-36.925469363919895,1.6415923102225367,0.0,-58.485657382406565,-36.24839229392162,5.421918450547821,0.0
-24.52102177784228,-6.044936856095992,3.980265579494324,0.0,-36.103902655637185,-1.5019365636285742,1.7367286176972971,0.0,-72.34493039149427,-5.710572530925608,2.7395773601508395,0.0,-7.8996889651749695,-35.202997340461856,3.3904226882950823,0.0,-47.3440014854082,-36.89428808058492,1.63120443321964,0.0,-57.8493956310424,-36.062466148509984,5.100008549689651,0.0
-24.336950769624913,-5.950559709115367,4.1466249397708985,0.0,-36.07944239601804,-1.5017536060479597,1.7310470297413474,0.0,-72.33219548242069,-5.7154254441334755,2.7282108189727357,0.0,-7.851975465969691,-35.22155086032399,3.3995344910520053,0.0,-47.33521812513508,-36.862740090563236,1.6235192957970899,0.0,-57.27900764075197,-35.89381065631284,4.786415601969425,0.0
-24.126013299970364,-5.818170519380281,4.331090504369168,0.0,-36.05160816851111,-1.5064619622954627,1.725317928726266,0.0,-72.31750918940051,-5.724224002833984,2.7142067179015132,0.0,-7.80602986753493,-35.23880134841698,3.411720594271504,0.0,-47.321067748375604,-36.838699439824595,1.619418270872826,0.0,-56.79257713299549,-35.75821511207927,4.492692277721009,0.0
-23.896476382233534,-5.641442950757183,4.527528463464066,0.0,-36.02086948914036,-1.5154777404789934,1.7196243462030587,0.0,-72.30079052356287,-5.734941903035098,2.6983062332484398,0.0,-7.763869664780011,-35.25364238495484,3.428570540440669,0.0,-47.30163285984197,-36.82736852423372,1.6190774144136881,0.0,-56.39957889107826,-35.666196504830666,4.229651872688569,0.0
-23.66304693800747,-5.4176848326590274,4.72863703995383,0.0,-35.988809055232146,-1.5269356567377166,1.713858231554152,0.0,-72.28333032588463,-5.744982931370282,2.682018197739268,0.0,-7.727084502417729,-35.26594730118711,3.4505432030849406,0.0,-47.278611970007766,-36.829954835985596,1.6219784126166488,0.0,-56.09938686150955,-35.62032533848442,4.00611656850705,0.0
-23.44300007919192,-5.148606439940785,4.926337001105109,0.0,-35.957533305868076,-1.5382017671745682,1.7079807892487793,0.0,-72.26779592738514,-5.752472102883147,2.66733935594989,0.0,-7.69633354025275,-35.276585098899865,3.476714391812628,0.0,-47.25469916095352,-36.843940038954855,1.626985120311705,0.0,-55.88232816015633,-35.615151825721206,3.8273498467586844,0.0
-23.250320389059077,-4.839879474528207,5.113009996809694,0.0,-35.92891208388143,-1.546618612988408,1.7021690531217057,0.0,-72.25746002618797,-5.757219233595964,2.65612957997652,0.0,-7.671162149894975,-35.2869908176417,3.505114660512273,0.0,-47.23261759082714,-36.86445310347408,1.632545509290967,0.0,-55.732584436855646,-35.63945824493522,3.6935833056574765,0.0
-23.08999158228079,-4.499342780952715,5.283650808407224,0.0,-35.90404535357722,-1.5501931237226918,1.696756725820265,0.0,-72.25493667753166,-5.760792173053224,2.649416836061704,0.0,-7.650188979195617,-35.298489365461435,3.533482469217798,0.0,-47.21419414241008,-36.886070297945025,1.6370073456155811,0.0,-55.63188914886041,-35.67975536235612,3.5995762705760495,0.0
-22.954867890550247,-4.1343101505930315,5.438234090654673,0.0,-35.883146485298234,-1.5480569921294043,1.6920154975172785,0.0,-72.26100043714963,-5.76566385201056,2.6469799894866544,0.0,-7.631577954492544,-35.31173704546644,3.5600539214513347,0.0,-47.199860780190896,-36.90438761088325,1.6389624934237865,0.0,-55.56301231796984,-35.723715723057516,3.5358714762703745,0.0
-22.826914679267606,-3.749206220631065,5.583002351245586,0.0,-35.86578156264983,-1.5406701994972316,1.6879060352837456,0.0,-72.27407359761975,-5.773938317713943,2.6474306333734354,0.0,-7.613613414177312,-35.326566164622434,3.5840458624743423,0.0,-47.18874499738287,-36.916910281063416,1.6375043518748473,0.0,-55.51227031542895,-35.762540966291056,3.4914632002672086,0.0
-22.682918325711118,-3.345152363119894,5.729495414893197,0.0,-35.85127097624011,-1.5297810441328776,1.6839244082184486,0.0,-72.2906455964454,-5.786344401108743,2.6487693563266674,0.0,-7.59515932882942,-35.34226307953413,3.605707685859594,0.0,-47.17919740535146,-36.923166249830324,1.6323282392906844,0.0,-55.47063647693961,-35.79187330149264,3.4567372201976987,0.0
-22.50257912602059,-2.922477229265926,5.891086389490983,0.0,-35.839043863778485,-1.518108996911237,1.6791256872867368,0.0,-72.30639337212001,-5.801924774666627,2.649146048645731,0.0,-7.575833056668161,-35.35807776994247,3.6260327891569535,0.0,-47.16942550201166,-36.92429798663825,1.623689708552435,0.0,-55.4334301991292,-35.811432563588646,3.4254228362839516,0.0
-22.275507586938296,-2.4853732156403607,6.078046830506272,0.0,-35.828791158462685,-1.508716238763303,1.6723520720129823,0.0,-72.31740169222415,-5.818386484276589,2.6474425423098733,0.0,-7.555859292921523,-35.373687999982785,3.6463032433049296,0.0,-47.157964514914354,-36.92248747523246,1.6122908497704387,0.0,-55.39898138073743,-35.8238339463568,3.3949391530395445,0.0
-22.004114610834996,-2.0460228340090296,6.293043007977607,0.0,-35.82037250956578,-1.5041734367139759,1.6626141541564543,0.0,-72.32091949785625,-5.832779811014969,2.6434101737511764,0.0,-7.535712211625894,-35.38940744159844,3.6676131605951934,0.0,-47.14390448165175,-36.92040349844365,1.5991679927866098,0.0,-55.36696465337228,-35.83305327706017,3.365392989684924,0.0
-21.701492912183348,-1.62502647610699,6.529150426666623,0.0,-35.81356258776619,-1.5058052026876405,1.6494877038407996,0.0,-72.31553973354998,-5.842212909349757,2.6373762479809777,0.0,-7.515723259511961,-35.40605604652792,3.6904851461697987,0.0,-47.126932244420985,-36.920657651512066,1.5856231482738448,0.0,-55.337106179087925,-35.842942321328486,3.3380215822736687,0.0
-21.38573957814692,-1.2467019967734094,6.771815689872094,0.0,-35.80779853169482,-1.5133298819901526,1.633360368515529,0.0,-72.30113966103414,-5.844524228676918,2.6297807912965787,0.0,-7.4958228350734215,-35.42455466138703,3.7147046585912538,0.0,-47.10728085278655,-36.925240390006586,1.5731835831550622,0.0,-55.3086564787802,-35.8561331283894,3.313873486991982,0.0
-21.073407671541915,-0.9307858493982055,7.004510401500058,0.0,-35.80206698820928,-1.525032964193497,1.6154240984879475,0.0,-72.27889818826208,-5.838907275704999,2.620849388646107,0.0,-7.475517771056318,-35.44543274882438,3.739472122130964,0.0,-47.085657569718855,-36.935061229472666,1.5635066737722632,0.0,-55.28057729041577,-35.87355063663549,3.293158966051763,0.0
-20.774549080431235,-0.684160114587451,7.215659343797128,0.0,-35.794983480590524,-1.5383648814407822,1.5974169242095542,0.0,-72.25130581769555,-5.826339238263372,2.6105636725505885,0.0,-7.454100166317632,-35.4684948401461,3.763836490270597,0.0,-47.0631862900447,-36.949802344929644,1.5581383424847068,0.0,-55.25206816381185,-35.89454666200257,3.275265466266605,0.0
-20.490677994151316,-0.4963602859413285,7.403389459773852,0.0,-35.785044313068404,-1.5506996118774854,1.5812054370219535,0.0,-72.22185845621955,-5.80955967932475,2.598898827151558,0.0,-7.430981220223999,-35.49283046095311,3.7871946898448794,0.0,-47.04133282484458,-36.96814420419924,1.5581436435901885,0.0,-55.223001708855556,-35.91746039331354,3.259142672227618,0.0
-20.215665808602495,-0.34116057211957473,7.575887309785294,0.0,-35.770999323028555,-1.559991034383886,1.5683319248602992,0.0,-72.19434653574473,-5.792483602819064,2.5861587061131743,0.0,-7.4059991403740675,-35.51718573138831,3.809582391662399,0.0,-47.0217009880736,-36.98818837522605,1.5637746046630472,0.0,-55.19400371503073,-35.94031379950666,3.243710673781809,0.0
-19.93855319664017,-0.18417345293153708,7.747810210547334,0.0,-35.752263255346634,-1.5651666308006762,1.559639003303202,0.0,-72.17198918895437,-5.779201566449983,2.5731785447437616,0.0,-7.379575659142247,-35.54052430607725,3.8316190200464284,0.0,-47.00562428985185,-37.00789249613239,1.5743375343663448,0.0,-55.16616540408684,-35.96139211798069,3.2280999092250173,0.0
-19.64681987085325,0.006135282572278022,7.935064721692278,0.0,-35.729233085507694,-1.5662274547839221,1.5550588650129704,0.0,-72.15672823540757,-5.772892822844492,2.561215285885158,0.0,-7.3526647588748535,-35.56250143860786,3.85419169126906,0.0,-46.99366498517989,-37.02548633716711,1.5882852570928243,0.0,-55.14058013519872,-35.97958335554313,3.2117421739190224,0.0
-19.32890018585267,0.24818473304774802,8.15008860486662,0.0,-35.703361050466405,-1.56412862211259,1.5536207790102061,0.0,-72.1488315365678,-5.774986028002849,2.5515234677563914,0.0,-7.326513314679101,-35.58362502971459,3.8780806997728483,0.0,-46.985271388013494,-37.03983756674984,1.6034834348273765,0.0,-55.11797040760843,-35.99448120403272,3.1944268047187823,0.0
-18.975486859812037,0.5416919997217242,8.398490912590894,0.0,-35.67689678625495,-1.5605465521450794,1.5536811204978243,0.0,-72.14684276814403,-5.784798943906617,2.5448145510226343,0.0,-7.302314186667563,-35.60504855349759,3.9036829040393766,0.0,-46.97879238739233,-37.050624720832936,1.6176021799115894,0.0,-55.098578644512884,-36.00633161394583,3.1763710149230118,0.0
-18.579941125480392,0.8688254624748923,8.677271414668756,0.0,-35.652331982403666,-1.5575775919335628,1.5533176386570062,0.0,-72.14792651139585,-5.799736848329017,2.5408691637125695,0.0,-7.280869877291696,-35.62812109206582,3.930882221125387,0.0,-46.9718789862377,-37.05820414647327,1.6285624663630323,0.0,-55.0822958512257,-36.01590062328428,3.158239447151919,0.0
-18.138438577003317,1.2014850031099487,8.97515903558809,0.0,-35.631714181433615,-1.5573322065432054,1.5507681551838495,0.0,-72.14862856064909,-5.8159815494552305,2.53849781764492,0.0,-7.262387038537718,-35.65390598751366,3.959064805850682,0.0,-46.96215716908391,-37.063248350322745,1.6349165485020904,0.0,-55.068841856809726,-36.02429472605791,3.1410127400959684,0.0
-17.65020614582661,1.5115374113179296,9.275582154237927,0.0,-35.61610055438765,-1.561403361327291,1.5447661017394516,0.0,-72.14590713011648,-5.829490666344419,2.535901714127908,0.0,-7.246472203747579,-35.682848303369916,3.987276659931675,0.0,-46.94799534307311,-37.066426562366274,1.636025233762446,0.0,-55.05780902531309,-36.032735243676335,3.125675862903581,0.0
-17.117680456341123,1.779681448397593,9.561591179192376,0.0,-35.60540538269198,-1.5703123891400326,1.5346712608594224,0.0,-72.13809859790983,-5.837063587652853,2.531306806707134,0.0,-7.232308732106917,-35.714673234826655,4.01449320672787,0.0,-46.929170816397864,-37.06841751678044,1.6319586563723565,0.0,-55.04852774129732,-36.042301449668514,3.112816120800378,0.0
-16.546186435708844,1.999695795740621,9.820691926103997,0.0,-35.598700343421164,-1.5831620105734432,1.5204016565412548,0.0,-72.1254283596966,-5.8372160855300725,2.523579472362222,0.0,-7.218919313832744,-35.748499603111654,4.039904252701307,0.0,-46.90719370410844,-37.070271673999954,1.6232084404192761,0.0,-55.03988824086512,-36.053694066274254,3.102305451407357,0.0
-15.943074265950147,2.1773268874480785,10.047491250837425,0.0,-35.59477464756527,-1.5977217481397936,1.5022691050269312,0.0,-72.10983699106964,-5.830614173356993,2.512510523492068,0.0,-7.205408488260017,-35.783095100020546,4.063090456754836,0.0,-46.885054578982974,-37.0737746697355,1.6104336087460762,0.0,-55.03033164053747,-36.06709148153491,3.0932332062056016,0.0
-15.316745464404786,2.3253295242569534,10.243371483188032,0.0,-35.59264594723282,-1.6109982802916365,1.480851283657259,0.0,-72.09419654911291,-5.819867053400733,2.4986531050118934,0.0,-7.1911319628541985,-35.81718485502174,4.08403377914706,0.0,-46.86647293227693,-37.08156067112968,1.5942737461127976,0.0,-55.01814478614171,-36.082149738544985,3.084149874299282,0.0
-14.675937498711544,2.4572588130907116,10.41396340114205,0.0,-35.59178076710169,-1.620107490319711,1.4569917306085998,0.0,-72.0812589966223,-5.808657204946184,2.482896967999288,0.0,-7.175798736482706,-35.84972999988288,4.10302782197491,0.0,-46.855340321876604,-37.09745060332306,1.5747283485772154,0.0,-55.00200335230147,-36.09814499605105,3.073535998608847,0.0
-14.029071495519165,2.58246724956724,10.565976645777079,0.0,-35.59194963951968,-1.6231223243077642,1.431913069301535,0.0,-72.07274584396778,-5.8004760047878,2.4661112694031573,0.0,-7.159523470198923,-35.88011043005906,4.120619393221967,0.0,-46.860983009838876,-37.13573875160991,1.543628480144962,0.0,-54.98153176493368,-36.114203523109865,3.060315020585387,0.0
-13.383243560919896,2.703672837199459,10.704709859502817,0.0,-35.592839818567896,-1.6195930824988238,1.4072883462954682,0.0,-72.06886840775687,-5.797443797325097,2.4490594238830994,0.0,-7.142818133983717,-35.908186786166034,4.137637043596181,0.0,-46.86113448309652,-37.15906711462152,1.541943792163913,0.0,-54.95760462358319,-36.12953118222175,3.0442376881193383,0.0
-12.742943837517638,2.8171329476568063,10.832704019215893,0.0,-35.593722703799465,-1.6105969342633397,1.3850450099353964,0.0,-72.06839096036857,-5.799678063399183,2.4325150076522863,0.0,-7.126496082729851,-35.934269044043916,4.155207039627182,0.0,-46.8616927959201,-37.17607399781557,1.551406281578851,0.0,-54.93222301934015,-36.14356076993916,3.0260372428572797,0.0
-12.109162230568227,2.914678168391699,10.949254294815102,0.0,-35.5934898433859,-1.5983921741397982,1.366808742098634,0.0,-72.0691671000951,-5.805457263499916,2.4173527083864172,0.0,-7.111484772178555,-35.95904159789407,4.174590081691818,0.0,-46.86769794836706,-37.1918455942073,1.5625663231262497,0.0,-54.90798698837607,-36.155987559551434,3.007302998973996,0.0
-11.479441209678901,2.98670210618514,11.05036289768632,0.0,-35.591118699285495,-1.5858956250196377,1.3532068176640824,0.0,-72.06889645365109,-5.812092768386511,2.4044639645443038,0.0,-7.098588328963208,-35.98346793031506,4.196790775930461,0.0,-46.87999223667662,-37.20245101518264,1.5725170640844457,0.0,-54.88734832241827,-36.166728654572935,2.990030669471304,0.0
-10.848823622947041,3.0251730506580863,11.129069842339014,0.0,-35.586255468874896,-1.5761560985126426,1.343473569178789,0.0,-72.06577045237107,-5.81708131614757,2.3945256496357636,0.0,-7.08827064371713,-36.00865406601992,4.2220861512521655,0.0,-46.89963743155807,-37.20449168976249,1.5793925633131014,0.0,-54.87189562560853,-36.175870931732476,2.975880561890632,0.0
-10.21124913266466,3.0257282970508985,11.176397442287849,0.0,-35.57946046701215,-1.571850596776911,1.3356777421973973,0.0,-72.05880783798017,-5.818971081240075,2.3877670115308707,0.0,-7.080515465514965,-36.03563493428685,4.24969186225149,0.0,-46.92676886117937,-37.196546759372445,1.5829188177159352,0.0,-54.8619002403445,-36.18364255608938,2.965413998635505,0.0
-9.561069151777286,2.988256582657904,11.183051696925675,0.0,-35.57189887373528,-1.574790766355064,1.3275014382158226,0.0,-72.04792669323324,-5.81757657198277,2.3838991155778064,0.0,-7.074778950288577,-36.0650790402583,4.277713441437481,0.0,-46.95955549246662,-37.18013380887879,1.584161504090039,0.0,-54.856274773843154,-36.190384995090334,2.9578141062369294,0.0
-8.894594397318587,2.9160242706710857,11.141660955990162,0.0,-35.56464653088082,-1.5855142725069182,1.3171738059702083,0.0,-72.03392392009941,-5.813590986677304,2.3823187078724484,0.0,-7.070030654228724,-36.096973950666296,4.303447655627981,0.0,-46.99403322747686,-37.1595334118274,1.5847290464175785,0.0,-54.85296286717682,-36.19648899329873,2.9513804389060176,0.0
-8.21156229111616,2.8138980586350826,11.048974959605557,0.0,-35.55801620722604,-1.6030834706806587,1.3041318920907923,0.0,-72.01840642817446,-5.807964170185069,2.38255536434632,0.0,-7.064896948970227,-36.13042578780478,4.324034314505187,0.0,-47.025060116001825,-37.14038329007532,1.585961739412486,0.0,-54.84961419493829,-36.20230390740759,2.944476096684454,0.0
-7.51616822337667,2.6863798471538303,10.907260991906453,0.0,-35.55129066249707,-1.6251635472850028,1.2891931200993003,0.0,-72.00352334613237,-5.801419414427953,2.384723325115088,0.0,-7.0579337248221865,-36.16372546525114,4.337332488414505,0.0,-47.04792918160895,-37.12768847983776,1.5885488669152714,0.0,-54.84429926180047,-36.20806096530882,2.9363101790985535,0.0
-6.8171504538883845,2.536178214348359,10.724208855255759,0.0,-35.543036497021596,-1.6483993471554799,1.27425758740522,0.0,-71.99139608377634,-5.794224167278231,2.3896522952571573,0.0,-7.048008236544153,-36.19475581763188,4.342733660136984,0.0,-47.0598308851095,-37.12419517150991,1.5926448188453453,0.0,-54.83602358099119,-36.21383983764386,2.927160633475806,0.0
-6.126538502230722,2.363877983894305,10.51109296460681,0.0,-35.53189255873163,-1.669081304113238,1.261678492781721,0.0,-71.98336463284295,-5.786136476415572,2.3985200869545924,0.0,-7.03467119830745,-36.22165410896169,4.341559379402957,0.0,-47.060591253573364,-37.12975114848343,1.5982008090236572,0.0,-54.82487702404321,-36.21959060290556,2.917999675500699,0.0
-5.457103441017083,2.168730379613459,10.279722223825999,0.0,-35.51750812704429,-1.6839988623969315,1.2534910273627027,0.0,-71.9792950933406,-5.776495130828889,2.4120733303704576,0.0,-7.018339101594403,-36.24349371339276,4.336799070451541,0.0,-47.05258351128817,-37.141706424967175,1.605157524297617,0.0,-54.81178829090877,-36.22520380938536,2.9097713038176867,0.0
-4.819237245514199,1.9499437026278326,10.039419507952493,0.0,-35.50122159851452,-1.6912265515723544,1.2507406557667302,0.0,-71.97720977348136,-5.764492997476778,2.429753750429354,0.0,-7.0001620642981655,-36.260699324996665,4.332207949584173,0.0,-47.040006783815514,-37.15600982560774,1.6133599616830772,0.0,-54.79803151259112,-36.2305850029727,2.902738391006668,0.0
-4.218566928372623,1.7077737792423484,9.79528182184903,0.0,-35.48612956895033,-1.6905331249512763,1.2531530159830453,0.0,-71.97344939814691,-5.749603438113731,2.4491598359683717,0.0,-6.98160327666502,-36.27499231432586,4.331101515439411,0.0,-47.02778296678793,-37.16852691679779,1.622333329675719,0.0,-54.784759180760204,-36.23566440969904,2.89626105015504,0.0
-3.6554328576551214,1.444237117947928,9.548218265118646,0.0,-35.476398131211575,-1.6832572404225923,1.2592666484416721,0.0,-71.96342313640952,-5.732015337379753,2.4661860941094282,0.0,-6.9639100670445675,-36.28884872797365,4.335356901435338,0.0,-47.020313110449585,-37.176156941030655,1.6311734177513433,0.0,-54.77278950956227,-36.24030573517487,2.8890885356301848,0.0
-3.12634231683724,1.16362699720103,9.296411313071884,0.0,-35.47597837503414,-1.6717497363218712,1.266946803687679,0.0,-71.94277249975111,-5.7128864359801685,2.4758735757998327,0.0,-6.94772536227863,-36.30466746722847,4.345019874615113,0.0,-47.020364059221045,-37.17748613911059,1.6387108017441516,0.0,-54.762670781807756,-36.244163123012584,2.879954198534021,0.0
-2.626472775886847,0.8727589805402172,9.037432508509832,0.0,-35.48717831945401,-1.6586395779753476,1.2740494052109135,0.0,-71.90898124861573,-5.693978074501958,2.474155339866659,0.0,-6.933025598173334,-36.32397918914857,4.358607431274827,0.0,-47.028388023652134,-37.17291353617043,1.6439141360913503,0.0,-54.754856420638774,-36.24660235858635,2.868154219648819,0.0
-2.152043816133162,0.5805062033177393,8.770221716754474,0.0,-35.50966461261908,-1.6461638900732778,1.2789990722240674,0.0,-71.86392594976935,-5.675979509347381,2.4617779729478153,0.0,-6.9193989584533,-36.346995697108234,4.373908560567564,0.0,-47.04252214000591,-37.164334383605166,1.6463384983465534,0.0,-54.74979579131841,-36.24679038449933,2.8538705521864163,0.0
-1.7018525529759172,0.2963194692351063,8.496297462136418,0.0,-35.540358173365384,-1.6357144515488633,1.2811387506307081,0.0,-71.81408285578244,-5.657696787579597,2.4464749843350893,0.0,-6.906496689033867,-36.37262912444657,4.388919986307831,0.0,-47.05931887139282,-37.15451976385249,1.646382364492716,0.0,-54.74785763169924,-36.24396484078557,2.8381725652647134,0.0
-1.2778466398333226,0.02800777138406474,8.219805434464407,0.0,-35.57435819831821,-1.6276954630680516,1.2807947311798902,0.0,-71.76820483800967,-5.6365906122773515,2.4410843660361436,0.0,-6.894417660899322,-36.39891285188282,4.402508100485136,0.0,-47.06166123124046,-37.13069483127745,1.6630131134614867,0.0,-54.749147421278145,-36.2377783517195,2.822796033179344,0.0
-0.8848191130509608,-0.22037139186138255,7.946302966960461,0.0,-35.60656319164089,-1.6217234879374232,1.2790526618744078,0.0,-71.7355215226185,-5.609104164850686,2.4613690795190486,0.0,-6.883855185740178,-36.42363329258358,4.414517164124369,0.0,-47.06689514529998,-37.119549497060035,1.6721177107971368,0.0,-54.75336579533957,-36.2285500997347,2.809836981896888,0.0
-0.5292399094229241,-0.44946406022549823,7.6805713851945665,0.0,-35.63329206034032,-1.61706537616051,1.277311008469617,0.0,-71.72364235731281,-5.571743306413429,2.5225914276992807,0.0,-6.8759730951956985,-36.44495240023389,4.425359125073934,0.0,-47.067302891119695,-37.11402840483847,1.6826459729698033,0.0,-54.7598353058959,-36.21729756219334,2.801360098580105,0.0
-0.21731683361093523,-0.663752904776004,7.4242769163175435,0.0,-35.65320666843833,-1.6130852635868633,1.2767679706982626,0.0,-71.73642550974549,-5.522745747270547,2.6349382596058195,0.0,-6.872092448591779,-36.46183524422486,4.435427145297766,0.0,-47.06184178645408,-37.11189923245368,1.697490889648373,0.0,-54.767709251708574,-36.20553158711954,2.7987883113147145,0.0
0.04720772613648805,-0.8691378965432079,7.174676415664358,0.0,-35.667214562628665,-1.609497201094534,1.2780251290298388,0.0,-71.77264406381086,-5.463366041837475,2.799368597981431,0.0,-6.8733191420301605,-36.47418008937842,4.444719427008264,0.0,-47.05172112542226,-37.11095480447034,1.7172746029082386,0.0,-54.77625718540569,-36.19488741675836,2.802186055630381,0.0
0.26461195470562604,-1.0701710951046444,6.925274155275401,0.0,-35.67753401910399,-1.606371333579979,1.2809309857303273,0.0,-71.82594375076913,-5.3978921560427935,3.0057001475962233,0.0,-6.880233571822812,-36.482663961406985,4.45283264022588,0.0,-47.03931494727329,-37.10918648281044,1.7407223037401884,0.0,-54.785083452097695,-36.18669726774919,2.8100055685542777,0.0
0.4393289138755714,-1.2683504586957106,6.668321781550892,0.0,-35.68645049789063,-1.6039781074549282,1.2847008361330747,0.0,-71.88598559102793,-5.332106258699565,3.2341197959256895,0.0,-6.8927243666405165,-36.48841600928918,4.4592396837696615,0.0,-47.02722267739928,-37.10529143305904,1.7653831858135387,0.0,-54.79416668994554,-36.181640451522,2.819621116477311,0.0
0.5786471480017692,-1.4621533847682304,6.397997638611672,0.0,-35.69533757833105,-1.602620538039968,1.288256329872091,0.0,-71.94014233893344,-5.270674549733168,3.4599723213287996,0.0,-6.909996259815271,-36.49266650937971,4.463678658388263,0.0,-47.01761564706789,-37.09910811121535,1.7885832554516252,0.0,-54.80369430181623,-36.17961204421805,2.8282395575946193,0.0
0.6907602838894125,-1.6484838892196558,6.112755378155574,0.0,-35.70428521489509,-1.6025958767110549,1.2906199797336253,0.0,-71.97506575802309,-5.214511413632285,3.6603085115172656,0.0,-6.930720229348877,-36.49648389418425,4.46645885881345,0.0,-47.011917688538865,-37.09168015453682,1.808256042838151,0.0,-54.81379432624655,-36.179863295038864,2.8336822076107993,0.0
0.7831303173045008,-1.8246315339861239,5.815818315146997,0.0,-35.71235195502549,-1.604295239544956,1.2911640766803245,0.0,-71.97789013403812,-5.159248502221565,3.8200646603732764,0.0,-6.953247736137191,-36.500640219066085,4.468476502959609,0.0,-47.01070233324225,-37.08479956558324,1.8234184152954143,0.0,-54.82432795243676,-36.181346520836954,2.834884790600624,0.0
0.8616510167344238,-1.9898342417896497,5.513681723953647,0.0,-35.7182253817938,-1.608244902116545,1.2896423811817872,0.0,-71.93735582571493,-5.095495217822653,3.936363099222226,0.0,-6.975811084614531,-36.50558434809021,4.4708467971452865,0.0,-47.01368259535056,-37.08021355369577,1.8342243435171817,0.0,-54.83483621037828,-36.183124440262894,2.8321030887051197,0.0
0.9305117656165312,-2.1458581916174673,5.213289036377841,0.0,-35.72098339803028,-1.6148804690736913,1.2861119739198212,0.0,-71.84529840520761,-5.0107996468466265,4.020673164436996,0.0,-6.996662370906888,-36.51147283261098,4.4743059778608565,0.0,-47.01972936012215,-37.07887652538656,1.8416599585939668,0.0,-54.84460845017235,-36.18469235251129,2.8267659224625454,0.0
0.9924869812086108,-2.296462062540348,4.919038768916728,0.0,-35.72063864948579,-1.6241581613000804,1.2808630263146572,0.0,-71.69848832401736,-4.892659042232572,4.098113234927899,0.0,-7.014141994637091,-36.518210586045036,4.478726496103572,0.0,-47.02692893936176,-37.08057324939962,1.8470102508108024,0.0,-54.85277294781742,-36.18610180153014,2.8209102997373474,0.0
1.0495136116141923,-2.446077025213227,4.630881520608574,0.0,-35.71822745376629,-1.6353621541370469,1.2743569601233489,0.0,-71.4998145224466,-4.731927822851515,4.202639235008558,0.0,-7.026723581128413,-36.52548936763559,4.48307763472984,0.0,-47.0327703745984,-37.084064554353354,1.8512645932684535,0.0,-54.85835598635025,-36.18785322312902,2.8162821789290984,0.0
1.1034011885805262,-2.598326245244605,4.344439255215278,0.0,-35.715421812919715,-1.6472624278835388,1.267163695846678,0.0,-71.25768377781523,-4.525773931468766,4.369631454687775,0.0,-7.033127246974375,-36.53286148743859,4.4859667703616335,0.0,-47.034588109266096,-37.08771993548324,1.8546631984341921,0.0,-54.86036095298986,-36.190620017250104,2.8134869538179306,0.0
1.156331143110715,-2.7549685271648006,4.053363169499789,0.0,-35.71388067412226,-1.6584464654824504,1.2599441698313232,0.0,-70.98349997133725,-4.279222456797214,4.627620460257739,0.0,-7.032548090513982,-36.53989093318339,4.486581873834483,0.0,-47.03029023401576,-37.090406568467024,1.8566001198822768,0.0,-54.857960122698806,-36.19493971007745,2.8117520523587416,0.0
1.210891647411727,-2.915496946294674,3.7532075413489796,0.0,-35.71462829520584,-1.6676394363777778,1.2534677310405673,0.0,-70.68817071536414,-4.004790846586919,4.990274254177177,0.0,-7.024907323345861,-36.54635335489273,4.4855254403803535,0.0,-47.01917922505667,-37.09224775441906,1.8560237618480642,0.0,-54.850796422712214,-36.20101839508973,2.809511207631612,0.0
1.2697592229332422,-3.0772266854894,3.4452473805733437,0.0,-35.71764260222211,-1.6739837809480331,1.248565282872848,0.0,-70.37920766191553,-3.720256009233845,5.450796994949463,0.0,-7.01093230083591,-36.55236754213393,4.484919473084293,0.0,-47.002486190746595,-37.09486383267142,1.8522422793684559,0.0,-54.839244820524215,-36.20872363094911,2.805368961844948,0.0
1.3353088475643018,-3.2356119559830567,3.138392351470733,0.0,-35.7216884934783,-1.6772934733343927,1.2459379337453305,0.0,-70.0596078279726,-3.4450113222111085,5.981253865513624,0.0,-6.991941469959396,-36.558340283566174,4.487506779878457,0.0,-46.983251737410235,-37.100890363861495,1.8457214533717607,0.0,-54.82444872179744,-36.21772480014438,2.7988286167152285,0.0
1.409336340717406,-3.3847569813845935,2.8480332542474223,0.0,-35.72436597657,-1.6782305837823976,1.245848814597844,0.0,-69.72855887576459,-3.1958890126731347,6.538056352826539,0.0,-6.969415347345501,-36.56473512790104,4.4951411005301996,0.0,-46.96536013842079,-37.11280317753168,1.8383176682855336,0.0,-54.80806393378431,-36.22766392845205,2.7905311673549456,0.0
1.4929304236397236,-3.5182996027898135,2.5920672828389595,0.0,-35.722374285198285,-1.6783027958416579,1.247819670512901,0.0,-69.38304629210317,-2.9836678414596527,7.072390610320217,0.0,-6.94458852427663,-36.57183229853405,4.507524043208532,0.0,-46.95178401895745,-37.13129815323259,1.8325835709844291,0.0,-54.79179753665225,-36.238254370342645,2.782063529207319,0.0
1.5863452316958817,-3.6307591287522722,2.3856661525083016,0.0,-35.7120355009695,-1.6796193453131405,1.2504737808906894,0.0,-69.01933724723928,-2.811367697996962,7.542149451492093,0.0,-6.918261755389301,-36.57966616697064,4.521925864279028,0.0,-46.942449341101344,-37.15373101147154,1.8302268491628908,0.0,-54.77690871763372,-36.24928105152259,2.775401460713672,0.0
1.6886070659433594,-3.7190644261993038,2.236852560008616,0.0,-35.69010090453395,-1.6844214767683265,1.2516430518650967,0.0,-68.63391760680659,-2.6747229997300987,7.921322076836017,0.0,-6.890861185918987,-36.58817242420528,4.534062946088794,0.0,-46.932517852279695,-37.1733628598063,1.830351518585342,0.0,-54.76383416766956,-36.260549244993015,2.77202169049035,0.0
1.7968437096763763,-3.7835946896407924,2.1444939201866173,0.0,-35.6547617317969,-1.694460797359298,1.2488250476579195,0.0,-68.22406213665045,-2.5643706460476032,8.204045352974076,0.0,-6.862622791152792,-36.5973983383578,4.539729975225356,0.0,-46.91203578560055,-37.18018826875566,1.8285814825413276,0.0,-54.75206810349081,-36.27184948130463,2.7719891992436967,0.0
1.9058292955161766,-3.828031605496193,2.099270396255001,0.0,-35.60661052491803,-1.71035377591968,1.2399855983380395,0.0,-67.78829891632529,-2.468820305029487,8.40270163982336,0.0,-6.833746665778673,-36.607583148737106,4.536490626287225,0.0,-46.86763532099015,-37.16385649830914,1.818138374944601,0.0,-54.740366065338876,-36.28297423806737,2.7736650234980065,0.0
2.0084085832579888,-3.8578255165553763,2.0870448110200357,0.0,-35.54913549023545,-1.7311152037892388,1.2245059664500477,0.0,-67.32668445995088,-2.377315193574569,8.54142962669583,0.0,-6.804432358942936,-36.61901601404545,4.524754510646732,0.0,-46.7864117655207,-37.118643548216774,1.7930797005875476,0.0,-54.727214168968665,-36.29377992956477,2.774332572029685,0.0
2.0970292637477304,-3.8779141707589018,2.093256332835015,0.0,-35.48837104861245,-1.754107533956887,1.2038646356683387,0.0,-66.84053347656571,-2.2819963134309376,8.647565042125354,0.0,-6.774813212069738,-36.63174351228532,4.507828386772143,0.0,-46.66139032671118,-37.04952752456357,1.7524941983591678,0.0,-54.71138923276353,-36.304254044218425,2.771261475398072,0.0
2.1659332621171936,-3.8909150014768805,2.106696753953841,0.0,-35.43165135575789,-1.7755637126359503,1.1816126579379835,0.0,-66.33139133350939,-2.179086902853463,8.743709374450248,0.0,-6.744889624307154,-36.64533159533903,4.490919989960375,0.0,-46.497102833558934,-36.977193063723256,1.7033771828271238,0.0,-54.69242487895377,-36.31452218084741,2.762576621471922,0.0
2.2131378763443816,-3.8968143214633617,2.1213906750047045,0.0,-35.38580902928041,-1.7916464899533864,1.1624484176316408,0.0,-65.79950418833599,-2.0690331109288778,8.842474923962337,0.0,-6.714560055325312,-36.658891402624945,4.4794608145691654,0.0,-46.3126458326126,-36.93866755516921,1.6602515239787614,0.0,-54.670851065075965,-36.32474671430321,2.7476756460061633,0.0
2.2413708034514066,-3.8942767171958597,2.136193300200425,0.0,-35.35538421905532,-1.7997522195800641,1.1506223879129154,0.0,-65.2424543788969,-1.955733793879105,8.944818789184977,0.0,-6.683757414739643,-36.67141472097484,4.477364638669375,0.0,-46.13888573836354,-36.98036351607672,1.6417667635943634,0.0,-54.64813925234116,-36.334940320260365,2.7271943472282825,0.0
2.2575292613946267,-3.8827525111421313,2.1527613082647434,0.0,-35.3414424964777,-1.799554934818456,1.148258144408791,0.0,-64.65468566072083,-1.845220964595379,9.041740308158271,0.0,-6.652589957759824,-36.682245337325476,4.485849645392241,0.0,-46.008108771727386,-37.14301827245864,1.666653013441593,0.0,-54.62636185273098,-36.344800001586925,2.7026101090206502,0.0
2.2707821334818235,-3.8641614163799325,2.1731817073343827,0.0,-35.34148008014629,-1.7932647578458774,1.1542679532350446,0.0,-64.02832171100017,-1.7443274765445889,9.118347597932422,0.0,-6.621356220578392,-36.69142775506719,4.503185013256195,0.0,-45.93925256905664,-37.4432759133037,1.7503309734401764,0.0,-54.607644905808286,-36.35369813376015,2.6756718903157495,0.0
2.289875501742988,-3.8431655558542257,2.1984080290391574,0.0,-35.35054865771484,-1.784837504130742,1.1643711401782477,0.0,-63.35515873258003,-1.6598207963629914,9.158956702664295,0.0,-6.590383559189533,-36.69977625870763,4.525310074027065,0.0,-45.926901571405544,-37.86150972708625,1.9002395674445616,0.0,-54.59353858585116,-36.36090260611167,2.6479199782572884,0.0
2.3204624288269535,-3.8257225207186165,2.2279222869036985,0.0,-35.36318152535412,-1.778354152781441,1.1723714642487701,0.0,-62.629222784746986,-1.5981280947212433,9.151859433258664,0.0,-6.559769150074409,-36.70866328132877,4.546987633343244,0.0,-45.942188350462516,-38.345522037141045,2.109318994859656,0.0,-54.58446754122244,-36.36595358999012,2.620482655864743,0.0
2.363385583086698,-3.816502458013332,2.260253877464317,0.0,-35.375246755026396,-1.7762621609145057,1.1723526847241033,0.0,-61.8490275349739,-1.5653104096146286,9.09263148497121,0.0,-6.5291882527202905,-36.719618909669286,4.563117310701717,0.0,-45.94610414496444,-38.83125411312916,2.3537483387454152,0.0,-54.57946234356469,-36.36899044352841,2.5941304780686334,0.0
2.4146564266710557,-3.8164915620668163,2.293619561083089,0.0,-35.38487216335514,-1.7783349187906339,1.1609630248705978,0.0,-61.018725969293186,-1.5667016238819578,8.985311933988644,0.0,-6.4979198531653015,-36.73387196331926,4.569933882445458,0.0,-45.90589465245638,-39.268373471645695,2.6010635248631075,0.0,-54.576357711206015,-36.37081109679935,2.5693855502568983,0.0
2.467232854991015,-3.822196500894628,2.32615458835466,0.0,-35.39213977205057,-1.7818994589627426,1.1388137000560645,0.0,-60.147668423558365,-1.6058745327737753,8.841329551903526,0.0,-6.46512572798625,-36.7519774587057,4.565909608035385,0.0,-45.804046553517594,-39.63496051541032,2.824121102955589,0.0,-54.572488976956784,-36.37259935228144,2.546390128167605,0.0
2.513821242164692,-3.8270802490379534,2.3557648674335425,0.0,-35.39794234674164,-1.7832758672914562,1.110372983746566,0.0,-59.24837915249024,-1.6832554299380078,8.676532847730584,0.0,-6.43026841472538,-36.77364696483024,4.5522127888441855,0.0,-45.63776956265218,-39.93647024633872,3.0101969819151844,0.0,-54.565657427172496,-36.375492599374645,2.5240829551574393,0.0
2.549413523171096,-3.8245692828437328,2.380059465559624,0.0,-35.40275804565365,-1.779811038092559,1.0823525042735307,0.0,-58.33353372479138,-1.7952909788251983,8.507062728255994,0.0,-6.3934653435214,-36.79782711166619,4.532549928755296,0.0,-45.413626059358954,-40.19525960169738,3.160653716210657,0.0,-54.55502693626946,-36.38070279164438,2.492213681883955,0.0
2.5725476044585527,-3.8110307456574954,2.396742125509098,0.0,-35.405990932813715,-1.7715712311959724,1.0611470608679348,0.0,-57.41295173426878,-1.9350222524446696,8.345106861197184,0.0,-6.355608071578389,-36.82299900180944,4.512246146996549,0.0,-45.14180836061723,-40.438361861706944,3.28467712119976,0.0,-54.5415297782254,-36.38683218437057,2.47865564319439,0.0
2.585109217810923,-3.7872140581088356,2.4043712816185856,0.0,-35.406137225756794,-1.7617548748014098,1.0503295187489883,0.0,-56.49169687529331,-2.094169670715724,8.19572345410524,0.0,-6.318189735520822,-36.84761489357628,4.496666094119156,0.0,-44.83198243439091,-40.68775511791214,3.392532432759708,0.0,-54.52626466262731,-36.39353035343107,2.471232250755534,0.0
2.591166903025867,-3.757651339788083,2.4030410836657676,0.0,-35.401632805769474,-1.7553900113551855,1.0493918136644735,0.0,-55.57002205218127,-2.265906797643755,8.055752189620753,0.0,-6.282897306635389,-36.87053325041839,4.489497455150202,0.0,-44.49117450989022,-40.9548512619399,3.4914678518718194,0.0,-54.511249600840124,-36.40022821783143,2.4652623963341416,0.0
2.5954725521369992,-3.728611653251278,2.3945827615349984,0.0,-35.39194073617447,-1.7569484252904388,1.0543709914533448,0.0,-54.645197724443754,-2.4470431227349643,7.915255018068711,0.0,-6.251099382864302,-36.891285828058265,4.49165398421955,0.0,-44.12358360931688,-41.239641534740365,3.5846916052156175,0.0,-54.49800336912907,-36.406141514428754,2.460665741760991,0.0
2.6021017204594736,-3.7057280401838524,2.38216379790261,0.0,-35.37829275081131,-1.7683549753445096,1.0596999783486263,0.0,-53.714454620042694,-2.6385836848045585,7.76109731280528,0.0,-6.223399428916622,-36.910070984458955,4.501300448215771,0.0,-43.73164330186377,-41.53374505137945,3.672409332307147,0.0,-54.48716789890596,-36.410827794557,2.457129440797278,0.0
2.6135525753265423,-3.692287630068173,2.369418607376206,0.0,-35.363663595082556,-1.7884270798980157,1.060021666876028,0.0,-52.77774764393154,-2.844348364934902,7.581511598283772,0.0,-6.199413912078715,-36.92750089424764,4.514887874796445,0.0,-43.31729573838312,-41.82553868264742,3.75359057103457,0.0,-54.478535345910906,-36.414288743749424,2.4540677144938865,0.0
2.630459995357975,-3.6887110799848566,2.3594500909513343,0.0,-35.35200093155094,-1.8136410421996825,1.0514355713824202,0.0,-51.839171915149414,-3.068117242341623,7.370075677554819,0.0,-6.177861529408102,-36.944246072818586,4.528590600978227,0.0,-42.88265254543242,-42.10517138933021,3.827369577693622,0.0,-54.47139331525858,-36.41691500970943,2.4506838324241613,0.0
2.6518404859350655,-3.6932158144252023,2.354171812864024,0.0,-35.34710403216232,-1.8396255633092569,1.0322038825946045,0.0,-50.90661370453743,-3.310381684040008,7.127630626840773,0.0,-6.156947617438511,-36.960760631113516,4.539507296777044,0.0,-42.42983520683909,-42.367738248195366,3.8934955424500703,0.0,-54.46356797032484,-36.41754021745983,2.4801284293199473,0.0
2.675608363163705,-3.7031511716188668,2.3543094365236783,0.0,-35.35162369658475,-1.862797629744989,1.0028790628982769,0.0,-49.99009465138268,-3.566111517133546,6.8612963719471125,0.0,-6.134932267909302,-36.97722527192844,4.546304285254779,0.0,-41.96032294042927,-42.613877587762005,3.951881450250184,0.0,-54.457566851344836,-36.42036909524558,2.496004630984892,0.0
2.699177583604862,-3.7161773365069637,2.3598879866983804,0.0,-35.36640932250568,-1.8815847401064882,0.9658492088850013,0.0,-49.099709718038724,-3.8247723176564836,6.580834965997099,0.0,-6.110692380664287,-36.9937142646509,4.549264783364547,0.0,-41.47432117294014,-42.84810613551212,4.001796994780696,0.0,-54.45195669830417,-36.424412854238156,2.5005243008213984,0.0
2.7201772385285485,-3.7306253859029654,2.370600097012339,0.0,-35.39012615131368,-1.8968053869655428,0.9244654735666673,0.0,-48.243963116549686,-4.072936508241261,6.293814854864646,0.0,-6.0840635734670565,-37.01043673780316,4.549827442015667,0.0,-40.970575292255035,-43.07595178749183,4.041362217516195,0.0,-54.44618476753196,-36.42893533903595,2.4985887994985436,0.0
2.7373227914175287,-3.7450369645814714,2.3855878413009766,0.0,-35.41911134509666,-1.9111143266505497,0.8820039082783175,0.0,-47.42899820944835,-4.298514553435496,6.001729154675708,0.0,-6.05582154774195,-37.02783464087091,4.549792753638789,0.0,-40.446856772974456,-43.301175595317744,4.067701496701179,0.0,-54.440022447115936,-36.43309163003267,2.4926647513771343,0.0
2.7511832366185596,-3.757540529279182,2.40284636941343,0.0,-35.4477136802607,-1.927827334431779,0.8407808618116039,0.0,-46.658966888966745,-4.494684489533603,5.698952325921677,0.0,-6.02731177517969,-37.0464013678771,4.550492848665231,0.0,-39.90108873256707,-43.52411978642575,4.077653654552927,0.0,-54.433351913111736,-36.4359194069823,2.484673983971099,0.0
2.7643074875824194,-3.7658054716281892,2.4190277182839193,0.0,-35.46938051109896,-1.9496762452452678,0.8017687407426921,0.0,-45.93749110899408,-4.661657884822991,5.3752656058441985,0.0,-5.999889387111507,-37.066278581424186,4.552228988242048,0.0,-39.3327548563155,-43.741655483192716,4.068650035079145,0.0,-54.42614061625944,-36.43657137105911,2.4759942511144146,0.0
2.7803514816117127,-3.767782362406204,2.4302659969693217,0.0,-35.47840426141401,-1.9779549048428429,0.7648611621962615,0.0,-45.26963916226004,-4.805452404876862,5.021183650058401,0.0,-5.974425087615643,-37.08688838525627,4.554131927441617,0.0,-38.743986538303844,-43.94852532877793,4.039419839682624,0.0,-54.41847554596166,-36.43458627899175,2.4673744710585837,0.0
2.802451265676914,-3.7627741979819076,2.4338236471066157,0.0,-35.47183105032822,-2.0121979941394557,0.7295673792107475,0.0,-44.663293210001584,-4.934273602809204,4.63408244056728,0.0,-5.951114138273643,-37.10691717240894,4.5544328977448245,0.0,-38.139775248116514,-44.13931410337991,3.990383106140742,0.0,-54.410573846059265,-36.43007715216124,2.4590114447647604,0.0
2.831622862441166,-3.7520887728709917,2.429590319082763,0.0,-35.45083208669377,-2.0502761772983558,0.6957074629821554,0.0,-44.12881732042131,-5.054248014027071,4.222595847256802,0.0,-5.929661433085704,-37.12477650490742,4.55107586870357,0.0,-37.52715085128682,-44.31011782827782,3.923698344421135,0.0,-54.40272513192327,-36.423749622505945,2.4507573663400386,0.0
2.866013961574441,-3.738743989734039,2.4204198461081514,0.0,-35.42093286564695,-2.0887906923439346,0.6638114796098655,0.0,-43.67679330448108,-5.166580040761469,3.8071766060334724,0.0,-5.909677997220142,-37.13931221398725,4.5425694527623435,0.0,-36.91365109954532,-44.459307209128205,3.842934229238981,0.0,-54.395199611775155,-36.41673915225267,2.442312587580492,0.0
2.9013894705988976,-3.726267696426455,2.4109826867597572,0.0,-35.39086829055746,-2.1238049101886745,0.6352255354870788,0.0,-43.314727908183144,-5.2675134772287695,3.416128593436053,0.0,-5.890997248526429,-37.150317021664286,4.5288297409846905,0.0,-36.30567468889892,-44.58731906274332,3.7523793800539824,0.0,-54.38818794830667,-36.4103259774695,2.433351647935938,0.0
2.9325919937150466,-3.7172123690362433,2.4056861606785915,0.0,-35.370313243791664,-2.1519432320610754,0.6120665501476239,0.0,-43.044192841641674,-5.350970429760393,3.078321782655122,0.0,-5.873719289902384,-37.158541707424256,4.511613908009496,0.0,-35.70725678924358,-44.695797872944844,3.656121948031876,0.0,-54.381787966712416,-36.40561639356075,2.4237071379757307,0.0
2.9552225210383254,-3.712228482935843,2.4066869117687197,0.0,-35.36708462559638,-2.1715700806671645,0.5969892060207576,0.0,-42.859491797448136,-5.412212240809932,2.8152550301886485,0.0,-5.858020101657319,-37.16525801999564,4.49423320580825,0.0,-35.11954662735996,-44.78653100667215,3.5571217357526184,0.0,-54.37600593781332,-36.403290633281024,2.413622379378296,0.0
2.9667406083200865,-3.710234115162521,2.4128902718041125,0.0,-35.38456382602309,-2.1834268990420043,0.5925020955335292,0.0,-42.74810204683265,-5.45039825583059,2.6353995701259922,0.0,-5.84391894767217,-37.17167719579567,4.480570148084558,0.0,-34.54098502456036,-44.86055584686196,3.4565060905243357,0.0,-54.37075234852387,-36.40350248580763,2.403842402768568,0.0
2.9666552068639502,-3.7095664846874357,2.42030362016944,0.0,-35.42017362625083,-2.190204480955085,0.5997665926580646,0.0,-42.69253052261275,-5.468868087685578,2.5327992489462723,0.0,-5.831177872130305,-37.178512616221695,4.473760699937298,0.0,-33.96800295421801,-44.91766851790899,3.353277107645688,0.0,-54.365835314093935,-36.405944306454245,2.3954096306501267,0.0
2.956110497905658,-3.709442161929293,2.4235321559893404,0.0,-35.46570196057443,-2.1951454389671756,0.6174250194595281,0.0,-42.67307985501272,-5.473500035370394,2.490192295450303,0.0,-5.819367039583135,-37.185798923387395,4.475036060798558,0.0,-33.39601953659935,-44.95640908231806,3.2445466560876817,0.0,-54.3609703696945,-36.41001958259848,2.389283881040825,0.0
2.9374453631709567,-3.710907998436106,2.417825571185354,0.0,-35.50977084361341,-2.2004773632705845,0.6413624589862339,0.0,-42.67101509526468,-5.470430518390242,2.4851523433793155,0.0,-5.808009293229689,-37.19293923250722,4.4831478576980945,0.0,-32.820556545169936,-44.9744752994934,3.1262976930667286,0.0,-54.355842265993886,-36.41505341446987,2.385968426261213,0.0
2.9140388974688687,-3.7167129688443703,2.4009791628225816,0.0,-35.54171266079109,-2.2066440883509664,0.6658206773740751,0.0,-42.671487417703645,-5.464328067193759,2.49670549060202,0.0,-5.796708169465542,-37.198929932226235,4.4946089439540025,0.0,-32.23831629698457,-44.96942333415217,2.9944977109879183,0.0,-54.35024635874473,-36.420491044032104,2.385231819633127,0.0
2.890251200580815,-3.7299852056664413,2.37449129920123,0.0,-35.555108335123265,-2.2126811384312948,0.6852791376575444,0.0,-42.66541741344971,-5.457715890114892,2.5100504341341416,0.0,-5.785228860247664,-37.20273031879418,4.504719862228926,0.0,-31.6480416838975,-44.93944251727557,2.8462287993238835,0.0,-54.34427874363245,-36.42604122162411,2.3859566425760743,0.0
2.8710200052243318,-3.7521475191266376,2.343567276504647,0.0,-35.54920737311986,-2.217204047042408,0.6960089557245386,0.0,-42.649696771863255,-5.4511904880593836,2.518181520352721,0.0,-5.773547263677492,-37.20370399516348,4.509077542781158,0.0,-31.050948841938222,-44.88394830388924,2.6804629622159855,0.0,-54.33846188081167,-36.43172093335199,2.3862137635671665,0.0
2.860920383376895,-3.781050611859402,2.3158226019644523,0.0,-35.527770724975476,-2.2192023251483235,0.6966659274395646,0.0,-42.62572719361481,-5.444136262710449,2.5206343851941444,0.0,-5.761874104431506,-37.20198005095864,4.505074639760771,0.0,-30.450600547060844,-44.803750274303844,2.4982616860655593,0.0,-54.33367543239508,-36.43778439693386,2.3837013881962186,0.0
2.862985517060027,-3.8105431633548417,2.2989432094986366,0.0,-35.496564528049134,-2.2183002165600314,0.688075617690167,0.0,-42.597151021756765,-5.435583818105561,2.5205433290068857,0.0,-5.750633564556258,-37.198558095998166,4.492854644206405,0.0,-29.85227491657081,-44.70068447452341,2.3024433184059827,0.0,-54.330873804982886,-36.444575190251435,2.3764786184104914,0.0
2.877829637372227,-3.8322054853902703,2.29805279990571,0.0,-35.461218464819844,-2.214666882685748,0.6726771144106118,0.0,-42.567927858917955,-5.424945255363095,2.5214811484486255,0.0,-5.740371128015303,-37.19506080369248,4.475306431473898,0.0,-29.26204614342435,-44.57686951224946,2.096969863260819,0.0,-54.330722786474794,-36.45237588289651,2.363644642384516,0.0
2.9034413994479786,-3.83872672761877,2.3138529079239127,0.0,-35.426255732653416,-2.2088454505892514,0.6539153486265388,0.0,-42.54140286968084,-5.412418773102703,2.5252527377195015,0.0,-5.731597711464535,-37.19319272415076,4.456992078852917,0.0,-28.685821778050723,-44.43400640041343,1.886326333245373,0.0,-54.3333273767071,-36.461307146605,2.34564016040029,0.0
2.9356997104189366,-3.8271850636452376,2.3424382876145575,0.0,-35.39503347658143,-2.201614565386242,0.6356228712174605,0.0,-42.520218900301074,-5.3989906729400206,2.531158487194146,0.0,-5.724622727124604,-37.194120012168,4.442373554702822,0.0,-28.128512929671842,-44.273161909253304,1.6750250375376865,0.0,-54.338142282096086,-36.47127666374915,2.3241344630728182,0.0
2.969436040853398,-3.8003739667998113,2.3769661782348503,0.0,-35.36998700574964,-2.1938780026850093,0.6213730074199928,0.0,-42.50648842760054,-5.386162836700303,2.5365487722143136,0.0,-5.71944441851827,-37.19804878654168,4.43411341311606,0.0,-27.59344466822706,-44.0951754911951,1.4672092809435107,0.0,-54.3440425908607,-36.48193877433655,2.3017446828029104,0.0
2.999711189657651,-3.7655275806130852,2.4103747394555093,0.0,-35.35281508515906,-2.1865347419482344,0.6138951719789256,0.0,-42.50170490906716,-5.375631236253269,2.53807485990621,0.0,-5.7157384788676495,-37.204192803589024,4.432245955863053,0.0,-27.082069436692194,-43.90139280579524,1.2662891055740069,0.0,-54.34938840416572,-36.492594031978136,2.282189235301299,0.0
3.0229128888711774,-3.7313275610021908,2.4377485175185996,0.0,-35.34455684349778,-2.1803034875846006,0.6147054405635082,0.0,-42.5062304231764,-5.3690624274890455,2.532997821530911,0.0,-5.7129413328380085,-37.211125248923,4.434547119950944,0.0,-26.594012314960864,-43.69417890397067,1.07463100858919,0.0,-54.351692979688494,-36.50190837413188,2.272115562740284,0.0
3.0373929163131814,-3.704775707820108,2.4572366892770674,0.0,-35.345592244473465,-2.1755490802883646,0.6240076489445991,0.0,-42.518624276763134,-5.3679592612719915,2.520097100336219,0.0,-5.710387757323868,-37.21732590475469,4.4377737556585295,0.0,-26.12744470303468,-43.476814899144536,0.8934255256952124,0.0,-54.34871286746559,-36.5084677989442,2.277278782580142,0.0
3.0435552511644364,-3.6892172292464096,2.4694440513170246,0.0,-35.35551609047126,-2.1722100182325796,0.6407870197552796,0.0,-42.535371593819974,-5.373495536402036,2.4999543156046062,0.0,-5.707446407997709,-37.221671674159836,4.439059912672903,0.0,-25.67972283671898,-43.25282000433116,0.7228211839093621,0.0,-54.34194700078899,-36.512566387762924,2.290106654920592,0.0
3.043442384075977,-3.6840385314339548,2.4761152359020713,0.0,-35.372826159505564,-2.1698946451653267,0.6629875877580167,0.0,-42.551508541745775,-5.386204459826485,2.474618050890676,0.0,-5.70360851708466,-37.22369391768806,4.436856431378837,0.0,-25.24813276045523,-43.025100971876995,0.5622408065494255,0.0,-54.33326633982599,-36.51468322206108,2.3033224687311264,0.0
3.0399754080902026,-3.685795891077624,2.4790680654755732,0.0,-35.39453791775178,-2.1681142854497075,0.6877275875360853,0.0,-42.562123444187144,-5.405555955543472,2.446870940194847,0.0,-5.698512026889861,-37.22356599518321,4.431183122672502,0.0,-24.830523150069265,-42.7953679514734,0.4106737110219427,0.0,-54.32378462771559,-36.51521582176148,2.313796414019688,0.0
3.03611724681154,-3.6900005470661483,2.479790429624197,0.0,-35.41606215933179,-2.166526365741193,0.7115939085512233,0.0,-42.564024588905866,-5.4296709029007335,2.4194492877432285,0.0,-5.691903240581328,-37.22189277403639,4.423298956370942,0.0,-24.425638274928268,-42.564038557732594,0.26680828697841363,0.0,-54.31441857617487,-36.514892617714956,2.319946198859588,0.0
3.034233341239852,-3.692691590351826,2.479511370380873,0.0,-35.431725106476314,-2.165047022456662,0.7311149428135328,0.0,-42.55662225539952,-5.455489198771159,2.394507625296413,0.0,-5.683555340751142,-37.219415477667745,4.415042384927512,0.0,-24.033070773524194,-42.33056869814282,0.12905350963509044,0.0,-54.30599489708251,-36.514739497578866,2.320903400810714,0.0
3.03577381006753,-3.6912837836355488,2.47934960131526,0.0,-35.43604460162579,-2.163779771639394,0.7434688248449453,0.0,-42.541601458471405,-5.47948550137618,2.3734073558287445,0.0,-5.673193786895972,-37.216745814747725,4.408101747295039,0.0,-23.652909605670644,-42.093950192044744,-0.0043829083236630595,0.0,-54.2992424281163,-36.5158101574393,2.316184291536704,0.0
3.0412392377048576,-3.6846988399822322,2.4802855150106,0.0,-35.42540865341522,-2.162820281456195,0.7472948847424128,0.0,-42.52179092343102,-5.498647959564948,2.3567260739828253,0.0,-5.66049788078098,-37.21422372849557,4.403427266817502,0.0,-23.285311294136875,-41.853120142946324,-0.1352150430537442,0.0,-54.29477740254888,-36.51885449608413,2.3055239941620993,0.0
3.0503350979049335,-3.673120788199845,2.482937436718162,0.0,-35.39945432666532,-2.1620485055481318,0.7432677833962211,0.0,-42.499992235766456,-5.5112475819617135,2.344362203764142,0.0,-5.645209772493827,-37.2119465759269,4.400941438200833,0.0,-22.93027058834759,-41.60723103844677,-0.2645791311939121,0.0,-54.29309567979807,-36.524090340814624,2.2887961772320153,0.0
3.0622272009666727,-3.6577076886102526,2.487308210647816,0.0,-35.3615043724618,-2.161007677751744,0.7340934285716907,0.0,-42.47827536019739,-5.51709655290965,2.335682110699654,0.0,-5.62729740242545,-37.209941309982796,4.399637961862869,0.0,-22.58775260457268,-41.35594837639121,-0.3924503227107792,0.0,-54.29465651745154,-36.53122562180696,2.2656737922835113,0.0
3.0758206339607765,-3.640355729450647,2.4927392566135396,0.0,-35.31785990949963,-2.1589483264029106,0.7238441270342539,0.0,-42.4578343306624,-5.517316016392734,2.3297002679100753,0.0,-5.607062581709513,-37.208369374577906,4.398030222025932,0.0,-22.25813757303587,-41.09997618045798,-0.5172158260230102,0.0,-54.300861404690565,-36.540059444808655,2.232673783392487,0.0
3.0900111244570976,-3.6233968574037316,2.498199959912716,0.0,-35.276253238370906,-2.1550829340756597,0.7168790610519906,0.0,-42.43925120768326,-5.5138162597339,2.325283545453164,0.0,-5.585121661274328,-37.207622005164055,4.39474871341138,0.0,-21.942736581110797,-40.841826205474334,-0.6356243992701778,0.0,-54.310384614839975,-36.54961861788285,2.197044908092151,0.0
3.1039128247578267,-3.60910681456979,2.502794979805273,0.0,-35.244026797247514,-2.149003921542578,0.716759028340995,0.0,-42.422902053428935,-5.508682840085329,2.321373088145714,0.0,-5.562286052061557,-37.20822876743308,4.389030052413862,0.0,-21.64403175482547,-40.586552823931434,-0.7431962351074741,0.0,-54.31238496771843,-36.55486383611951,2.1865391973359056,0.0
3.117083974224961,-3.5990898148819364,2.5061931560311344,0.0,-35.22655503856475,-2.1410843305062244,0.7254843395270667,0.0,-42.40921287671408,-5.503595446691851,2.3172146236065494,0.0,-5.539426319206148,-37.210626690227976,4.380935130162699,0.0,-21.36532749851754,-40.34193813856009,-0.8350188633356304,0.0,-54.31304214721928,-36.5580431362265,2.17897016855426,0.0
3.1297030605635703,-3.5937854002558414,2.508733965653118,0.0,-35.22622516216539,-2.1326198760761237,0.7431894247552995,0.0,-42.39859058150011,-5.499387859260048,2.3125526454209986,0.0,-5.517357616017051,-37.21492331936471,4.371267455656049,0.0,-21.109735946834334,-40.117626911342185,-0.9067373364441806,0.0,-54.311743102122314,-36.55918946021937,2.17410915384761,0.0
3.14258094313551,-3.592332773272724,2.5111888102395756,0.0,-35.24209907313097,-2.1255654087556177,0.7682832253681662,0.0,-42.391082417847514,-5.495879495230679,2.3077033656705286,0.0,-5.496714767554047,-37.22078581769574,4.361246718670008,0.0,-20.87882485095103,-39.923126571273556,-0.9554436531199997,0.0,-54.30844648066801,-36.55881634110291,2.171086893865068,0.0
3.1569369337809494,-3.5928585710411394,2.514353310972929,0.0,-35.270170577002,-2.12191088930377,0.7979707404707224,0.0,-42.38600458466065,-5.49208903985211,2.303437805781522,0.0,-5.477794429223207,-37.22751584776548,4.352053705103083,0.0,-20.67160075811438,-39.76532711667667,-0.980088479957125,0.0,-54.30369640447692,-36.55773714372535,2.168680805318358,0.0
3.1739849223879295,-3.5930850790898585,2.5187115711940677,0.0,-35.30387936762956,-2.122874057072732,0.8290776391257095,0.0,-42.38179875512763,-5.486815398092237,2.300693888186059,0.0,-5.460412249227753,-37.234263646846856,4.344423109503682,0.0,-20.484523002024996,-39.64683813153101,-0.9811196097028034,0.0,-54.29843109175049,-36.5568361071316,2.1656432191978183,0.0
3.194468669055352,-3.591066395481719,2.524338367830424,0.0,-35.334470480975895,-2.1280796882534254,0.8590947847776063,0.0,-42.3762322536062,-5.47938449250936,2.300227476031175,0.0,-5.44386223850081,-37.24025385306466,4.3384590288022515,0.0,-20.31287805483622,-39.56638241563985,-0.959395732346465,0.0,-54.29363896253082,-36.55684762956274,2.160990663523556,0.0
3.2183171869209035,-3.5858209887859047,2.5310349883877272,0.0,-35.35114056773845,-2.1348650850372,0.8873455726984973,0.0,-42.366875034318106,-5.470236500549504,2.302327932779294,0.0,-5.427029602863286,-37.244906459269146,4.333734125298649,0.0,-20.153219566395926,-39.52145948328708,-0.9148538798250083,0.0,-54.289976707314366,-36.55818502430287,2.154218859513639,0.0
3.24457029703348,-3.5776314704375602,2.538541983046649,0.0,-35.34148582317948,-2.13794595016563,0.9160993339158452,0.0,-42.35168498909644,-5.461052349587256,2.3066693967750957,0.0,-5.408635131380289,-37.24784332719145,4.329579970330023,0.0,-20.005918732637205,-39.51200690286563,-0.8455988705140509,0.0,-54.28749006764441,-36.56085403131147,2.1454047772794596,0.0
3.2716477929372534,-3.567867673256224,2.5466601766860713,0.0,-35.292978627435744,-2.1298045312671263,0.9512837954069786,0.0,-42.329540747648785,-5.454281897790653,2.3123182467194514,0.0,-5.387534282733082,-37.248879106600945,4.325408596903115,0.0,-19.876480802197168,-39.54286392958253,-0.7478906365462326,0.0,-54.28555485676483,-36.564484566637866,2.135141518389988,0.0
3.297899668601043,-3.5583662692821747,2.5552290759841974,0.0,-35.19568751416065,-2.102043738070641,1.0023195679966657,0.0,-42.3006317582467,-5.452184075347394,2.3178986068373355,0.0,-5.362971223546151,-37.24808939172028,4.320945552604693,0.0,-19.774512636677184,-39.62317027831584,-0.6170488153934208,0.0,-54.283080673720875,-36.568487986550416,2.1242975245256233,0.0
3.322217111596035,-3.5506072202932577,2.5640364650465965,0.0,-35.0454633004513,-2.0474884056606673,1.0807361506199848,0.0,-42.26667916997851,-5.455747039122044,2.3218867377775663,0.0,-5.334689653389582,-37.24593030511725,4.316317634631405,0.0,-19.710179763831956,-39.76226285974008,-0.4488551337557407,0.0,-54.27891589776297,-36.57229247731044,2.1136927080570533,0.0
3.3444046042653772,-3.545055055060079,2.5727701630834012,0.0,-34.8460411185648,-1.962291768756712,1.197721340695474,0.0,-42.2309450436506,-5.463997787459408,2.3229535625451287,0.0,-5.302844348380642,-37.243282662288365,4.311975676753317,0.0,-19.68927900791899,-39.96341948252412,-0.24093980232353118,0.0,-54.272306013056415,-36.57556559740029,2.103847845515954,0.0
3.3651144342113843,-3.540982906038387,2.5810615784541184,0.0,-34.608633140284816,-1.8471565728596566,1.361379605306432,0.0,-42.19789781850434,-5.4740973199285525,2.3202703119196393,0.0,-5.2677578090890655,-37.241319054911976,4.3084829288779645,0.0,-19.708937264683684,-40.21811538108942,0.006035551138570128,0.0,-54.26323173316058,-36.57833660526503,2.094915819801317,0.0
3.3853979059676345,-3.5368690470758786,2.5885855585622313,0.0,-34.348769676465004,-1.7071732692405117,1.574781113365308,0.0,-42.1723840199914,-5.482252106256149,2.3137474151050625,0.0,-5.2296798323318745,-37.24121930048991,4.306275423504163,0.0,-19.755882353297828,-40.50367976684454,0.2872674746428512,0.0,-54.252495490513546,-36.58097482721436,2.086780734137834,0.0
3.4061511071890935,-3.531163019517499,2.5951672564136086,0.0,-34.081723333753466,-1.5504234686353957,1.835574109909972,0.0,-42.15833248106136,-5.485061226306281,2.304190981954406,0.0,-5.188729084613352,-37.24386947626615,4.305519882420384,0.0,-19.808288433451633,-40.78602070948601,0.5929012295497476,0.0,-54.24150382753817,-36.58403099866679,2.079227207266282,0.0
3.427755707424202,-3.52301638376366,2.600885109239197,0.0,-33.818656610983744,-1.3859446930579526,2.137181214250112,0.0,-42.15732365918526,-5.480708399884198,2.2932886109915405,0.0,-5.145068159081357,-37.24967488462005,4.306098014760472,0.0,-19.840845621828144,-41.026680277346465,0.9081019010998954,0.0,-54.23178624374015,-36.58798820604834,2.0720953351991955,0.0
3.450042007668948,-3.512594239726111,2.6061556643015003,0.0,-33.565039629199454,-1.2217620169048828,2.4708986855780255,0.0,-42.167623678243224,-5.469495212950443,2.283297587277964,0.0,-5.099173507423931,-37.258521150570964,4.307636621550811,0.0,-19.831377631353877,-41.19122095443522,1.214894329086146,0.0,-54.22440066390936,-36.593005411174566,2.0653876904196338,0.0
3.4724952824296125,-3.5008505718008722,2.611741349541937,0.0,-33.321468618289,-1.063598306190995,2.8279274425351133,0.0,-42.18431952004972,-5.453526885778606,2.2764342411712892,0.0,-5.051977372023458,-37.269842271039096,4.309522098658052,0.0,-19.766560495657696,-41.25558731388682,1.49549391353192,0.0,-54.219475020028064,-36.59876825769548,2.0593063998743766,0.0
3.494530024274336,-3.4889874092408792,2.618610953711034,0.0,-33.08587991756852,-0.9145942073887401,3.2005652565514673,0.0,-42.20081153599472,-5.435751263650588,2.274186477387575,0.0,-5.004757430651004,-37.282754851184876,4.310935187749177,0.0,-19.64465988645471,-41.208865155397916,1.7357448266465703,0.0,-54.216133049570004,-36.604550538846475,2.0541910857692933,0.0
3.5156840376322704,-3.477963546106791,2.6276307149603237,0.0,-32.855831724385105,-0.7758805050589963,3.5824001114637225,0.0,-42.211177651316504,-5.418821261585817,2.276873650066568,0.0,-4.9588378702680025,-37.296240708630016,4.310961499256914,0.0,-19.47460729253359,-41.052994184237384,1.9272699951807706,0.0,-54.21288358848762,-36.60950020411168,2.05036859405252,0.0
3.5356807228483706,-3.4682882056312687,2.639158928709284,0.0,-32.6298489687697,-0.6474382277686974,3.9680075999935003,0.0,-42.212303819994695,-5.4042587066039385,2.2836424634192625,0.0,-4.915287529978178,-37.30934623210848,4.308761442214037,0.0,-19.272288643545927,-40.800808984924664,2.0678524250809183,0.0,-54.20829404819439,-36.6130293175542,2.0479947900110087,0.0
3.5544046158614893,-3.4600852083468174,2.6527354114504504,0.0,-32.40746956436558,-0.5287186993601551,4.3528011193866085,0.0,-42.20472382979844,-5.39218549676787,2.2928352876935314,0.0,-4.874779007190291,-37.3213353851321,4.303737540059945,0.0,-19.055800052189852,-40.47338616818207,2.160476883544055,0.0,-54.20160889759529,-36.61510317084394,2.046979581799503,0.0
3.5718671049531636,-3.4532465827491095,2.6671076229733774,0.0,-32.18832912559038,-0.41889875388377007,4.733177945001794,0.0,-42.191853627953286,-5.38161928086765,2.3025144114013543,0.0,-4.837641714040138,-37.33174217416209,4.295667077572878,0.0,-18.841408206372716,-40.09712849212017,2.2117926801343,0.0,-54.19302863528009,-36.616265559382484,2.0470198990576325,0.0
3.5882097734798175,-3.447496559891218,2.6806933987012957,0.0,-31.971073937257373,-0.31698388491480145,5.106519142559675,0.0,-42.178188332435084,-5.371114922997079,2.3109563784480436,0.0,-4.8040097015603145,-37.34032871263021,4.284795176477109,0.0,-18.641257093953982,-39.700828726252084,2.2305630474303033,0.0,-54.183566268718614,-36.61738620123497,2.0477011514089334,0.0
3.6037530608319464,-3.442324159629062,2.692276917581056,0.0,-31.752867534139597,-0.22198325683674192,5.470574072031727,0.0,-42.16743148858645,-5.3594430261428325,2.3170348514225214,0.0,-4.773930070308064,-37.34701375055116,4.271852013042862,0.0,-18.46292261337413,-39.31286798457371,2.2262914780579948,0.0,-54.17459407710325,-36.61926863245228,2.0486174173927214,0.0
3.6190404137238903,-3.436907878584469,2.7015208119682583,0.0,-31.52980763269422,-0.13317710485540069,5.822306617635402,0.0,-42.16127817341111,-5.346092919844309,2.320449071234247,0.0,-4.747363047628303,-37.35183690140046,4.2579306376696024,0.0,-18.31019238272853,-38.95851975339585,2.207983105915911,0.0,-54.16730113508404,-36.62231639600014,2.04946685433832,0.0
3.634749564738803,-3.430225149292423,2.70897946930285,0.0,-31.297995698730183,-0.05032555796791982,6.1568486145012,0.0,-42.15904730406302,-5.3315605115574485,2.3217412232346373,0.0,-4.724094703918263,-37.35496515914653,4.24421847687289,0.0,-18.18420450024374,-38.65730566404594,2.183028837213655,0.0,-54.162296857723625,-36.62640582746602,2.05007391240178,0.0
3.65135706885067,-3.421448566087377,2.7156444572048937,0.0,-31.054646041987887,0.026336982365585015,6.467289602594459,0.0,-42.1580320949773,-5.317412088203775,2.3220808823878265,0.0,-4.7036386149357865,-37.35668528333734,4.231684407671461,0.0,-18.084308706103457,-38.42069582421598,2.1563895474704573,0.0,-54.1595161648107,-36.63100041851537,2.0503145017736593,0.0
3.6686364598173453,-3.4105177970369835,2.7223462808162235,0.0,-30.798679223600434,0.09634466057196356,6.745616296277498,0.0,-42.154407889834715,-5.306005837456897,2.322880224826479,0.0,-4.685208868626312,-37.35731403987558,4.2208656854288105,0.0,-18.008499432779917,-38.25089498143498,2.130409228767169,0.0,-54.15842125863877,-36.63542157964839,2.0499950031697143,0.0
3.6853141710567687,-3.398565603696036,2.72937068855669,0.0,-30.530625528749926,0.1593589898367913,6.984547352396829,0.0,-42.14454636646796,-5.2997534698313045,2.325355257958245,0.0,-4.667807705554127,-37.357016154267825,4.211827241309734,0.0,-17.953671357306064,-38.14148013891405,2.1055399104661454,0.0,-54.15833395283051,-36.639119696667045,2.048797059634877,0.0
3.6992626770171215,-3.387825813229914,2.736457339850352,0.0,-30.252061239918888,0.21547802709573105,7.1796106382634495,0.0,-42.1264480954026,-5.30005278890668,2.3301432376421563,0.0,-4.650413106018424,-37.35561937160699,4.204268722888495,0.0,-17.91599593954943,-38.08001885243032,2.0819673590022063,0.0,-54.15868311993403,-36.64181066425485,2.046369564125703,0.0
3.708374358143673,-3.380855616633526,2.7431036912333475,0.0,-29.964945004423928,0.26539151962255225,7.330710864699972,0.0,-42.100813151077986,-5.306353210437131,2.3370735461068453,0.0,-4.63220852320543,-37.35257913109136,4.197719536204751,0.0,-17.891449798746343,-38.05182884490528,2.061675208926678,0.0,-54.15905387249566,-36.64344424140073,2.0425341784107935,0.0
3.711836795426952,-3.379303153352467,2.7489505419155567,0.0,-29.671092447193,0.31037137040670437,7.4426269819704896,0.0,-42.07123347716052,-5.315935677857325,2.345179006972959,0.0,-4.612775948011338,-37.34718767629798,4.191763348615959,0.0,-17.87623979700255,-38.043413416830816,2.050080302577692,0.0,-54.15909118788458,-36.644075236478706,2.0374680161380727,0.0
3.711161229541671,-3.3828142724723023,2.7540352002736928,0.0,-29.37182750318173,0.3521482660621338,7.524267663228857,0.0,-42.043257101556755,-5.32471677529521,2.3529808007068134,0.0,-4.5921733148455175,-37.33895441202691,4.186217168494599,0.0,-17.86683679471334,-38.044300545582196,2.056251155920119,0.0,-54.15840011308529,-36.64374328771495,2.0317312109341827,0.0
3.710271571955375,-3.3887329297564657,2.7588130007743885,0.0,-29.06776984383313,0.39274263313918567,7.58694237631371,0.0,-42.022598614965084,-5.328808708494901,2.358971230915607,0.0,-4.570852980587501,-37.3279355899655,4.181175342468258,0.0,-17.859591929648516,-38.046898157916274,2.091068200164081,0.0,-54.156544365799284,-36.64242877297363,2.0261125747361834,0.0
3.714373354592124,-3.392902764937511,2.7639769308858515,0.0,-28.758736003905366,0.43430648947464867,7.642206624264538,0.0,-42.01323106349684,-5.326059388816086,2.362115924886263,0.0,-4.549448736095567,-37.31479284522548,4.1768716196054925,0.0,-17.85026281324931,-38.044950693468635,2.1635182812218954,0.0,-54.15314699011351,-36.64009214078066,2.0213777299737714,0.0
3.7280160723815885,-3.3912683395637986,2.7701934786131677,0.0,-28.443716403197833,0.478995203381853,7.699905618429121,0.0,-42.01611901587525,-5.316781608423073,2.362175349939733,0.0,-4.528519874374624,-37.300520449455334,4.173419059724882,0.0,-17.833937369301985,-38.03170525640501,2.276366169177141,0.0,-54.148028675591895,-36.63676165151458,2.0180420362466087,0.0
3.753290599670825,-3.3814576228930595,2.7778879628208166,0.0,-28.12085645823694,0.5288264789230066,7.7668656617015985,0.0,-42.02896945199283,-5.303389438145409,2.35972921251744,0.0,-4.508348183524822,-37.285989125048566,4.170581205444229,0.0,-17.805672449983966,-37.998877958335335,2.4231296395918083,0.0,-54.14130068643912,-36.63261351485443,2.016256754533126,0.0
3.789051040585214,-3.363512685760109,2.787137722118164,0.0,-27.787435464495495,0.5854395265045316,7.84636802343336,0.0,-42.04698166027861,-5.289267922783787,2.355929045366846,0.0,-4.488849569698589,-37.27157557619287,4.1677175745954305,0.0,-17.761754367591823,-37.937156065771646,2.588022290464094,0.0,-54.13334877441939,-36.62798321191169,2.0158336679141833,0.0
3.831421703460598,-3.339522544866597,2.7976380682618185,0.0,-27.439964104631944,0.6497021876711226,7.938271350077344,0.0,-42.06436881819134,-5.27748602351697,2.352108970296184,0.0,-4.4696251982977175,-37.25710523440569,4.163939022387352,0.0,-17.701087458281272,-37.838365949247425,2.7493269765057917,0.0,-54.124704484983496,-36.623269703942,2.016371870412822,0.0
3.875137970593266,-3.3126263378335397,2.808714764462973,0.0,-27.07454159701426,0.7212333196990386,8.039576757219717,0.0,-42.076241337223415,-5.26986808507518,2.3493909762858642,0.0,-4.450139610010504,-37.24214083367255,4.158400562624401,0.0,-17.626046580058805,-37.69858253637433,2.885174564570228,0.0,-54.11588097601471,-36.61875846413918,2.017410202519873,0.0
3.915018942330927,-3.2860608109725833,2.8194421661307327,0.0,-26.68748671823611,0.7980362983761911,8.14530770405097,0.0,-42.08020585071858,-5.266660025342496,2.348374695662745,0.0,-4.429960840642807,-37.22641743705896,4.1506132542959975,0.0,-17.54224562885546,-37.520715093046306,2.9796201119055805,0.0,-54.10728153286026,-36.61446613928742,2.0185329804287626,0.0
3.9471408310724656,-3.262545782783098,2.8289141819338965,0.0,-26.276102702516877,0.8764802751131775,8.249615647474734,0.0,-42.07697243165939,-5.266751909367798,2.3489903737325957,0.0,-4.408957413199725,-37.210140008239236,4.140655099138973,0.0,-17.457075608458645,-37.3150905830806,3.0266824717102736,0.0,-54.09921928574694,-36.61012927803082,2.0194084822265648,0.0
3.9696425301715115,-3.2438638350560636,2.836570770014699,0.0,-25.839348589997904,0.9517712006548908,8.34694623165657,0.0,-42.0696238195785,-5.268248839628971,2.350598858995074,0.0,-4.387366447262355,-37.1940030994321,4.1291890931395745,0.0,-17.377488883115007,-37.097453947344874,3.0308448755933615,0.0,-54.09196994020092,-36.60537959665495,2.0197935005612244,0.0
3.983154699472524,-3.2304732694628595,2.8423925952754576,0.0,-25.378173943550497,1.018856970904766,8.433016387751529,0.0,-42.06189085501034,-5.269136235522116,2.3523378801913015,0.0,-4.3657239459606,-37.17901874455963,4.117273844443261,0.0,-17.307997535248113,-36.88510125589131,3.004071762526973,0.0,-54.08573885076447,-36.60001318425214,2.0195397422445556,0.0
3.9906717054295715,-3.221316582886375,2.846855253465989,0.0,-24.895340400514375,1.0735064140137691,8.505369557111205,0.0,-42.056330632441885,-5.2678274100106455,2.3535464622666726,0.0,-4.344720143781066,-37.16632843595682,4.106050593067254,0.0,-17.24975615828568,-36.69272776290707,2.9608247818558215,0.0,-54.08051716255504,-36.594177477343486,2.0185992488634312,0.0
3.9966580465243755,-3.2141793863077677,2.8506743338247844,0.0,-24.39475225795993,1.1131921774308573,8.56339107572665,0.0,-42.05329304703114,-5.263468146845737,2.3540210631856606,0.0,-4.32505078331779,-37.15707661858211,4.096430127195928,0.0,-17.20093294943621,-36.52949070778745,2.913136842269692,0.0,-54.07594144814121,-36.588343658189466,2.017009009681468,0.0
4.00548945868698,-3.206703076355355,2.854453320058825,0.0,-23.880604460404275,1.1374557597741841,8.607834031859365,0.0,-42.05104561842879,-5.255981217401194,2.35398091279969,0.0,-4.307291249409701,-37.15227689140011,4.088864593672174,0.0,-17.15790982966687,-36.39798110494985,2.8674602369192286,0.0,-54.07130904699131,-36.58307158989027,2.0148644919491794,0.0
4.019779113693711,-3.1976194442801744,2.858383469526675,0.0,-23.356808171589606,1.14764499047949,8.640100769186766,0.0,-42.04681878820326,-5.2459278028221155,2.3538296918229697,0.0,-4.291792061615905,-37.15256859465471,4.083241331120128,0.0,-17.116673672870427,-36.29496639778108,2.8241194175333053,0.0,-54.06579553511823,-36.578698897211524,2.0123150164307813,0.0
4.03936846564728,-3.187431973880547,2.862168978448638,0.0,-22.826983432451023,1.146204218752814,8.661660062620495,0.0,-42.03815977144739,-5.234283621447826,2.3538986888634597,0.0,-4.278615215860259,-37.15787598203844,4.078925738847596,0.0,-17.073980913508677,-36.213343175923775,2.7791583498499204,0.0,-54.05877387024994,-36.57511657802053,2.00958027494538,0.0
4.061538822290876,-3.177993090074648,2.8652933166003542,0.0,-22.29491382135081,1.1358941795583775,8.673897873824771,0.0,-42.023945606841195,-5.222174433233237,2.3543047058111046,0.0,-4.2675572728682445,-37.16714144396862,4.074970851963226,0.0,-17.028111517534835,-36.144644963745364,2.7275006321737525,0.0,-54.05006548376541,-36.57173797768044,2.0069372287193143,0.0
4.082399316045704,-3.1711395587120492,2.8675440123233003,0.0,-21.7650297800222,1.119285234144332,8.678380494229597,0.0,-42.004678885891515,-5.210582346085007,2.354963823603205,0.0,-4.258275580630175,-37.17835580093683,4.070453068512776,0.0,-16.97911036217115,-36.08145990309101,2.665959769038672,0.0,-54.039993296880255,-36.56767425337832,2.0046426104375676,0.0
4.098784128027482,-3.167225681901195,2.869488482190528,0.0,-21.242425217986657,1.0986274390409054,8.677190238458024,0.0,-41.98211424393288,-5.2000788372083075,2.355738092044115,0.0,-4.250458583458283,-37.18897839852383,4.064810754952061,0.0,-16.928480842730163,-36.019178690847404,2.5949077799841493,0.0,-54.029214638155075,-36.562038982874995,2.002836529570194,0.0
4.109715118068214,-3.1645240595782904,2.8725585502701545,0.0,-20.73213512273148,1.0759295041369548,8.672948604726503,0.0,-41.958572337793726,-5.190689720747753,2.35663517210647,0.0,-4.24393998243103,-37.19660447102109,4.058038337070659,0.0,-16.878472759179132,-35.956673788011585,2.5181584404061397,0.0,-54.018427617600665,-36.55425210287961,2.001520579343657,0.0
4.116703701251948,-3.159957837908568,2.878616721428891,0.0,-20.237809873674685,1.052972293199673,8.668397604847986,0.0,-41.93630962745228,-5.181961653740536,2.3579334408294503,0.0,-4.238696259473615,-37.19956463874398,4.050667851217611,0.0,-16.831302744695805,-35.89581589634339,2.441440441319738,0.0,-54.00810843250947,-36.54422540594365,2.0006555201593486,0.0
4.122787826441481,-3.1507987962193256,2.8891793638190855,0.0,-19.76031983041478,1.031104506670692,8.665742105433363,0.0,-41.917096190631035,-5.173200440505394,2.3601239514266936,0.0,-4.234745484731846,-37.19716669790809,4.043593085199195,0.0,-16.78865874617338,-35.84010447933129,2.3703459589480005,0.0,-53.99840903646379,-36.532380263441254,2.0003232439828977,0.0
4.130909167180377,-3.1363096907387438,2.9046558530035735,0.0,-19.29698637193964,1.010899400747718,8.666102833099615,0.0,-41.90194537298137,-5.1637756293239665,2.3636663242330087,0.0,-4.2320212690274595,-37.189526315797686,4.0378461648541215,0.0,-16.751606330392804,-35.79300061643779,2.3086756695477764,0.0,-53.98924075329383,-36.51952397717744,2.000833091502786,0.0
4.142564538183604,-3.1182846036433447,2.9239361518381735,0.0,-18.841965704983615,0.9919040886813164,8.669309071195254,0.0,-41.89090778639611,-5.153377448426843,2.368684749083739,0.0,-4.230305304019728,-37.17721260734959,4.034389178371512,0.0,-16.720718460532105,-35.75662598804755,2.2577452378723457,0.0,-53.98046339846343,-36.50664455897003,2.00267430952235,0.0
4.157357951132519,-3.10013947296855,2.944464762778292,0.0,-18.387888249797093,0.9726962161360486,8.674016420535908,0.0,-41.882964259748455,-5.142150757954887,2.3747868058378963,0.0,-4.229258122437776,-37.16099536687416,4.03392166086876,0.0,-16.696147403670622,-35.73125596401681,2.2167071184530247,0.0,-53.97205996606393,-36.49467300207198,2.0063133607763,0.0
4.173411158593045,-3.0851535836882547,2.9627181659137243,0.0,-17.928323062686125,0.9513144973664573,8.677980021694886,0.0,-41.876167075650955,-5.130683878095564,2.381129131115017,0.0,-4.228506701759536,-37.14175988204998,4.036716100629812,0.0,-16.677503360762305,-35.71562554821138,2.18351721274197,0.0,-53.96421242294875,-36.48424946595368,2.0119396985723217,0.0
4.188132685854428,-3.0749452620763065,2.974907616262847,0.0,-17.460176188537655,0.9259359662839355,8.678329032232199,0.0,-41.86813592339357,-5.119876622259698,2.386725559673579,0.0,-4.2276940308884985,-37.120410689034124,4.042550023136645,0.0,-16.66363759351534,-35.70771593763838,2.1559929575588725,0.0,-53.95725643436526,-36.475543752634884,2.01929996657978,0.0
4.198894022229525,-3.06896343290341,2.977793120361916,0.0,-16.985014700652144,0.895523988778617,8.67179875723241,0.0,-41.856815042218706,-5.110730475835505,2.3908705433121256,0.0,-4.226436841752177,-37.09760517542111,4.0508105130879954,0.0,-16.652568917664297,-35.70555303659215,2.132509017995501,0.0,-53.95153493573659,-36.468198589674174,2.0277089649833595,0.0
4.203510718726388,-3.0650353505432903,2.9695726466889756,0.0,-16.508724179738103,0.8601538882472965,8.654970844842552,0.0,-41.8412088618379,-5.104095170556015,2.393479207951181,0.0,-4.224262495232526,-37.073424646178196,4.06076431226624,0.0,-16.641754572207763,-35.70765988564284,2.1121699896036326,0.0,-53.947202436156516,-36.46144403072781,2.0362314611190495,0.0
4.200673821173251,-3.060439948485299,2.9507199097429133,0.0,-16.03967626291463,0.8208794908005057,8.624585101771174,0.0,-41.82179756805024,-5.100407623569065,2.3951585280993637,0.0,-4.220693649875137,-37.047306273068926,4.071856789582608,0.0,-16.6287003431151,-35.71307118761768,2.094594226701469,0.0,-53.9440787417812,-36.45436238824292,2.043952588864874,0.0
4.190429956850595,-3.052885451589334,2.9244224657669182,0.0,-15.586211789550193,0.7792632834181159,8.577907151495474,0.0,-41.80047852215843,-5.099488823785026,2.3969456181887097,0.0,-4.2155851913449025,-37.018461023890964,4.083829666443332,0.0,-16.611670380730406,-35.72105153268287,2.0795678034414955,0.0,-53.941664875736045,-36.44620328441513,2.0502301917153396,0.0
4.174573180731019,-3.0410285902440184,2.896205322429557,0.0,-15.154365127248507,0.7368649836169556,8.513016155250671,0.0,-41.780056888549446,-5.100479607339419,2.3998319556210834,0.0,-4.2095829604253145,-36.9866275847697,4.096548352331309,0.0,-16.590190866519563,-35.730717373829016,2.066762829499412,0.0,-53.93934530716692,-36.436618244018646,2.0548439100778886,0.0
4.156623995185522,-3.0244980269281037,2.8726304043750144,0.0,-14.74642583435965,0.6949113145325629,8.428828252949536,0.0,-41.7634397145109,-5.101957675203774,2.4043118776740844,0.0,-4.204357078783971,-36.95266699133761,4.109686436703381,0.0,-16.565178467360845,-35.74070685586441,2.0555875114135596,0.0,-53.936654756845016,-36.42573425598617,2.057993711543915,0.0
4.14112681854339,-3.0036022269076303,2.8595077028253613,0.0,-14.360502556104855,0.6541284291555733,8.324778238186468,0.0,-41.752764978499094,-5.1022122247808905,2.4101628420879297,0.0,-4.202300709802293,-36.918508512822555,4.122584816165361,0.0,-16.538700349332537,-35.74903028976485,2.0451746164330107,0.0,-53.93342761896645,-36.414074441375526,2.0601422431123595,0.0
4.132328686888454,-2.97896236046968,2.8604223105504936,0.0,-13.990997738852329,0.6145589743509738,8.20029795294844,0.0,-41.74872327251318,-5.099613013650568,2.416528445180523,0.0,-4.205706967265985,-36.886384486167486,4.1344660253993855,0.0,-16.513455255978393,-35.75325924987429,2.034515535611609,0.0,-53.92974159353312,-36.40238622304113,2.061751476048144,0.0
4.132695003398664,-2.951242091933869,2.876205256995993,0.0,-13.62983135564202,0.5752464809787163,8.054400457480009,0.0,-41.750299223711785,-5.093004039116642,2.4222429654408337,0.0,-4.2157981703796015,-36.85783308807137,4.144856812197297,0.0,-16.492085030066146,-35.75111549897896,2.022714678905288,0.0,-53.92572858067942,-36.3914351060701,2.063025008854778,0.0
4.1418705849246535,-2.921036887099179,2.905326240779795,0.0,-13.268221344445514,0.5338622126757073,7.885673170226056,0.0,-41.75506468836833,-5.0820436568663245,2.4262600183305807,0.0,-4.2320990782973835,-36.83313590858752,4.1538874843456455,0.0,-16.47645914334955,-35.74128050646191,2.0092591946867167,0.0,-53.921414742435516,-36.38181125455722,2.0637857684521137,0.0
4.156524772383824,-2.8889117006541127,2.9446103115190336,0.0,-12.898744221817823,0.48653255312796695,7.692780274800897,0.0,-41.75998936529265,-5.067389788425139,2.428020911222884,0.0,-4.25247007748589,-36.81153995931499,4.162247904580866,0.0,-16.467124818670513,-35.72405635865057,1.9941743987513494,0.0,-53.91670539914195,-36.37379827748555,2.06355687400921,0.0
4.171181641116313,-2.855539192248238,2.989689996310492,0.0,-12.517264233259647,0.42820159816490744,7.475257960500973,0.0,-41.762517820337045,-5.05061864819829,2.427626073560475,0.0,-4.273817965890657,-36.792089102763214,4.170840587471783,0.0,-16.463122752104344,-35.701541411701484,1.9780116885118293,0.0,-53.91150375527555,-36.36733817859546,2.061796810605502,0.0
4.179779028702088,-2.821860232376553,3.035148745958608,0.0,-12.124177412092326,0.3537027967168562,7.234128665407538,0.0,-41.76148176819373,-5.03381086318942,2.4257631984469743,0.0,-4.293243883307583,-36.77452409879318,4.180354689396513,0.0,-16.462277933010427,-35.67720598574671,1.9616987997532878,0.0,-53.905857206679926,-36.362083610823504,2.058153713718003,0.0
4.1774260461473585,-2.7891632983204118,3.0748448480636874,0.0,-11.724399203102669,0.2592374863312159,6.97187009297527,0.0,-41.75741427272131,-5.018871059793067,2.4234531930504524,0.0,-4.309225337769794,-36.75965555443033,4.190990843078463,0.0,-16.46190191488064,-35.65500567848087,1.946299887878716,0.0,-53.90002675628118,-36.35750027725171,2.0526173948227484,0.0
4.16177752389467,-2.758990249217607,3.1029202362533947,0.0,-11.325844922751843,0.14342847335457787,6.69161137174694,0.0,-41.75209286797392,-5.006835592402052,2.4217280262633025,0.0,-4.322385505214967,-36.74887067405168,4.2024449212595485,0.0,-16.45967400837181,-35.63833248636596,1.9327339224132647,0.0,-53.89444135213711,-36.35299241160116,2.0455389964879203,0.0
4.133662776811377,-2.7328409074572138,3.1154558006711497,0.0,-10.93683105223252,0.0070957510731100015,6.395875519526694,0.0,-41.74755150390738,-4.997526654129126,2.4213381085582633,0.0,-4.335502587750315,-36.742904599943984,4.214110837514946,0.0,-16.45438415162002,-35.62914717305026,1.9215252342948634,0.0,-53.889559893469276,-36.34804272246978,2.0375630694158726,0.0
4.0969247101933535,-2.711743816659799,3.112046857224474,0.0,-10.563454633204964,-0.14835874636571056,6.085423966897995,0.0,-41.745092769466325,-4.989772387065449,2.422554448287155,0.0,-4.352629729633067,-36.740477656461294,4.2253644242100155,0.0,-16.446250032598552,-35.627572034043766,1.9126688707615234,0.0,-53.88569517701504,-36.34235451700004,2.0295201201190487,0.0
4.05762380424292,-2.695854041045679,3.0962967319656585,0.0,-10.208056651247425,-0.3230900944202695,5.758687581488593,0.0,-41.74479583933202,-4.982079336246317,2.4251206481551986,0.0,-4.37745765822304,-36.73764051914553,4.235792718935178,0.0,-16.43667005762828,-35.63206648397449,1.905654447541103,0.0,-53.882867203351495,-36.33596164731522,2.022295042475781,0.0
4.022789991819278,-2.6843000867995377,3.0746826182633082,0.0,-9.869287077681957,-0.5201917026309877,5.412070619237732,0.0,-41.74569734310367,-4.973384307772751,2.4283921816475313,0.0,-4.411299930996462,-36.7285458962746,4.245338897618236,0.0,-16.4275117469586,-35.64009151912785,1.8996296802518131,0.0,-53.880747047815575,-36.32925123953408,2.0166764441738323,0.0
3.998881714200597,-2.675440969922436,3.054196444103267,0.0,-9.543562379541907,-0.7454077940041763,5.041260244575049,0.0,-41.746452579255624,-4.963520957013593,2.43163732125546,0.0,-4.451297866875402,-36.70786221448481,4.254443506654852,0.0,-16.420258522103367,-35.648976740716535,1.8936341643619325,0.0,-53.87872294011805,-36.32285130806593,2.013208255990124,0.0
3.990177197980932,-2.667448053669021,3.0399009605214697,0.0,-9.2272992440536,-1.0049860116791107,4.643503344882593,0.0,-41.746073506065265,-4.953236837287468,2.434385965453176,0.0,-4.489589319898793,-36.67428472095624,4.264257646138157,0.0,-16.415408626032125,-35.656648741791265,1.8868195122451628,0.0,-53.87607710952171,-36.31738976196357,2.0120767085563305,0.0
3.997491755083836,-2.658869173658962,3.0335307633624886,0.0,-8.919197468158014,-1.3021409686844576,4.220458616793884,0.0,-41.74435909731755,-4.943807819865923,2.4366587354750298,0.0,-4.5141314992998725,-36.63387514980005,4.276894859126161,0.0,-16.4123816378057,-35.66199963534146,1.8786000151641886,0.0,-53.87221441147489,-36.313208839514346,2.013060544503036,0.0
4.0177181918464795,-2.648858474958076,3.0336239370266096,0.0,-8.621797569095769,-1.63318214180513,3.7807149368072386,0.0,-41.74183688331011,-4.9364374628601535,2.43894023965192,0.0,-4.511475973770158,-36.6016581996202,4.295604083087229,0.0,-16.409923101946138,-35.664871053662026,1.868723053318984,0.0,-53.866846889041845,-36.31015893795877,2.0155605309410998,0.0
4.044527435356299,-2.63705515708159,3.0368989127378114,0.0,-8.341604004425692,-1.9849004470784406,3.3407322322972295,0.0,-41.73931325975156,-4.931698843971067,2.4418874487514746,0.0,-4.47110168423252,-36.60026858453597,4.32476985270848,0.0,-16.406762563114498,-35.66576788317481,1.8572782802672627,0.0,-53.86004991007184,-36.30756628956395,2.0187079066183102,0.0
4.070143546010364,-2.6233326596522053,3.040083982783484,0.0,-8.087527833391471,-2.334937141137948,2.923267721252378,0.0,-41.737339477001974,-4.929258952341161,2.4459238379288806,0.0,-4.3901473320520985,-36.65538254468454,4.369691542678492,0.0,-16.402199510817333,-35.66545529532169,1.8446746102806042,0.0,-53.852183612264874,-36.30439992321059,2.021525543052439,0.0
4.087640243139432,-2.607622169269402,3.041326680050581,0.0,-7.868226601491892,-2.6559547994028745,2.553347666252595,0.0,-41.735912844193194,-4.927998052657561,2.4509489765835024,0.0,-4.276812426003238,-36.78883651682651,4.4359815427465925,0.0,-16.396384494385035,-35.664579235505286,1.8316065990209651,0.0,-53.843764131276636,-36.29959950613533,2.0230951903111762,0.0
4.092946391749256,-2.589879235742191,3.040630009305371,0.0,-7.689505979991834,-2.9225401312884745,2.2529226965704527,0.0,-41.73454229776169,-4.926447287858288,2.4563275631409933,0.0,-4.150563067205837,-37.01144296464261,4.5281965203649595,0.0,-16.39023859906699,-35.663429755002724,1.8189982746356037,0.0,-53.83538882571258,-36.29247318513984,2.022690941248695,0.0
4.085829358549918,-2.570181124568608,3.039297814811345,0.0,-7.552774563416406,-3.1181118916774055,2.03581805075852,0.0,-41.73256127851226,-4.923334861925821,2.461160596358134,0.0,-4.037884550168103,-37.318357746322,4.647472061375165,0.0,-16.385099198469867,-35.66193348551888,1.80787121795443,0.0,-53.82774774000646,-36.28302399979795,2.019863912372573,0.0
4.0695326568640535,-2.548904699581762,3.038880199381623,0.0,-7.4548599709890295,-3.239004388597819,1.904421322416594,0.0,-41.729448877999644,-4.918025570835794,2.4646921996512354,0.0,-3.9639119729705414,-37.68985522423139,4.7889781470490185,0.0,-16.382243946626023,-35.65988727195087,1.7990923137739276,0.0,-53.821647382134685,-36.272046373789,2.014481963197391,0.0
4.049314858770156,-2.5268793764189352,3.0403050402534735,0.0,-7.388939593874883,-3.294344360865042,1.8490946010396527,0.0,-41.7249804703474,-4.910717681121544,2.4666437334205717,0.0,-3.942533632275194,-38.09852548267977,4.941383967631236,0.0,-16.382446949286265,-35.657322284911054,1.7930482081291128,0.0,-53.81791685748247,-36.26090535940829,2.0067402482580547,0.0
4.030589453199301,-2.505385443093485,3.043602000680538,0.0,-7.346129561437601,-3.3022168302228754,1.8506347887972225,0.0,-41.719185471426286,-4.902351379414255,2.467308897682422,0.0,-3.9692139107551614,-38.52030299684913,5.0903759488511895,0.0,-16.38569707676345,-35.654772467803944,1.7894124929679425,0.0,-53.817124120222346,-36.251065521674974,1.997163578500591,0.0
4.0174458196744185,-2.485949150265667,3.0481245748273853,0.0,-7.317240173741414,-3.2839172332765485,1.8851676091923046,0.0,-41.71221784732388,-4.894267546036669,2.4673657603083274,0.0,-4.0202736266105,-38.94385995438337,5.225661520952086,0.0,-16.391165821996037,-35.653235654614456,1.7871927448381442,0.0,-53.81918877521868,-36.24358355064294,1.986598917343409,0.0
4.012006216919416,-2.470020994171792,3.0529127715666142,0.0,-7.294256459347676,-3.2584365089224865,1.9299344054307142,0.0,-41.70427635289822,-4.887740380908572,2.467507661489961,0.0,-4.059580800874888,-39.37352427308076,5.347832516855844,0.0,-16.397433458648646,-35.65381785919415,1.7850981674131852,0.0,-53.823119735530256,-36.2388149516748,1.976154559399789,0.0
4.014570293935162,-2.458683983736491,3.056955583216171,0.0,-7.271265147142623,-3.2388048660354007,1.968068126774094,0.0,-41.69564694955765,-4.883558089739809,2.4680893841937355,0.0,-4.050262792459366,-39.82458138321004,5.470962820206282,0.0,-16.402887194363778,-35.65727795561894,1.7820605722401215,0.0,-53.82709990155705,-36.23647246600141,1.9670374734676797,0.0
4.024144869834981,-2.4524778864476175,3.0593581665154908,0.0,-7.244785829371447,-3.2309267365988132,1.9909479429842634,0.0,-41.686823127846594,-4.881795927183843,2.468971202521889,0.0,-3.967006145179314,-40.313619796408474,5.619167933166823,0.0,-16.4061543655134,-35.66371592964599,1.7776539521029608,0.0,-53.82897375544248,-36.235966834172864,1.9602940944318759,0.0
4.038946727132949,-2.4513254862415232,3.0595147994147407,0.0,-7.213655986606621,-3.2345956735576955,1.9977999540809925,0.0,-41.678561203451174,-4.881830166116808,2.4696238583964654,0.0,-3.8043811882334686,-40.84844259762365,5.818311026995987,0.0,-16.406446336903016,-35.672500343961005,1.7722312770065258,0.0,-53.82697495147512,-36.23678086223635,1.956519694644669,0.0
4.056728268493084,-2.454516225732346,3.057293060349645,0.0,-7.178657808110797,-3.245811725800754,1.9932510195174675,0.0,-41.67172646678458,-4.882553574785319,2.4694095006474743,0.0,-3.578109611253886,-41.42187047443883,6.085861750055193,0.0,-16.403729332693025,-35.68241359127017,1.766735657916831,0.0,-53.82038415528116,-36.238596196154596,1.9556102892293659,0.0
4.075052515118393,-2.4607535100739995,3.0531078143786914,0.0,-7.141975252762538,-3.2593850632334807,1.9840664608171181,0.0,-41.666917136220704,-4.882717491875491,2.4678794517052154,0.0,-3.318722980936695,-42.01198655660647,6.422530029383482,0.0,-16.39868500302093,-35.69196517767543,1.7622769777298597,0.0,-53.80980915943938,-36.24104686852404,1.9565956537509503,0.0
4.091691107381033,-2.468320813715646,3.047768283001874,0.0,-7.106488278560943,-3.271015488376607,1.9762495403061955,0.0,-41.66404256653921,-4.881314405549171,2.4649574244643713,0.0,-3.0599110170154447,-42.5885109703036,6.808964163941498,0.0,-16.39247877560497,-35.69978658845961,1.7596712327221908,0.0,-53.79693814101552,-36.24323497826436,1.957571080753679,0.0
4.105098627664128,-2.4753923102999558,3.0421325821881595,0.0,-7.074959600771603,-3.2784363868354593,1.9732567069963718,0.0,-41.662126611227066,-4.877892328540062,2.460949473973889,0.0,-2.8260063745516453,-43.12212870501703,7.209181163666962,0.0,-16.386406742197952,-35.70496900845332,1.759157556894749,0.0,-53.78385732862864,-36.24336520762567,1.9557923311259584,0.0
4.114684073729021,-2.4804147251118858,3.0367733446807375,0.0,-7.049282879370056,-3.2816061250948922,1.975529050373103,0.0,-41.659512743999926,-4.8726817668534155,2.4564002660414506,0.0,-2.623388336054842,-43.59244574993106,7.579597487917251,0.0,-16.381521498889615,-35.70723712134762,1.7603868889273446,0.0,-53.77221605297356,-36.23891789864222,1.9481020084253151,0.0
4.120674735620557,-2.4824127365496533,3.03187543592861,0.0,-7.030009462587523,-3.2821848013789294,1.9810718506065452,0.0,-41.65442983264626,-4.866468662468054,2.451898487344872,0.0,-2.4387374686279015,-43.99163459046322,7.880114926545216,0.0,-16.378347156669246,-35.70695423257991,1.762610965671385,0.0,-53.762567241716894,-36.22764299669299,1.9319119320211655,0.0
4.12371569058755,-2.4811136261647055,3.0274017275271667,0.0,-7.016303777409194,-3.2826375176682268,1.9865824067721558,0.0,-41.645691819820264,-4.860263432924013,2.4479697859393355,0.0,-2.2440384116299534,-44.323496701570924,8.083352359911872,0.0,-16.376786900786538,-35.70500104456181,1.7649470656778998,0.0,-53.7541095810834,-36.20933165801085,1.9068217702106791,0.0
4.124583760559472,-2.4769140026186536,3.023342012300171,0.0,-7.006331279223633,-3.2853049120938462,1.9886409396561522,0.0,-41.63324325857138,-4.854927164682206,2.445109684430218,0.0,-2.0057138421613163,-44.599620851485035,8.179651249577994,0.0,-16.376268270594398,-35.70255091126977,1.7666458629442978,0.0,-53.74488416433397,-36.18786264470317,1.8765463485821305,0.0
4.124257792062712,-2.470780433957449,3.0198219423035138,0.0,-6.99792893408461,-3.2917109412299492,1.9846288292501502,0.0,-41.61831086394487,-4.850939362107259,2.443853785537474,0.0,-1.69433780311263,-44.834775280157714,8.177417266431785,0.0,-16.37605074038818,-35.700774815406,1.7673152048198677,0.0,-53.73231875884748,-36.172571270172455,1.8503187035401734,0.0
4.124223328707046,-2.4641231307922133,3.017010401393488,0.0,-6.989317854170782,-3.302251127023582,1.9732158063096836,0.0,-41.60305001534744,-4.8484071676661475,2.4447198907574954,0.0,-1.2919409596714069,-45.04310987742913,8.099608141755638,0.0,-16.37552225357161,-35.7005626488833,1.767023313545673,0.0,-53.71392625917104,-36.17781895571174,1.8426875185610632,0.0
4.126641527802809,-2.458599812644686,3.014946570196777,0.0,-6.979625449554557,-3.316255250160107,1.9544202493429292,0.0,-41.589788850263695,-4.847273412403798,2.44796492313664,0.0,-0.795277416374753,-45.235843051635165,7.977691607648003,0.0,-16.374334969048803,-35.70235952844096,1.7662181347612318,0.0,-53.68797186491738,-36.22003920358046,1.8709317335180993,0.0
4.134076353445046,-2.4558053150661188,3.013453976522621,0.0,-6.969071372005528,-3.3323104904130387,1.9293713541988247,0.0,-41.58021176136067,-4.847560548457833,2.453281255616954,0.0,-0.21489123784314412,-45.42032050816358,7.8445585025267395,0.0,-16.372355218640617,-35.706148325518534,1.7654991271034248,0.0,-53.65400755651575,-36.3125694878011,1.9501844349597102,0.0
4.148765558996944,-2.456877520186885,3.0122238957039205,0.0,-6.958792481620432,-3.348704216032579,1.899950366550172,0.0,-41.5749021509424,-4.849467566529494,2.459645928934055,0.0,0.4289916711377646,-45.59995613397764,7.727897027933981,0.0,-16.369516392105183,-35.71152661388477,1.7653749957730334,0.0,-53.61328125446147,-36.45992206339591,2.087549734568488,0.0
4.171710166805892,-2.4621234855470946,3.0110435798890105,0.0,-6.950398513396445,-3.3638707962815397,1.8684397712670169,0.0,-41.57344829272656,-4.853245226201736,2.46546010331069,0.0,1.1120280785829681,-45.77465995994518,7.645375433243757,0.0,-16.365694195715584,-35.717810425182144,1.7661301878781224,0.0,-53.569051118958654,-36.65412230243564,2.2776598348427823,0.0
4.201990292511285,-2.4707975963446707,3.0100755059315887,0.0,-6.945431934135248,-3.376752639303436,1.8372061900133136,0.0,-41.57495453562243,-4.8589395921323995,2.468950012249648,0.0,1.8110148610592005,-45.94162924584549,7.602554768643058,0.0,-16.3606834577174,-35.72414383208556,1.7678201193136474,0.0,-53.52664074453481,-36.87555942881464,2.502707918697535,0.0
4.236667192439891,-2.4811533114567053,3.0100477644188572,0.0,-6.944921381479091,-3.3870050981707287,1.8083734574221264,0.0,-41.57859435769162,-4.866188033628983,2.468673795982184,0.0,2.507625740797681,-46.09645929425063,7.593809805133883,0.0,-16.35428741341781,-35.7296253514784,1.7703338331191372,0.0,-53.49277374733642,-37.09902547390264,2.7390954776794585,0.0
4.271429021586077,-2.490838289520698,3.0122026538325812,0.0,-6.9491541271904245,-3.3950077551778906,1.783469026330959,0.0,-41.5839058820821,-4.874209614312594,2.463951839854584,0.0,3.190207472511565,-46.23440491381954,7.605836935255464,0.0,-16.34646744151664,-35.73344903726016,1.7734645135044307,0.0,-53.473841851109846,-37.30288403764173,2.9697876712325577,0.0
4.30182678237284,-2.4975877759560516,3.0179208348153974,0.0,-6.957681647684871,-3.4016879114056064,1.7631230817295442,0.0,-41.590736631313504,-4.882003125047952,2.4550866143224663,0.0,3.853856071787802,-46.35154812689202,7.622725053997014,0.0,-16.33746733248093,-35.73504638257853,1.7769677168619058,0.0,-53.47357555563989,-37.47730251393298,3.197313308444783,0.0
4.324635810020555,-2.5000122703668053,3.0280988632523513,0.0,-6.969477593023966,-3.4081971257226495,1.7469694188197966,0.0,-41.59893453644024,-4.888656383873102,2.443315029728284,0.0,4.499303673635975,-46.44572001747884,7.631199679024723,0.0,-16.327834690215365,-35.73423169293901,1.7806099761734178,0.0,-53.49131695305583,-37.62760633711226,3.450075503483121,0.0
4.338764984173267,-2.498161712643111,3.0425318971143405,0.0,-6.9831304056590255,-3.4155061688781476,1.7338645653103555,0.0,-41.60798563059124,-4.893634405195986,2.430512480573988,0.0,5.1311679853282675,-46.517149030172924,7.624652263531674,0.0,-16.318306150789283,-35.731358616879604,1.784221974285746,0.0,-53.52163009309364,-37.770931592935995,3.776748314215336,0.0
4.345363803063855,-2.493581624180571,3.0596223386040347,0.0,-6.996969034647548,-3.4240113374805,1.7224118854109776,0.0,-41.616806444367825,-4.896927664402902,2.4187306864642206,0.0,5.756002677960588,-46.56879879876981,7.604947877610456,0.0,-16.309582929325416,-35.727450173182746,1.787788698118904,0.0,-53.55479633693915,-37.927362657549345,4.2292571438183115,0.0
4.347207794947629,-2.4887728719663684,3.0766273477747053,0.0,-7.009081144705481,-3.433283222096939,1.7116120808372965,0.0,-41.6238271072841,-4.89897956541817,2.409700247366848,0.0,6.380476081257751,-46.60621750093019,7.581629792043062,0.0,-16.30207446186081,-35.724210259568295,1.7915967002483413,0.0,-53.57761747360507,-38.109563337522275,4.840657711297819,0.0
4.347738931629231,-2.486227007593512,3.0904259002511125,0.0,-7.0172922871533565,-3.4421091173607525,1.7013447594777897,0.0,-41.62737468015963,-4.900391554854226,2.40445000712905,0.0,7.0099126900525395,-46.63663700302183,7.568815973524105,0.0,-16.29570173257779,-35.72384495543975,1.796365917258358,0.0,-53.57513257755571,-38.316215682692764,5.607027237573029,0.0
4.350138740173776,-2.48740076696608,3.0985547687712636,0.0,-7.019277294930138,-3.4489126726372885,1.6924126443263443,0.0,-41.62621891851368,-4.901525159502812,2.4031553162444688,0.0,7.6473234878533,-46.667244117849506,7.580640687780294,0.0,-16.289823295653377,-35.728701305067105,1.803196561510859,0.0,-53.53414586951338,-38.53294752453364,6.481475343712275,0.0
4.3566516464585785,-2.4920434689128457,3.100111424293699,0.0,-7.012952214881994,-3.452451130447877,1.686084010221066,0.0,-41.62003040175928,-4.902215868492359,2.4052239000547573,0.0,8.292974646931208,-46.7029914187011,7.626452513363102,0.0,-16.283309616102304,-35.74076861645062,1.8132231356330877,0.0,-53.44747380333125,-38.7400238359139,7.3839802507896035,0.0
4.368228964232855,-2.4981948190918564,3.096107672698233,0.0,-6.997102244377713,-3.4524825002006603,1.6833431413708784,0.0,-41.60950040659338,-4.901795630537657,2.4095235358604956,0.0,8.944558696931185,-46.744751527952126,7.70713117714849,0.0,-16.274763943805482,-35.76108815580175,1.8270813396963526,0.0,-53.31578655810756,-38.92177289171627,8.223795165385287,0.0
4.384474059990356,-2.502943328814365,3.0890622563190426,0.0,-6.971964120115788,-3.4500141814680396,1.6842291560178229,0.0,-41.596028001679166,-4.8994607406086,2.4146285132866723,0.0,9.598047206401759,-46.78869753588386,7.81375282541066,0.0,-16.262852768619112,-35.78918004785258,1.8444607161475233,0.0,-53.14511683235398,-39.07218354470719,8.924892628040979,0.0
4.403829174178459,-2.503715071582687,3.0820048199266328,0.0,-6.939403634652353,-3.4469015442066815,1.687607445875523,0.0,-41.58113103393474,-4.894799929165461,2.4190352626424136,0.0,10.24912353966926,-46.827318170901705,7.929240148465279,0.0,-16.246662656501794,-35.82271528839493,1.8639977868187483,0.0,-52.94182440650689,-39.1947299028882,9.444098465699234,0.0
4.423957341135672,-2.49957287072432,3.077387297659252,0.0,-6.902512981541425,-3.444946138990719,1.6914849915326506,0.0,-41.56591584303649,-4.8881715520617055,2.421402197208675,0.0,10.894709100761332,-46.85164392326243,8.032574721982265,0.0,-16.225973675660313,-35.857703501149594,1.8835984093442946,0.0,-52.70884741711596,-39.29852657642549,9.77669450170061,0.0
4.442319029457767,-2.4919291548052973,3.0764208348032334,0.0,-6.864785254272541,-3.4450181650929514,1.6936772757050491,0.0,-41.55089307085025,-4.880696793950206,2.420874795354557,0.0,11.533852017404735,-46.85366550665967,8.104065298525175,0.0,-16.201358466893417,-35.88932435486157,1.9010823156892407,0.0,-52.44547449679802,-39.394048969313715,9.950481679416262,0.0
4.45697384651379,-2.4842870727078172,3.079073404579738,0.0,-6.829246589371496,-3.4467554401441034,1.6924661480017722,0.0,-41.53617307363155,-4.873859539243996,2.417411426613757,0.0,12.167501812753699,-46.828034303656,8.129756398827151,0.0,-16.174072794170826,-35.913233588925266,1.9149074941842787,0.0,-52.14984774395892,-39.49022528844377,10.012673075349444,0.0
4.4676016204908455,-2.4810137767324627,3.0846193651868,0.0,-6.797878614513825,-3.4489878648351064,1.6869712686618321,0.0,-41.5218177880884,-4.8689111620674606,2.411869773749695,0.0,12.797329069975667,-46.77273264472385,8.103625594533815,0.0,-16.145771053429996,-35.92689070831613,1.92469000223935,0.0,-51.821816489178914,-39.59298885849613,10.014701272762213,0.0
4.476603886186809,-2.4855135299623576,3.092461715036235,0.0,-6.77143641169041,-3.4505246586552194,1.6771886508816198,0.0,-41.50806175060294,-4.866365638465599,2.405664742022358,0.0,13.424260452019237,-46.68888648450883,8.02730179160259,0.0,-16.118134304837884,-35.930365716843944,1.9312897156228317,0.0,-51.46428883612672,-39.70473441376432,9.999437853584574,0.0
4.4899474539294,-2.4983290201099684,3.1029411048310767,0.0,-6.749582342126476,-3.4507221284620115,1.6638201243272022,0.0,-41.495251913394306,-4.86582577341302,2.400088924182496,0.0,14.047442743706966,-46.5800026307129,7.907931425341358,0.0,-16.092525802320328,-35.9262406452666,1.9363873403456093,0.0,-51.082717357286946,-39.82439157301535,9.993787901520632,0.0
4.517267806941368,-2.5156288660589254,3.11788930407611,0.0,-6.731217317897581,-3.449453570419271,1.6480336709658907,0.0,-41.483562152456194,-4.866222050150016,2.3956605888520883,0.0,14.664007047233127,-46.450863636695516,7.755214657421986,0.0,-16.06978284433289,-35.91855323223166,1.9417115706010222,0.0,-50.68343690430751,-39.94817890198944,10.007379606511119,0.0
4.570819798312029,-2.528421104627486,3.1407728975828224,0.0,-6.714905899514138,-3.4465777814451752,1.6312293408326735,0.0,-41.47268672127988,-4.866331086884932,2.391882842458788,0.0,15.269583369020129,-46.306346909111156,7.578625865498543,0.0,-16.050200510558675,-35.91113282320937,1.9482774896980466,0.0,-50.27179438903307,-40.07100599374345,10.036040707328631,0.0
4.663210357775295,-2.5228550104307255,3.1764195319097137,0.0,-6.699257273732942,-3.4414296317812507,1.6148401061864721,0.0,-41.4617387226996,-4.865304149009671,2.38754493413213,0.0,15.859251673650384,-46.15051838116559,7.385573195973034,0.0,-16.033663154554958,-35.906019248436024,1.956001688600745,0.0,-49.85075895093054,-40.18811033538014,10.06777148943585,0.0
4.80435295091366,-2.482012857391095,3.230446492431083,0.0,-6.683115186873987,-3.432878523978071,1.6001793404775881,0.0,-41.44946783209734,-4.8629717926157054,2.3813709209980214,0.0,16.42854839253101,-45.98629102524716,7.180824775347217,0.0,-16.019793264225825,-35.90272297362403,1.9638403702892386,0.0,-49.420399602764235,-40.296331050966174,10.088990515057844,0.0
4.998513143264516,-2.3892799289469475,3.308538362170932,0.0,-6.665540927043767,-3.420030517178467,1.5883210076735637,0.0,-41.43472963528939,-4.859835596632579,2.372641002478506,0.0,16.974218449806937,-45.81565735724369,6.967046897469727,0.0,-16.007995889494403,-35.89874873697747,1.9703378249932815,0.0,-48.97832350644519,-40.394655831028246,10.089431025104115,0.0
5.24248424004958,-2.232615986402621,3.41565513635965,0.0,-6.645739534049862,-3.4030862065319347,1.5799827378758327,0.0,-41.41698669347295,-4.856786351462443,2.3614726187298185,0.0,17.494574631393817,-45.64019290698771,6.745931930415551,0.0,-15.997383566016852,-35.891204136658004,1.9743342459606197,0.0,-48.5208265141808,-40.48410523080135,10.06479666938467,0.0
5.525753877524705,-2.008316755174447,3.5551877720537632,0.0,-6.6230797332235225,-3.3837259961402135,1.5754081941909348,0.0,-41.39657588371293,-4.854668455482635,2.3486897083701717,0.0,17.989529913165505,-45.4614434261186,6.519271890689064,0.0,-15.986691680383426,-35.87875614216981,1.9755460297516017,0.0,-48.044235329957175,-40.56725010508374,10.01700907719929,0.0
5.832945069323415,-1.7227940621466806,3.728128996497727,0.0,-6.597212318247787,-3.364749986039809,1.5742887267414325,0.0,-41.374574744136325,-4.853875145818354,2.335449727814943,0.0,18.46047056276104,-45.28096532002526,6.289470209728357,0.0,-15.974350642749993,-35.86294885970949,1.9747592349479337,0.0,-47.54591114960424,-40.64756598337391,9.95253406643636,0.0
6.147916238732813,-1.3916385444087147,3.9324890184597905,0.0,-6.568182495721718,-3.349187938818517,1.575781417633003,0.0,-41.35232095693583,-4.854181604851169,2.3228685486236795,0.0,18.910083946197606,-45.099999725956856,6.059302309156452,0.0,-15.95881166424341,-35.84812074107858,1.9735303670762523,0.0,-47.001255656578365,-40.70708442929106,9.877618567248057,0.0
6.458093341509703,-1.0362654784380148,4.163282161234468,0.0,-6.536443804983856,-3.3393422498892336,1.5786618735540028,0.0,-41.33086298049093,-4.854929052425168,2.311771118500616,0.0,19.342131765401128,-44.91891680152726,5.831128213327039,0.0,-15.939033194502413,-35.8398568717553,1.973561260868264,0.0,-46.43849686470435,-40.773802673866626,9.810090383373733,0.0
6.757460704631152,-0.6792054958181866,4.4132797457180555,0.0,-6.502769741198861,-3.336137956672774,1.5816032309448094,0.0,-41.31066863889975,-4.855472122770247,2.3025534541819788,0.0,19.761076241466398,-44.73668165485981,5.606075963158457,0.0,-15.914856307897852,-35.84274402515758,1.9760936193830307,0.0,-45.858013821720625,-40.8482435342124,9.74937242623552,0.0
7.047322029743554,-0.33937589058809614,4.6744158914865235,0.0,-6.46814104928991,-3.338908569374742,1.5835106232104508,0.0,-41.29172415708697,-4.8556284010968325,2.295109712066301,0.0,20.171474231620625,-44.55064958195419,5.383758661785986,0.0,-15.887015593867085,-35.858586218887176,1.9815775045137105,0.0,-45.259854552155616,-40.92767867358923,9.696272202171638,0.0
7.334957343049324,-0.028565389311987044,4.939454656564688,0.0,-6.433682447051947,-3.345576140388168,1.583798039299797,0.0,-41.27386780981292,-4.8558609556302486,2.2888373303951095,0.0,20.577162935367305,-44.35692137443586,5.162776266807743,0.0,-15.856770473346918,-35.88588734668001,1.9896362203468563,0.0,-44.646141777447646,-41.00856574405809,9.649185447474242,0.0
7.630987385670511,0.24998737870161625,5.203426382428651,0.0,-6.40062077178034,-3.353151062704334,1.5825065888774095,0.0,-41.25706767634154,-4.857093074425833,2.2827696775359385,0.0,20.980434934384004,-44.151272123056586,4.941763803751554,0.0,-15.82539478035321,-35.92061908665903,1.9992342532751586,0.0,-44.0201734351614,-41.08645519213971,9.604505486697573,0.0
7.9464123959181645,0.5006332800899429,5.464393098400441,0.0,-6.370141895822478,-3.3584893509780396,1.58022046846801,0.0,-41.24146840331459,-4.860279267533587,2.2758431768486567,0.0,21.381523339647053,-43.93040792483321,4.72041484168099,0.0,-15.793810817293402,-35.95767239379756,2.008987541106654,0.0,-43.38594773532642,-41.15669483943729,9.557593811035328,0.0
8.290128783479018,0.7324210433534954,5.723238456040731,0.0,-6.343063173633264,-3.359203000279469,1.5778044682103012,0.0,-41.22724576275737,-4.865983530744438,2.2672197218402452,0.0,21.77866063222484,-43.69312170471406,4.49994063158584,0.0,-15.76249010991739,-35.99230085645711,2.0175619068925315,0.0,-42.747446983171386,-41.21502260449399,9.503557055575504,0.0
8.66746028602989,0.9553067543074913,5.982419492226255,0.0,-6.319408441571308,-3.3545035401390826,1.5760468334111195,0.0,-41.214409452111184,-4.8741728338768935,2.2565224684819007,0.0,22.168728567689637,-43.44090062883588,4.282758193007483,0.0,-15.731547005779417,-36.021164485752784,2.024021852148792,0.0,-42.10774031550625,-41.25780783027459,9.437627506973355,0.0
9.079937228046367,1.176675930338697,6.2440016045454385,0.0,-6.2981305951823385,-3.3456462507780653,1.5753342348583264,0.0,-41.20264553766986,-4.884281556124262,2.243861422159874,0.0,22.548222103163923,-43.177733296495354,4.071604546173026,0.0,-15.700884519353403,-36.042872191238814,2.0279647571402855,0.0,-41.46822019384772,-41.2821268846224,9.355331974273867,0.0
9.526225928469552,1.3992154546935822,6.507714285400503,0.0,-6.277233442325644,-3.335662612433798,1.5754902282486523,0.0,-41.19120805090363,-4.895456252091227,2.22964029903566,0.0,22.91410947046187,-42.90921048326425,3.8685353997567073,0.0,-15.670314559088105,-36.05801522161134,2.029408456138105,0.0,-40.828288936391104,-41.286023561012065,9.25280076154967,0.0
10.00376648289504,1.6207463777590156,6.7699496553931,0.0,-6.254382676761595,-3.3283045169441747,1.575858183021234,0.0,-41.17886445752953,-4.906813421316523,2.2142777946906858,0.0,23.264304530758842,-42.641297037883994,3.674281218144122,0.0,-15.639651012681231,-36.06872493491326,2.028578774847613,0.0,-40.18561570133582,-41.269080191335725,9.12741484468066,0.0
10.510395619032558,1.8359223374979958,7.024350164172672,0.0,-6.227852127290463,-3.326511927589613,1.575608174900113,0.0,-41.1639860752551,-4.917566855258571,2.198026201798866,0.0,23.59778804855808,-42.37918101498565,3.4882164367899477,0.0,-15.60877622127105,-36.07790223767996,2.0257847983015917,0.0,-39.53686593186931,-41.233042375118146,8.978654526821197,0.0
11.045176913093394,2.038861046006055,7.263913159620724,0.0,-6.197437311232802,-3.331037731260496,1.5741278718004725,0.0,-41.14495293464721,-4.927030701824493,2.1809894594775514,0.0,23.914656704848788,-42.12640840978298,3.3088682450025253,0.0,-15.577643630880456,-36.08835651749312,2.021435688537874,0.0,-38.878685637748326,-41.18205556162819,8.808773564218523,0.0
11.607978213913722,2.225347027951271,7.4836938879143755,0.0,-6.164889118693226,-3.3398829604026403,1.5712959567273952,0.0,-41.12095120518352,-4.934681729402707,2.163310249541494,0.0,24.216329084554438,-41.88430069043719,3.1346277930823927,0.0,-15.546203161598521,-36.1020536741658,2.016086717859375,0.0,-38.208702208566265,-41.12220504608688,8.622940856158898,0.0
12.197964331089487,2.393661864872853,7.682706175406874,0.0,-6.133559969017045,-3.3488574803875624,1.5675038191172277,0.0,-41.09293829460915,-4.940448342255414,2.145408273934496,0.0,24.505837106614337,-41.651596218573964,2.9642716030549465,0.0,-15.514330576981372,-36.11959935499722,2.010377168841533,0.0,-37.526329934928384,-41.06035934458483,8.42870865720001,0.0
12.811823104140267,2.544064963548566,7.863915592635907,0.0,-6.107297740435464,-3.3530710302827558,1.5634497954984568,0.0,-41.06424955404483,-4.945137860262156,2.128142397035935,0.0,24.787845174990473,-41.424357682275975,2.797076698574976,0.0,-15.481881560212955,-36.14009452414035,2.004851987460146,0.0,-36.83321225862714,-41.00263249001395,8.23492158612057,0.0
13.44284893846475,2.6776604980817176,8.03228927867323,0.0,-6.0890032246186205,-3.3487559325041625,1.5598417000629805,0.0,-41.0403196207109,-4.950673707133778,2.1128079063775917,0.0,25.068019618682435,-41.196341795817446,2.632608601756907,0.0,-15.448881491605684,-36.161496196231866,1.9997860374281675,0.0,-36.133209812583104,-40.95301093231883,8.050346977390499,0.0
14.081691452924723,2.795428885347498,8.192077771819802,0.0,-6.079470949501098,-3.3347073125532782,1.5571220281756037,0.0,-41.0273525935149,-4.959821535741629,2.1009145365916133,0.0,25.35164655661791,-40.960112573242924,2.470493794621202,0.0,-15.415699650046648,-36.181432932058165,1.9951227450226359,0.0,-35.43195721216235,-40.912722629189105,7.882332170197342,0.0
14.718659196144975,2.897830797821145,8.344933501022508,0.0,-6.077058902069629,-3.3128030876171533,1.5552460116206035,0.0,-41.03025841020001,-4.975311332866744,2.0937219446560675,0.0,25.64180567192384,-40.70907557730177,2.310506852984968,0.0,-15.383032099792137,-36.19814796847029,1.9905385732554102,0.0,-34.736099723796066,-40.880633767910155,7.735712798096861,0.0
15.34647091625159,2.9849731409185125,8.489744847248385,0.0,-6.078406181857364,-3.2874221690871828,1.5535307430312777,0.0,-41.05051925311079,-4.998590768930578,2.091602814919522,0.0,25.937749120973685,-40.44022911732631,2.153088429966676,0.0,-15.35167497664288,-36.21112802655105,1.9855867998391457,0.0,-34.052337834932366,-40.85440744781566,7.612097555472637,0.0
15.962035274047611,3.0569915163279955,8.623817390360545,0.0,-6.079917150399665,-3.263995884103527,1.5506747209262137,0.0,-41.08481554096645,-5.028750300074217,2.093470309705152,0.0,26.23421908043,-40.15683950881628,2.0000906778945655,0.0,-15.322249421330826,-36.22113503046413,1.9798960964077423,0.0,-33.386418213841104,-40.83169939208661,7.509593368206639,0.0
16.566471078360973,3.11418106334545,8.74430197316719,0.0,-6.079238957108556,-3.24728091214529,1.5450817765371685,0.0,-41.125198917939684,-5.062250623244618,2.096636429265132,0.0,26.522140524057612,-39.86978417499581,1.8553077789625263,0.0,-15.295066536494234,-36.229680417250684,1.973401868392143,0.0,-32.74228008366991,-40.81067356675639,7.4229949067639875,0.0
17.163591160478394,3.156649615514416,8.848984175316435,0.0,-6.075840793030493,-3.2400532228099497,1.535482790030013,0.0,-41.16115075170901,-5.093804909162132,2.0974009237261164,0.0,26.79054641699615,-39.596416538982986,1.7243325882704479,0.0,-15.270184809263833,-36.23826322942561,1.9665150923371506,0.0,-32.12161701264742,-40.78961685591616,7.344422558739025,0.0
17.757737121736408,3.1837261590335615,8.936291925786378,0.0,-6.070327117513852,-3.242668288545211,1.5216095393130082,0.0,-41.183001450865305,-5.118200273521676,2.0923282776274768,0.0,27.02906930204827,-39.356687612671045,1.6135244423926451,0.0,-15.247549232720981,-36.24777300943844,1.9600819560693843,0.0,-31.524020860308088,-40.766047657354164,7.2643616741675086,0.0
18.35193995775262,3.1936145950358057,9.004973040809425,0.0,-6.063006950402009,-3.253448924784233,1.5045620649446612,0.0,-41.18539110998732,-5.132296753824488,2.0797048402458937,0.0,27.230172183391616,-39.167604108982395,1.5282981425146094,0.0,-15.227050733765754,-36.25831209012934,1.955067751250608,0.0,-30.947663026842314,-40.736031356984256,7.173030848983354,0.0
18.94703980013459,3.1836157215496037,9.053985313367571,0.0,-6.052792126797836,-3.269493952722266,1.486641524960726,0.0,-41.16927835131462,-5.13626207138359,2.0604260246405808,0.0,27.39050069012286,-39.03817959209176,1.4713603812606912,0.0,-15.208442932833316,-36.269428761022304,1.9520730974259433,0.0,-30.390286864346102,-40.69428179513288,7.061956234597194,0.0
19.541844933522317,3.1508376352346623,9.08279930168632,0.0,-6.0372686334082015,-3.2874760788610367,1.4706910610312196,0.0,-41.14155816747164,-5.133435223263364,2.0377879748620984,0.0,27.511103318456968,-38.96706850869044,1.4416773000311327,0.0,-15.191219886969447,-36.280530244364556,1.9509245353572382,0.0,-29.850229374857243,-40.63517713457867,6.925528972389044,0.0
20.133923963512263,3.0930166317586956,9.09188381535623,0.0,-6.0139839139502875,-3.3042264354221924,1.4592104898167264,0.0,-41.112351707525534,-5.128890323203238,2.016240155790232,0.0,27.596612336378367,-38.94383543725953,1.4346931896539807,0.0,-15.174640203234674,-36.29117983028314,1.9505819592456248,0.0,-29.327227520803053,-40.55432749445071,6.762202970649282,0.0
20.720461116231995,3.0090719933286785,9.082963716034936,0.0,-5.982188439244323,-3.31713110194607,1.4535850429203307,0.0,-41.091079816284584,-5.127392725137947,1.9997096899355657,0.0,27.65374890651868,-38.95300991025099,1.4437400084638359,0.0,-15.15796931387869,-36.30110356239245,1.9494648650410795,0.0,-28.822803366680606,-40.45004547871278,6.574945123149412,0.0
21.29879537044453,2.899264537601706,9.058770009141053,0.0,-5.943943084097178,-3.3244347071049516,1.45370560930521,0.0,-41.08305230072416,-5.131671196495333,1.9902842361399298,0.0,27.689673574624194,-38.97889959454128,1.4620228397973491,0.0,-15.140789654931936,-36.309965383648745,1.946080265210016,0.0,-28.340037966320743,-40.32408441939209,6.370690427363634,0.0
21.866613656419972,2.7650788848854297,9.022276247540136,0.0,-5.903832973208722,-3.3254840426438976,1.458106319779466,0.0,-41.08805368883216,-5.141709750510781,1.9877717711595562,0.0,27.710689337829606,-39.00922701995122,1.4843473168707977,0.0,-15.12314703250666,-36.317157712248125,1.939670893593334,0.0,-27.882641880860955,-40.18128107236717,6.1588904091646555,0.0
22.422015419543225,2.6089979450120495,8.975685232747248,0.0,-5.867339748032515,-3.320859876808843,1.4645421917158359,0.0,-41.101302805856754,-5.155227060914772,1.9901605722347835,0.0,27.721607376659524,-39.036667731963774,1.5079451601585188,0.0,-15.105467649629785,-36.32184500157815,1.9306141783044346,0.0,-27.453515871141914,-40.02817899913913,5.949605688518497,0.0
22.96366066541089,2.4342204777067096,8.919606447064243,0.0,-5.83873254790114,-3.312314555241178,1.4707398050845981,0.0,-41.115937783615394,-5.168928410240042,1.9945959200215189,0.0,27.72578447964257,-39.05847478203007,1.5322190893770156,0.0,-15.088393332212286,-36.32330194227816,1.9204511980704364,0.0,-27.053339952903443,-39.871170197863506,5.751739659336248,0.0
23.491013629991045,2.244276701384665,8.852841767445188,0.0,-5.819614169554985,-3.3024690160774712,1.4749902721865293,0.0,-41.12567589534621,-5.179824809011713,1.9983767238912673,0.0,27.725575266314294,-39.07500012656917,1.5577269515636658,0.0,-15.072701869535546,-36.321380090958264,1.9115521663420676,0.0,-26.67982021529518,-39.71494222551867,5.571863470843178,0.0
24.00448988151338,2.0425194178224135,8.772928711461084,0.0,-5.8088420849660976,-3.2942947885462166,1.4763816012071675,0.0,-41.12663472655787,-5.186067931654932,1.9996329367656038,0.0,27.722832272641433,-39.08799129835359,1.5850052833502257,0.0,-15.05932799583895,-36.316855631959754,1.9064671107560738,0.0,-26.32794392540449,-39.56187234133476,5.413797604906593,0.0
24.5052660951585,1.8315710006173198,8.677198699298287,0.0,-5.803747401260351,-3.290472231343707,1.474704019637075,0.0,-41.11795282503507,-5.187153512849004,1.9975853129211032,0.0,27.719169679332676,-39.09927258239053,1.6137732015197184,0.0,-15.04936863994461,-36.31145688128459,1.907063141324027,0.0,-25.991161397690878,-39.41251910764725,5.278862944397604,0.0
24.994647288564604,1.6129149504098823,8.563848805971885,0.0,-5.801878661219283,-3.2927591944359946,1.4702275170835293,0.0,-41.101374484370396,-5.183685452557519,1.9924572764089685,0.0,27.71591870089121,-39.110051074444875,1.642755187912151,0.0,-15.043942465012966,-36.30749132377079,1.9136973389934262,0.0,-25.663073590462346,-39.266804878366926,5.166535779049239,0.0
25.473126108718297,1.386847880909981,8.432573077194387,0.0,-5.8022529659949535,-3.3015332772188284,1.4635303681307779,0.0,-41.080252729570496,-5.177002272043587,1.9851775938933844,0.0,27.713912498695578,-39.12077291441118,1.6700379087601878,0.0,-15.043851764270155,-36.30715617617496,1.9248176052419161,0.0,-25.339033063981525,-39.125187924626395,5.075153077818976,0.0
25.939516590689614,1.1528984097394428,8.28454876321875,0.0,-5.8054238796507835,-3.315670225974186,1.4554030531231756,0.0,-41.05846125975745,-5.168860506259014,1.9770079917076249,0.0,27.71332372461414,-39.1312910886326,1.6936944022357867,0.0,-15.049123654829138,-36.31178124288355,1.9373054770923623,0.0,-25.017094981989548,-38.98923788218789,5.002370968203794,0.0
26.390672917032802,0.9106083758339327,8.121814928416585,0.0,-5.812405275784361,-3.332840250972464,1.4467333115106218,0.0,-41.039516109562044,-5.1611763595047,1.9691773749233246,0.0,27.713708685257583,-39.14112149225855,1.7123957282614004,0.0,-15.058649129021234,-36.32133363097637,1.9475173639242254,0.0,-24.6980226279793,-38.86142287396775,4.945278516446203,0.0
26.822112148454643,0.6603445432036814,7.9462906080314415,0.0,-5.823198855632771,-3.35014236846866,1.4383069882509982,0.0,-41.025971681972756,-5.15572503171499,1.9625611915906056,0.0,27.71426009336853,-39.14968512317891,1.7258231506970123,0.0,-15.07019569468802,-36.33443309060876,1.952590732075361,0.0,-24.384465361265292,-38.74432825108969,4.9003131248201335,0.0
27.229319367878166,0.4036958955764476,7.75888098187588,0.0,-5.83590744321106,-3.3648677579082715,1.430576557976904,0.0,-41.01908119048837,-5.1537757262449295,1.9574626970602491,0.0,27.714147721443407,-39.15654017087793,1.734797938314065,0.0,-15.080924511417638,-36.348898520162784,1.9514628574031985,0.0,-24.0797482447954,-38.63975547946989,4.863278441405004,0.0
27.60902766361664,0.14318056161945059,7.55915744606793,0.0,-5.847012334651594,-3.375188260766728,1.4235191249306105,0.0,-41.01876337204975,-5.15579290658923,1.953584459027141,0.0,27.712809914052805,-39.16162198349094,1.7410989098317753,0.0,-15.08823336471081,-36.362587772875045,1.9452297182887062,0.0,-23.786755423754915,-38.54812416087197,4.829714927208272,0.0
27.959838615561473,-0.11858542068409506,7.345841233614246,0.0,-5.852649971287724,-3.3806258664610542,1.4166749361134183,0.0,-41.02388621389822,-5.161368306431335,1.9502287385359907,0.0,27.710132021298776,-39.16544081146491,1.7469731193624458,0.0,-15.090519858551776,-36.374150033853574,1.936753236627517,0.0,-23.507190364042636,-38.46837934559659,4.795612464777882,0.0
28.282146230898544,-0.37976709768029693,7.117913200981642,0.0,-5.8501777190202136,-3.3821495715661722,1.409368587625769,0.0,-41.032721571178,-5.169416756469915,1.946644299739047,0.0,27.706518319313112,-39.169116436371624,1.7544339377823217,0.0,-15.087520392321531,-36.38336441608207,1.9296685347823672,0.0,-23.24126414031945,-38.398348342345194,4.758163854533072,0.0
28.577852868915226,-0.6398087992919894,6.875864478012048,0.0,-5.839266558009479,-3.3817563198092175,1.4010292266905768,0.0,-41.04332781351634,-5.178505952950758,1.9423500246340542,0.0,27.70286655608748,-39.17414566665102,1.7645724278269714,0.0,-15.080150310661198,-36.39095726030221,1.9271327890139265,0.0,-22.98775934664764,-38.33534232481667,4.716171410530137,0.0
28.8503157878922,-0.8994489463481745,6.62251805692477,0.0,-5.822085420821534,-3.381592438168286,1.3914834777799765,0.0,-41.05371615601912,-5.187141365792554,1.937280182996668,0.0,27.70041949122196,-39.18192506066787,1.7771817326621768,0.0,-15.070010401381804,-36.39805472676314,1.9307564975335652,0.0,-22.744417140365186,-38.27678326784273,4.669887995691454,0.0
29.104430588583302,-1.1603715803392678,6.363004723582792,0.0,-5.802578319227617,-3.3829822883470735,1.3811092367463669,0.0,-41.06186683766096,-5.193931088989075,1.9316969438055498,0.0,27.70047198238887,-39.19321159060256,1.7909135926733697,0.0,-15.05880686989814,-36.405598407634194,1.9400974834590627,0.0,-22.50857659835494,-38.22068517189478,4.6203473158288055,0.0
29.346317505522183,-1.4246308212184626,6.103817027594772,0.0,-5.785183187007338,-3.385867137826952,1.3707923789130358,0.0,-41.065799022607294,-5.197719663755606,1.9259402517423965,0.0,27.703977563973613,-39.207781449474176,1.8039471262681985,0.0,-15.047886547676852,-36.414027716102545,1.9528898201639766,0.0,-22.277914594420015,-38.165878373298035,4.568445905362683,0.0
29.5822140845087,-1.6939755600730972,5.851243238142523,0.0,-5.7734888729441725,-3.3889673530245394,1.3616874484253199,0.0,-41.06385662930187,-5.197828735992801,1.9201626723077485,0.0,27.711175094088496,-39.224474762621924,1.8148738283848154,0.0,-15.037993479774157,-36.42331897035846,1.9659197999360085,0.0,-22.051066165174838,-38.11194127771721,4.514109937032645,0.0
29.816804586216286,-1.96926846625046,5.609725554620265,0.0,-5.769253751847629,-3.3905928606116014,1.3548367736067135,0.0,-41.055189273445116,-5.194388728318061,1.9141897683876543,0.0,27.721387148387606,-39.24162491737773,1.8233681700357423,0.0,-15.029263350019228,-36.433222633459685,1.9762335642275701,0.0,-21.827936752987643,-38.05889246560276,4.455827342387421,0.0
30.05176843764073,-2.250215255465543,5.3807160771090565,0.0,-5.772012141644419,-3.3896877169281243,1.3507659268933168,0.0,-41.04021493260393,-5.18853010987397,1.907570033647474,0.0,27.733103806683083,-39.25767292743085,1.830320278502679,0.0,-15.021416374478907,-36.4434516460634,1.9822185223974245,0.0,-21.60964822174855,-38.006770068225485,4.390707521198259,0.0
30.285324281719085,-2.5354794121135082,5.162425576533623,0.0,-5.779305914806395,-3.3865766118507414,1.3492256325870162,0.0,-41.02077714707653,-5.182166840799838,1.8997804392001942,0.0,27.744363605094943,-39.27167217283543,1.8373963485650986,0.0,-15.014082163020111,-36.453693783011545,1.9841115505152516,0.0,-21.398215817244132,-37.95527491229687,4.315108318815547,0.0
30.513010159053607,-2.8230470478661456,4.950533184785231,0.0,-5.787449294536643,-3.383030025212828,1.3492205216648632,0.0,-40.999807855354305,-5.177332900502468,1.8904872803374086,0.0,27.75331110671617,-39.283458933686255,1.8462900383577523,0.0,-15.007155726084687,-36.463516112924566,1.9837171870313242,0.0,-21.196152465919152,-37.903671308972356,4.2257604727659075,0.0
30.72930967672653,-3.1106102756548264,4.739602312493574,0.0,-5.792633456076343,-3.3816094520978544,1.3493300945182636,0.0,-40.98053345543424,-5.175363238181322,1.8797509679122424,0.0,27.758711928753787,-39.29346966393229,1.858060654127156,0.0,-15.001028970522324,-36.472326467091406,1.9835081563992603,0.0,-21.00618925287136,-37.851075380670295,4.121187872816478,0.0
30.929404886129113,-3.395800630304411,4.524790155919531,0.0,-5.792082419409698,-3.3846197496510575,1.348169442916289,0.0,-40.9655002296816,-5.176376935793842,1.8680874307877708,0.0,27.760220507301305,-39.30239179189901,1.872838129194479,0.0,-14.996533273009959,-36.47949399133715,1.9855829729234635,0.0,-20.831181429917596,-37.7970802262206,4.0030400938186865,0.0
31.11042635853289,-3.6762602879049178,4.303448798131635,0.0,-5.784918835378086,-3.3931815766273745,1.3447756380201703,0.0,-40.95581936017314,-5.179376008340006,1.8563382122553609,0.0,27.75834326766728,-39.310887420537696,1.8898870867351683,0.0,-14.994547753749773,-36.48458942532259,1.9909488390244565,0.0,-20.674096023524612,-37.74243850522504,3.876793217003705,0.0
31.271949073011328,-3.9496994766026248,4.076269990428502,0.0,-5.772447178453914,-3.4068425783834133,1.3387858530144054,0.0,-40.950960601673835,-5.182900950608859,1.8453720868882053,0.0,27.754204769767714,-39.31950264789146,1.9078085678889227,0.0,-14.995434680538429,-36.48761463157026,1.9993455343275564,0.0,-20.537859487941184,-37.68939677342679,3.751305895103579,0.0
31.415840215128856,-4.214087122309047,3.8476574197783453,0.0,-5.757733482224522,-3.423839275324667,1.3304215645981579,0.0,-40.94916113207893,-5.185841455995604,1.835740288370883,0.0,27.749258006053537,-39.3286968530492,1.9247227517296626,0.0,-14.998607898715596,-36.48910979318155,2.009564877296281,0.0,-20.424883137263972,-37.64137097510623,3.63705736041668,0.0
31.545638059048233,-4.467860275927665,3.6250954823855057,0.0,-5.744603021200939,-3.441795821664706,1.3203818674919052,0.0,-40.948211528115024,-5.1879372392242,1.8274667920663976,0.0,27.744993315520272,-39.33884953215815,1.938507553521335,0.0,-15.0025130931664,-36.49011036622451,2.0200629902862275,0.0,-20.3363007809457,-37.60196150414495,3.5434697412054064,0.0
31.66550172439755,-4.7097846351706645,3.41752391024613,0.0,-5.736388262520018,-3.458490983523064,1.3097244460714474,0.0,-40.94626435881449,-5.189741519550439,1.8201079556945103,0.0,27.742639182463734,-39.35017380570901,1.9472450197944386,0.0,-15.005101452801755,-36.49198412708676,2.029590280727371,0.0,-20.271239427185492,-37.57368022116752,3.4762760322932635,0.0
31.77876418772601,-4.9382780016432815,3.2330915859925877,0.0,-5.73485390891591,-3.4723934733148765,1.2997362842788007,0.0,-40.9424147132338,-5.192144587394988,1.8130708948898873,0.0,27.742886273605322,-39.362595038390054,1.949831011428735,0.0,-15.004601629202869,-36.49617190202954,2.0375800283114547,0.0,-20.226580529578168,-37.55697594192452,3.436063349012594,0.0
31.886420317311632,-5.150565985712073,3.076971457110824,0.0,-5.7396794644699725,-3.482853437294292,1.291753665410976,0.0,-40.93692402117579,-5.1957549147759385,1.8060165816602582,0.0,27.74572753116099,-39.375702201287545,1.9464615265056135,0.0,-15.000201991467142,-36.503832574568605,2.044161124795057,0.0,-20.19747383978553,-37.5500248633832,3.418601107916924,0.0
31.986206751439862,-5.3423813517830645,2.9499779056581357,0.0,-5.748702416921802,-3.490001244639102,1.2869098060489943,0.0,-40.93101044912284,-5.20046254390219,1.799102251323613,0.0,27.750494103305403,-39.38881129325334,1.9386942928395392,0.0,-14.992297694427853,-36.515426735626676,2.0498512378127014,0.0,-20.178434319185467,-37.54933877409063,3.416607592427148,0.0
32.07285690414762,-5.508648014856453,2.848468692083175,0.0,-5.758837049470946,-3.494481162984809,1.2858435980242753,0.0,-40.92624385542442,-5.205406705647875,1.7929078253787303,0.0,27.756082108669762,-39.40109327867797,1.9290094800251012,0.0,-14.982221613566136,-36.53036756421494,2.0551376248982294,0.0,-20.16454042604079,-37.550831356508176,3.4219929945225314,0.0
32.13960681879466,-5.644962248585211,2.76554196148801,0.0,-5.767275024089352,-3.4971563913988133,1.2884546343855146,0.0,-40.92380586003709,-5.209369862864983,1.7880936896715793,0.0,27.76128305724194,-39.41170884494185,1.9200606237317466,0.0,-14.971666476954923,-36.54694248864096,2.0601734624585966,0.0,-20.152279621727907,-37.55085733377625,3.4277304979168104,0.0
32.18046494940036,-5.749215054472712,2.693088088264334,0.0,-5.77243114446303,-3.498890485278327,1.2938085111048423,0.0,-40.92400848419737,-5.211389013362116,1.7850055295699017,0.0,27.765102426358006,-39.41993693744773,1.913938412602226,0.0,-14.962116396018768,-36.562666614402545,2.0647142174298025,0.0,-20.139839429793945,-37.54690138252883,3.4289786272471208,0.0
32.192471423229726,-5.822637980039446,2.6240328682513177,0.0,-5.774253291343587,-3.500441633968526,1.3002734920961725,0.0,-40.92632030567155,-5.211249751755714,1.7834620361415405,0.0,27.76697329906463,-39.42530915985502,1.9117188642447793,0.0,-14.954509453963967,-36.575035726889055,2.0682858278640524,0.0,-20.12689852943091,-37.537837142287614,3.423443806093717,0.0
32.17716907402624,-5.869813184160201,2.5541394557640142,0.0,-5.773873762245872,-3.50242538382666,1.3059041966157299,0.0,-40.92980963426907,-5.209611685263532,1.782837432008825,0.0,27.76682094617427,-39.427741684278814,1.9133998134364614,0.0,-14.94917355047253,-36.58240248193618,2.070492095474169,0.0,-20.114118329343547,-37.52383627879393,3.411127318488404,0.0
32.140696265625834,-5.897592675086968,2.482908125095623,0.0,-5.772887833173358,-3.505274602019564,1.3089836021648686,0.0,-40.93365731507045,-5.207744136133405,1.782369211527688,0.0,27.764986547567226,-39.42761561385557,1.9181665193902884,0.0,-14.945952076017413,-36.584588578218245,2.0713301701452824,0.0,-20.10256783946457,-37.506057302638915,3.3936577452219208,0.0
32.092305764725126,-5.913289146729166,2.413346564722966,0.0,-5.772633378496376,-3.5091775572243584,1.3085351671892962,0.0,-40.937408737036485,-5.207048785392768,1.7814934102737583,0.0,27.762052184097193,-39.425741208750274,1.924844762996976,0.0,-14.944413839538905,-36.58295997103867,2.07136572979684,0.0,-20.093266596154375,-37.486233298142864,3.3734540800153745,0.0
32.041698015852,-5.922785933182613,2.3506802037096985,0.0,-5.7737339633908595,-3.514036037428406,1.304604464876535,0.0,-40.94086902200262,-5.208589599798545,1.7800185033696225,0.0,27.758622221005396,-39.4231829639771,1.93237422456178,0.0,-14.944083559707382,-36.579944601531494,2.071645894993374,0.0,-20.086931013192363,-37.46625064355485,3.3529709048572265,0.0
31.99611761814711,-5.929228646813833,2.3004020962524763,0.0,-5.7759867000240686,-3.5194863685626867,1.2982119886811425,0.0,-40.9437950987903,-5.212769016161889,1.77807756830249,0.0,27.755126784886563,-39.420997087371795,1.94012584843753,0.0,-14.944658654859431,-36.57820642698669,2.073339228381318,0.0,-20.08389509212904,-37.44778063012261,3.3341894450666665,0.0
31.958356145952177,-5.93269606318531,2.266302697193174,0.0,-5.7785412451429945,-3.5249860615425757,1.291018534323003,0.0,-40.94565275655561,-5.21919439972608,1.7759413539824571,0.0,27.75172248476747,-39.41997984555184,1.9479236251739458,0.0,-14.946156572713027,-36.57980817098189,2.0772609049155193,0.0,-20.0841049838933,-37.43199495078444,3.3183691297711864,0.0
31.926439077273102,-5.9308591204970735,2.2491378760793808,0.0,-5.780266214425852,-3.529940073691437,1.2848285670569144,0.0,-40.94564435700667,-5.226750521223606,1.7738319847878303,0.0,27.748342358866143,-39.42051483510204,1.955762725233102,0.0,-14.948911109358768,-36.58567573787025,2.0835378042257844,0.0,-20.08710612129209,-37.41937496068415,3.305974254176169,0.0
31.895073201499073,-5.920353317302792,2.2463577243403545,0.0,-5.780195192708045,-3.533841110038467,1.2810686244652132,0.0,-40.943016349857274,-5.2339046054151925,1.7718187585912268,0.0,27.744870800022216,-39.422556212766665,1.96340807233182,0.0,-14.953379594039081,-36.595534708530806,2.091577280817452,0.0,-20.092032121738885,-37.40962758237869,3.2967046618463165,0.0
31.85832906437441,-5.898499570878094,2.252920890404047,0.0,-5.777933695262111,-3.536414403627421,1.2803609681561223,0.0,-40.93745750755456,-5.239215432601071,1.7697818588160485,0.0,27.741332887966866,-39.4257276300378,1.9701695171597216,0.0,-14.959826442934329,-36.60827423893818,2.1002980439010983,0.0,-20.09767963948491,-37.40174363382247,3.289633818807129,0.0
31.81268355604181,-5.864962562913331,2.262817886733279,0.0,-5.7738943279439,-3.537755988468123,1.2823079300705977,0.0,-40.92934052111765,-5.241877831939599,1.7674098358447354,0.0,27.737974300240445,-39.42948415882501,1.9750476800840353,0.0,-14.968027523780433,-36.62250867667277,2.108461844408108,0.0,-20.102736726042103,-37.39424159211398,3.2834815543380493,0.0
31.75934084573469,-5.822804268934202,2.2706873456193915,0.0,-5.769252127175989,-3.538414268293119,1.2855990782668947,0.0,-40.91965244393237,-5.242051081995346,1.7642390240997692,0.0,27.735192842557908,-39.43328513783879,1.9771709012365903,0.0,-14.977141639881175,-36.637054927820365,2.1149768612734228,0.0,-20.106129906309793,-37.38558972623655,3.2769815985779367,0.0
31.704752881364474,-5.778346061895619,2.27294253665886,0.0,-5.765596383385761,-3.5393297787774145,1.2884880736328803,0.0,-40.90962632150782,-5.240814793853566,1.7597534572455151,0.0,27.73338872308207,-39.436739904438205,1.9762240156370456,0.0,-14.98583162596043,-36.651141239890634,2.1191234251426057,0.0,-20.10734679846551,-37.37469919491758,3.2692209667104564,0.0
31.65876212380728,-5.7395985785055545,2.2681151657602356,0.0,-5.764385725292749,-3.541585133305551,1.2895197856506346,0.0,-40.90027664579674,-5.239792519174184,1.7535342801444767,0.0,27.73283468539518,-39.439698243271934,1.9725902948641796,0.0,-14.9926134212655,-36.6643394330915,2.1206901976916797,0.0,-20.106564416610368,-37.36130214488642,3.2598258802751445,0.0
31.63083574129819,-5.713725852895879,2.2564923476787175,0.0,-5.766433487623681,-3.546025270794356,1.2881970411102532,0.0,-40.89216496942855,-5.240612153331279,1.7454314282712655,0.0,27.733619252669033,-39.44226695895782,1.9671492494768206,0.0,-14.99629855325088,-36.67636021085917,2.120007704792135,0.0,-20.104500908928713,-37.34604936787926,3.2489536188913135,0.0
31.625943480176996,-5.704603659944595,2.239345097568876,0.0,-5.771664450376095,-3.5529091874838077,1.28522457415834,0.0,-40.88561058681055,-5.244374567656299,1.7357457558168212,0.0,27.735649020787527,-39.44474970482215,1.96089919178762,0.0,-14.996333843472648,-36.686878472865885,2.117865449815202,0.0,-20.102061874638537,-37.330286275963125,3.237144297412126,0.0
31.642011298611912,-5.7115500760259375,2.218068632960332,0.0,-5.779247132143535,-3.5617673810587096,1.282155648675194,0.0,-40.88119607249038,-5.251262090352354,1.725411465468655,0.0,27.73866702720564,-39.44752563829336,1.9546487150556064,0.0,-14.992886626046257,-36.695462695686466,2.1153203200256527,0.0,-20.099966280360487,-37.31561343686616,3.2251212879668323,0.0
31.670226523522288,-5.729748499270587,2.1935100882902336,0.0,-5.787999453219795,-3.571541934638816,1.2806066976281398,0.0,-40.88010427646827,-5.260414282494322,1.7161032981965105,0.0,27.742266425705225,-39.45090031696322,1.948927141455158,0.0,-14.986659603920039,-36.70158229744962,2.1134425301576236,0.0,-20.09852819312648,-37.30341370848578,3.213601176326634,0.0
31.69811882016066,-5.752111290431635,2.165712047318495,0.0,-5.796835212336891,-3.5809370393917437,1.2814634787588028,0.0,-40.88390265676209,-5.270177059285341,1.7101152886588622,0.0,27.745922725329642,-39.45497625012308,1.9440915529501996,0.0,-14.978561608220627,-36.704661214830885,2.113077011085883,0.0,-20.097654840716235,-37.2945042683713,3.203133623820616,0.0
31.714062101174868,-5.77173476643387,2.1341616478631433,0.0,-5.80504930737613,-3.588814014995954,1.2844873210961314,0.0,-40.89380445647163,-5.2786865949771276,1.7098975378909715,0.0,27.749084768506513,-39.459589608877245,1.9404819107179971,0.0,-14.969418798426899,-36.704203027101194,2.1146920280980517,0.0,-20.096996289097056,-37.288994539563475,3.1939822891982548,0.0
31.71131018433382,-5.783936150234288,2.0983983691505905,0.0,-5.812384728779591,-3.594487499446503,1.2884630604051441,0.0,-40.909790326883666,-5.284526828645415,1.7172885178516246,0.0,27.751327626277856,-39.46433662052607,1.9384756863085322,0.0,-14.959855493332755,-36.70002629637469,2.118336567717586,0.0,-20.09613215891594,-37.286356576555136,3.1860742863722766,0.0
31.690021449371486,-5.787189019910332,2.058656116041858,0.0,-5.818951104036286,-3.597868302961974,1.2917256624035796,0.0,-40.93002457090074,-5.287111356152026,1.732629321223767,0.0,27.752506423364828,-39.468680548057506,1.938403851447628,0.0,-14.950355825627858,-36.692580134302645,2.1236740043631883,0.0,-20.094713371831233,-37.285659179233875,3.1790479838112127,0.0
31.656603647287817,-5.782847567612418,2.016214322052967,0.0,-5.825087881069917,-3.59945488655209,1.2927678750827214,0.0,-40.95084925671629,-5.286607531752644,1.754072660265897,0.0,27.752818547272874,-39.472107377244555,1.9404121066680151,0.0,-14.941421333022298,-36.68321857882579,2.130046786868915,0.0,-20.09253499386749,-37.28587219041544,3.1723966599084044,0.0
31.62076210350981,-5.774015977624673,1.9732924235444163,0.0,-5.831217058354047,-3.6001747592340703,1.2906960333310717,0.0,-40.96745391409937,-5.28351602122652,1.7775025985578576,0.0,27.752718732187525,-39.474287689293,1.9443841264155353,0.0,-14.933708764205061,-36.67426998286068,2.136554599546656,0.0,-20.089549351751565,-37.28612515525418,3.165657125657738,0.0
31.591587139998218,-5.7641155252845895,1.9325633774438575,0.0,-5.837689162192145,-3.601084367516286,1.285443089164299,0.0,-40.97513733882024,-5.278221828776028,1.7974561608701114,0.0,27.752713288781496,-39.47519317588798,1.9499741638233488,0.0,-14.928053058690764,-36.6687673069823,2.142165064715968,0.0,-20.085840302526808,-37.28583411550083,3.1585611691841375,0.0
31.574463053276553,-5.755691528665218,1.8965660765894121,0.0,-5.844630708645813,-3.6029978035451755,1.2777452360244208,0.0,-40.970896115803534,-5.2708133089205536,1.8090713091447688,0.0,27.753125646227172,-39.47511407308797,1.9567033215238023,0.0,-14.925327404235071,-36.669796164427225,2.145890310408932,0.0,-20.081589871539357,-37.28468310800658,3.1510783075432105,0.0
31.570119106060993,-5.749838515463631,1.8673352961339553,0.0,-5.851838536403177,-3.6061877163191287,1.268916796604242,0.0,-40.954915048596106,-5.261219534172223,1.8103706756257258,0.0,27.753937275884173,-39.47455284101683,1.9640400014971906,0.0,-14.9261576521883,-36.67955785964017,2.1470323680846217,0.0,-20.077067335819855,-37.28250843573921,3.1433340269256984,0.0
31.575875442887487,-5.746301568103301,1.8464031151991716,0.0,-5.858791431669853,-3.6103059827149586,1.260469559130935,0.0,-40.93140070211739,-5.249417115653021,1.8039318766338281,0.0,27.75477386883312,-39.47403295819766,1.9714211807515216,0.0,-14.930587311560446,-36.69841597636316,2.1454321551884252,0.0,-20.072646167895186,-37.27915315173668,3.135458272910183,0.0
31.587883348187937,-5.74396671859208,1.835061441413126,0.0,-5.864814991572537,-3.6145764705824632,1.25366673192159,0.0,-40.90814825842441,-5.235385827589148,1.7974358923054368,0.0,27.755048687670048,-39.47391483618459,1.9782312912995632,0.0,-14.937854475404334,-36.72433136761541,2.1415993913846663,0.0,-20.068824738996206,-37.27436114667453,3.1274565928344398,0.0
31.60285777359731,-5.741354707928343,1.8345911017590524,0.0,-5.869345952128673,-3.6181662728805684,1.2491597519350286,0.0,-40.894547720694774,-5.218699544598797,1.802842536792566,0.0,27.754210160848196,-39.47430342413726,1.9837938015146062,0.0,-14.946437744324275,-36.7530620165153,2.1366139998125355,0.0,-20.066214861557842,-37.26778104858858,3.1191760392331886,0.0
31.61856325312712,-5.736958760592982,1.8461836300551333,0.0,-5.872170407322125,-3.6205430606348354,1.24685511650235,0.0,-40.898476304778534,-5.197960262253243,1.8341691455111482,0.0,27.75199380121773,-39.475071239167,1.9874282844537259,0.0,-14.954415279340445,-36.77921347604028,2.1317943594724316,0.0,-20.065469322245697,-37.25911519287424,3.110375750146247,0.0
31.63332948879593,-5.729521932618437,1.8704854104989064,0.0,-5.873518326070852,-3.6216490828110217,1.2460618221945925,0.0,-40.92321171480282,-5.1704893817354165,1.904328352585587,0.0,27.74857610822442,-39.475960854513566,1.9885917760773282,0.0,-14.960011565627173,-36.79778344950772,2.12826865222028,0.0,-20.067138905193996,-37.24835753933543,3.1008482180498014,0.0
31.645345327317372,-5.7183378779647205,1.9069467748847337,0.0,-5.873968835302601,-3.6218458868502896,1.2458350246696428,0.0,-40.96561008444302,-5.132606501765805,2.0218512445598877,0.0,27.744570386158532,-39.47670957441029,1.9870787275761064,0.0,-14.96210900646014,-36.805567503689325,2.126648528439974,0.0,-20.071478997528057,-37.235975677645406,3.090509217339731,0.0
31.65235804812856,-5.703494139444163,1.9533253252776976,0.0,-5.874206992506315,-3.6217061592257345,1.2453515852754382,0.0,-41.016242344203036,-5.080509783885846,2.188359090884477,0.0,27.740863945758626,-39.47715006177097,1.9832133232515776,0.0,-14.960542141822826,-36.80189653657779,2.126926872006985,0.0,-20.07826251265538,-37.22289364330303,3.079397918567542,0.0
31.652051393364427,-5.685939239979496,2.005684142987066,0.0,-5.874739305417365,-3.621766900180191,1.2441709030222627,0.0,-41.061331539647824,-5.011439710830546,2.397404917582268,0.0,27.73834812405041,-39.47726364219933,1.97794433130883,0.0,-14.95610071157546,-36.788537966482494,2.1285803721886847,0.0,-20.086685154083867,-37.2102395320911,3.0675901904857525,0.0
31.642984927652897,-5.667349287163656,2.0590187128053543,0.0,-5.875693990083627,-3.622320284241697,1.2423204553396365,0.0,-41.08564150969302,-4.924636087914159,2.6349355790424385,0.0,27.73762904699709,-39.47718716832004,1.9727674348472295,0.0,-14.95025444631222,-36.76893501803431,2.130780071443203,0.0,-20.095442709819512,-37.19896105270853,3.0550895769815316,0.0
31.625625618312107,-5.64983657833865,2.108341405527561,0.0,-5.876783997907299,-3.6232763712594185,1.2402328582019946,0.0,-41.0752521313991,-4.821668258662022,2.8812986133677185,0.0,27.73881905157567,-39.47719247984413,1.9694643724860867,0.0,-14.944681632221815,-36.747147880877876,2.132622461476963,0.0,-20.102997964610697,-37.18948974086763,3.041779731634527,0.0
31.602870833473293,-5.635563913323203,2.1498413916462926,0.0,-5.877419263023454,-3.6241274923904108,1.2385983412096984,0.0,-41.01944775171957,-4.706001784287441,3.1145598399002354,0.0,27.741485376472248,-39.47765895524347,1.9697275078672014,0.0,-14.940757197260565,-36.72689683366972,2.133322420031808,0.0,-20.107959514014816,-37.181605827667276,3.027482178974621,0.0
31.57966648324434,-5.626346426488823,2.1817362808470673,0.0,-5.8768822647880405,-3.6240485681064794,1.2381835008062492,0.0,-40.911464106804296,-4.5819745722128715,3.314845254578553,0.0,27.744789349684925,-39.47904117761434,1.9747649287750981,0.0,-14.93918003083905,-36.71097839994483,2.1323241207372963,0.0,-20.10942677730039,-37.17454708406654,3.012090458000573,0.0
31.56174203062492,-5.623298492992349,2.204578341789354,0.0,-5.874480501492506,-3.6221349080690235,1.2396415404730643,0.0,-40.74827962197305,-4.453474891719424,3.469271762714751,0.0,27.747798907086572,-39.48181134814174,1.9849564391409853,0.0,-14.939844520162659,-36.70106897368405,2.12931415800783,0.0,-20.107162093275193,-37.16728813252773,2.9956988542772827,0.0
31.553884956436903,-5.626546124817665,2.220940687458075,0.0,-5.86965549339329,-3.6177153723437776,1.2433291782763076,0.0,-40.52991213694237,-4.322551079447857,3.576660263958966,0.0,27.749876199320884,-39.48635879657619,1.99964349704344,0.0,-14.941945111621326,-36.697734784446396,2.1241697342892714,0.0,-20.10152944833021,-37.15885615323092,2.9786466824409725,0.0
31.55840173481866,-5.635106622965793,2.234548114338928,0.0,-5.862090607199631,-3.610634351209711,1.249152847248828,0.0,-40.258776890213305,-4.188184752164357,3.6506717198356,0.0,27.75095841470837,-39.49286876863955,2.017187964211031,0.0,-14.944237661195197,-36.70049092889758,2.116903555342496,0.0,-20.093248383254185,-37.14856752710032,2.9614498182519853,0.0
31.5744136015679,-5.647171725555989,2.249086771121119,0.0,-5.8518379041527915,-3.6014012932859476,1.2564863758795788,0.0,-39.93947509005405,-4.045709679542128,3.719569784046617,0.0,27.75157097488407,-39.50124545687957,2.0353985165335455,0.0,-14.945380801362464,-36.70790450017447,2.1076525072315366,0.0,-20.083095142832093,-37.13614417008108,2.9446534620453733,0.0
31.598401319345395,-5.660903701770094,2.267100555228838,0.0,-5.839388793567388,-3.591147709191823,1.2642214684790396,0.0,-39.57891477394251,-3.8876500308652613,3.8211544209635075,0.0,27.752564128257482,-39.51114105411125,2.052242332872808,0.0,-14.944295578297181,-36.7178098309217,2.0967207183149252,0.0,-20.07169201254289,-37.121738084591925,2.928676499049171,0.0
31.625913690356224,-5.6753781690051905,2.2893747972088256,0.0,-5.825574938842678,-3.5813888899354964,1.2709956945702112,0.0,-39.186247851395684,-3.7065149775483874,3.9930675783289766,0.0,27.754730305045044,-39.52210098641191,2.0665456366349755,0.0,-14.940479049366884,-36.72764635714745,2.0846514450796025,0.0,-20.059450206816734,-37.10590538382962,2.9137108846308717,0.0
31.65370434008701,-5.690930949362061,2.314915026934667,0.0,-5.81128730747565,-3.573652953202661,1.2755660270631992,0.0,-38.772179279024,-3.4989836403321686,4.261128246358858,0.0,27.758520421514532,-39.53377004152853,2.078322249434713,0.0,-14.934189753251179,-36.73485615473401,2.0722721765914276,0.0,-20.04662491026987,-37.08953604278181,2.8997051870509996,0.0
31.681170918773127,-5.70844370239654,2.341313412010198,0.0,-5.797134307309469,-3.5690897755437554,1.2771984322987624,0.0,-38.347724757459375,-3.269518915085653,4.630053975876782,0.0,27.764005498065313,-39.54605389341631,2.0885516715837475,0.0,-14.926411596672803,-36.73727676724427,2.0606445429304294,0.0,-20.033384543783377,-37.07371860662748,2.8864328433163724,0.0
31.710271767343812,-5.727985430050575,2.3653231045479686,0.0,-5.783172136189362,-3.5681727616792696,1.275903711944827,0.0,-37.92285665072876,-3.03104041764162,5.080612803302627,0.0,27.7710701303892,-39.55912750657626,2.09856110145488,0.0,-14.918534300968945,-36.733501104064295,2.0508714895885625,0.0,-20.01982606265883,-37.05953234593256,2.8736294081002622,0.0
31.744027863502936,-5.747923854472624,2.3836935309633063,0.0,-5.768758319443371,-3.5705557774296484,1.2724044749380115,0.0,-37.50531042485417,-2.8016260654133767,5.574962546670914,0.0,27.779673225725652,-39.57325874226052,2.1093958920247893,0.0,-14.911796734816397,-36.72317235278622,2.0437742898012843,0.0,-20.005943009737102,-37.0477980481171,2.8611556252526285,0.0
31.784598606826137,-5.765349668920582,2.3942485021855724,0.0,-5.752554029191445,-3.5750844707933886,1.2678348287851167,0.0,-37.0995168639926,-2.598544383283759,6.068657678767713,0.0,27.7899827369398,-39.588541311281325,2.121498593382986,0.0,-14.906697751753967,-36.707132132698916,2.0395379411914902,0.0,-19.991599927016956,-37.03885484531155,2.8491077067083204,0.0
31.832034061173246,-5.77759083725046,2.3967808285651415,0.0,-5.7327711540613775,-3.5799296842717343,1.2632889982953301,0.0,-36.70572665233732,-2.432456168146432,6.524907962138299,0.0,27.802304811871508,-39.60470428507122,2.1347440503375648,0.0,-14.902667021614587,-36.68732144645616,2.03749923971834,0.0,-19.976553753861907,-37.032446910481895,2.8378010005624272,0.0
31.884190351264884,-5.783754951171763,2.393173060774677,0.0,-5.7077745451491655,-3.582829519741958,1.2594001315729404,0.0,-36.319774196866376,-2.304244935095852,6.925628851668947,0.0,27.816874340817147,-39.621120254869375,2.1486713653622296,0.0,-14.898185927636009,-36.666409014164664,2.0362498028090865,0.0,-19.960519969535326,-37.02778610231583,2.827618183618563,0.0
31.93760842861319,-5.785326044745366,2.386571863477629,0.0,-5.676957294256901,-3.5814703322615244,1.2561269402368946,0.0,-35.933946339282016,-2.2052949706995673,7.2753194211224415,0.0,27.83364313378093,-39.63701417415821,2.162753330282589,0.0,-14.891302445907654,-36.6472475419137,2.0340797292490667,0.0,-19.94325014292505,-37.02379367041181,2.81878414867964,0.0
31.988830007107694,-5.785576771296919,2.380068415011639,0.0,-5.641499179342517,-3.574038863618016,1.2528536535366266,0.0,-35.538827074311264,-2.120614312245328,7.596956732564027,0.0,27.85218389065456,-39.65177420803663,2.176637829217192,0.0,-14.880293858997343,-36.63232548370549,2.029552015404125,0.0,-19.92458088897401,-37.019436898456796,2.8111543017861838,0.0
32.035591108964766,-5.788228409406255,2.3756002773027003,0.0,-5.60450173557498,-3.559881674940886,1.2487850343341718,0.0,-35.125294380422964,-2.0335952663562047,7.922158131786281,0.0,27.871770668935113,-39.6652355339877,2.190318306011676,0.0,-14.864221330307217,-36.623350548436136,2.0218857461114954,0.0,-19.904429875259417,-37.01402358633471,2.804096771468304,0.0
32.07746200905396,-5.79604052627973,2.3735538506784657,0.0,-5.570258089443964,-3.5400392714013726,1.2434740990784388,0.0,-34.685742309108434,-1.9309859969056458,8.27953984793115,0.0,27.891624557225366,-39.677830273123384,2.204145211767173,0.0,-14.843222352146984,-36.62103662857204,2.010977490462915,0.0,-19.882750113235986,-37.00734099547396,2.796536957365767,0.0
32.11579722325764,-5.80992354005965,2.37309885978914,0.0,-5.542884817926469,-3.517312948501452,1.2372107763903557,0.0,-34.21419447439974,-1.8065181933050027,8.685148957693848,0.0,27.911224734309027,-39.690536486810025,2.218623031174646,0.0,-14.818487253223308,-36.62511402885005,1.997166156242523,0.0,-19.85949199052544,-36.99960820800115,2.787194901048389,0.0
32.15319893554659,-5.828883793475003,2.372941079023825,0.0,-5.5248469188151645,-3.495635246711201,1.231023819541849,0.0,-33.70569470803278,-1.661939488638577,9.137517405688913,0.0,27.930517195198334,-39.70461353749944,2.234091389959252,0.0,-14.791942540939617,-36.634519087571164,1.9809884289876347,0.0,-19.834626786578625,-36.99129671128086,2.7749671959412225,0.0
32.1927841319782,-5.850696990667077,2.372067758477339,0.0,-5.515885813416663,-3.478869640822248,1.2262558431332202,0.0,-33.15561508426752,-1.5052276445931927,9.618109673645622,0.0,27.94988397276325,-39.72118420483565,2.2505033978277282,0.0,-14.765735817682453,-36.6476511886965,1.9630961411916292,0.0,-19.80823496453264,-36.9829162742394,2.759317218172953,0.0
32.23736994623906,-5.872859849131938,2.3701757824235727,0.0,-5.512672318807273,-3.4695351257493137,1.223915952031482,0.0,-32.55927916455899,-1.347093082488657,10.096348438528576,0.0,27.969875825011915,-39.74079049732742,2.2674483222719157,0.0,-14.741674968676454,-36.66258745938895,1.944324368486182,0.0,-19.780593317742085,-36.97484592715284,2.740495156611095,0.0
32.288649145376034,-5.8933500496905795,2.3676973466574243,0.0,-5.509355991588293,-3.468017680508087,1.224097401032279,0.0,-31.911969293565654,-1.1976223419162189,10.537268232840898,0.0,27.99085950902944,-39.76308720034581,2.2843889039530083,0.0,-14.720801645353456,-36.67724225843161,1.9257452843777205,0.0,-19.752175092885636,-36.96723949585314,2.7194571666530063,0.0
32.34664536742436,-5.910991136790534,2.3655060413560527,0.0,-5.49907049509621,-3.4725188177080337,1.2256961241320141,0.0,-31.209307221489162,-1.064537345027734,10.909365408170698,0.0,28.012776876908667,-39.786835932359985,2.3009592276752304,0.0,-14.70325784669803,-36.689557656665876,1.9085157072589851,0.0,-19.723530481867027,-36.96000157962636,2.697490996183232,0.0
32.409799188500806,-5.925472742026661,2.3644499287481953,0.0,-5.476218082737962,-3.4796185247014098,1.2265866329879147,0.0,-30.448103224893963,-0.9533357649742271,11.190572856726101,0.0,28.03514276410595,-39.81027940590265,2.3171594246539424,0.0,-14.688499471568235,-36.69780027728244,1.8934812508478238,0.0,-19.695098837256964,-36.952831132195804,2.6757148645009625,0.0
32.47569111269256,-5.937156009522159,2.364888876197675,0.0,-5.438925339028219,-3.4852209245636043,1.2242626731748176,0.0,-29.6277201576175,-0.8683898240221524,11.37129717492665,0.0,28.057284799730084,-39.831782178186785,2.333344602882372,0.0,-14.675735258718715,-36.70091496234369,1.8807488013257103,0.0,-19.667056992638507,-36.9453325806981,2.654692305232924,0.0
32.54199981677041,-5.946787696626899,2.3664274990041925,0.0,-5.390651133472073,-3.48571792773628,1.2167275690249255,0.0,-28.75162357980723,-0.8136429240272385,11.454518441728121,0.0,28.07871368572794,-39.8504323421852,2.3499941615279933,0.0,-14.664352905438077,-36.69876230053081,1.8695386310860247,0.0,-19.63929419650276,-36.9371677682755,2.6343348956541934,0.0
32.60722831876022,-5.955250133875527,2.3679690634676813,0.0,-5.339913294619332,-3.479172043310429,1.2032726815751529,0.0,-27.82833343221084,-0.7920407847395161,11.453567631094487,0.0,28.099442134055263,-39.866293392368284,2.3673582853658885,0.0,-14.654162719612719,-36.6920665331242,1.8584486092337542,0.0,-19.611531254774526,-36.928186575699044,2.6140870078896086,0.0
32.67096814274355,-5.963456682131545,2.368072611699157,0.0,-5.297701326279705,-3.46613898419114,1.1848313040149563,0.0,-26.870900500255594,-0.8039329912917754,11.38833406796174,0.0,28.12007408795817,-39.8802074109968,2.385183998170657,0.0,-14.645461007909471,-36.682045604801644,1.8459902490172215,0.0,-19.58351613749615,-36.918478007084104,2.593235888492181,0.0
32.73372935705562,-5.97241164875549,2.3654775523219893,0.0,-5.273193614197694,-3.4496384642687765,1.1638086445456262,0.0,-25.894577774483775,-0.8456905916286619,11.28067434049985,0.0,28.141585550473263,-39.89330853788462,2.4027349680787715,0.0,-14.638963444502089,-36.66991725881464,1.8311376605657372,0.0,-19.55518306833498,-36.90833748615747,2.5711830069115162,0.0
32.79648673895438,-5.983312662518008,2.3596262892170774,0.0,-5.2694099878395155,-3.433985358305364,1.1435198894925138,0.0,-24.913391636561574,-0.9099235794389937,11.149972305558428,0.0,28.16488430409939,-39.90652352872415,2.419160377863518,0.0,-14.635536727643823,-36.6566276831318,1.8136813778029843,0.0,-19.526683006166024,-36.898199052389884,2.547619273595936,0.0
32.8601097926526,-5.997484467322151,2.3510125376526396,0.0,-5.2808582040747805,-3.4227986407729816,1.1274441411672793,0.0,-23.937178079492035,-0.9876882827740392,11.00990554722555,0.0,28.19037087464297,-39.92027375491185,2.43400447649851,0.0,-14.63562725475785,-36.64303153238165,1.7942882683203631,0.0,-19.498271574663065,-36.88857600272827,2.5226262032251032,0.0
32.924853103830365,-6.016023361052382,2.341176112799422,0.0,-5.294733265647176,-3.4172496035975186,1.1183763776746405,0.0,-22.97056577465108,-1.071689781098632,10.867084106202698,0.0,28.2177291546968,-39.934440824197445,2.4474917546120807,0.0,-14.638578987534347,-36.63033849614033,1.7742882853450404,0.0,-19.470133870521956,-36.880000776140974,2.4967047847110013,0.0
32.99010308950526,-6.039280306955122,2.3322499031734463,0.0,-5.295829727034405,-3.415781024408364,1.1174614534124148,0.0,-22.01426793880169,-1.1588489143550387,10.72146961645369,0.0,28.246037207693313,-39.94852337766703,2.4603523245159256,0.0,-14.642397694043055,-36.62028825746366,1.755310657771128,0.0,-19.442272238551226,-36.87292476117023,2.470690065084572,0.0
33.054513033642614,-6.0664859249727785,2.3262117247946996,0.0,-5.273481948275392,-3.4156577998486988,1.123257802831402,0.0,-21.06769605704188,-1.2510781061828062,10.567960792534405,0.0,28.274100351261406,-39.961849419855184,2.4733079740178567,0.0,-14.644380855559046,-36.61465092356162,1.7388916318048881,0.0,-19.41454117740685,-36.86757601213782,2.445537443811123,0.0
33.1164726974384,-6.095747908365793,2.3242263412760487,0.0,-5.227425754622903,-3.415369195494984,1.1312673181748387,0.0,-20.131323322562032,-1.354098805384762,10.398537432858808,0.0,28.30080957768659,-39.97373092799318,2.4866105508928733,0.0,-14.642297335564571,-36.61421240665478,1.7260538040604008,0.0,-19.386805509276783,-36.863842662553374,2.422042856514569,0.0
33.17468823993836,-6.124436261982885,2.3264060093378216,0.0,-5.169509472407478,-3.4161571824814043,1.134549508928914,0.0,-19.207733332654314,-1.474907158597178,10.204617074789905,0.0,28.325374301494467,-39.983540169014226,2.4999528900811505,0.0,-14.63519347733669,-36.61785302578131,1.7167972912230507,0.0,-19.359106980564988,-36.86127681009182,2.4005954043457542,0.0
33.22862820342974,-6.149823153204557,2.3319922701391125,0.0,-5.120007286290418,-3.4214870019567787,1.1258927793479314,0.0,-18.301339074067048,-1.6187720229247837,9.979386410348996,0.0,28.347390079404956,-39.99077983186973,2.5127520350610233,0.0,-14.623171732076546,-36.62228639687709,1.7096313649035348,0.0,-19.33172516239476,-36.859260061596586,2.3810380802372375,0.0
33.27868760856124,-6.169799245126541,2.339704934620624,0.0,-5.099950302552279,-3.4347775630803135,1.1012198538336913,0.0,-17.41742087690837,-1.7865949509699028,9.71967220458903,0.0,28.36678399387257,-39.99521672218438,2.5245443176829134,0.0,-14.606475319787613,-36.6226953732341,1.7015573098920793,0.0,-19.305102837915353,-36.85727039068233,2.3626781361849716,0.0
33.326028919298324,-6.183451626445377,2.3480456816899746,0.0,-5.122768525719248,-3.4568979208998183,1.0626469863096357,0.0,-16.560994790330525,-1.9734063146568719,9.42665260059058,0.0,28.383714535550094,-39.99704261293781,2.5352158083459937,0.0,-14.584935604284155,-36.61428167435807,1.688944771608174,0.0,-19.27969286335999,-36.855112384909866,2.3444646516291545,0.0
33.37214244642719,-6.191268911090903,2.355557065532743,0.0,-5.18864557480117,-3.4849302365311168,1.01903886254067,0.0,-15.735629876010163,-2.168761350288717,9.104854822283402,0.0,28.398499070032685,-39.99693497360245,2.5449663166201724,0.0,-14.558491400710714,-36.59464616787065,1.6693985560132063,0.0,-19.25580728692904,-36.85297476286066,2.325312277917961,0.0
33.41825761144531,-6.194860660700854,2.361147268621517,0.0,-5.2836833405492785,-3.512828405032108,0.9830512066876285,0.0,-14.942443458597324,-2.359428856603694,8.759617265605346,0.0,28.411599468747735,-39.995930839618026,2.5540955632507263,0.0,-14.528373414758978,-36.56662033164425,1.6441114439757545,0.0,-19.23351793001337,-36.851264009137566,2.304483859806796,0.0
33.46483601771613,-6.196333282904579,2.3644714167211074,0.0,-5.384189363061939,-3.533694081723443,0.9659542948457922,0.0,-14.1799524544001,-2.5337841197288196,8.394014223866161,0.0,28.423635431454162,-39.995163665029075,2.5627807221344057,0.0,-14.4977957577316,-36.540565681679816,1.6196639131867343,0.0,-19.212619448733214,-36.85028630277848,2.2818846251824745,0.0
33.51141580246012,-6.197638503955925,2.366136685524399,0.0,-5.464596712861496,-3.5426686284538738,0.9730983831358877,0.0,-13.445371863792687,-2.686263796264482,8.006506632658436,0.0,28.435363163674065,-39.995601626731656,2.570981670854186,0.0,-14.471279434072944,-36.534637489812745,1.6081769232012206,0.0,-19.192653720965914,-36.84994520939783,2.258122329947634,0.0
33.556941057523304,-6.200144444791285,2.3674355291658067,0.0,-5.506094535621098,-3.538474474869065,1.0025722365833367,0.0,-12.737086998650978,-2.819961153185152,7.590303698059664,0.0,28.447582259908085,-39.99789098301167,2.578517718032371,0.0,-14.45263458774034,-36.57171026764063,1.6252329142212538,0.0,-19.173002985696893,-36.84963348913662,2.234273623588786,0.0
33.60040590470569,-6.20447078199259,2.3695587079888227,0.0,-5.502598143662373,-3.522255162316677,1.0473230950467016,0.0,-12.057153780910124,-2.946149320918013,7.135011267730963,0.0,28.460989420618812,-40.00231509105145,2.5852531576472,0.0,-14.44242556844403,-36.67292192592383,1.6857323371478259,0.0,-19.15305812035543,-36.84840834686067,2.211436426713405,0.0
33.641391218938345,-6.21048737987744,2.3726538584634174,0.0,-5.46142054802924,-3.4968846818311565,1.0977251364822092,0.0,-11.412567600329783,-3.080745825918,6.630629207844491,0.0,28.47603154186077,-40.008829747910966,2.5912535399254484,0.0,-14.436173862712117,-36.84976872561355,1.7986086264963035,0.0,-19.13243548510365,-36.845392209427644,2.190277032811869,0.0
33.68012008161599,-6.217388153370394,2.375348953781108,0.0,-5.398889738865744,-3.4680188913448946,1.143058480332451,0.0,-10.814662782741324,-3.2388491360360963,6.073100623801235,0.0,28.492803957715104,-40.01714388421332,2.5967847795058834,0.0,-14.424513167248769,-37.098293960858804,1.9621031409340706,0.0,-19.11116244268652,-36.840211798823525,2.170814850594766,0.0
33.71700646288268,-6.223843111971694,2.375196149701596,0.0,-5.3338762002937505,-3.442989400781939,1.1736679554322489,0.0,-10.2768117271787,-3.429066030223151,5.469589395076229,0.0,28.51101975046206,-40.02682361215011,2.602144384453842,0.0,-14.395720724550813,-37.398745828621564,2.16187485498555,0.0,-19.089718670303363,-36.83324415085264,2.152562173163174,0.0
33.75206776512296,-6.228265964016492,2.3699168273299893,0.0,-5.281878959632785,-3.4278432500855773,1.1837352060104607,0.0,-9.811172366499743,-3.6494230095787783,4.841121827067468,0.0,28.5300670146711,-40.03738241548993,2.6074563983509407,0.0,-14.339611719031414,-37.72153120612788,2.373831689167469,0.0,-19.06885678687475,-36.82551512774316,2.1349014245923037,0.0
33.78470700855565,-6.229162853205289,2.3587093947388027,0.0,-5.2513391110892655,-3.4250911944743816,1.1731729147945398,0.0,-9.425546702005962,-3.886463029500268,4.22079639244688,0.0,28.549157789908904,-40.04832197629109,2.6125871879715525,0.0,-14.250733219769252,-38.036788611083594,2.5716639990379697,0.0,-19.049250442427446,-36.818277895006254,2.117427669504208,0.0
33.81409429833759,-6.225454662431841,2.34275891080833,0.0,-5.242895195974743,-3.4331897601289807,1.1475602501029059,0.0,-9.121465881266118,-4.118453637566524,3.6475306027725853,0.0,28.567535498933882,-40.05913026857394,2.6172245179076885,0.0,-14.129292940566355,-38.32319038123666,2.7364134004338183,0.0,-19.031162649663557,-36.8124887675261,2.10005846379738,0.0
33.83988522132964,-6.2167114932811804,2.3246521704601903,0.0,-5.251192997174154,-3.447619320873338,1.1159815974846294,0.0,-8.894190570495486,-4.321989398795463,3.1574087707495924,0.0,28.584669357437445,-40.06928146422676,2.621045048902385,0.0,-13.979911699791074,-38.57278063833856,2.8639690635165564,0.0,-19.014353777034817,-36.808457138717294,2.082929954814494,0.0
33.86275688957053,-6.203350622987779,2.3071950075639993,0.0,-5.268051039470144,-3.462936775777999,1.0877014006658525,0.0,-8.73434420147359,-4.479268369236424,2.7756767019841533,0.0,28.600363770445544,-40.07827067528704,2.623879112204234,0.0,-13.809419450636941,-38.79104371225834,2.9672345161848437,0.0,-18.998294945552104,-36.805822982743074,2.066234003850269,0.0
33.88444330708695,-6.186855546162077,2.2924678184013825,0.0,-5.285575850618347,-3.4748954707908233,1.0691740840860158,0.0,-8.630007951952763,-4.582737860117303,2.511780110282958,0.0,28.614749467136246,-40.08567399004179,2.6258228669793517,0.0,-13.624759316159562,-38.992966266400195,3.072038990691409,0.0,-18.982537636406636,-36.803815201152624,2.050114530531788,0.0
33.90731947407605,-6.169906074482967,2.2816229059089608,0.0,-5.298192831201209,-3.481675153428456,1.0625916795159993,0.0,-8.568190260360327,-4.635436685925519,2.358496933790901,0.0,28.62817221024647,-40.09119547532479,2.627271901504866,0.0,-13.43139452684224,-39.1965155774228,3.2083184210864566,0.0,-18.966999703188073,-36.801622042004865,2.0346370912489675,0.0
33.93370599827174,-6.156113164025323,2.2753070931872994,0.0,-5.303220173739353,-3.4837323932061937,1.0662856778581276,0.0,-8.535574024409286,-4.647829509260225,2.295069538547052,0.0,28.64103445028866,-40.09466307669125,2.6288503137839108,0.0,-13.232324819067578,-39.41559335915461,3.399866135502803,0.0,-18.9520135047226,-36.798708664160884,2.0197959785447086,0.0
33.964975798826394,-6.149092984556073,2.274189562939096,0.0,-5.300244589557039,-3.4826333166208423,1.076394138039622,0.0,-8.519193094579407,-4.633343286634878,2.2932742618733997,0.0,28.653660822926103,-40.09595982113691,2.631216582370664,0.0,-13.027896654445598,-39.655113977537574,3.656563254883123,0.0,-18.9381427774572,-36.79498721395958,2.0055328358812705,0.0
34.000640887346094,-6.1510328360063165,2.2790778648535355,0.0,-5.289968760895196,-3.479748035856333,1.0887968349689912,0.0,-8.507450098375976,-4.604656434192454,2.3245237355129014,0.0,28.66623615245817,-40.09492199136875,2.6347758384970756,0.0,-12.816486085418603,-39.91034414536291,3.972052842984274,0.0,-18.925896313330842,-36.790822392887,1.9917537734770665,0.0
34.03794103036227,-6.161449092190671,2.290429467932565,0.0,-5.273263563930533,-3.4754615811790863,1.1005396258342177,0.0,-8.491221544529441,-4.571752789840959,2.365816291804702,0.0,28.678818262085464,-40.0912796278358,2.6394245770690414,0.0,-12.595672935637168,-40.1705562029115,4.327438154842971,0.0,-18.915499401848695,-36.78691337885763,1.9783326981805267,0.0
34.07249056205172,-6.176978798306619,2.3075487456757973,0.0,-5.250837113932448,-3.469074121009501,1.1104318223348102,0.0,-8.464582615240428,-4.541643885066165,2.4029214652028834,0.0,28.69139369085906,-40.084710684865314,2.6445220481785032,0.0,-12.363179495696954,-40.424642539683745,4.698783238703617,0.0,-18.90683113322666,-36.78410832755065,1.965101166975053,0.0
34.09989576671534,-6.192512449004894,2.3281278375549217,0.0,-5.223456874045184,-3.4592689611899363,1.1188572925896771,0.0,-8.424958411359851,-4.518936963849544,2.43037871710024,0.0,28.703941148283942,-40.07500916296284,2.649197277284939,0.0,-12.11707901556225,-40.66556215696259,5.064608151706006,0.0,-18.899535561198093,-36.78318174135412,1.9518529319866431,0.0
34.1174827499138,-6.2031330215916105,2.3486822736432167,0.0,-5.1923506690396035,-3.444879208017416,1.1270547972693326,0.0,-8.37277228618572,-4.506296994276653,2.4491003720744846,0.0,28.71648225252782,-40.062278090833814,2.652862214434135,0.0,-11.855388392353046,-40.89183827317068,5.410245558754027,0.0,-18.893223299467437,-36.784583666771674,1.938403168224859,0.0
34.12519643350035,-6.205847046364218,2.3657895301888114,0.0,-5.159394012518029,-3.425628858739474,1.1362207523734522,0.0,-8.310745176551304,-4.504319356135079,2.4630255127274125,0.0,28.729106141124944,-40.04703000958807,2.655614090937185,0.0,-11.575554227100499,-41.106390620603385,5.728222502495587,0.0,-18.8876388016312,-36.78819285939937,1.9247103851674332,0.0
34.12537023210692,-6.200312570429989,2.3773810263241124,0.0,-5.126902912575685,-3.40255990461724,1.1467830828153076,0.0,-8.24307781650664,-4.511065401214322,2.476149474083293,0.0,28.74194983906605,-40.0301362903325,2.6582661803799432,0.0,-11.274273325789444,-41.314177933494165,6.0159907866759195,0.0,-18.882696029494454,-36.79315587206799,1.910998518440266,0.0
34.121740774845705,-6.18844264463038,2.3833069226038486,0.0,-5.097127888570419,-3.3779650740576646,1.1581119210900024,0.0,-8.17480877538667,-4.52199262385963,2.4906430666130195,0.0,28.75512946464412,-40.012656143391524,2.6619840801254977,0.0,-10.9477702166037,-41.520058554206905,6.273090474744079,0.0,-18.878374564029816,-36.79792097124318,1.897747149323438,0.0
34.118289031291106,-6.173362522178479,2.3850019898302897,0.0,-5.071710927353486,-3.3548306621434163,1.1687646924331787,0.0,-8.111455489269176,-4.53090434413468,2.506176045246974,0.0,28.768660980386613,-39.995627145825644,2.6677075773280787,0.0,-10.592371068762432,-41.72751508820813,6.499212711017796,0.0,-18.874568256086516,-36.80054780780311,1.8854287751181058,0.0
34.118311630463566,-6.158350276191035,2.3846922574040477,0.0,-5.051356664617053,-3.336008592225971,1.1771206220357318,0.0,-8.058666673222385,-4.531919697029155,2.5202393303709325,0.0,28.782434625533952,-39.97989547095732,2.6756151077625923,0.0,-10.20510060670092,-41.93815794851904,6.693489913256421,0.0,-18.871011451515457,-36.79927408957428,1.8740624677900612,0.0
34.12389175720304,-6.146112537846361,2.384675875039882,0.0,-5.035831970815295,-3.3234499085735454,1.182063632712989,0.0,-8.021470467153756,-4.521712022886123,2.5291601903746947,0.0,28.796264340615192,-39.96602783293555,2.684891479541605,0.0,-9.78408340261667,-42.15164194855257,6.854547191315887,0.0,-18.86734335189193,-36.79316544137187,1.8629339103665377,0.0
34.135786391290964,-6.138375371909416,2.3869006864015656,0.0,-5.024241230903633,-3.3177635851605327,1.183377999593132,0.0,-8.003032843649681,-4.50091649244505,2.529459856176441,0.0,28.809959966061314,-39.95429613813974,2.6939707917340545,0.0,-9.328680967518046,-42.365757461084364,6.980706354537318,0.0,-18.863273927398705,-36.78257624625546,1.850805143454556,0.0
34.15363425710931,-6.135631527788191,2.3927619294583486,0.0,-5.0154303128801665,-3.3181796974773947,1.1817295673320451,0.0,-8.003381169125237,-4.474009854276051,2.5191396004232356,0.0,28.823354807314804,-39.94468140635304,2.7011882571931185,0.0,-8.839446797160704,-42.57666662367378,7.07001298362215,0.0,-18.858764337603308,-36.76920742396611,1.836510217423113,0.0
34.176323355862124,-6.137007497925005,2.4029552455796903,0.0,-5.008383433197693,-3.322832113682341,1.178347593488276,0.0,-8.018856232053444,-4.447834522290423,2.4984550979409885,0.0,28.83628229540465,-39.936845191182954,2.705527168884,0.0,-8.318033825931668,-42.779323030293234,7.1200988046809774,0.0,-18.854126420847667,-36.75570061776548,1.8195399107200512,0.0
34.20239126173655,-6.140375734938953,2.4172949621449877,0.0,-5.002513941357798,-3.329223356549183,1.1746328609270336,0.0,-8.042864959942566,-4.429511586428602,2.4698835425505337,0.0,28.848559542366093,-39.93007372587036,2.707105964585981,0.0,-7.767101158796814,-42.96806878447478,7.128100242848207,0.0,-18.849959110287163,-36.74487182220163,1.8003144954469494,0.0
34.230409977884825,-6.142849301097581,2.4345608640034975,0.0,-4.997751372952562,-3.334756696101893,1.171873745903902,0.0,-8.067830124834817,-4.424412889207662,2.437342828940947,0.0,28.860035183050645,-39.92326176568368,2.7072070071421113,0.0,-7.190136624993367,-43.13734076608956,7.090881130688487,0.0,-18.84690002045364,-36.73883727506431,1.7800354204974465,0.0
34.259294639673534,-6.141643392744458,2.4525738325168494,0.0,-4.994365987119738,-3.337217262074451,1.1711331895369312,0.0,-8.087471245497321,-4.43460246923363,2.4050716118858997,0.0,28.870695532438823,-39.91501858097637,2.707844871308767,0.0,-6.591098885684406,-43.28236487796854,7.005657505917471,0.0,-18.845278558579917,-36.73836337352172,1.7601314752386301,0.0
34.288370401237295,-6.135055621964752,2.468684748067158,0.0,-4.992606640220065,-3.335083041200676,1.1732364062110463,0.0,-8.098332772441545,-4.45814659751437,2.3766409902451855,0.0,28.880752263648514,-39.90394130214605,2.711028168184253,0.0,-5.973914904490213,-43.39968605357189,6.870867153782756,0.0,-18.844848966059473,-36.74270575407796,1.7414677815662785,0.0
34.31705701043276,-6.123132270071664,2.480626534474954,0.0,-4.992347553607249,-3.327633130922645,1.178706087047626,0.0,-8.100019573645282,-4.489662171818047,2.354352509572415,0.0,28.890624706862575,-39.88902180939756,2.717981940526883,0.0,-5.34200274258894,-43.48740016925559,6.6869351502556675,0.0,-18.84477793435176,-36.7499952496144,1.7236711297048384,0.0
34.34435065735068,-6.107624980429451,2.48736463385686,0.0,-4.992907285294793,-3.314925131385471,1.1875513287654957,0.0,-8.094384819740915,-4.522043277965946,2.3390329165425374,0.0,28.900802685533268,-39.87005293952045,2.7286351102351567,0.0,-4.697996039358934,-43.54502006840422,6.456622534195059,0.0,-18.84394547076896,-36.75799991513742,1.7049222472651984,0.0
34.36862266601455,-6.09118513825743,2.4894709293392676,0.0,-4.993069305801609,-3.297726379178232,1.1989985561326115,0.0,-8.084307261809958,-4.548697229885857,2.330117350417625,0.0,28.9116674542131,-39.8478402225542,2.741587784617156,0.0,-4.0437484845947935,-43.573010323651445,6.184899886033813,0.0,-18.841475445810627,-36.76500144476019,1.6821885504830423,0.0
34.38811344952079,-6.076194911435848,2.4887928801323937,0.0,-4.99127704019239,-3.277412367373362,1.2114063818962553,0.0,-8.072612366512354,-4.565380406584726,2.325908229916857,0.0,28.923366452132754,-39.82408144553998,2.754568919292206,0.0,-3.38059674194872,-43.5721657560885,5.878557202891044,0.0,-18.837438444715744,-36.770757177671584,1.6509355011132456,0.0
34.40188555538337,-6.063836628224173,2.487604713915953,0.0,-4.986019380917609,-3.255774209778467,1.2225933614474132,0.0,-8.06142520603901,-4.571022746725364,2.3239563943392554,0.0,28.935773015301613,-39.80093692301754,2.7651770069853185,0.0,-2.70980182315315,-43.543135806304036,5.5458305085437924,0.0,-18.837390986096846,-36.783590835512975,1.5872750566332883,0.0
34.41055524813737,-6.053816604450532,2.4876854128306984,0.0,-4.976371076682897,-3.2346758958459985,1.230591299221886,0.0,-8.051989069138475,-4.567446637805301,2.3215657541840073,0.0,28.948496487548525,-39.78046589921221,2.7715859675488854,0.0,-2.0330542607415056,-43.486383810373255,5.196168330665598,0.0,-18.827856973332302,-36.778860166914775,1.569702354891417,0.0
34.41630137381809,-6.044784894262549,2.4897581589537463,0.0,-4.962438533718019,-3.2155834096041573,1.2345212373090044,0.0,-8.044789983515685,-4.558267431783884,2.316401411749137,0.0,28.960907763264494,-39.76414935371571,2.7729537041330783,0.0,-1.3529180407778267,-43.402646938756206,4.840031605801967,0.0,-18.81749462592491,-36.77180787551632,1.5510038844989378,0.0
34.42215758648883,-6.035169302206164,2.493529798064838,0.0,-4.945349971908486,-3.1991143105034325,1.235108557090772,0.0,-8.039748149342822,-4.547439816480394,2.3070875350776365,0.0,28.972198153937324,-39.75264928783259,2.7694555606071276,0.0,-0.6731079289237422,-43.29363940038921,4.488479895222154,0.0,-18.807469411316948,-36.76368110638778,1.5325876015720166,0.0
34.43090885633284,-6.023951963082607,2.49826319664829,0.0,-4.92666797296509,-3.1848479215723753,1.2344941288638154,0.0,-8.036327941401215,-4.53795955191676,2.2935982061241855,0.0,28.98153234230225,-39.74582284223422,2.7620511624667685,0.0,0.001492520440031203,-43.16253612167714,4.152322265445182,0.0,-18.798656507416958,-36.75578535501016,1.5155874684753972,0.0
34.44398748880459,-6.010940462212336,2.5035108440008624,0.0,-4.9075361997966676,-3.17158672825175,1.235389563702368,0.0,-8.033605697332115,-4.531144278031343,2.2772619514291943,0.0,28.988319267766393,-39.74289061190922,2.7521589834854243,0.0,0.6651791157623779,-43.01383371679071,3.8408177247629567,0.0,-18.79144489440009,-36.74933693580167,1.5005152739267142,0.0
34.460832837357984,-5.996431110646151,2.5095340189741115,0.0,-4.88811140317366,-3.1580443634643487,1.2399871327544965,0.0,-8.030428196513018,-4.52667104912821,2.2603483041793595,0.0,28.992506221321044,-39.74262186627555,2.7413817253803803,0.0,1.3122178356055498,-42.85249034475496,3.5602212526270876,0.0,-18.785716063091066,-36.7452934400414,1.4872707116950572,0.0
34.47915340582567,-5.980650602397075,2.517140878346023,0.0,-4.867671332174309,-3.1436843448619234,1.249133011004707,0.0,-8.025699376732351,-4.523224024733131,2.2454006580965515,0.0,28.994722613119286,-39.743462907540774,2.731357240552926,0.0,1.9379870125599428,-42.682629092279974,3.312687995766371,0.0,-18.780982751018286,-36.74413989457531,1.4754216817593573,0.0
34.49610872623266,-5.963523308307831,2.527072845763911,0.0,-4.84533648512223,-3.129305234554197,1.2620920289150117,0.0,-8.018676493701737,-4.5193756057607875,2.2345701415896055,0.0,28.99617098989561,-39.743647617995,2.723680225997585,0.0,2.540106009728274,-42.506350912276964,3.0959832024929703,0.0,-18.776608295681243,-36.745697981908265,1.4645421277504163,0.0
34.509784743627165,-5.944946601398199,2.53936827027513,0.0,-4.820902869818763,-3.1170017411678037,1.2769592423486564,0.0,-8.009120983517873,-4.514298988609727,2.229132461343882,0.0,28.998321446805573,-39.7413997124879,2.719736770238617,0.0,3.119010360262055,-42.32322004453111,2.9041178558665877,0.0,-18.772007042073362,-36.74909537848991,1.454416191138069,0.0
34.520097784604594,-5.925242573272102,2.5531268989185723,0.0,-4.7951591641688225,-3.1092885333655076,1.2916082051138513,0.0,-7.9972486203741155,-4.508062636748995,2.2292439411069758,0.0,29.002560555715075,-39.73529093177106,2.7203745821554044,0.0,3.6775775333672245,-42.13072027106619,2.728667379964195,0.0,-18.766767484890437,-36.7530124254589,1.4450347889223014,0.0
34.52866050623804,-5.905294734514289,2.5668195278621795,0.0,-4.769340989466778,-3.1074255285818273,1.3050364275478863,0.0,-7.983538246924713,-4.5014788656078615,2.2339330156324024,0.0,29.009915861136147,-39.724681684168836,2.725537020964614,0.0,4.219854967301034,-41.92550439732689,2.5603679719177848,0.0,-18.76069716969861,-36.75618139892966,1.436439630810403,0.0
34.53774804735318,-5.8861715609541685,2.5789497706435878,0.0,-4.743859210908583,-3.1093000900575882,1.318940765373231,0.0,-7.96850611270785,-4.495661577697623,2.241320385831534,0.0,29.020895703696272,-39.71004958112188,2.7341174353226254,0.0,4.749401571202787,-41.70482983412498,2.390668991739293,0.0,-18.75381108178301,-36.7579285479557,1.428545188543195,0.0
34.54891608817316,-5.868488781302474,2.5886929736525808,0.0,-4.7168347000462045,-3.107549302920403,1.3392112314865603,0.0,-7.952544174187974,-4.491526653422785,2.249046977354702,0.0,29.03544151246176,-39.693002101330904,2.744214870171355,0.0,5.267919933414603,-41.46755526764621,2.2130878977531943,0.0,-18.74627580671695,-36.758475635096424,1.4210621874942575,0.0
34.56200814013673,-5.851999969029393,2.596183671461757,0.0,-4.683118055457338,-3.0888530005006327,1.376810227297561,0.0,-7.935885328672665,-4.4894360141520675,2.2548374303319036,0.0,29.052984185797794,-39.675886326445045,2.7537233921608344,0.0,5.774666584400226,-41.214516047165596,2.0242795065943806,0.0,-18.738317169175435,-36.75883351475678,1.4135673555273112,0.0
34.575171768097036,-5.835748404450094,2.6023318407612006,0.0,-4.634355210566103,-3.0353093565232916,1.4473675490312843,0.0,-7.918697925809598,-4.489088220574226,2.2570604542431454,0.0,29.07259019367111,-39.66108503670857,2.760967611135017,0.0,6.266749655589919,-40.948518798564976,1.8246929564268477,0.0,-18.730113778470766,-36.760342794222524,1.4056665625778724,0.0
34.58595755091427,-5.818682479986898,2.608299669767387,0.0,-4.560305265244571,-2.928280965664346,1.5689279366738633,0.0,-7.901234961875726,-4.489649883170945,2.2551120298278455,0.0,29.093173666928777,-39.650233737037105,2.7651065394393353,0.0,6.740071364412901,-40.6742099211438,1.618673782725235,0.0,-18.721712418921587,-36.76408863277548,1.3971500158572034,0.0
34.59286223837441,-5.800279141757409,2.6149316393974207,0.0,-4.451120134835798,-2.754025041464959,1.757739532533396,0.0,-7.883920514354237,-4.4900377193915855,2.249488735211404,0.0,29.113740493410234,-39.643647387916744,2.766218129017865,0.0,7.190499926222078,-40.39785001193626,1.4139334622664403,0.0,-18.712996492388996,-36.770443394624124,1.3880622932112487,0.0
34.596340754703526,-5.780738023193809,2.622409540623213,0.0,-4.299875526231209,-2.509180116344928,2.022803327869058,0.0,-7.867297218246499,-4.489228489168293,2.2415420766928538,0.0,29.133606588662246,-39.64018262519527,2.7651297769293564,0.0,7.614909995455122,-40.12686794809415,1.2204098231473974,0.0,-18.703723530716108,-36.77889495951268,1.3786671235938641,0.0
34.598614996964535,-5.760681353338532,2.6302486150574893,0.0,-4.104494319503048,-2.2035402576625946,2.3609420552408107,0.0,-7.851861967906682,-4.4865083101024315,2.2330403892757946,0.0,29.152507737917208,-39.63759426582414,2.7630878804045853,0.0,8.011905947160237,-39.869030498595166,1.0486359156795473,0.0,-18.693631410380533,-36.78818921168383,1.3693291383346509,0.0
34.6023560093564,-5.740676968397979,2.6375999921885995,0.0,-3.8683398014208565,-1.8582666271602388,2.7548086839211763,0.0,-7.837894257605436,-4.481634328967019,2.2257127458335386,0.0,29.170538538465223,-39.63324965004694,2.761354909988544,0.0,8.382143004203197,-39.631161075261474,0.9078562868326863,0.0,-18.6825896358422,-36.79671598452855,1.3603558417784232,0.0
34.60906315005225,-5.720962624002421,2.643737202214215,0.0,-3.599108472342631,-1.499829591524259,3.1756828515679976,0.0,-7.825371354289498,-4.474901258297997,2.2208981799176115,0.0,29.187941360144357,-39.62493887565031,2.760853844140007,0.0,8.728108445342503,-39.41767476016238,0.8043093174405715,0.0,-18.670741402690883,-36.8030053092658,1.3518572882096382,0.0
34.61821376185462,-5.70148121301615,2.648543334917335,0.0,-3.3062202983934315,-1.152335720300969,3.5907802124988226,0.0,-7.813994366300437,-4.467080483127385,2.2193557540235638,0.0,29.2048599675183,-39.611510533263484,2.7619891060772908,0.0,9.05315865162546,-39.22965771878913,0.7402483652411576,0.0,-18.658563971633562,-36.806169019754364,1.343685136697907,0.0
34.62775592758814,-5.682032529570788,2.6527699209413402,0.0,-2.9976026941084433,-0.8316400683715752,3.9722500524328144,0.0,-7.803289055726347,-4.459204505308843,2.2212487200765256,0.0,29.221192916810903,-39.59315993032498,2.76468730764228,0.0,9.359745204058239,-39.06535270565484,0.7142273673205075,0.0,-18.646793493069545,-36.80613364763548,1.3354911544464194,0.0
34.635586440119496,-5.662327848735249,2.657869059302536,0.0,-2.6771904117885157,-0.5432299524636193,4.30403478613734,0.0,-7.792727381373883,-4.452242111333205,2.2262653200145675,0.0,29.236607181557183,-39.571344433961826,2.7685617702493612,0.0,9.647174919188846,-38.92232019697615,0.7227906453431316,0.0,-18.63622019693609,-36.80357834171096,1.326894896197425,0.0
34.64100896276654,-5.642018128800608,2.6653652174507716,0.0,-2.344188288615097,-0.2837164348794303,4.584086145750231,0.0,-7.781825615388344,-4.446787671441213,2.2337790888257167,0.0,29.250674760973453,-39.548405074846194,2.7730410962860432,0.0,9.909751384772967,-38.80042426560939,0.7630321586979907,0.0,-18.627432373594118,-36.799608560444,1.3176894611103638,0.0
34.645241465529544,-5.62098656370077,2.675999571200249,0.0,-1.9942691052429957,-0.04449958821565225,4.821872101008009,0.0,-7.770195279807972,-4.44289150522742,2.2429505067898123,0.0,29.263056190157517,-39.52698466180239,2.7773863721349663,0.0,10.136388809535253,-38.70396178665518,0.8348571959591347,0.0,-18.62062564704093,-36.795319575759045,1.307978550558433,0.0
34.65068391806568,-5.599982135443229,2.689100125300042,0.0,-1.6219964194840646,0.18398533577145848,5.032973113988608,0.0,-7.757551704825235,-4.440089747289241,2.2527602835195975,0.0,29.27367318710043,-39.50932622382849,2.7806792837735497,0.0,10.31247863476068,-38.64140531209966,0.9417052988091239,0.0,-18.615570377454038,-36.791457594125994,1.2981616302624719,0.0
34.65941230421535,-5.581155752386993,2.7026230224776526,0.0,-1.2233708700338317,0.4087188307898213,5.233139513927722,0.0,-7.743712444192246,-4.437614372589694,2.2620687684489518,0.0,29.282825831662834,-39.49661558384943,2.7819385306068174,0.0,10.423944305274695,-38.622283954333206,1.0891829641316306,0.0,-18.611755641741983,-36.78831293156297,1.2887648885491014,0.0
34.67182394064351,-5.56781343588828,2.7139901811497626,0.0,-0.7975493836125871,0.6321203582262331,5.433717191148485,0.0,-7.728618768538676,-4.4347086595640395,2.2698092598348616,0.0,29.29119710577125,-39.488641694709926,2.7804312780373,0.0,10.462449040494775,-38.65208031360844,1.282029496010562,0.0,-18.60863692016874,-36.78582209131761,1.2802072547151369,0.0
34.686283784924015,-5.563093361367334,2.721342633391748,0.0,-0.3472404524951558,0.8519899160434612,5.639424648225189,0.0,-7.712374550465663,-4.430931339846036,2.2753144086910204,0.0,29.299702101261968,-39.48399673400904,2.77605889870979,0.0,10.430122353079316,-38.72707259529031,1.5204541475933695,0.0,-18.605852554453683,-36.78374622228827,1.2726356011641737,0.0
34.70002799558284,-5.568059754716406,2.72448439143875,0.0,0.12220400187856395,1.0630603350060337,5.84855534967151,0.0,-7.695249194238821,-4.426322899680463,2.2786239208200847,0.0,29.309213257248103,-39.480764362246795,2.7695689649274833,0.0,10.342135631216495,-38.83143146974006,1.797007746029914,0.0,-18.603289818707058,-36.78181292678491,1.265929033447513,0.0
34.71079677271958,-5.58028942726067,2.7249350094585125,0.0,0.6045654450078914,1.2593353721013543,6.055015020293506,0.0,-7.67759183443466,-4.421371218986596,2.2805601758621954,0.0,29.320269931556435,-39.47735182216853,2.762397277070031,0.0,10.225872147933952,-38.93835889105591,2.095117632979374,0.0,-18.600980051448232,-36.779797118677806,1.2598708472964297,0.0
34.71818528902171,-5.593974751383462,2.725087312497701,0.0,1.0947787438381225,1.4362771165903112,6.251226411245858,0.0,-7.659669939613144,-4.416824328379311,2.282456027151934,0.0,29.33289162627749,-39.473056110357746,2.7561585120737764,0.0,10.116262933207956,-39.015492145567784,2.39034487583657,0.0,-18.5989123185444,-36.77756761461176,1.2543776930399115,0.0
34.7238549631507,-5.60184771042865,2.727032089444492,0.0,1.590603081365821,1.592177610946898,6.430846760987604,0.0,-7.6415243504412995,-4.413458360390084,2.2856165028100683,0.0,29.346566997136556,-39.46814067206246,2.752027771778698,0.0,10.048184725521635,-39.032699742630435,2.6548219571618343,0.0,-18.596889552661764,-36.775115152653626,1.2496340448188334,0.0
34.7304755329699,-5.598198784806157,2.7317373094079898,0.0,2.093495595192787,1.7284486559786547,6.590459352498543,0.0,-7.622951388454635,-4.4118737195427675,2.290759735397728,0.0,29.36043046629586,-39.46346908727407,2.7503211287354805,0.0,10.048228874016782,-38.969237510829146,2.8638559655572724,0.0,-18.5944996397588,-36.77255445707461,1.2460416582717002,0.0
34.740113746302,-5.581531499936154,2.7389252056839144,0.0,2.608448215735856,1.8489051832508316,6.729877197872408,0.0,-7.603657986250756,-4.412331971106841,2.2977059953778216,0.0,29.37357908012539,-39.45993551571726,2.750458450081055,0.0,10.128628761793895,-38.81805696890282,3.002203840856456,0.0,-18.59119726207949,-36.77009059103705,1.244015415422398,0.0
34.75314969544227,-5.555473532571439,2.7475168837663553,0.0,3.1428627364335773,1.9583875039667635,6.851277783393299,0.0,-7.583534524940039,-4.414642830103578,2.3054519504299993,0.0,29.385423922098386,-39.45798454490184,2.751286574753898,0.0,10.285209318710297,-38.58688899703001,3.06740533243544,0.0,-18.586447246814867,-36.767951248980246,1.243742644680209,0.0
34.76838788566729,-5.5274560721996036,2.7562727270806224,0.0,3.704863836593064,2.061243309247727,6.957825854463208,0.0,-7.562919112681993,-4.4181440500660285,2.3125688461467373,0.0,29.39593873028511,-39.45742958826853,2.751586702627307,0.0,10.499627563953165,-38.29670479545789,3.068987840738373,0.0,-18.57987979753295,-36.76630345918304,1.2450173674306662,0.0
34.78414381049525,-5.505793159637314,2.7643133569573344,0.0,4.301530272353561,2.160155564728221,7.052525663640991,0.0,-7.542717406588622,-4.4218078309060465,2.3177263628574067,0.0,29.40569426260126,-39.45761126003849,2.7505358832970472,0.0,10.74484293027826,-37.97793465724994,3.0243049271750024,0.0,-18.57142715619289,-36.765190251263846,1.2472014211885654,0.0
34.79942429497248,-5.496452396596289,2.7713665157909357,0.0,4.937289610635812,2.255537739028375,7.137758714690335,0.0,-7.524289162755252,-4.424447540654801,2.3201316021701643,0.0,29.415642858228566,-39.457776407447746,2.7479267625215975,0.0,10.991988354262194,-37.66464606108324,2.9531174768418236,0.0,-18.561416832464204,-36.764523601939516,1.2493144412426975,0.0
34.81436775878015,-5.500773689965534,2.7776890549475137,0.0,5.61247461408231,2.345435064726507,7.215491829888406,0.0,-7.509100271458845,-4.424955207485201,2.319750738063476,0.0,29.426712920285226,-39.45748088849458,2.7440628462441126,0.0,11.216637823607527,-37.38762122963649,2.8731336541380372,0.0,-18.550585354017475,-36.76414120164316,1.2502332948271775,0.0
34.82976599583823,-5.514924781393975,2.783695719350849,0.0,6.32213726552488,2.4258117210598478,7.287736262997181,0.0,-7.498238956967487,-4.422509510804147,2.3172765276734637,0.0,29.43936731145878,-39.456834926162756,2.7394135620543096,0.0,11.402952086153213,-37.168271690333846,2.7976435947502427,0.0,-18.539974497477488,-36.76388791036365,1.2489717073127142,0.0
34.84618555585669,-5.531277609504376,2.7894797083656613,0.0,7.055618522184083,2.491243062237386,7.356721349941215,0.0,-7.491968217545436,-4.416727776654229,2.3138756553339928,0.0,29.453339141419047,-39.456485270421595,2.734253263960408,0.0,11.545105860777117,-37.0153417922263,2.7349908477131333,0.0,-18.530699221581017,-36.76365605693949,1.2449868121883068,0.0
34.86338066995482,-5.541227027258641,2.794544624984015,0.0,7.797621901928358,2.536088055079013,7.424505146304055,0.0,-7.489501470570776,-4.407757329202845,2.310800514025958,0.0,29.467715083645075,-39.45733533082851,2.7285136893978823,0.0,11.646236033933649,-36.925178394533084,2.6889618342687154,0.0,-18.52362888125301,-36.763348426213966,1.238416874907493,0.0
34.880287070797614,-5.538388586254625,2.797964591985318,0.0,8.531202778592634,2.5559754122738543,7.4922182836051405,0.0,-7.489125799559596,-4.396297200171659,2.3089932689169377,0.0,29.48135392777338,-39.460118800267324,2.7219169183822007,0.0,11.715627167258045,-36.88491875105539,2.659456080411177,0.0,-18.51907777474735,-36.76280304211825,1.2301348236901948,0.0
34.89541095047193,-5.520941950231879,2.7988542200543254,0.0,9.242142300422271,2.549036264517621,7.559465336122517,0.0,-7.488662076382655,-4.383516141269203,2.30882398860688,0.0,29.49341176029611,-39.465016306265696,2.714255905782995,0.0,11.765081491801718,-36.877145057364096,2.6433531242796597,0.0,-18.516627583562347,-36.76177634427222,1.2215524261122734,0.0
34.90732379897706,-5.4922720855181835,2.796786838522932,0.0,9.92309239994654,2.5161950515600306,7.624321001197846,0.0,-7.4860986205679545,-4.370824543526633,2.3100553980752547,0.0,29.503692566685615,-39.471490843323075,2.7056326898121625,0.0,11.805503394285916,-36.88449378199112,2.6356716598323047,0.0,-18.515179930244635,-36.76006046762295,1.2142171874056693,0.0
34.91514276301603,-5.459738002268163,2.7919016040886806,0.0,10.57546023556905,2.4602751397296814,7.683944675435066,0.0,-7.480148172410401,-4.3595184018678586,2.3120279031376327,0.0,29.512689982624458,-39.47842143067929,2.696552570069519,0.0,11.844576043551431,-36.893093756508414,2.6309126057158405,0.0,-18.513259907395053,-36.757709485834724,1.2093425053547104,0.0
34.91897733761555,-5.432065067101292,2.784753392333334,0.0,11.207851521196641,2.384403823841863,7.735468306738653,0.0,-7.470503664064106,-4.350426798333912,2.313967150374573,0.0,29.521361955928914,-39.48448441578293,2.6878616352500213,0.0,11.885973616753063,-36.894276112849475,2.624268250716712,0.0,-18.5094873757172,-36.755235286371146,1.2074451897577614,0.0
34.92024278378506,-5.416352341600688,2.7761347013192488,0.0,11.831684425519235,2.2906078620841726,7.776748425696423,0.0,-7.457701851062804,-4.343744990576185,2.315279046723047,0.0,29.530767213392885,-39.488621254101055,2.6805473077103823,0.0,11.929982301108033,-36.88458724608815,2.612402845413399,0.0,-18.503051241559085,-36.75359565387078,1.208221457756384,0.0
34.92161610764742,-5.415819417951977,2.7669851427679397,0.0,12.456132724874921,2.17929671699347,7.806729326216614,0.0,-7.44270082495749,-4.339135901478579,2.3157272042503205,0.0,29.541710434811563,-39.49039042897052,2.675457829742081,0.0,11.974940626349117,-36.86458121357757,2.593702285877237,0.0,-18.494009075791013,-36.75387579443478,1.2106942165456456,0.0
34.92642717686587,-5.429062568926915,2.758303937755249,0.0,13.084831928025451,2.0497501572172183,7.82533647338766,0.0,-7.426433545437998,-4.33600698833798,2.3154621387657706,0.0,29.554520994236498,-39.490058457604604,2.6730497593289613,0.0,12.018741433931627,-36.83704983013056,2.568079178496948,0.0,-18.48330349567945,-36.75672211215815,1.2135513944889151,0.0
34.93751078559545,-5.45093451942103,2.7509677719700107,0.0,13.715688836428592,1.9011454388523585,7.832954551169383,0.0,-7.409590490255692,-4.333776481475076,2.3149344388267927,0.0,29.569026486142892,-39.4884137942762,2.673276813601417,0.0,12.05980908699226,-36.80528818583596,2.5365141895691696,0.0,-18.47250417231774,-36.76174552277514,1.2155233750613892,0.0
34.95590045055209,-5.474561956197027,2.745516473527097,0.0,14.343414496154063,1.7334001435565511,7.8296801278712485,0.0,-7.392701446580762,-4.3319965335409965,2.3147352641076875,0.0,29.584693571558113,-39.48641381459325,2.6756653584674055,0.0,12.09736102188711,-36.77181438515974,2.5005213665580293,0.0,-18.463383433396974,-36.76719764908416,1.2156599528132315,0.0
34.97999452010954,-5.493697018767143,2.742047475122339,0.0,14.963077677666892,1.547310248570403,7.814641468396666,0.0,-7.376376504622071,-4.330324142025319,2.3153861915719762,0.0,29.600840173969694,-39.48483775158189,2.6795331197110457,0.0,12.131153642927124,-36.73776373848928,2.4616880193001602,0.0,-18.45746129621518,-36.770179978705116,1.2134509476116637,0.0
35.00574696261798,-5.504607010175322,2.74024020123243,0.0,15.572734355487022,1.3439684579569384,7.785671194453566,0.0,-7.361482360856361,-4.328416138330625,2.3170999054656907,0.0,29.616810785215094,-39.48411136441229,2.684247259980328,0.0,12.161094653921829,-36.70298096292914,2.4213938954068865,0.0,-18.45562067248623,-36.76745201135577,1.2088265722711284,0.0
35.027995481262415,-5.5069656448436906,2.739392480036342,0.0,16.173963677019,1.1239008683265297,7.7394900352066855,0.0,-7.349096621535877,-4.325836133681463,2.3195783559600383,0.0,29.6320458913362,-39.484408855003316,2.6893964358941354,0.0,12.18703371623244,-36.666634875245826,2.3807501879470756,0.0,-18.457851723846495,-36.75661662237244,1.2021116146122566,0.0
35.04245916616968,-5.50358184762234,2.7383909294958624,0.0,16.770304452038406,0.8865084641126373,7.672364582017108,0.0,-7.340230644121694,-4.322032744721851,2.321963441476134,0.0,29.646038743377357,-39.486014870762276,2.6947802077963914,0.0,12.208830902096064,-36.62802131973766,2.3406969439138905,0.0,-18.463177382272924,-36.73721963750335,1.1939739305785526,0.0
35.04754467961944,-5.4991712282083185,2.735703198428851,0.0,17.36453590451944,0.6302127949424783,7.580996641228769,0.0,-7.335455218274495,-4.316417112586892,2.323031142986679,0.0,29.65823845441161,-39.489751096814956,2.700214174409119,0.0,12.226596547756486,-36.587188773944,2.3021084623646715,0.0,-18.469823398055034,-36.71125486820526,1.1853414250878824,0.0
35.04511559509116,-5.498660640122136,2.729574746664884,0.0,17.95620521435871,0.35329587869068035,7.463248904574612,0.0,-7.334623175142513,-4.308539211699498,2.3216054908647497,0.0,29.668003717734244,-39.49714395616056,2.7052766610006067,0.0,12.240899558100644,-36.54515120617873,2.265773660917885,0.0,-18.475662118748367,-36.68277626596861,1.1772329167802447,0.0
35.03981556234236,-5.505620949929256,2.718538514486731,0.0,18.540685506070368,0.05499117046040869,7.318295461138819,0.0,-7.336819677140288,-4.298330278696375,2.3170365554665615,0.0,29.67469089242678,-39.51009071355842,2.7091928249061734,0.0,12.252786041044942,-36.5036679291749,2.232251113608376,0.0,-18.478837416560733,-36.65671485360697,1.170499582019204,0.0
35.03722245247144,-5.521286204753227,2.7021512185069607,0.0,19.110358461097995,-0.2638521413227073,7.145973661149675,0.0,-7.340534586822146,-4.286346333963884,2.3095271797350136,0.0,29.677864217249237,-39.53009306221379,2.710987379199439,0.0,12.263589635420313,-36.46475506922984,2.2017257949094784,0.0,-18.478332477639743,-36.637386457709816,1.1655683942825021,0.0
35.04173334791591,-5.54433451378203,2.681669949576145,0.0,19.657475627277176,-0.6010957998869335,6.945480622883853,0.0,-7.3439484152121155,-4.273920835630703,2.3001418733010635,0.0,29.6775231067665,-39.55745391193608,2.7098545587678036,0.0,12.274642875035845,-36.43017485291445,2.1739905444122964,0.0,-18.474214659358612,-36.627314564419926,1.1623244705972429,0.0
35.05521511418793,-5.571371240523822,2.6602935859276755,0.0,20.177346241620796,-0.954723232996967,6.713954133302676,0.0,-7.345220607599092,-4.263119373947067,2.290464054471448,0.0,29.674238784359108,-39.59089314895778,2.7055330536750617,0.0,12.287025186786593,-36.401108787976085,2.1485655326052644,0.0,-18.467442496769465,-36.62677655860773,1.1602120035864019,0.0
35.07688901459919,-5.597943160045366,2.642667948817321,0.0,20.670254685062808,-1.3247866850461252,6.445703908445776,0.0,-7.342740528061219,-4.256413835134799,2.2820241889840407,0.0,29.669155413861812,-39.62778104088443,2.6984823674425584,0.0,12.301413038131644,-36.37809703440122,2.1248893448416055,0.0,-18.459344366598874,-36.634083336827786,1.1585163611069973,0.0
35.1040868145756,-5.619833201338492,2.6335771850789786,0.0,21.14111539015337,-1.7149023238780217,6.132790805796071,0.0,-7.335363330883859,-4.256088143923142,2.2757312692585216,0.0,29.663847067892863,-39.664844402549825,2.68981114804472,0.0,12.318021595003605,-36.361194728070465,2.1025197959557804,0.0,-18.451024632067835,-36.64631723169654,1.1566984752515221,0.0
35.13319162966807,-5.634285989435762,2.6361146102328252,0.0,21.596964073077718,-2.1323354951080056,5.767307144613824,0.0,-7.3226465247919235,-4.263525356159366,2.271555386041884,0.0,29.66001686478874,-39.699020252960814,2.681035874658985,0.0,12.336616960917564,-36.350213933624,2.0813041911084547,0.0,-18.442961025954837,-36.66020968563956,1.154632873330609,0.0
35.160433530184925,-5.640790177217474,2.6500625701051437,0.0,22.043319038570218,-2.586093368786087,5.3451758539827345,0.0,-7.305045978934209,-4.278624914130026,2.268617314921567,0.0,29.659052017250815,-39.72815871045531,2.673754512722498,0.0,12.356611541986414,-36.344903219109874,2.0614672925178272,0.0,-18.43495321008022,-36.67293691454019,1.1526482983968656,0.0
35.18265851031361,-5.641192505468142,2.6713680481152196,0.0,22.480847355986192,-3.082894780470374,4.870582413326336,0.0,-7.283980235121381,-4.299594809372829,2.265664145182093,0.0,29.66154765830837,-39.75139911781485,2.6692819080344385,0.0,12.377256907976895,-36.344958659424826,2.043554725302588,0.0,-18.426418067561656,-36.68270062620864,1.1513597381893756,0.0
35.19820420602961,-5.6391780620452785,2.6931671637995027,0.0,22.90368011956506,-3.6215798812034974,4.359343535182587,0.0,-7.261668625583486,-4.323251573984907,2.2617172837564414,0.0,29.66701529814296,-39.76916911797319,2.6683142518680008,0.0,12.397889748549963,-36.34984536024746,2.028211817301532,0.0,-18.416864909951734,-36.68900073097187,1.151374020979011,0.0
35.207696974594406,-5.639347396554122,2.708019365807832,0.0,23.300228588068567,-4.187849961585103,3.839053450334351,0.0,-7.240704731055044,-4.345791187011038,2.2565775298227138,0.0,29.673972470487485,-39.782880100744286,2.670737545880433,0.0,12.418124696442888,-36.358518983673726,2.0158707005913854,0.0,-18.40629890211217,-36.69254691773268,1.1530029645463369,0.0
35.214358005214656,-5.646141220570584,2.710418905278912,0.0,23.656388175772992,-4.7526344263087665,3.344608558607945,0.0,-7.223434941722842,-4.363826827526841,2.250934367715395,0.0,29.680424076286403,-39.7944958998698,2.6756640964578455,0.0,12.437902469079532,-36.36923590399224,2.0064976134090777,0.0,-18.395344694282137,-36.69483763256531,1.1561108262340447,0.0
35.223475299621256,-5.662764219595034,2.698545599444447,0.0,23.95980747031249,-5.276897796758373,2.9100280207952665,0.0,-7.211327339856678,-4.375351286983609,2.2460260987077056,0.0,29.684525757696385,-39.80614292576209,2.681673948709326,0.0,12.45739326279362,-36.379658956078174,1.9995408617444834,0.0,-18.385035701248697,-36.697541857519155,1.1601714697235543,0.0
35.240957504003276,-5.690226963393355,2.6745706472168465,0.0,24.203345422036897,-5.722172962310113,2.559889302967683,0.0,-7.204565576074448,-4.380217022610967,2.243023732461939,0.0,29.68515162211504,-39.81978836136064,2.6871695359534424,0.0,12.476831508262386,-36.387342968346296,1.9941068814351066,0.0,-18.376390735417726,-36.7018956531429,1.1645257815877255,0.0
35.27123097439833,-5.726763258802193,2.643497493196893,0.0,24.38658544126354,-6.062034782652534,2.3038956625530727,0.0,-7.202040067217076,-4.379861716647522,2.242445585432124,0.0,29.68219175418536,-39.83690360829151,2.690766673338878,0.0,12.496349426909362,-36.390454872620936,1.9892618910977795,0.0,-18.369997500816336,-36.70832408790625,1.168723359992276,0.0
35.315171630820714,-5.768006558181491,2.6111811214854104,0.0,24.515557900683767,-6.2891287656086625,2.136030276175937,0.0,-7.201753099902065,-4.376394680362669,2.24388710098434,0.0,29.676532707794692,-39.858116134560376,2.6916653253391605,0.0,12.51583044577137,-36.38839588197039,1.98430878555798,0.0,-18.365795942891914,-36.716410416026555,1.1727633250289493,0.0
35.36908463192211,-5.808109603525114,2.582443106573523,0.0,24.601408360694055,-6.4154529514940855,2.0376841263374263,0.0,-7.201480137993539,-4.371562541899852,2.2461897042058236,0.0,29.669733871785738,-39.88303520454382,2.6899082519021658,0.0,12.534803950426213,-36.38200047047947,1.9789354522230536,0.0,-18.36314227925786,-36.72519011693787,1.1770907923404135,0.0
35.425511860991726,-5.8414761492686225,2.5599787888912733,0.0,24.6585114837226,-6.466986471693186,1.9833583970148343,0.0,-7.1994343641920695,-4.366171739131445,2.2479620548438994,0.0,29.66347002868391,-39.91043379254116,2.6863890500388,0.0,12.552439569016004,-36.37320512386407,1.973209247355813,0.0,-18.361110990244537,-36.73361195287248,1.182351111372208,0.0
35.47571891397141,-5.864370032490055,2.544282022349705,0.0,24.702161711430925,-6.475330475418989,1.9474071722442226,0.0,-7.194717282529137,-4.360196513906777,2.2482097168882227,0.0,29.658929182159746,-39.938705267840604,2.6825082372482267,0.0,12.567694115863151,-36.36437045763469,1.967453378769152,0.0,-18.35890082804679,-36.74095137454455,1.1890523890809526,0.0
35.51270039773749,-5.875738316303451,2.5343577430887088,0.0,24.745967210425853,-6.46920316933743,1.9101069855733002,0.0,-7.187458506501564,-4.353345992846438,2.2467853129508946,0.0,29.656436825437364,-39.96628310127001,2.679543608873889,0.0,12.57959437976933,-36.35761139744168,1.9620796452551055,0.0,-18.356169943153624,-36.747013630253576,1.197328577722491,0.0
35.53329820128949,-5.877052060735814,2.5287085230344033,0.0,24.79939741561465,-6.46821158118201,1.8613176562413525,0.0,-7.178658219894338,-4.345637499060033,2.2444544135979374,0.0,29.655481076401077,-39.99180951158329,2.678023954625367,0.0,12.587559480365705,-36.35442732535155,1.9574639545105512,0.0,-18.35315671915517,-36.75208954549906,1.2069046881090486,0.0
35.53869934332307,-5.871471683417662,2.526090899783073,0.0,24.86618173243206,-6.480377405030095,1.8006736328825568,0.0,-7.169805933892098,-4.33762097551768,2.2425547424138284,0.0,29.655070237228554,-40.01416631122253,2.6774802635096133,0.0,12.591638543850404,-36.355679132637185,1.9539149278937948,0.0,-18.35054280353408,-36.756747062860704,1.2172304868181136,0.0
35.53349987633385,-5.862879233998703,2.5258013065896527,0.0,24.944112997477724,-6.503477082838062,1.7346381662683115,0.0,-7.162389360437663,-4.330181407273235,2.242420086496841,0.0,29.65416854653344,-40.03266621784073,2.6767549809302196,0.0,12.592572850967432,-36.36172444364214,1.9517140471680907,0.0,-18.349127087543273,-36.761589809696,1.2276859672546898,0.0
35.5240176022505,-5.855188604490289,2.5275165168598495,0.0,25.02635603210944,-6.528958258080217,1.67208624678684,0.0,-7.1574483933147865,-4.324105196179893,2.2448349710945372,0.0,29.651986791026452,-40.04751864423535,2.6746963595946767,0.0,12.591651143103498,-36.37247782068884,1.9511553657955467,0.0,-18.349450154415667,-36.7670836683691,1.2377845374039023,0.0
35.516509502041785,-5.851978528594307,2.530827052311988,0.0,25.103873577470598,-6.546654514745394,1.6204329884066535,0.0,-7.155331780746114,-4.319705283870259,2.249740429856523,0.0,29.648096118584842,-40.06028548839267,2.670834614827184,0.0,12.590382413894163,-36.38732825021492,1.9525230476913453,0.0,-18.351528016808405,-36.773487853758304,1.2473269011853763,0.0
35.515693957913555,-5.856189337245819,2.5346803926188297,0.0,25.168242834663175,-6.548797557813108,1.583550302654789,0.0,-7.155736638093811,-4.316736867836655,2.2562775032050393,0.0,29.642477224525038,-40.07382316707034,2.6656690509687557,0.0,12.590066846631682,-36.40505750263936,1.956003997335518,0.0,-18.35481931459268,-36.78087389017293,1.2564491688626624,0.0
35.52378101235497,-5.869641443303547,2.537083332283311,0.0,25.214032228595492,-6.532476376479552,1.5615406215108614,0.0,-7.157984497617951,-4.3146470244686075,2.2631127622844147,0.0,29.635585604741202,-40.09142334127669,2.6604239157691065,0.0,12.591407207116834,-36.42395784440536,1.9615925065268822,0.0,-18.35844858700978,-36.78919171624184,1.2655136149743687,0.0
35.54015400043767,-5.892455953643829,2.5354201314223737,0.0,25.240072070177455,-6.500273485346407,1.5516778947580647,0.0,-7.161387794029517,-4.312981930535227,2.2688934931063383,0.0,29.628377617087985,-40.115403271636964,2.656430544453043,0.0,12.594330976393664,-36.44219667181045,1.9690474465143506,0.0,-18.361567895176933,-36.79834044168369,1.2748627657773977,0.0
35.56180096782775,-5.922767927660499,2.5274241262984756,0.0,25.249324881669562,-6.459197588304674,1.5497370044323269,0.0,-7.165536292382652,-4.311654979358839,2.2726575269325053,0.0,29.62215707273333,-40.14586985353895,2.6545133492255886,0.0,12.59812802699868,-36.45827156703493,1.9779097536009989,0.0,-18.363652943773342,-36.80820964960518,1.2845620104161402,0.0
35.584421403402736,-5.957087593167819,2.51234639894931,0.0,25.247513369796422,-6.418368087235072,1.5512326324908194,0.0,-7.170387874048468,-4.310868241852222,2.274073000181305,0.0,29.618159418488528,-40.18040499207879,2.654734490336814,0.0,12.601848090219741,-36.47133504919378,1.9875568204200178,0.0,-18.364578514650375,-36.818675674977214,1.2942911487818165,0.0
35.603859003311506,-5.991282904136268,2.491619161372771,0.0,25.241069660703072,-6.3862644855899084,1.5523789981354135,0.0,-7.176152694710381,-4.3107547274378835,2.2734653827195572,0.0,29.616970325761027,-40.21491464038925,2.656572487747841,0.0,12.604745200603176,-36.481272102235565,1.9973047894730023,0.0,-18.36447371909836,-36.829570189646226,1.3034558542676429,0.0
35.6173253540125,-6.021760304010096,2.4685617456976914,0.0,25.235190106199394,-6.368509892315599,1.5506869624994195,0.0,-7.183060554557831,-4.31105825054943,2.27165230754013,0.0,29.618054808998686,-40.245205059724654,2.659301293507582,0.0,12.60653035793282,-36.488553736891596,2.006595004762085,0.0,-18.363500658839076,-36.84066673706445,1.31144200549819,0.0
35.623954983618965,-6.046327426103812,2.4472531645067086,0.0,25.232674492374116,-6.366848543907807,1.5451362962045359,0.0,-7.191149966230233,-4.311155047796715,2.2696427656233755,0.0,29.619701075742633,-40.26849846353038,2.6622663950787473,0.0,12.607331026901837,-36.4939690672887,2.0152231951258823,0.0,-18.36172931818496,-36.85172133435308,1.3178558233534332,0.0
35.6245670074899,-6.064451446939275,2.4311658520697677,0.0,25.23381451716001,-6.379362894983403,1.535949721855527,0.0,-7.200200713820387,-4.310435541661445,2.2682919416816567,0.0,29.619517592807096,-40.28424670201856,2.664944657810411,0.0,12.607454804558408,-36.49836464585761,2.023442483830845,0.0,-18.3591885354913,-36.86255481881281,1.322634121222002,0.0
35.620914582762985,-6.076958296991501,2.422189630378911,0.0,25.237127233557956,-6.4015332904260545,1.5241305411096668,0.0,-7.209858599288099,-4.308754777461349,2.2680368390183006,0.0,29.61535776020294,-40.29402973633572,2.666906197057928,0.0,12.607160000470582,-36.50249095782235,2.0317993118653703,0.0,-18.356032312664478,-36.873120416995576,1.3260089872864231,0.0
35.61491391614287,-6.085432644644493,2.420328551183724,0.0,25.240474294481277,-6.427675550883645,1.5109881001872676,0.0,-7.219879470579735,-4.306609595711652,2.268826258975526,0.0,29.606309349178346,-40.30075766563057,2.6678571535052154,0.0,12.606572833008885,-36.50695987818192,2.040806982450132,0.0,-18.3526706609362,-36.883499593644196,1.32838568716177,0.0
35.60821272740089,-6.091602885469482,2.423975311546597,0.0,25.24211122126013,-6.452375193814816,1.497822262434216,0.0,-7.23029680445034,-4.304948867028115,2.2702673460885023,0.0,29.59327422099889,-40.307643285804794,2.6677976317016014,0.0,12.605741409311708,-36.5122452321508,2.0507111762646915,0.0,-18.349731759292034,-36.893810732361864,1.3302203633187606,0.0
35.6021086188139,-6.0968866799618,2.4305197330040116,0.0,25.241338904777635,-6.47157780992793,1.485805574233071,0.0,-7.2413157153175,-4.304806308875968,2.2718848499554234,0.0,29.578775407618334,-40.317364437039174,2.6671315573346863,0.0,12.604723804835897,-36.51869320213378,2.0614382639276307,0.0,-18.347835126659824,-36.904071790074624,1.3319707836950379,0.0
35.59755333313688,-6.102145319967012,2.4370927930876007,0.0,25.238590982637174,-6.483092194345531,1.475963077579431,0.0,-7.252938973271205,-4.306987832966648,2.2733334300369243,0.0,29.56598816452073,-40.33158750089696,2.6665273997775003,0.0,12.603618132793821,-36.526558946285036,2.072640152241636,0.0,-18.347290185645473,-36.91410020103863,1.3341274722853367,0.0
35.594976306820236,-6.107627432818767,2.4412941984285315,0.0,25.234998097200485,-6.486518943739173,1.4691032003331141,0.0,-7.264606817859756,-4.3118757556965015,2.274467209382287,0.0,29.557413187949283,-40.35086642320937,2.6665207204146544,0.0,12.602515003806714,-36.53604566718459,2.083790411044502,0.0,-18.34789387473105,-36.92352907366698,1.337242413373298,0.0
35.59390335172772,-6.113073518772067,2.441723591927989,0.0,25.231691151149867,-6.482877809505728,1.4656302308077187,0.0,-7.275195076284976,-4.319285409877356,2.2752857912426485,0.0,29.55379430155129,-40.37495316633771,2.6671095021613436,0.0,12.601428387175588,-36.547255940149455,2.094362905926422,0.0,-18.34894269943837,-36.931953080622,1.341852284496456,0.0
35.592650806992374,-6.117970588111242,2.4381480862046434,0.0,25.229207578053977,-6.474239603009784,1.4652860242851382,0.0,-7.283438903558213,-4.328373616773643,2.275840451725646,0.0,29.553732509264083,-40.403493310014255,2.66767127897276,0.0,12.600285738804697,-36.56000918664602,2.104080472771251,0.0,-18.349456065172042,-36.939128045669,1.3482882217245802,0.0
35.588537824820826,-6.121954021883755,2.4312808763241875,0.0,25.22726640069897,-6.46345550005554,1.46694380804864,0.0,-7.288478400775483,-4.337733507742595,2.2761719669406304,0.0,29.554144821460472,-40.436796613065326,2.667329577017995,0.0,12.59901482504128,-36.573641834390834,2.1131242254067892,0.0,-18.348516010467264,-36.94511039467062,1.3564860076107834,0.0
35.578958710253076,-6.125299348943933,2.422316058257273,0.0,25.2249570484622,-6.453837130330399,1.4686027374605626,0.0,-7.290149932183483,-4.345785405032822,2.276302712852072,0.0,29.551431156366952,-40.47616661399177,2.665560935652234,0.0,12.597685620829395,-36.587021468848384,2.122155852317414,0.0,-18.34559286400455,-36.950271796220164,1.3659338028768495,0.0
35.56328827837794,-6.12931210050218,2.4124448709185344,0.0,25.221197202143394,-6.448612091716434,1.4677029063929652,0.0,-7.28894058962269,-4.351340269156659,2.2762608090633893,0.0,29.542939376367805,-40.523488983395815,2.66261336705913,0.0,12.596607695892644,-36.59891477118009,2.132069918579793,0.0,-18.34073234269703,-36.955209623808926,1.375800773593614,0.0
35.54506257028988,-6.136292104076826,2.4026123555536696,0.0,25.215248552285484,-6.45018887451039,1.461763142946138,0.0,-7.285819001449092,-4.3540053974800585,2.2761000638343276,0.0,29.52809179579471,-40.580308117233834,2.6593788987053593,0.0,12.596293690630247,-36.608587064119455,2.1435429621682065,0.0,-18.334524839014023,-36.960615323781944,1.3851760431478173,0.0
35.53341349463846,-6.148779778632335,2.3937965922095152,0.0,25.207111988283017,-6.459503331029597,1.449155369748981,0.0,-7.282120259424636,-4.354180847977171,2.2759049313481654,0.0,29.50859068495543,-40.647004407187936,2.656734119697191,0.0,12.597284836436426,-36.61628509606833,2.1565997400470707,0.0,-18.32786532065945,-36.967141220739734,1.3933095334689103,0.0
35.542649795451695,-6.168087589612757,2.387960400434558,0.0,25.197675281795213,-6.475762978157414,1.4296826810632357,0.0,-7.279413038811687,-4.3527121607709685,2.2757965758274583,0.0,29.487599955138048,-40.72261463612938,2.654810232992359,0.0,12.599940930565563,-36.62326429916123,2.170441812915689,0.0,-18.32161010202549,-36.975271370361234,1.399781662673087,0.0
35.58939891955532,-6.1925774210282,2.389444023654608,0.0,25.188533844297773,-6.496733695445174,1.4046591198763902,0.0,-7.279183425985128,-4.350503186954677,2.2759362050189385,0.0,29.46842338089972,-40.80543076235796,2.652794725958616,0.0,12.604332844038577,-36.63128709459904,2.1836332136688874,0.0,-18.316284913019324,-36.9852008271439,1.40456866770705,0.0
35.68779344024305,-6.216490062479247,2.406142850791424,0.0,25.18150376331438,-6.519461938968366,1.3764293338415143,0.0,-7.282351016118143,-4.348335728420482,2.27647818602399,0.0,29.453456661356718,-40.89409417659056,2.6495040977498565,0.0,12.610293253004354,-36.6418479306993,2.1945531018708913,0.0,-18.311962459294094,-36.99675306346035,1.407990309708735,0.0
35.84434254167772,-6.230112036303378,2.4496688870535444,0.0,25.178006127402927,-6.541137555356595,1.347577809698187,0.0,-7.288846846420125,-4.346896661211642,2.2774378474044674,0.0,29.443896463895086,-40.98868397938146,2.6443769692806267,0.0,12.617547121065709,-36.65554047047265,2.2019531226850564,0.0,-18.308329849383373,-37.009381991466135,1.4105598615082844,0.0
36.0546898085259,-6.2216206450505736,2.5339623671308864,0.0,25.178603128753,-6.559767706562895,1.3202332831726942,0.0,-7.2974965084477414,-4.346837438020368,2.27852874001635,0.0,29.440152791998205,-41.09129635047904,2.6382087144261206,0.0,12.625787433660923,-36.67188624250667,2.2054553086308406,0.0,-18.30487135753247,-37.02229556324556,1.4128021355596534,0.0
36.303979290692595,-6.1802782129254075,2.672399882136167,0.0,25.182887032169617,-6.574447355031683,1.2957570643947385,0.0,-7.306298036868993,-4.348715121272128,2.2791010133584475,0.0,29.4425327205891,-41.2057884895619,2.6330830580795705,0.0,12.634636805256433,-36.6896678775521,2.2058020301744143,0.0,-18.30105801984447,-37.03469850566177,1.4151174708205154,0.0
36.571182022664765,-6.100032877582785,2.874103621018376,0.0,25.18971348010041,-6.585178895434542,1.2748208319473182,0.0,-7.313013995176883,-4.352816530450222,2.278278634721987,0.0,29.451694873465293,-41.336682006914394,2.6313951481100517,0.0,12.643553288599096,-36.70752064692035,2.2046794984230296,0.0,-18.296469512254305,-37.046082734947,1.417735051691908,0.0
36.836085489360336,-5.98217430467629,3.1406381297150254,0.0,25.197613949159983,-6.592355810913779,1.2576495354330728,0.0,-7.315883298799177,-4.358994348849442,2.2752726197956665,0.0,29.468578108129314,-41.48756628247733,2.634372990871711,0.0,12.651770626720083,-36.72441250532592,2.2040978489587975,0.0,-18.29083590905542,-37.056431011764936,1.4207504542359928,0.0
37.08641152247714,-5.835669054103479,3.464406067631522,0.0,25.20522889873439,-6.596198384809355,1.244168769767346,0.0,-7.314212356619394,-4.366648028850244,2.26975134348403,0.0,29.493867671018524,-41.6595273331478,2.640876312834145,0.0,12.658296640191356,-36.73975945242461,2.205579554865677,0.0,-18.2840368100292,-37.066208211402326,1.4242034092051572,0.0
37.32223437674458,-5.674552018485867,3.8296980201762114,0.0,25.21170011402901,-6.596525098347098,1.2339455505427477,0.0,-7.30864101156553,-4.374877056478068,2.262128568298772,0.0,29.527363853817544,-41.85009551691711,2.647220386215311,0.0,12.661941856039135,-36.75318855009824,2.209561971208867,0.0,-18.27611237237599,-37.076114505833324,1.4281326999242463,0.0
37.555763869190784,-5.513298181011529,4.216446943003653,0.0,25.216989819177044,-6.593076519130426,1.226038962723491,0.0,-7.300991693546802,-4.382715094424043,2.2536431980940534,0.0,29.567666312778385,-42.05306064762863,2.648222489199185,0.0,12.661393308869172,-36.76419988435729,2.215302435512216,0.0,-18.267311799547187,-37.08670487495392,1.432565093399095,0.0
37.80642256630055,-5.3624541090200335,4.605530755704194,0.0,25.222010690014198,-6.586205379443583,1.2190202328016024,0.0,-7.2937526337954575,-4.389316083327839,2.246132354617231,0.0,29.61239662558184,-42.25935921985847,2.638924210112087,0.0,12.65542069907583,-36.77204857570201,2.2212840289331783,0.0,-18.258139083949295,-37.09805753682915,1.437452675308318,0.0
38.09317558412607,-5.2266806836562,4.9836173475277175,0.0,25.228389227432288,-6.57743316114468,1.211332237521499,0.0,-7.289358127316658,-4.394029794490722,2.2414914989474415,0.0,29.658918407891118,-42.45913466996679,2.6160707845911517,0.0,12.643285051487256,-36.77601973660851,2.2258830454294376,0.0,-18.24931059802901,-37.109655913516114,1.4426210494706435,0.0
38.4271956154803,-5.105693926985415,5.345636905634057,0.0,25.237794662666175,-6.569423542673602,1.2018657188151636,0.0,-7.2894827830867435,-4.396411654060026,2.240983874421703,0.0,29.70528881313305,-42.64492804086393,2.578678684187418,0.0,12.625284687394888,-36.775976064580874,2.227991324827938,0.0,-18.24157437642589,-37.120545721655944,1.4477846341628862,0.0
38.807624848544016,-4.996838586901996,5.694001504341514,0.0,25.25102960697395,-6.565275445091161,1.1903957519121908,0.0,-7.294566147917072,-4.396266628361189,2.2447021058356764,0.0,29.751032541033805,-42.81556585344233,2.527621209818303,0.0,12.603198496782994,-36.77280718498841,2.227367722195721,0.0,-18.23543913589341,-37.12970203067587,1.4526325153076343,0.0
39.221806613053865,-4.897575654792314,6.035151238442623,0.0,25.267317269927496,-6.567439678835809,1.1775860879902105,0.0,-7.303721808384311,-4.393781794692467,2.2514634612868836,0.0,29.797346732471937,-42.97961204146731,2.464678565522636,0.0,12.580306255953301,-36.76840504178049,2.2246589788880424,0.0,-18.23094138799611,-37.13645871062837,1.45693291680133,0.0
39.64966065150696,-4.806943999796685,6.375116415552549,0.0,25.284228352277694,-6.576798559739637,1.1645671574434147,0.0,-7.31504479515789,-4.389691226243599,2.259218087954924,0.0,29.846568224969428,-43.15666232722999,2.3917454603528867,0.0,12.560800508757218,-36.76507645845615,2.221190537701874,0.0,-18.227587637524795,-37.14083545765574,1.460586515224195,0.0
40.070433943277095,-4.726015898903082,6.715937125138613,0.0,25.298399761176523,-6.592381353103095,1.1523527176980242,0.0,-7.32616317560524,-4.385330375091583,2.2657910115030706,0.0,29.901065903772405,-43.37499608092078,2.3108567988181523,0.0,12.548720911388346,-36.76468744434793,2.218680693341625,0.0,-18.224542284819503,-37.143628498305276,1.4635972686423546,0.0
40.46931768419035,-4.657779227791581,7.054056191781616,0.0,25.30676856509462,-6.611822057671784,1.1414080164551104,0.0,-7.334808003556299,-4.382453849094434,2.269622290096848,0.0,29.96198423754792,-43.665431916501774,2.225257674205098,0.0,12.546805386093133,-36.76802357518232,2.2189540307631503,0.0,-18.221003366516115,-37.146205510399156,1.465999988880741,0.0
40.84170434532845,-4.606776865433956,7.380865470841837,0.0,25.307770301186217,-6.632240728320589,1.13155501704074,0.0,-7.339254614994454,-4.3828112664103855,2.2701908199064516,0.0,30.028349801223506,-44.05298233845724,2.140823672508228,0.0,12.555670255370948,-36.77471456647214,2.223625403136909,0.0,-18.216571990468676,-37.15006621364166,1.4678174891711446,0.0
41.19398118396165,-4.578578943228186,7.6849599179036865,0.0,25.30199818904788,-6.651071453011208,1.1222124471906412,0.0,-7.338612426771493,-4.387618737203201,2.267974086372888,0.0,30.09695195660786,-44.54900706570091,2.0662551826055786,0.0,12.573573235366405,-36.78372431990012,2.2337160102411353,0.0,-18.211390003043515,-37.156350472752315,1.4690795617991768,0.0
41.541065648209454,-4.579022420278061,7.955362685200088,0.0,25.292097197309754,-6.66655596812554,1.112805390889207,0.0,-7.332977359024088,-4.397134034547182,2.264016512231601,0.0,30.163171597071507,-45.14666365436864,2.0106808729805117,0.0,12.596841493356091,-36.79408548960569,2.2492567085431503,0.0,-18.205957621603446,-37.16550749375837,1.4698735822293827,0.0
41.90184391495015,-4.613195733767249,8.184831539618864,0.0,25.28196414749732,-6.677935672004784,1.1031001436986063,0.0,-7.323417173062209,-4.410506958072249,2.259351476970725,0.0,30.222627273507214,-45.821756745471646,1.979082706131429,0.0,12.620868637028643,-36.80545201498508,2.2690424832664906,0.0,-18.2007609759333,-37.17724860966327,1.4703751164040586,0.0
42.294109203899396,-4.684337437346263,8.372255016001418,0.0,25.275527774878196,-6.685509278486902,1.0932654427337622,0.0,-7.311742170788462,-4.425967147476097,2.2545664235604974,0.0,30.273188971086082,-46.53935335607318,1.9681913251044243,0.0,12.641358801340257,-36.818203457492025,2.2907297125900907,0.0,-18.195968103668022,-37.190755327437856,1.470824332595404,0.0
42.73053584909293,-4.793042145046886,8.523212442121494,0.0,25.27549770918681,-6.690612461607438,1.083619930996651,0.0,-7.300069732897423,-4.441295650967857,2.2496916502733804,0.0,30.31663839711835,-47.26375692330911,1.9659888957404874,0.0,12.655356945343982,-36.83312901236456,2.3113543537347656,0.0,-18.191391844049292,-37.20500101554565,1.4714503981291358,0.0
43.21673965582862,-4.937209389214697,8.648233995470857,0.0,25.282502395551354,-6.695403651023012,1.0742233660395133,0.0,-7.290274329698445,-4.454447152011012,2.2443926556953606,0.0,30.359204285607262,-47.96740356449869,1.9556573570082207,0.0,12.66172934187279,-36.85092444071068,2.328131627129032,0.0,-18.18672008758979,-37.219025929504035,1.4723911316457627,0.0
43.75167135324013,-5.112885971032494,8.75919892659473,0.0,25.294934200412193,-6.702329071115335,1.0645943477590576,0.0,-7.2834795695544,-4.464139809751635,2.238280303170299,0.0,30.41057574989751,-48.63504918516291,1.9216267844701083,0.0,12.661071708946812,-36.871745442804446,2.3392289755282345,0.0,-18.18183055431257,-37.23207568832465,1.4736729640234874,0.0
44.3296927761583,-5.315697771491864,8.865227521096564,0.0,25.309567556824685,-6.713342209705924,1.053787607274109,0.0,-7.279774502123134,-4.4702043700205065,2.2311343560363266,0.0,30.481697761597015,-49.262649344483414,1.854241120262424,0.0,12.655255439225684,-36.89496442518733,2.3442134301886455,0.0,-18.176966934166604,-37.24361987566942,1.475276784227093,0.0
44.94309985505731,-5.542285401374274,8.969705476429933,0.0,25.322709191540646,-6.729195129911695,1.0408303815346365,0.0,-7.27827903603508,-4.473533268681383,2.222966756766466,0.0,30.582226932750665,-49.85298035309265,1.7510350588599728,0.0,12.646837866774405,-36.91919814776362,2.3440343235860848,0.0,-18.17266403341653,-37.25334061749321,1.4772488666287664,0.0
45.583932676608995,-5.79120884769336,9.069500184466957,0.0,25.331442507753664,-6.749163009963334,1.0252567333313323,0.0,-7.277532890241282,-4.475627633394806,2.2139983341134197,0.0,30.718605137684847,-50.41077296225809,1.6149101502048655,0.0,12.6384591020665,-36.94262054952403,2.340591487582527,0.0,-18.169476388135458,-37.261172154391474,1.479778225200807,0.0
46.24459785446333,-6.063050758028918,9.156411360646935,0.0,25.334529134837297,-6.771356854450999,1.0074120407024756,0.0,-7.276031385187419,-4.477936093052975,2.2046398176305644,0.0,30.893334980657194,-50.93931650731468,1.450906709796648,0.0,12.632284437850512,-36.96349602901052,2.336080395520945,0.0,-18.16767847533105,-37.26738856040883,1.4831778258537085,0.0
46.91766962388871,-6.359757469390335,9.220076769407905,0.0,25.332688801367425,-6.793481305266622,0.9883823828244731,0.0,-7.272685136638542,-4.481289893916551,2.1954697369206517,0.0,31.105497157454803,-51.439203027382426,1.2633801108491234,0.0,12.629580962131016,-36.9807642712927,2.332374703337349,0.0,-18.16710466771764,-37.272647052408516,1.4877666844501078,0.0
47.59570863417264,-6.683518242468812,9.251254264734525,0.0,25.328210941561352,-6.8136704578564915,0.9696506530567257,0.0,-7.267046814235204,-4.4856879374557925,2.1871403006836037,0.0,31.352072728995083,-51.908866925194715,1.0546536449266295,0.0,12.630565080980688,-36.99444306535293,2.3306715449479984,0.0,-18.167190649301094,-37.27788520531779,1.4937098087847378,0.0
48.27177128317611,-7.0356431792875185,9.244542159103617,0.0,25.324083418434153,-6.830981794333289,0.9526757807293995,0.0,-7.259264989614897,-4.490491694487705,2.1801991581504545,0.0,31.629373023023803,-52.34607516689163,0.8252754376229667,0.0,12.634615240250858,-37.00565809572267,2.3314720939989684,0.0,-18.167147984647777,-37.28406592617064,1.5008832705875417,0.0
48.94060874046133,-7.415917768789363,9.199914966401385,0.0,25.322976552296673,-6.845322077224115,0.9385235361554791,0.0,-7.249836945342533,-4.494868336597468,2.17491064325538,0.0,31.93393891834734,-52.74945402900721,0.5753106983976437,0.0,12.640790577043504,-37.01626371637694,2.334776508044026,0.0,-18.166158337895084,-37.29188537301184,1.5087993502675676,0.0
49.59984101717146,-7.822710175811611,9.122771067088967,0.0,25.326440546918363,-6.856956796122452,0.9275994517373967,0.0,-7.239302942708981,-4.498219416291069,2.171180611789781,0.0,32.26262329879511,-53.11936232701699,0.3058163782142813,0.0,12.648423234198651,-37.0282083369854,2.3402821758574692,0.0,-18.163530230640493,-37.30159411092476,1.516610742071176,0.0
50.25017045713561,-8.253664838719637,9.022549360927227,0.0,25.334567692508603,-6.8660338574934485,0.919526952550556,0.0,-7.228029477374662,-4.500404097766944,2.16862086154069,0.0,32.61202100776303,-53.457831321680565,0.019736419354991597,0.0,12.657482406876184,-37.042914312460596,2.3474571351500018,0.0,-18.158821948840796,-37.31300440487987,1.5232295302433112,0.0
50.894179621480106,-8.706390079040414,8.910416263935138,0.0,25.346183199466182,-6.872489815042522,0.9132233048198923,0.0,-7.216167117287645,-4.501718636378028,2.1667075009595393,0.0,32.977734749012704,-53.76774925423748,-0.2781814177773292,0.0,12.668510070261986,-37.06091914780912,2.3555193199524993,0.0,-18.151927128841756,-37.32564347036821,1.52758717849472,0.0
51.534137356280624,-9.178534734870778,8.796860066506488,0.0,25.35942513258685,-6.876369895779725,0.9071907491290183,0.0,-7.20376685699218,-4.5027066550866,2.164953338340416,0.0,33.35403530490242,-54.051790119331564,-0.5823378798787413,0.0,12.682163599624108,-37.08187174562972,2.363427849215576,0.0,-18.143087561119607,-37.33895131532355,1.5289827981998485,0.0
52.16990213941696,-9.66712268453335,8.68997387343589,0.0,25.372435636288344,-6.878258444041101,0.8999666337739871,0.0,-7.190943848191871,-4.503909535976201,2.1630229922863577,0.0,33.734265906776386,-54.31163119522923,-0.8875427710688957,0.0,12.698626322348577,-37.10478333418832,2.369952522769557,0.0,-18.132808178081017,-37.35243832759481,1.5273731462865676,0.0
52.79796433740594,-10.16758959169793,8.594751411115848,0.0,25.38387575602504,-6.8794240296292255,0.8906117583616764,0.0,-7.1779481137918,-4.505655514819492,2.160747533803672,0.0,34.11193878804559,-54.54776733032874,-1.1899014857864234,0.0,12.717213242580907,-37.12832906207649,2.3738360117816057,0.0,-18.12169670039688,-37.36577635610284,1.5234504353919505,0.0
53.411929867078065,-10.67317122401714,8.513201621388955,0.0,25.393097699741634,-6.881497922200495,0.8790837073510014,0.0,-7.165078188383253,-4.507964780938975,2.158043589207267,0.0,34.482071168097455,-54.75986574383973,-1.486961911237346,0.0,12.736375980792825,-37.1510576167267,2.3740632491275804,0.0,-18.110291608274732,-37.37883859388448,1.518453734771418,0.0
54.00390969095013,-11.175029384218119,8.444880538522076,0.0,25.40000332908876,-6.885861791059099,0.8663280895378795,0.0,-7.1525038695563605,-4.510610620032011,2.15479973808743,0.0,34.84212052120613,-54.947347708980104,-1.7772652435141314,0.0,12.754106124429217,-37.17152605914335,2.370232210463488,0.0,-18.098953536838508,-37.39169716936826,1.5137859597839327,0.0
54.56598209867412,-11.663105098727634,8.387581610653783,0.0,25.40478117385914,-6.893122088808468,0.8539643223628284,0.0,-7.14012457130078,-4.513304949632202,2.150813325381538,0.0,35.19202788839738,-55.109875771036364,-2.0597626384540035,0.0,12.768575371207014,-37.18847475417114,2.3629066646238126,0.0,-18.08786801005437,-37.40456195798902,1.5105859377168773,0.0
55.09121726778365,-12.127497845811048,8.338132199275504,0.0,25.40772902954369,-6.90294023634595,0.843631466429958,0.0,-7.1275377461681,-4.515902556507873,2.145817773853814,0.0,35.53331477757777,-55.247599340883724,-2.333503283983891,0.0,12.778766242160778,-37.20109721939141,2.353717584374232,0.0,-18.077144628154468,-37.41765242772396,1.509417445669385,0.0
55.57424425455713,-12.56014302900633,8.293270980315123,0.0,25.409223520482293,-6.914221997933909,0.8363126087075488,0.0,-7.114117966110992,-4.518508505995959,2.1395765793109938,0.0,35.86766340973274,-55.361194188077256,-2.5976793458411027,0.0,12.784822139930728,-37.20930847586013,2.3450404368419253,0.0,-18.066933814376725,-37.43104048041549,1.510187572079019,0.0
56.01159566925254,-12.956441887856085,8.25045326686438,0.0,25.40974264610484,-6.925504644233776,0.8320073177234484,0.0,-7.099191299976507,-4.521440165312482,2.131992538417755,0.0,36.19565697712544,-55.451812127940855,-2.851810745107457,0.0,12.787922800906825,-37.213829363142686,2.339316042418588,0.0,-18.05746726793025,-37.444538530626104,1.5123074414585727,0.0
56.40205595065823,-13.316271638585745,8.208311856703975,0.0,25.40982813821268,-6.9353857572447275,0.8298854017284256,0.0,-7.082302854819083,-4.525077253933218,2.1231974053296074,0.0,36.51625326942664,-55.5210191445328,-3.095796857969818,0.0,12.789715279443174,-37.21597628543329,2.338301649966734,0.0,-18.048982876544606,-37.45769947285,1.5150017360967727,0.0
56.74706603334675,-13.64378702962225,8.166533153374402,0.0,25.409971907253848,-6.9428972050997775,0.8287614297940982,0.0,-7.0635466570393195,-4.529672400996838,2.113616001513952,0.0,36.82720949266214,-55.570705761686106,-3.3297489775558056,0.0,12.791592532698722,-37.21722199685321,2.342563137958619,0.0,-18.04158440592135,-37.46994754175732,1.5176153396149097,0.0
57.05093056794968,-13.945870932024567,8.125161369907051,0.0,25.410503948109987,-6.947747961508499,0.8276102687765148,0.0,-7.0438471274149865,-4.535193324302663,2.1040028994947377,0.0,37.126243642888646,-55.602907760366435,-3.5537316124026788,0.0,12.794198595516773,-37.21872912796257,2.351370134349885,0.0,-18.03514091490382,-37.48079125684638,1.5197859591997869,0.0
57.32032325669337,-14.229811899329443,8.083696752151905,0.0,25.411564443076028,-6.950360163547289,0.8259096278788434,0.0,-7.025027529587463,-4.541252621167571,2.095415942315787,0.0,37.41237521934122,-55.619515867357386,-3.767581714088589,0.0,12.797372246402647,-37.221059892754965,2.3629734010466645,0.0,-18.02930379305031,-37.49001750628558,1.5214362248792082,0.0
57.562817646593984,-14.501243157717584,8.040490623279226,0.0,25.41316832254667,-6.951665026051275,0.8237283562058471,0.0,-7.009550577343763,-4.547160129245431,2.089057694658628,0.0,37.686793235551,-55.62192429239945,-3.9708629657370516,0.0,12.800466748722211,-37.2241568033998,2.3751315022457327,0.0,-18.02363572470238,-37.49777044215941,1.5226403941577953,0.0
57.78496870070565,-14.763172683456606,7.992680412692938,0.0,25.415292826872395,-6.952719946074124,0.8215863208869116,0.0,-6.999947642079074,-4.552112777084043,2.085954099565919,0.0,37.95283022087137,-55.61072298052743,-4.162929486772493,0.0,12.802810269584565,-37.22755270146451,2.3857166788440924,0.0,-18.017780320622165,-37.50448111223173,1.5234867920753512,0.0
57.99109331695581,-15.01624634312098,7.936481867893131,0.0,25.417912088132695,-6.954304270579664,0.8201687432491633,0.0,-6.998083259315576,-4.555514666945503,2.0865604294072693,0.0,38.21506515530338,-55.58557709604798,-4.343118015761359,0.0,12.80407445231956,-37.23067307531647,2.393227271678377,0.0,-18.01159630225507,-37.51068813671348,1.5240458142363913,0.0
58.18349403487139,-15.259796693863189,7.8674630092565545,0.0,25.42096371988768,-6.956677887507107,0.8200051661311543,0.0,-7.004500427307777,-4.557345132038134,2.0904859741965645,0.0,38.47798417572683,-55.54543403835797,-4.511150702274209,0.0,12.804421214748041,-37.23307949575324,2.397059992961001,0.0,-18.005211125234304,-37.51683464606619,1.5244569183442742,0.0
58.36367648435126,-15.493056865583611,7.780577005657074,0.0,25.424290865837722,-6.9596064146894765,0.8212364283100859,0.0,-7.01813869415529,-4.558369445373175,2.0965028967316446,0.0,38.744775155926376,-55.48906669867191,-4.667695731099473,0.0,12.804405608012015,-37.23456889087011,2.397479597163862,0.0,-17.998984007574848,-37.52313080061529,1.52503127129469,0.0
58.533312767394705,-15.716020132589978,7.670002206980813,0.0,25.42761191736868,-6.962608257464119,0.8235624658528371,0.0,-7.036610986824553,-4.559978441307555,2.102875810059963,0.0,39.01666643597801,-55.41570513097166,-4.814689984209901,0.0,12.804699904649722,-37.23513782900712,2.39535151360397,0.0,-17.993410003051807,-37.52953622420167,1.5262384117347843,0.0
58.6940412674718,-15.929640001873922,7.529002458175846,0.0,25.430541433905436,-6.96526043028603,0.826370959695085,0.0,-7.056945418637879,-4.5636547265853125,2.1079071987887623,0.0,39.292918910386085,-55.32539408228659,-4.954923261309034,0.0,12.805771495717792,-37.234881372946646,2.3917905946213125,0.0,-17.98902686561014,-37.53585559338011,1.528538643146085,0.0
58.8462204744954,-16.135378481917915,7.350040305369948,0.0,25.432652429781992,-6.9673874965754035,0.828959362743233,0.0,-7.076453710928462,-4.570327813665348,2.1104857603817475,0.0,39.571389220707836,-55.21897628035986,-5.090890618774033,0.0,12.807667630339978,-37.233900781907984,2.387865721261319,0.0,-17.98635620002997,-37.54188718887132,1.5321461856954048,0.0
58.9875413856466,-16.334434565889715,7.125284921114308,0.0,25.433556439944116,-6.969050580511512,0.8307524072960071,0.0,-7.093392129593495,-4.579960252527288,2.110395914420234,0.0,39.849475831962906,-55.0979622319952,-5.223553500664201,0.0,12.810006922167593,-37.232265631878704,2.3844208442754216,0.0,-17.985838649191123,-37.547547545897096,1.5368543129678098,0.0
59.11251335997558,-16.52715120305688,6.847493643717378,0.0,25.432988598974724,-6.9703874637540135,0.8314555269143931,0.0,-7.10727680531367,-4.591570809985201,2.1082509103115132,0.0,40.12508159654866,-54.964565308277905,-5.351685304446729,0.0,12.812170453692637,-37.230042067904805,2.382002959751926,0.0,-17.98770654838345,-37.55291331358679,1.5420093372092296,0.0
59.21338000452036,-16.712992392327745,6.511109172804101,0.0,25.430895401661488,-6.971445995237394,0.8311058405236729,0.0,-7.118872074715024,-4.603682943519753,2.1051138487378243,0.0,40.397137410752826,-54.82192000947732,-5.472024124837024,0.0,12.813583737393131,-37.22736850232881,2.380859482002343,0.0,-17.991813857481905,-37.55815891628018,1.5466424304690918,0.0
59.282282946139695,-16.891124364816413,6.113422551867052,0.0,25.42750538649024,-6.972145653993534,0.8299856350410861,0.0,-7.129878060788918,-4.614986384648282,2.102025538993834,0.0,40.665464043050314,-54.67429831065895,-5.580053342622387,0.0,12.813942842608082,-37.224533609958385,2.38097034294149,0.0,-17.997529631061635,-37.563419921653946,1.549706646671968,0.0
59.31388915603409,-17.061235933585728,5.6557779466646565,0.0,25.42333489147321,-6.972403784338139,0.8283950383381606,0.0,-7.1423042381960595,-4.624867189844801,2.0996454640238067,0.0,40.93011710075475,-54.52709985279082,-5.671076687146954,0.0,12.813282900523303,-37.22200126029547,2.3820945309206003,0.0,-18.00380233489964,-37.56866341168054,1.5503356603045848,0.0
59.30756184712996,-17.22403022566119,5.144845950353087,0.0,25.419088888921905,-6.972336955793576,0.8263574032105678,0.0,-7.157578102048609,-4.633499634063301,2.09808370987278,0.0,41.190574255530336,-54.38645121120962,-5.74130093774118,0.0,12.811883257303325,-37.22034751184308,2.3838256393737467,0.0,-18.009411286751217,-37.573659085199864,1.5480396758892638,0.0
59.2683957990987,-17.38091599447616,4.593816889221186,0.0,25.41547242442942,-6.972375110077547,0.8234140216990324,0.0,-7.1756261894991376,-4.6414520451544306,2.0969093747604166,0.0,41.4451562303053,-54.25838386185576,-5.788772552581149,0.0,12.810089557930656,-37.220118111948516,2.3856620747419086,0.0,-18.013309088144368,-37.57808986764223,1.5427833616592466,0.0
59.20676566357433,-17.53284367384269,4.023046393826931,0.0,25.412990160660076,-6.97316304884002,0.818681348621797,0.0,-7.194348468151401,-4.649078051204242,2.095313002813464,0.0,41.69095341236636,-54.14775370025981,-5.81404855022639,0.0,12.808159968827393,-37.22165475777143,2.3871007547723657,0.0,-18.01490468674438,-37.581748071476895,1.5349426188637612,0.0
59.13637666427636,-17.67883420114682,3.459478236038299,0.0,25.411826189693592,-6.9752607901079475,0.8112313054597236,0.0,-7.209895158086111,-4.656100260278224,2.0924039785569857,0.0,41.92428487332211,-54.057224119418876,-5.820394901681567,0.0,12.806206632024733,-37.22495443452672,2.3877512448252585,0.0,-18.014170342424965,-37.58470219048746,1.5251832367442368,0.0
59.07125433611673,-17.815136398112315,2.934250450229076,0.0,25.41184546873975,-6.978806517937739,0.8006368328922893,0.0,-7.217859421892916,-4.661652691725988,2.087583672374965,0.0,42.14151849271612,-53.986666639351775,-5.813361389303649,0.0,12.804241201650406,-37.22961504572622,2.3874406592955424,0.0,-18.01154478934357,-37.5873350235284,1.5143172992666205,0.0
59.02256088451821,-17.935732533804227,2.4782942025621946,0.0,25.412684695854765,-6.983362017370579,0.7873578257592273,0.0,-7.215031377028161,-4.664747232368324,2.08086859890272,0.0,42.34004546559102,-53.93322021842646,-5.7998687973733745,0.0,12.802284303887209,-37.234892671101896,2.386258102307364,0.0,-18.007694110554617,-37.59023017990825,1.5031751908900812,0.0
58.996270641086355,-18.03414604917682,2.1165056721979987,0.0,25.413872325104027,-6.988063968288104,0.772709125849599,0.0,-7.200960939245616,-4.664880764408113,2.0729973128313883,0.0,42.5191730248695,-53.89201644767364,-5.787111525781267,0.0,12.80047736326613,-37.23986599635994,2.3844981516766914,0.0,-18.003245045288068,-37.59396182322954,1.4925063083036374,0.0
58.992445126687116,-18.10569522955068,1.8620864360646774,0.0,25.414946993712785,-6.992014865312795,0.7584343822164454,0.0,-7.178496581593233,-4.662456673484794,2.0652016587698547,0.0,42.680608582762076,-53.857311761219876,-5.781461489652779,0.0,12.799137773481275,-37.24367714260268,2.3825132321933395,0.0,-17.99860785905981,-37.59887166735574,1.482904779969358,0.0
59.00621660417188,-18.149045877212714,1.7132508085448155,0.0,25.415573638286848,-6.994707011122678,0.7461547505282953,0.0,-7.152854363350567,-4.658844042455293,2.058683413924383,0.0,42.8283033735539,-53.82361372299143,-5.787459134828275,0.0,12.798719296596248,-37.24579101058495,2.3805477172988727,0.0,-17.993953861761238,-37.604901310236336,1.4747501445630622,0.0
59.02987504817291,-18.166400124805392,1.6539035796935977,0.0,25.41564395074083,-6.996270136189317,0.7369623504308898,0.0,-7.129540123620101,-4.656084625761898,2.0540338548087522,0.0,42.967716118668754,-53.786436893792306,-5.807053245300121,0.0,12.799677855965694,-37.246190184741366,2.3786519728870985,0.0,-17.98932667842398,-37.61152400343837,1.468161704988134,0.0
59.05525081605712,-18.16254960871754,1.6582346213511077,0.0,25.41531547361202,-6.9974289300849755,0.7312530216873858,0.0,-7.112166127793014,-4.656350369129646,2.0509135841695034,0.0,43.10464741359914,-53.7425650627569,-5.839320154007686,0.0,12.802294056468956,-37.24541787227504,2.376728231680662,0.0,-17.984798866134746,-37.617801893840195,1.4629842587613666,0.0
59.07593738639041,-18.143513295635223,1.6975524213391022,0.0,25.41494251354185,-6.999180337374392,0.7287540058136441,0.0,-7.101315642029704,-4.661276172519785,2.0481867572674997,0.0,43.24371218803061,-53.690003395361764,-5.880841504052617,0.0,12.806541213714862,-37.244419227634324,2.3746677310523108,0.0,-17.980579838134673,-37.62257084306115,1.4588298194210747,0.0
59.088923240584464,-18.115244682838807,1.7469542826857989,0.0,25.41490934506225,-7.002328152540166,0.7286875991864727,0.0,-7.094969238663406,-4.671338407970143,2.0444534772986014,0.0,43.38686698059995,-53.6279750554422,-5.926855573980461,0.0,12.812072663658007,-37.24421338313971,2.3724748376360356,0.0,-17.977025998739663,-37.62472480370806,1.4551848316431784,0.0
59.09504122752735,-18.082523758809394,1.7897752819756025,0.0,25.415456913605652,-7.00710040056221,0.7300402661150729,0.0,-7.090089583028919,-4.685515776793887,2.0387174957662104,0.0,43.53291251652489,-53.55720080427967,-5.973134039121041,0.0,12.81833355943312,-37.245519544001766,2.3702929987789076,0.0,-17.974555470152524,-37.623544362258635,1.4515671746136523,0.0
59.09809887306185,-18.0482484000528,1.8188834628295414,0.0,25.416610308911068,-7.013038200160414,0.7318859689872568,0.0,-7.084397387927622,-4.701446829592225,2.0308755657039903,0.0,43.67834196436148,-53.48024491671539,-6.017834498115111,0.0,12.82473342133527,-37.24850219635316,2.3683316019573724,0.0,-17.973506174317166,-37.61898702745779,1.4476906654210122,0.0
59.103180479971165,-18.013468867534513,1.8351845469953485,0.0,25.418231179752038,-7.019185104901833,0.7336520274857534,0.0,-7.077411609016698,-4.71612024097576,2.021810738405213,0.0,43.818698444521395,-53.401271663594535,-6.0619003271261604,0.0,12.83079885672215,-37.25275292619873,2.3667702541756537,0.0,-17.974001271726102,-37.61183173179127,1.4435758625425912,0.0
59.11472583890637,-17.97815536716103,1.8445401682268923,0.0,25.420122473041637,-7.024453201418238,0.735205760415127,0.0,-7.070326739562358,-4.726867255131868,2.0130495984769823,0.0,43.9495960497852,-53.32494981779745,-6.107628945857835,0.0,12.836259936028215,-37.257508112389786,2.365722202131815,0.0,-17.97589207581794,-37.60357198715039,1.4395556942553647,0.0
59.13484139271738,-17.942245409237724,1.8544311513596323,0.0,25.422100839647385,-7.028000921056915,0.7367327888886548,0.0,-7.0649628441367405,-4.732236026048273,2.0061372406137075,0.0,44.06753681425895,-53.255124113436636,-6.156874390814249,0.0,12.841068165726261,-37.2619876682278,2.3652741494231186,0.0,-17.978813354104524,-37.596017093420585,1.4361685177610877,0.0
59.16232036012508,-17.906466875012093,1.8712866629632519,0.0,25.424011654590174,-7.029499639785437,0.7385007594306066,0.0,-7.062507068999275,-4.732363759495874,2.0020152040647634,0.0,44.170781380355116,-53.19394198339024,-6.210221634986986,0.0,12.84536740547365,-37.26570033688453,2.3655521181143264,0.0,-17.98231341658932,-37.5906955765683,1.433981170267307,0.0
59.19288748431481,-17.87264928895397,1.8988420935836174,0.0,25.425713057978925,-7.02921762158568,0.740643661302582,0.0,-7.062781309166873,-4.728727158070026,2.000681692330291,0.0,44.259965494770384,-53.14157879915947,-6.267088542801796,0.0,12.849439970670527,-37.26859979891882,2.366742081701325,0.0,-17.985962344215473,-37.58829223297162,1.4334065796665207,0.0
59.22081673071468,-17.84338579649528,1.9375144661089916,0.0,25.427066041644757,-7.027895351480947,0.7430550243805643,0.0,-7.064339649065348,-4.723467334133312,2.0012662221087005,0.0,44.33810781105511,-53.09637825616365,-6.326125723902544,0.0,12.85364259635709,-37.27104639137562,2.3690129682662437,0.0,-17.989358786389253,-37.58837648179249,1.4345704877276493,0.0
59.241336312801,-17.821061677609194,1.9846616156102712,0.0,25.427954153706118,-7.026444072555789,0.7454171247502153,0.0,-7.065198483082808,-4.718638953643982,2.002447800070451,0.0,44.410039771821445,-53.055214943256466,-6.38553625792364,0.0,12.858341326252233,-37.27359920457261,2.372336825681307,0.0,-17.992051638427597,-37.589558174238945,1.4372549540327082,0.0
59.252699612136055,-17.806632915718815,2.0355640321742534,0.0,25.428325840367542,-7.025561003883677,0.7473435532493813,0.0,-7.063781737530643,-4.715670068855074,2.0030017844703902,0.0,44.481489107187215,-53.01401947693979,-6.443314956081683,0.0,12.863850380891977,-37.27673180220852,2.3762851827379308,0.0,-17.99348018861866,-37.590026934469996,1.4409148088131634,0.0
59.25692979312229,-17.798893926965334,2.0848778496175733,0.0,25.428214362869653,-7.025391712182069,0.7485617237085842,0.0,-7.059714243577105,-4.715154569291263,2.00224219909132,0.0,44.558024524158036,-52.96851574319804,-6.497572791651802,0.0,12.870374117013016,-37.280613465232506,2.379958473771172,0.0,-17.993028348415972,-37.58829762150039,1.4447533352494073,0.0
59.258969780772034,-17.7948736086268,2.128143827744182,0.0,25.427690269010387,-7.025367441266473,0.7490452890839085,0.0,-7.054213000271355,-4.7169520538447856,2.000212644204062,0.0,44.644055834278596,-52.91516697076282,-6.547021820730388,0.0,12.877950121781659,-37.28507395792376,2.382168177553309,0.0,-17.990203728155777,-37.5839225192538,1.4478723163282652,0.0
59.26476776308969,-17.791361046277025,2.162855343331925,0.0,25.426765645173532,-7.024309489761981,0.7490493943099219,0.0,-7.04992073799116,-4.720471744246108,1.9975979244701918,0.0,44.74211703895469,-52.85211963440697,-6.5914772010725,0.0,12.886405650932993,-37.28976163667581,2.3818252309746715,0.0,-17.9848710716762,-37.57792427228607,1.4495232251513812,0.0
59.27918174083724,-17.786785680489913,2.1887605475959226,0.0,25.42534421984245,-7.020827635701357,0.749057223042775,0.0,-7.050145285647043,-4.72497395194727,1.9954237776317747,0.0,44.85263496598935,-52.779739919445284,-6.632087756723676,0.0,12.895362378172283,-37.29438772294904,2.3783444537009437,0.0,-17.977436307863286,-37.57275047226746,1.4494177027362607,0.0
59.304413462995306,-17.7823140190537,2.207449636218886,0.0,25.42331921598042,-7.013929536090176,0.7496759055485285,0.0,-7.057642904753626,-4.729751763784359,1.994662821723713,0.0,44.974256486165764,-52.700373693970135,-6.671073500732698,0.0,12.904331954801375,-37.29890732716032,2.3718762198120835,0.0,-17.96888633134266,-37.57165193606217,1.4479545428620284,0.0
59.33932961784521,-17.78138812176639,2.221573892315746,0.0,25.420841901498136,-7.003613468966693,0.7515302430132547,0.0,-7.0732805695669745,-4.7341507189225105,1.9958678033402126,0.0,45.10461697283461,-52.617310431942336,-6.7110207512165285,0.0,12.912913137483228,-37.30353599323126,2.3632809555072622,0.0,-17.96061820300431,-37.577535379880175,1.4461846813657502,0.0
59.37979669592787,-17.787852345915994,2.234041741054595,0.0,25.418658154152897,-6.991131966055333,0.7551833466442908,0.0,-7.095064581885846,-4.737500686629621,1.9989188549389745,0.0,45.2412720301447,-52.533393841031746,-6.75407525121361,0.0,12.921029234572005,-37.30860672403174,2.353864833073068,0.0,-17.954043435354095,-37.59153306858215,1.4453970435568682,0.0
59.419969877865334,-17.803695525332,2.2473378825145183,0.0,25.418302038165308,-6.978711268066952,0.7610589781662993,0.0,-7.1180352357053325,-4.739105694881642,2.0029308332318916,0.0,45.38248279784961,-52.44994172458426,-6.80143125054004,0.0,12.92907823072997,-37.31437975661728,2.344957474448547,0.0,-17.950064821442183,-37.61174362419359,1.4463613638722155,0.0
59.454146849514004,-17.827665941951544,2.262996617559903,0.0,25.42191753341945,-6.968785707059961,0.7693106915269228,0.0,-7.135299007226821,-4.738403927607054,2.006353587265089,0.0,45.52767079753272,-52.366446656544106,-6.853278399955369,0.0,12.937880440968476,-37.32094410015245,2.3374598729012668,0.0,-17.9486721538059,-37.6327545220089,1.4485014946600767,0.0
59.478473967409926,-17.855474161842515,2.2813305067004634,0.0,25.43161409325938,-6.963078255346973,0.7796322999038434,0.0,-7.140021084904913,-4.735269048101193,2.0073052155935756,0.0,45.67754195064112,-52.28108276886733,-6.909038372334275,0.0,12.94842077274741,-37.32825806682056,2.331530793475414,0.0,-17.94895004907212,-37.64654329550965,1.4495116714864746,0.0
59.49187625839929,-17.881420465386913,2.3015754227022853,0.0,25.448523762144433,-6.961941202430593,0.7910933433388623,0.0,-7.127750755876979,-4.730266079222291,2.0041472400598987,0.0,45.83397684290825,-52.19165000415629,-6.96757401993986,0.0,12.961515160166275,-37.33625128925297,2.3265600957077126,0.0,-17.94962075836068,-37.6450630287205,1.4459810889176072,0.0
59.4961003204655,-17.900628491337088,2.3224634700845144,0.0,25.471957403406183,-6.964236908070363,0.8021238719713333,0.0,-7.098247544569998,-4.724630211949707,1.9961910113810344,0.0,45.99974845457588,-52.0964663310209,-7.027187141459769,0.0,12.977575074433823,-37.34487890168677,2.3214566930830856,0.0,-17.949934786272685,-37.624212645058925,1.4352845595636694,0.0
59.49516808290247,-17.91087913137825,2.3429643862769183,0.0,25.499078111526877,-6.96779536283209,0.8107339973948813,0.0,-7.056071538689441,-4.719868686300684,1.9842520965472943,0.0,46.17804410377158,-51.994873542446015,-7.08548496563694,0.0,12.996571101133881,-37.3540893042812,2.3151176859364178,0.0,-17.950475988312643,-37.58810877632011,1.4183474453862566,0.0
59.49446809991045,-17.913266118936704,2.3628140627528076,0.0,25.52531339422336,-6.970249604050418,0.8149764976677298,0.0,-7.009526458336945,-4.717139383822179,1.9706775836319839,0.0,46.37176008732339,-51.88727994509687,-7.139366615115217,0.0,13.018166332831477,-37.36375166142683,2.30686112037875,0.0,-17.95338799160691,-37.55195907078681,1.4022021238918612,0.0
59.49949538054139,-17.911435384454194,2.3825901969272536,0.0,25.54546182994308,-6.969900064515183,0.8135727388688023,0.0,-6.96808562659309,-4.716772925587,1.9586116093242971,0.0,46.582649361966766,-51.77484312204751,-7.185367275639331,0.0,13.041891330414503,-37.373627345844504,2.2966467794262613,0.0,-17.96164655250073,-37.54178523522286,1.4009683926801628,0.0
59.514363857159765,-17.909847079751884,2.403360768777876,0.0,25.555218437168257,-6.966254698214042,0.8065135731489326,0.0,-6.939127286601368,-4.718278346627166,1.9506529825027457,0.0,46.810553528956184,-51.65894466061754,-7.220419464710651,0.0,13.067236595104493,-37.383447034543025,2.285026294929299,0.0,-17.977294437327252,-37.58995566418252,1.4342565350807277,0.0
59.54055336013776,-17.911934254895826,2.4261305740709886,0.0,25.55265188073049,-6.960050995148908,0.7953590810537401,0.0,-6.925321992633702,-4.720860387020281,1.9474807674804175,0.0,47.05302007939004,-51.54058542808896,-7.242811759591879,0.0,13.09365227290969,-37.39307415112829,2.2728785572660772,0.0,-17.99906735243211,-37.726853454608545,1.5228159607623617,0.0
59.57644150671136,-17.918917697616664,2.4513598918501867,0.0,25.53907222499564,-6.952813753531718,0.7830044214325929,0.0,-6.923900761374861,-4.724127269137945,1.9471690573289617,0.0,47.30555029070395,-51.419800864483115,-7.252904386322158,0.0,13.120569908090143,-37.40264342097871,2.2610548214220927,0.0,-18.020473751136798,-37.970669429848755,1.6821428406466108,0.0
59.617838485797634,-17.929529147708344,2.478741866436282,0.0,25.518863964790672,-6.946201076876667,0.7729065680795797,0.0,-6.928184221810712,-4.728580552186905,1.9456433963515423,0.0,47.56255850050747,-51.29517781477393,-7.253192553671676,0.0,13.14756003393415,-37.41254328847735,2.2500728365370293,0.0,-18.029726429188077,-38.318735273618536,1.9156007474244667,0.0
59.65927635535142,-17.940475445234373,2.507275190726805,0.0,25.498250822393207,-6.941433890673746,0.7680672382812492,0.0,-6.930616277493328,-4.735639817160539,1.9381859136750261,0.0,47.81885504235676,-51.16354961322065,-7.247607270510352,0.0,13.174578101404574,-37.423186571385806,2.239973264500099,0.0,-18.012367169690524,-38.744269084879704,2.209484117755995,0.0
59.69553074290067,-17.947397010445215,2.53555263392386,0.0,25.483416471165235,-6.938985710542481,0.7702232507078266,0.0,-6.925827960166697,-4.7471478862856955,1.9213768324447607,0.0,48.071159045852916,-51.019965008197346,-7.240307023439215,0.0,13.20206323671477,-37.43462228142919,2.23039513087215,0.0,-17.955807093205017,-39.201068968860525,2.5329016411089746,0.0
59.722861180167186,-17.94614720208721,2.5621572594872877,0.0,25.478670220118822,-6.93853547928186,0.7795724192815605,0.0,-6.912389036034124,-4.76446603661868,1.8946476240862093,0.0,48.31901337713359,-50.858050628508494,-7.234422890218312,0.0,13.230649786821186,-37.446124644358854,2.2208398631085515,0.0,-17.853304048638392,-39.635413954218286,2.844213455550504,0.0
59.73969382342095,-17.934166678280867,2.5860879171668376,0.0,25.485303149163954,-6.939092967100487,0.7950472921528124,0.0,-6.892710447551729,-4.787466763093985,1.8607978104512384,0.0,48.564689538451425,-50.670858871386784,-7.231197770287067,0.0,13.260516638573295,-37.45594908890378,2.210990978406766,0.0,-17.70490833813586,-40.00082846270053,3.1026743028744743,0.0
59.74677978636837,-17.911544330063958,2.607155701326395,0.0,25.501487559503335,-6.939225891743934,0.8148731075197819,0.0,-6.871469096745208,-4.81389609774007,1.8252615909409915,0.0,48.812134417946844,-50.452170075354495,-7.229767869625789,0.0,13.290752425126977,-37.461460640813264,2.2009008620459767,0.0,-17.515146944998314,-40.270040122207796,3.2807679434064703,0.0
59.746991420684196,-17.881269602791686,2.6262673078945458,0.0,25.523163785540294,-6.937358141333368,0.837085128210278,0.0,-6.853461752643075,-4.839529990388449,1.7944107959061828,0.0,49.065422995848046,-50.198014377722,-7.227585207315554,0.0,13.319233498114343,-37.459767581578696,2.190917533696787,0.0,-17.289624507818615,-40.44022087114606,3.371997723436957,0.0
59.74478628845469,-17.848380750758558,2.6454586432328906,0.0,25.545494673935988,-6.932089509258605,0.859829941331987,0.0,-6.841808881541441,-4.85921613390361,1.7735684210606628,0.0,49.32733359125269,-49.9079768935246,-7.221267975575227,0.0,13.343247793340213,-37.44879345935546,2.181383359011912,0.0,-17.03287873111978,-40.53064299196476,3.3910856802921234,0.0
59.74522459950869,-17.818177055780474,2.6675261197781452,0.0,25.564315249938094,-6.9224478143976835,0.8814843729998767,0.0,-6.837060278021809,-4.868424280169947,1.7655013952135281,0.0,49.598543363592626,-49.58577941210093,-7.207541669216203,0.0,13.360622771247645,-37.42843409696982,2.1722771120210354,0.0,-16.747948512021182,-40.57430689352985,3.3669932961581086,0.0
59.75256528425075,-17.794173851682547,2.695219145462538,0.0,25.57712188537064,-6.908006648055636,0.9007281936756373,0.0,-6.837302577518601,-4.8646365788595,1.769892383160542,0.0,49.87764245668504,-49.238801644402336,-7.183927758045932,0.0,13.370765621326756,-37.40122365911637,2.1630018395693362,0.0,-16.436523199807656,-40.60658835553899,3.3320447979738255,0.0
59.76886328217317,-17.776751446884674,2.730240495539478,0.0,25.583416929185717,-6.888880893539392,0.9166553820531949,0.0,-6.839069042286956,-4.848020571050624,1.7838260438286042,0.0,50.16182736619806,-48.87659878791022,-7.148974285079208,0.0,13.37504334874616,-37.37199466972771,2.1524553885047037,0.0,-16.09872851074611,-40.65465248461148,3.3115280007539667,0.0
59.79328305680562,-17.76323695052085,2.772557632843096,0.0,25.584477942374555,-6.865662037397183,0.9288939197041879,0.0,-6.8387090187886175,-4.82124634467637,1.8029409690420408,0.0,50.44790838231959,-48.508892198487274,-7.10206053409294,0.0,13.376308778406653,-37.34647171184528,2.139397328537253,0.0,-15.732781741605985,-40.730925180097074,3.317247870998324,0.0
59.82264471916956,-17.749445003111965,2.8204326486649745,0.0,25.58276401119044,-6.839332502352455,0.9376460238088793,0.0,-6.833781961545271,-4.788707947856212,1.8227368220307358,0.0,50.733217124271846,-48.14370633050637,-7.043002866241011,0.0,13.377854381393183,-37.32936172429476,2.1229733055230593,0.0,-15.335284665575667,-40.83218826721332,3.3464847749837325,0.0
59.85302907424938,-17.731887205929368,2.871121477464362,0.0,25.581197290448074,-6.811150830965543,0.943597619753727,0.0,-6.823990171850592,-4.755543192943765,1.83957899374181,0.0,51.01611233453626,-47.78622398128294,-6.971743075855365,0.0,13.382325776921968,-37.32282055482008,2.1031494301275107,0.0,-14.872789087764724,-40.92881340023332,3.3980646927977602,0.0
59.88158361768895,-17.709510757413074,2.921791588901609,0.0,25.58249120867068,-6.782487991996062,0.947721839900268,0.0,-6.811256214884314,-4.726722161716143,1.8511656601748623,0.0,51.296003619204264,-47.43863413527788,-6.888318353317848,0.0,13.391034276520227,-37.325939734106555,2.080831823868925,0.0,-14.373967446560169,-41.01761760075325,3.4503861017328337,0.0
59.90754356828004,-17.684149546719937,2.970198740051778,0.0,25.588600374374952,-6.75462240685275,0.9510399676987316,0.0,-6.798849696957598,-4.706273550978322,1.8565147600502456,0.0,51.57303400950315,-47.10085959143477,-6.7931099966614585,0.0,13.403832877942829,-37.3353462507065,2.0575924332359783,0.0,-13.84497459941247,-41.08381851965709,3.4810575654469087,0.0
59.931981276756275,-17.659567852125765,3.0149465664819104,0.0,25.600331068444188,-6.728535068855738,0.9543924264829489,0.0,-6.789890099096772,-4.696624432711808,1.855715793731525,0.0,51.84765718249782,-46.77169536383839,-6.687135666852728,0.0,13.419479166092401,-37.34653925906863,2.035104559259418,0.0,-13.282638422505155,-41.11421139990165,3.4856782080422057,0.0
59.956528909393306,-17.639613280563538,3.055414146362601,0.0,25.61720078545393,-6.704761068737675,0.9582651367304598,0.0,-6.785888346654591,-4.698098088489729,1.84967121208334,0.0,52.12028436755479,-46.44975119102372,-6.572097196203607,0.0,13.436276473827618,-37.355385515384256,2.014526354031158,0.0,-12.688907499934828,-41.10526593404889,3.4694996975495975,0.0
59.9818298882843,-17.6263321249708,3.091507334074011,0.0,25.63766610832122,-6.683339509375658,0.962732442293861,0.0,-6.786030039217659,-4.708750431225074,1.8399030732727581,0.0,52.39105281743188,-46.13377334068985,-6.450124712716171,0.0,13.452738211458756,-37.359235600843334,1.996095811886745,0.0,-12.06835501407268,-41.06076392549203,3.4452534058780344,0.0
60.006553242160614,-17.61889302106365,3.123345068792153,0.0,25.659717531537098,-6.663858795681167,0.9675595386801827,0.0,-6.787574854617981,-4.724761968972841,1.8283726804425466,0.0,52.65969449225635,-45.82229894833081,-6.323463783422326,0.0,13.46804781432004,-37.357334585543164,1.9790930429394056,0.0,-11.427337719315384,-40.9888022734632,3.4280656678517243,0.0
60.02750876717814,-17.613826363730865,3.15098980020937,0.0,25.681602509080975,-6.645540620749713,0.9724201195612929,0.0,-6.787180108274581,-4.741426426994039,1.8172264646758691,0.0,52.92548001235724,-45.5129387809393,-6.194413792318386,0.0,13.482185312142859,-37.35051164284498,1.9621456164060636,0.0,-10.772777227606902,-40.89839901797872,3.430049311468622,0.0
60.04089539222849,-17.60648589951705,3.174380645966611,0.0,25.70230893603701,-6.627304912979545,0.9770940026395838,0.0,-6.782445017304418,-4.754456306536628,1.8084223376176958,0.0,53.187229063266834,-45.201733402322056,-6.065570354022748,0.0,13.495725881046859,-37.340431642689204,1.9437203207138634,0.0,-10.110574158712211,-40.7966632099412,3.456520013745939,0.0
60.04416709767074,-17.593029163418183,3.193570943488906,0.0,25.721590059833296,-6.607841589547036,0.9815125652411787,0.0,-6.772829068312054,-4.7611049741276545,1.803266729325248,0.0,53.44339195513678,-44.88296224880878,-5.940106171698238,0.0,13.509433774488283,-37.328834760873015,1.922624393228494,0.0,-9.444245873985079,-40.687177768144736,3.5048509050797154,0.0
60.03762599477241,-17.571982951374757,3.2091285781206906,0.0,25.73963059399629,-6.585782825997814,0.9856440070775188,0.0,-6.759466077574709,-4.760682482228635,1.801983353471062,0.0,53.692221843796524,-44.54959913301621,-5.821734109620005,0.0,13.52383930041137,-37.317093176427825,1.8983808772397808,0.0,-8.774464953643793,-40.56977900317909,3.5659549017982854,0.0
60.02488588983484,-17.544764549690388,3.222319902239951,0.0,25.756665628492968,-6.560003065896319,0.9893629745700405,0.0,-6.744110587096372,-4.754360152196005,1.8035237900495371,0.0,53.93203965183781,-44.19441894910233,-5.714180987618512,0.0,13.538977893228573,-37.306141051717404,1.8713777402068814,0.0,-8.099777472915143,-40.44153920990207,3.6276145899993235,0.0
60.011870272215404,-17.51509216813022,3.23476882485806,0.0,25.77281842876277,-6.52995815236628,0.9924723529596635,0.0,-6.728046150781452,-4.744477530596937,1.8058487517709203,0.0,54.161517805820644,-43.81161617126139,-5.620291460282585,0.0,13.554388265028145,-37.296579308256554,1.8427370592916965,0.0,-7.418171977063355,-40.29852255014631,3.678464595325817,0.0
60.004817576049376,-17.48766797821837,3.2476937911264656,0.0,25.788203811634972,-6.495968989637172,0.9949040497239885,0.0,-6.711742040503528,-4.733691509554973,1.8067425206407322,0.0,54.37984383853528,-43.398686157782635,-5.541102219008804,0.0,13.569341271158185,-37.288697319795304,1.8139505782253842,0.0,-6.728768274255527,-40.13772401857772,3.711340150222414,0.0
60.00836675697883,-17.466713173791895,3.2612237590059845,0.0,25.803133480330064,-6.459421201931343,0.9969720506212489,0.0,-6.695327966481211,-4.724226233563522,1.8048729943458408,0.0,54.586658538244585,-42.95822676301339,-5.475292343060177,0.0,13.58316339341322,-37.28229817389529,1.786434143545387,0.0,-6.032922035044015,-39.9585102569153,3.7249486211223104,0.0
60.02464454905915,-17.454858003312022,3.2742973111960705,0.0,25.81819094354874,-6.422847546866662,0.9995252711352194,0.0,-6.679231072033175,-4.717337008021666,1.8005351274660129,0.0,54.781770921383334,-42.499229148689466,-5.4192908226447365,0.0,13.595489014694717,-37.27641837136176,1.7611737886843812,0.0,-5.3343922696232084,-39.76299061249101,3.7234329962854495,0.0
60.05342016030119,-17.452593970052067,3.2852497521756074,0.0,25.834045693433154,-6.389761398922645,1.0039274919561194,0.0,-6.6643113976180475,-4.713039844780058,1.7956289250086908,0.0,54.96475767029316,-42.03737863378779,-5.368049996703549,0.0,13.60633912754098,-37.26915794395705,1.7385589094786535,0.0,-4.638630910476288,-39.55517459462173,3.7142359615562466,0.0
60.092646697883595,-17.458213595654982,3.292730489116499,0.0,25.851081962046585,-6.364008627959471,1.0118727487550423,0.0,-6.651467475812208,-4.710174338576259,1.7928902513276785,0.0,55.13463459323307,-41.59394997202171,-5.316238576049907,0.0,13.616034079422064,-37.25784195444379,1.718395375410811,0.0,-3.9515260114934962,-39.33937745760355,3.705343025270164,0.0
60.13876777782988,-17.468125070773045,3.2963999920379763,0.0,25.869093842567715,-6.348501458372475,1.0250463095648197,0.0,-6.641210824548428,-4.706843627450054,1.7948156172133025,0.0,55.289819821471525,-41.19308528616402,-5.259506391133581,0.0,13.62502615100672,-37.23963471046207,1.7000280642247834,0.0,-3.2780149727749524,-39.11872437237247,3.7030820082814593,0.0
60.1868331175073,-17.477580191558353,3.2970211756307677,0.0,25.88730343237102,-6.343795868342874,1.0445729457657364,0.0,-6.633622652524239,-4.701155417896928,1.8027901278137843,0.0,55.4285330332721,-40.857608233298556,-5.195478989926658,0.0,13.63373606812542,-37.21254672692465,1.6825007231821214,0.0,-2.6209523487874704,-38.89447843275332,3.7111474284332786,0.0
60.23097795729312,-17.481905064074564,3.2959499784475508,0.0,25.90475223864029,-6.3475991397105425,1.0703094388544194,0.0,-6.628638740944892,-4.692027123378761,1.8167095621560136,0.0,55.54958082464163,-40.604104562944386,-5.1241638903086475,0.0,13.642424377609409,-37.17655131366128,1.6647232828699252,0.0,-1.9805589735893339,-38.66638939180039,3.7307827230209725,0.0
60.26565317289057,-17.478046351228183,3.294404345379709,0.0,25.920866710349912,-6.3556594128226935,1.100423562979893,0.0,-6.626306117305414,-4.679720954601622,1.8351267642484999,0.0,55.65325828956448,-40.43865554604762,-5.04755524441874,0.0,13.65109734934413,-37.134347108965436,1.6456472608098753,0.0,-1.354716943986602,-38.433736661792146,3.7615379277489094,0.0
60.28729723985029,-17.465787306648348,3.293002148568865,0.0,25.935906881644573,-6.363290719004129,1.1317228764916045,0.0,-6.626744295325153,-4.665840075839817,1.8557770445912247,0.0,55.741981782547164,-40.35487593577084,-4.968518679148138,0.0,13.659465657973872,-37.09128949165837,1.6244363817937888,0.0,-0.7402469348087792,-38.19654567684112,3.8019169902958456,0.0
60.29557988464999,-17.44785825614815,3.2917966492604886,0.0,25.95106032000961,-6.366688672896906,1.1606498749409955,0.0,-6.6298190839237146,-4.652745427565347,1.8762476469726366,0.0,55.82031994728435,-40.33532762708502,-4.889428285560491,0.0,13.666998122551028,-37.05425746093383,1.600599134245817,0.0,-0.13504408403380408,-37.95659719079554,3.849493085547808,0.0
60.2934369039513,-17.428687993987563,3.2906033154600838,0.0,25.968064595876,-6.363687376011105,1.1844105979734714,0.0,-6.634738122231388,-4.642617767603257,1.8945407298426087,0.0,55.89428437613342,-40.35607622824905,-4.811220338640984,0.0,13.673096675831651,-37.02967113484515,1.5740699825206192,0.0,0.4594259294147005,-37.718083702106625,3.9005422977273696,0.0
60.285782464688346,-17.412378106276837,3.289215024616656,0.0,25.988432794076594,-6.353896380187259,1.2017047233920195,0.0,-6.639850710536953,-4.63656387990083,1.9093487671341531,0.0,55.970024963681894,-40.39282633724535,-4.733319353006081,0.0,13.677365618766315,-37.02132294213269,1.545265755113741,0.0,1.0361321651057138,-37.487843855554345,3.949664551861794,0.0
60.277540632083394,-17.400952779959187,3.2873191169133094,0.0,26.012594859930925,-6.338342194765155,1.2128277864129373,0.0,-6.642889075829672,-4.634177810903086,1.9200113827908325,0.0,56.052351623998604,-40.426433778723904,-4.654399752462556,0.0,13.679881214960178,-37.028900340536445,1.5151221618591855,0.0,1.581983440088055,-37.27498142323435,3.989967220039592,0.0
60.27196809133376,-17.39370924231961,3.284272547561603,0.0,26.039416415397554,-6.318891110757446,1.2192515426698147,0.0,-6.641666122260471,-4.6337631508545964,1.9262885846527862,0.0,56.143596685144004,-40.44597908870984,-4.573518180762939,0.0,13.681314147126178,-37.047920916381614,1.4850176076428205,0.0,2.0795169354631295,-37.08957891483202,4.014135023302888,0.0
60.269946979548685,-17.38782271611834,3.2789934066118622,0.0,26.066436174941515,-6.29772561291122,1.2229614846777785,0.0,-6.634916311517843,-4.633072193381003,1.9281632947659357,0.0,56.2431394264691,-40.44879414002951,-4.491042118900852,0.0,13.682774974160536,-37.071255132564204,1.45648025399138,0.0,2.510644591331781,-36.9404531101469,4.016259417311744,0.0
60.27030024911003,-17.379761884004573,3.270081629623858,0.0,26.09075476335098,-6.276981199522814,1.2258211934795735,0.0,-6.622802480837226,-4.630165652033658,1.9258235796870409,0.0,56.34759548175031,-40.438160281327164,-4.408986011292837,0.0,13.685382906851418,-37.09164604847719,1.4307646308780786,0.0,2.8613385979171664,-36.83250422387183,3.9938287948304545,0.0
60.27071890278997,-17.366855614230484,3.256126611394926,0.0,26.1100959192092,-6.2584802380166265,1.22913428740552,0.0,-6.606775434276415,-4.624012139392755,1.9198186563863633,0.0,56.451502344341854,-40.42008947637679,-4.3306548070646045,0.0,13.689732921471315,-37.10407971906137,1.4085578036853637,0.0,3.1255365669295925,-36.764773505213235,3.9489712190979223,0.0
60.26881514399954,-17.34845809279959,3.2361045388492915,0.0,26.123510311616222,-6.243476254971134,1.2334628025401528,0.0,-6.588848994147607,-4.6146573357823915,1.9112347438353137,0.0,56.54836801961103,-40.40047477926513,-4.259743324062395,0.0,13.695524407629136,-37.106960536355345,1.3899707204226956,0.0,3.3067837944472322,-36.730279615516245,3.8881592462444683,0.0
60.26297348019735,-17.326370238108428,3.2097541045893028,0.0,26.131514894044063,-6.232436187883292,1.2386713976361161,0.0,-6.5707111119197945,-4.603021201110336,1.9016899891152317,0.0,56.63199967518664,-40.38334245751793,-4.199220012242485,0.0,13.701558447825915,-37.101772421710464,1.3747066273748718,0.0,3.417130319362716,-36.71789562127792,3.8202495244097463,0.0
60.25281812092738,-17.304373050942356,3.17781585484817,0.0,26.13580362220911,-6.224989671977834,1.244121901789967,0.0,-6.5532169188658305,-4.590503574440254,1.8930376672191631,0.0,56.697920799249886,-40.37037229125146,-4.150419226716435,0.0,13.706154828379248,-37.091717568602725,1.3621916209558371,0.0,3.4739703160853694,-36.71547205009618,3.7535903223723395,0.0
60.239203902652555,-17.286959491260262,3.1420554679422406,0.0,26.1387657220966,-6.220145538397989,1.2489366202067007,0.0,-6.536564316042394,-4.578565524219798,1.886846490734822,0.0,56.74449163993542,-40.36141794732472,-4.112718972257165,0.0,13.707860300817368,-37.08020085861283,1.351585867750826,0.0,3.4961796233127718,-36.71286686975422,3.6933819182164456,0.0
60.2238078551765,-17.27769987463222,3.105053542755279,0.0,26.142964639508644,-6.216736115689276,1.2522461477091742,0.0,-6.520937305737765,-4.568371242821699,1.8838882005594328,0.0,56.773305048298745,-40.35548600504794,-4.083956421185556,0.0,13.706176667095967,-37.06985649911854,1.3417779549796869,0.0,3.500819567489591,-36.70380644532008,3.640255842603896,0.0
60.20865612450504,-17.278012167158217,3.069799330215453,0.0,26.150628278948606,-6.213912141854612,1.253336423366477,0.0,-6.507004168275174,-4.560521780917834,1.8839012015460277,0.0,56.78866241460229,-40.351593465358214,-4.0613870221911395,0.0,13.70197911312194,-37.062311200819806,1.3315135529791196,0.0,3.5010885394198548,-36.68622379247202,3.5904269619387623,0.0
60.1959471431575,-17.28701596720877,3.039173712835753,0.0,26.16315783760488,-6.211470323816543,1.2516634852218953,0.0,-6.495758356175435,-4.5549222426749365,1.885778810274191,0.0,56.79631151710202,-40.349146300146565,-4.042695105247143,0.0,13.69736710094157,-37.0583915000653,1.319712856581754,0.0,3.5055693781797426,-36.66137053523831,3.537191477432902,0.0
60.18810852492166,-17.30243255377219,3.0154509959953124,0.0,26.18069993417754,-6.2098624770347755,1.2468213822008298,0.0,-6.487750236527107,-4.550834877226264,1.8881085299955949,0.0,56.80190900037065,-40.34783784316199,-4.026531683367944,0.0,13.694916279560655,-37.05831218450887,1.3058845098311611,0.0,3.5184490005708255,-36.63231379471902,3.4731953109995732,0.0
60.1876104782251,-17.32173329008639,2.9999420363282017,0.0,26.201923724530616,-6.209870161424203,1.2386183380189433,0.0,-6.482287898417774,-4.5471124825153515,1.8897920195179818,0.0,56.80972559982823,-40.347337170062595,-4.012364796369537,0.0,13.696629970115465,-37.06160776410305,1.2904310690335912,0.0,3.540325948075532,-36.602441848852415,3.3927756130160738,0.0
60.196287941369974,-17.34273414281752,2.992808776323928,0.0,26.22420157916405,-6.212083435916956,1.2273227520633352,0.0,-6.477244323947395,-4.542523230582802,1.8904393619268962,0.0,56.821961663182,-40.34707979827265,-3.99987842089328,0.0,13.703132068065457,-37.066971278461104,1.274620223605858,0.0,3.569324006967979,-36.57444009324047,3.2937407083422556,0.0
60.214527418326504,-17.363492577096803,2.993001473657271,0.0,26.244291518799525,-6.216421666676084,1.2139410193166658,0.0,-6.469719014706001,-4.536064054636685,1.8903884399357622,0.0,56.8387723754325,-40.346317854887516,-3.9884118810105402,0.0,13.71355121510262,-37.07237288415155,1.2601168820108057,0.0,3.6023126755148174,-36.549940204735414,3.1781671366875983,0.0
60.24081897373063,-17.381876907953163,2.998334596808027,0.0,26.259361710847113,-6.221915339751744,1.200282121554519,0.0,-6.457290205574267,-4.527204613873371,1.890420481434095,0.0,56.85884251054034,-40.34438666197399,-3.9768329356604912,0.0,13.726112038394573,-37.07564275489559,1.2482190205394215,0.0,3.6360365805741024,-36.529745196086196,3.0520814205892144,0.0
60.27180828742487,-17.395212496880667,3.005832597898701,0.0,26.267948792890028,-6.2268579027124185,1.1886581118417734,0.0,-6.439242906572718,-4.516023309685232,1.8913515731900734,0.0,56.880215668942334,-40.341022436911985,-3.9639015672314315,0.0,13.739019195451842,-37.075294987931954,1.2391642912153813,0.0,3.6679498696386026,-36.51430565545979,2.924162736787162,0.0
60.302772844249546,-17.400301099230955,3.012414082048565,0.0,26.27041448881709,-6.229313893623842,1.1812734037028054,0.0,-6.41711539485344,-4.5031825004813975,1.89364115873666,0.0,56.90108861004248,-40.33654406887301,-3.9488458528714823,0.0,13.751124114821799,-37.07111941182133,1.2318813738086831,0.0,3.6966234635103215,-36.50408660971707,2.8038189995311686,0.0
60.328550597021085,-17.39404457822196,3.0157516945828355,0.0,26.268711093668298,-6.2278606122478894,1.1795219610081826,0.0,-6.39419403000085,-4.489716579620005,1.8970854312665324,0.0,56.92035725392268,-40.33177075748327,-3.931741204806439,0.0,13.762080872178421,-37.06418563241649,1.2243232222126537,0.0,3.721735346061151,-36.499611405447084,2.699161196569655,0.0
60.344918453471145,-17.374680909036574,3.0149891559365383,0.0,26.26561866013561,-6.222317585155754,1.1834721944316975,0.0,-6.374077807371555,-4.476701375391035,1.9006527768529793,0.0,56.93779957345813,-40.32767517029233,-3.913441350240415,0.0,13.772006596031014,-37.056270213017264,1.2142186829581352,0.0,3.743786571030606,-36.50118168509291,2.6154631041868903,0.0
60.350093029295834,-17.34319439181139,3.011026336902207,0.0,26.263843266907124,-6.2141101622327035,1.1917579332514876,0.0,-6.358905686528409,-4.464951401387145,1.9025466050100448,0.0,56.9539018108862,-40.32492539177654,-3.8951367028633896,0.0,13.780910342534902,-37.0490404980662,1.1999076159274882,0.0,3.7637394016126997,-36.50845191370684,2.5545391602998553,0.0
60.34574872171565,-17.304102871234146,3.0062080139270506,0.0,26.265350781071028,-6.2059655993920035,1.2019364805848625,0.0,-6.348080479957763,-4.4548605665843635,1.900572526336619,0.0,56.96945644857753,-40.32354928269271,-3.8778470370690528,0.0,13.788265999991008,-37.043407827462744,1.1809296767273239,0.0,3.7827284454531163,-36.520135049267644,2.515127581358909,0.0
60.33701647772829,-17.264916499823734,3.0034340183472548,0.0,26.271115363924014,-6.200939488097608,1.2112111953752507,0.0,-6.3382016127824325,-4.446392649925878,1.8928010619644038,0.0,56.98512977651489,-40.32289481575647,-3.862115661263541,0.0,13.793031237355388,-37.039320050934066,1.1581605854475985,0.0,3.80187609524578,-36.53409593124135,2.494015223567775,0.0
60.33129267427185,-17.234146287957756,3.0049780468353955,0.0,26.281251820019094,-6.201149860480578,1.2173011550916435,0.0,-6.324409744609353,-4.439154643490801,1.878359066570166,0.0,57.001192904148525,-40.32190564955526,-3.8479670197483156,0.0,13.794177365794715,-37.03602862253055,1.1334709858475982,0.0,3.8221254649343823,-36.547935968978486,2.487459064547455,0.0
60.33612727047847,-17.218507305115875,3.0115278318286283,0.0,26.295383844425757,-6.20677749838613,1.2191590905141325,0.0,-6.302609061602055,-4.432497527549667,1.8580184596411389,0.0,57.0175495491752,-40.31958678233061,-3.8350492456954974,0.0,13.791493400322825,-37.03263619940867,1.1090605710856085,0.0,3.8439802884842686,-36.55993422523026,2.492461759393759,0.0
60.356835811471875,-17.220505966736344,3.0219035148782805,0.0,26.31305295928727,-6.215778156539712,1.2172363612240549,0.0,-6.271478975574823,-4.425626540878037,1.83422218633606,0.0,57.034079288217946,-40.315460924103,-3.822870388827395,0.0,13.786202701406834,-37.02859504195118,1.0867153012268407,0.0,3.8671461795896906,-36.56999274630136,2.50755546481842,0.0
60.394735563981705,-17.237600764671036,3.033579049432822,0.0,26.33394825771275,-6.224464566700147,1.2131576587652138,0.0,-6.233262493791754,-4.417722324466634,1.8104231559518649,0.0,57.051148596091785,-40.30981670520148,-3.8110464887299482,0.0,13.780937284068534,-37.02389410684808,1.0672313036500505,0.0,3.8902499982284837,-36.580153805331385,2.532900627010953,0.0
60.44684498626486,-17.263445916349962,3.043783713366885,0.0,26.357772322513746,-6.2288224091955415,1.208934751486785,0.0,-6.193041092690919,-4.40810407518556,1.7900416283349632,0.0,57.069990420946795,-40.30362338891206,-3.7994500783088725,0.0,13.778920918463495,-37.018938159057676,1.0502089884506276,0.0,3.910972248243115,-36.594361804332934,2.5697368588719147,0.0
60.507264736110955,-17.290635581013852,3.0507480918804273,0.0,26.383732574880348,-6.226205207112272,1.2060351875937627,0.0,-6.157020710467659,-4.3964872750242705,1.775642738653458,0.0,57.092641380980645,-40.29813201020504,-3.7881552252378263,0.0,13.782673466983635,-37.01437036436776,1.034342286502131,0.0,3.9269363686694776,-36.61737570858027,2.619467745524503,0.0
60.56951675317494,-17.313548849386404,3.0545560700850487,0.0,26.409951099011927,-6.216862995809935,1.2046601874120597,0.0,-6.13070100742371,-4.383288179088815,1.7687938801957301,0.0,57.121327633050115,-40.29434904181589,-3.7772132997385466,0.0,13.79287519316427,-37.011063519574755,1.0181333244710888,0.0,3.9374450205489273,-36.65301228185294,2.6827629357897074,0.0
60.62861768525391,-17.32994746740882,3.057149987318674,0.0,26.433328721287634,-6.204593867982491,1.2035296973540621,0.0,-6.117649524681788,-4.369723432793623,1.7705605350537876,0.0,57.15751483063905,-40.29264921802734,-3.766476922534874,0.0,13.808008686797043,-37.0101996521938,1.000709481363753,0.0,3.9456345370950405,-36.702182430153144,2.7589629138540346,0.0
60.682046220393445,-17.340828057080657,3.06143523149648,0.0,26.45029625608882,-6.1959036810626635,1.2003276928627429,0.0,-6.119155945751507,-4.357440261231051,1.7821433838491014,0.0,57.20106600680757,-40.29271436446078,-3.755685709324542,0.0,13.825027506294862,-37.01309959235453,0.9823174374560928,0.0,3.960046721687186,-36.76141719933863,2.8459136208667584,0.0
60.72959877144412,-17.34902910600447,3.0699615621731677,0.0,26.45836430801009,-6.197661081620344,1.1927009811628917,0.0,-6.1345267183321575,-4.347702465358191,1.8050904891368678,0.0,57.24992042011672,-40.29378624551339,-3.7447707370644725,0.0,13.84075904810762,-37.02058950558367,0.9642349556741152,0.0,3.994386742282308,-36.822587071630025,2.9402963424695354,0.0
60.77265938696388,-17.35760947903424,3.083908156750704,0.0,26.45775682680681,-6.2141200356471495,1.1794021092515674,0.0,-6.161594572183816,-4.340398247628977,1.8408741657686942,0.0,57.30044917207975,-40.29504177488462,-3.7340861492452007,0.0,13.853303228190398,-37.03213813465358,0.9481608724302344,0.0,4.064702024402626,-36.87412171079291,3.038499555375024,0.0
60.81336982010642,-17.36882083020636,3.1028489798920056,0.0,26.452147922711305,-6.2447364189791505,1.1610073863309687,0.0,-6.198212960226334,-4.332466063726981,1.8906275776251231,0.0,57.34834831450397,-40.29586895536055,-3.7243385161354094,0.0,13.862642534652059,-37.04533577117753,0.9353944981721458,0.0,4.184389727554758,-36.903349138443254,3.137888754416114,0.0
60.85387607165935,-17.383828141018817,3.1252065477784985,0.0,26.44786873662488,-6.283962831913753,1.139815927429197,0.0,-6.227065055961818,-4.328873127511294,1.9558452030160431,0.0,57.38975510365843,-40.29594928016813,-3.716294084545673,0.0,13.870172469777117,-37.05617283984592,0.9261753192993805,0.0,4.358828384231591,-36.89905458068838,3.237939511777032,0.0
60.89564606616637,-17.40277553889602,3.1488683033273315,0.0,26.451778970892466,-6.323193353825184,1.1190189402088393,0.0,-6.239761606731031,-4.326025227971125,2.0205505649022992,0.0,57.42222654698974,-40.29520674719647,-3.7105174714568783,0.0,13.877589954668803,-37.060099389605,0.9194507757982944,0.0,4.5822213103299365,-36.85341932391878,3.340480706320063,0.0
60.938918700413716,-17.424793738359874,3.171482400282448,0.0,26.468793341931214,-6.353842827736546,1.101650125755853,0.0,-6.24111033003507,-4.3113550610115405,2.0786800907419405,0.0,57.44526019066772,-40.2937307411919,-3.707250277391248,0.0,13.885921957642125,-37.05340542007647,0.9131408050567877,0.0,4.838731062399842,-36.763010529193814,3.448650641459288,0.0
60.98247792806056,-17.44794065986238,3.1903762081917133,0.0,26.50022740658348,-6.370051211942842,1.0898211324953841,0.0,-6.225423812728453,-4.282827261886446,2.1233258383901426,0.0,57.46018535857864,-40.291718545704306,-3.7063360004071395,0.0,13.895151319215245,-37.03436751366681,0.9047501317385862,0.0,5.108065119464481,-36.62890969004705,3.5649317038291883,0.0
61.02391005106719,-17.46934375717417,3.2024522152097408,0.0,26.543578239797654,-6.370024533301811,1.0844035615396166,0.0,-6.189289973343067,-4.241840272599096,2.1500249335386865,0.0,57.469500337555864,-40.28941947797205,-3.7071250708607923,0.0,13.90434074963169,-37.003806762314845,0.8920749775149481,0.0,5.373225234236193,-36.45610253558768,3.6891490093147397,0.0
61.06027522041097,-17.485718220184893,3.204501765800307,0.0,26.59358956398349,-6.355939281916234,1.085028972999254,0.0,-6.133228043483578,-4.192784050984479,2.1579285290920946,0.0,57.47595383297764,-40.28706892506323,-3.708465308792446,0.0,13.91195506075518,-36.96496813061001,0.8738108169100993,0.0,5.6267692354696095,-36.252173717658756,3.8172383294774903,0.0
61.08892671429525,-17.494153030307917,3.1941190993914503,0.0,26.644005916601692,-6.332855531977225,1.0902458572942724,0.0,-6.062454177221387,-4.1414594618752,2.1504390813972467,0.0,57.48173809729623,-40.284840473559704,-3.7089294641206205,0.0,13.91623587344368,-36.92285751871011,0.8499718106772054,0.0,5.87271933051416,-36.02550111506127,3.941197488618398,0.0
61.108243100167144,-17.492889649156247,3.170970082188502,0.0,26.68939218921979,-6.3070951679622045,1.0978075363903734,0.0,-5.986304582428861,-4.092939468009414,2.135551042212912,0.0,57.488056906165006,-40.28284622113153,-3.7072668048779693,0.0,13.915632594213385,-36.883309374006835,0.8220705231587964,0.0,6.123621148058911,-35.78346621377031,4.050303098644026,0.0
61.11819965215433,-17.481851914475637,3.137763096324802,0.0,26.726561844795935,-6.284446410163623,1.1051473491344925,0.0,-5.9163720063396035,-4.049526962668417,2.125933232804904,0.0,57.495130195873955,-40.28117371661761,-3.702849916925965,0.0,13.909275618255457,-36.8520330042989,0.7929941882779552,0.0,6.394552757223661,-35.531366269943454,4.133362576704718,0.0
61.12070248247877,-17.462792788275216,3.1001374122703442,0.0,26.755317213502792,-6.2686149445858454,1.1099981775347754,0.0,-5.863829689852249,-4.009290201197209,2.1383818020200245,0.0,57.50251657270795,-40.279915830025075,-3.6958532819931413,0.0,13.89738182636956,-36.83371063919708,0.7665129024915931,0.0,6.696822538086266,-35.27253227494859,4.1813637242680315,0.0
61.11941378138985,-17.4390088308411,3.0651360431824752,0.0,26.77832234503198,-6.260413455543848,1.1109522609644404,0.0,-5.836531363897819,-3.9654466659948273,2.1920483853970385,0.0,57.50955679965849,-40.279162457327715,-3.6871056450039195,0.0,13.881431301806668,-36.83106085665388,0.7464100433864047,0.0,7.0335667308277126,-35.009667767501284,4.189603754350841,0.0
61.11880995392673,-17.41466139312897,3.038835273883345,0.0,26.800073263548803,-6.257981767235973,1.1077495278724037,0.0,-5.8364098643615545,-3.9067797598027125,2.3050748528972864,0.0,57.51575242698908,-40.2789615416627,-3.677778194227498,0.0,13.863976037748586,-36.84389406964361,0.7353657715110078,0.0,7.398207088555762,-34.74684728908668,4.158539630107301,0.0
61.122691256099486,-17.393846709160623,3.02430497485501,0.0,26.825147466987822,-6.257864476001857,1.101231061091454,0.0,-5.857721901603888,-3.8192867881648365,2.4898773494284345,0.0,57.52095116236989,-40.27927908127479,-3.6690754800571757,0.0,13.847850921359488,-36.868745189939176,0.7338775044387358,0.0,7.775610863850082,-34.49123567525641,4.093156367500589,0.0
61.13288324317741,-17.379648295992066,3.0208492108090557,0.0,26.85615957492804,-6.256401197278992,1.0930187365557789,0.0,-5.8868152409022905,-3.689152672825001,2.7480259985889655,0.0,57.525308313629715,-40.27997945500937,-3.6619715956511865,0.0,13.838721018904344,-36.89605918033398,0.7410449810211368,0.0,8.145228308377007,-34.25358904937568,4.00125245495896,0.0
61.14882668845254,-17.37346759242843,3.0247613344358246,0.0,26.892038851003115,-6.250889523002531,1.085018395605637,0.0,-5.898576583207905,-3.5106063410586126,3.0629429331252718,0.0,57.5291141451072,-40.280828050995055,-3.6570008697744782,0.0,13.84487873494501,-36.910887678184174,0.7537266511686109,0.0,8.485347922556521,-34.04698872734854,3.8914086163865402,0.0
61.16816822664974,-17.374875580199454,3.031154355801709,0.0,26.92730557328697,-6.240242182371401,1.0788825229928616,0.0,-5.865766534150527,-3.285680931224107,3.4111706229419925,0.0,57.53264761213762,-40.281506871743005,-3.6541670694667214,0.0,13.848398153899032,-36.92409114514356,0.763130485933635,0.0,8.777558793375894,-33.88397925576778,3.771417630189715,0.0
61.18791398444405,-17.381996227571353,3.0359586742863005,0.0,26.952884524231777,-6.225080870307783,1.0756226966827604,0.0,-5.785069197744132,-3.012671388251108,3.751351713850629,0.0,57.53615409597889,-40.281639309270304,-3.6530185021316566,0.0,13.853712755173117,-36.927263844686046,0.7692205030643571,0.0,9.01041668149793,-33.77311748670796,3.6475719805160374,0.0
61.20557574077389,-17.392201465893624,3.0371224446654352,0.0,26.95859987738758,-6.2073134347909775,1.075527013413911,0.0,-5.64380327551296,-2.711547963857596,4.036433887947066,0.0,57.53988293024543,-40.280838993281876,-3.652842307004356,0.0,13.862267874388525,-36.91876014732076,0.7722273329115623,0.0,9.181383287791148,-33.71640283189802,3.524615336402972,0.0
61.21991771543103,-17.402856700082733,3.034603390701802,0.0,26.93687974187602,-6.189356743746391,1.0783690922335403,0.0,-5.441198330746831,-2.4068730937564133,4.232043330736604,0.0,57.544055538169864,-40.27880043910315,-3.652885169573926,0.0,13.869792763910867,-36.90691041667293,0.7731882282676175,0.0,9.296539592423168,-33.708719567248416,3.405823032535654,0.0
61.23113921221611,-17.411927831342833,3.029528742273314,0.0,26.88650888873292,-6.173306422848041,1.0836895424822561,0.0,-5.185960855192153,-2.123057631684432,4.328691631478376,0.0,57.548768756986995,-40.27541603820929,-3.6525219938285343,0.0,13.874588645832251,-36.90024370625316,0.7752361812061537,0.0,9.368255911492026,-33.73942139812972,3.2928867959403885,0.0
61.240515439080845,-17.41832418015833,3.0232879263278036,0.0,26.814779566726227,-6.160373518817399,1.090870439112578,0.0,-4.893288140201781,-1.87767682915063,4.350721776730121,0.0,57.55396715545289,-40.270870750737785,-3.6513024914025536,0.0,13.875817121812549,-36.90624732865996,0.7817475092162312,0.0,9.411629590489389,-33.795194673851256,3.1857786096632204,0.0
61.24969703398284,-17.421923159009264,3.017092903948436,0.0,26.736546829717977,-6.150772307373034,1.098941337798566,0.0,-4.581631178138029,-1.675632116450461,4.355617809880621,0.0,57.55954435839057,-40.26567357920594,-3.648845580048123,0.0,13.873776202430257,-36.92821818543034,0.7948759635646709,0.0,9.44081483833067,-33.862967127927455,3.0830195911187044,0.0
61.25999395011507,-17.423335682075084,3.011977419578457,0.0,26.669884291102587,-6.144061047637565,1.1064085857165225,0.0,-4.269682261031951,-1.506643752638828,4.421454966462152,0.0,57.56548314026754,-40.260617958815736,-3.6446824877361603,0.0,13.869764443495278,-36.96380988265891,0.8145002721757795,0.0,9.46626992909545,-33.93197209994329,2.982554999441353,0.0
61.271944245403986,-17.423568800225354,3.0088260451544233,0.0,26.629902995538078,-6.139758286839289,1.111476817109768,0.0,-3.9728340254078383,-1.348499256555109,4.625292916521657,0.0,57.57191737218697,-40.256689812748256,-3.6382571149800196,0.0,13.865587575522223,-37.00578202648421,0.8379875307758926,0.0,9.493518996716503,-33.99471305870939,2.8829761341348252,0.0
61.285288249492076,-17.423719583363678,3.008161872396819,0.0,26.62352237043235,-6.137888814698453,1.1126604378450526,0.0,-3.6988852197762174,-1.1761141587930295,5.0200130510710235,0.0,57.579088142280625,-40.254945803192804,-3.629204399642312,0.0,13.862936154430521,-37.04443527223268,0.8609102482515194,0.0,9.523472567341326,-34.04701703360023,2.784534043879736,0.0
61.299254792198425,-17.424714330469556,3.009844084351915,0.0,26.647493179830846,-6.139080249983888,1.1093796360862669,0.0,-3.44469961897744,-0.9724298568114946,5.618027800163732,0.0,57.58724825857492,-40.25636387107205,-3.6177786496677786,0.0,13.8629256659008,-37.07057395449033,0.8785185977453782,0.0,9.553880161748053,-34.08748802835199,2.6894645873041156,0.0
61.31295735714898,-17.427055914025022,3.0129874572092437,0.0,26.690188645726202,-6.144066619200602,1.1021713184888249,0.0,-3.1964025333296053,-0.7351131939364777,6.38688044607285,0.0,57.596567966958176,-40.261655578899045,-3.6051093142010124,0.0,13.865932278822097,-37.07795223341651,0.8874365422569728,0.0,9.581237385097008,-34.11665053138148,2.601488846065516,0.0
61.325724544944244,-17.430627358383113,3.016187824157493,0.0,26.73595460784634,-6.152860259850481,1.0924956046292138,0.0,-2.9339666352938316,-0.47545781200225434,7.257409070353475,0.0,57.607042959160374,-40.27106134463206,-3.5930159585696337,0.0,13.871603259576318,-37.064798099007476,0.8869467294416644,0.0,9.60249012844956,-34.13605784005566,2.5247136014251996,0.0
61.337272101559265,-17.43468726799914,3.0179065156092246,0.0,26.770052272878075,-6.1641358214775535,1.0823341721273874,0.0,-2.637966493429907,-0.21105306115088673,8.142126038357384,0.0,57.61839826125464,-40.28420301803377,-3.583419526768383,0.0,13.87884865038421,-37.034441080477315,0.8794089611636924,0.0,9.616113440397811,-34.14760723950458,2.4623496184046623,0.0
61.347698350875426,-17.43814573089025,3.0168767031504036,0.0,26.78249133100988,-6.175312327770374,1.073730036102356,0.0,-2.294668592957068,0.04251156279273971,8.958525966169422,0.0,57.63003950485653,-40.30008566709006,-3.5776830360713046,0.0,13.885822085152627,-36.99492217758109,0.8696448072748257,0.0,9.622441433745982,-34.15318998093367,2.4156691173879654,0.0
61.357355809481305,-17.440061576102067,3.0124972989842362,0.0,26.769873286686177,-6.18344247310146,1.0683229508042444,0.0,-1.8971125546147487,0.2762000406426477,9.649368318222002,0.0,57.64113220681486,-40.3173039925461,-3.5762109999946823,0.0,13.890142364114396,-36.95720748594686,0.8634077097889801,0.0,9.623352536429712,-34.15462878507598,2.383517844286658,0.0
61.366704214154375,-17.440177267203442,3.005208371850223,0.0,26.735170701859687,-6.186536380752276,1.0669351365050765,0.0,-1.4430530175155027,0.48737761240300337,10.192725405666598,0.0,57.65082800508463,-40.33443378964361,-3.5783907600813816,0.0,13.889566814177389,-36.93198713231813,0.8653789587580594,0.0,9.621543728129717,-34.15371630688074,2.362539625383512,0.0
61.376222341184615,-17.439265320646196,2.9967784019811337,0.0,26.685869293231818,-6.184634687482108,1.0693141875258991,0.0,-0.9323648679177303,0.6771213513598315,10.599414813462177,0.0,57.65856164956762,-40.350491838905796,-3.5827866091207135,0.0,13.882940151133422,-36.92605389924343,0.8774229887304035,0.0,9.619685918449461,-34.152158925803136,2.348056025225267,0.0
61.386348346668655,-17.439085453040317,2.9903172165280747,0.0,26.63120908837587,-6.179992789690435,1.074167278852416,0.0,-0.3655542652389645,0.847484525294151,10.900865072946836,0.0,57.66428964153882,-40.36527716393398,-3.5874994326819802,0.0,13.870868864434481,-36.94000431399095,0.8978648722362106,0.0,9.619740711711259,-34.15135630528464,2.3353021996067103,0.0
61.39735227677236,-17.441855688832643,2.989771088729837,0.0,26.579508934405876,-6.176142890995523,1.079562083366934,0.0,0.2567921201387353,0.9998234294236035,11.133365633049785,0.0,57.66855973857121,-40.37943055465266,-3.590631235666846,0.0,13.855657373936342,-36.96852731404956,0.9221720755981764,0.0,9.622625587690262,-34.15210853066042,2.32058188482824,0.0
61.409148845336276,-17.449372337570708,2.9987958138690196,0.0,26.536539164285635,-6.176195010310551,1.0835964340579594,0.0,0.9344317448612269,1.1341601270687445,11.324630830791953,0.0,57.672380581201764,-40.39417263623134,-3.590768317639803,0.0,13.840552224207979,-37.0030449686446,0.9447793678884029,0.0,9.628267025330707,-34.15442725464176,2.3019702073533725,0.0
61.42127477140634,-17.462207339684877,3.0192403603506257,0.0,26.505371563450243,-6.18124049246594,1.0850495867434962,0.0,1.6680081985363273,1.2492413887329707,11.486568087300693,0.0,57.676949121903895,-40.410829928199036,-3.587354662946286,0.0,13.828758754658338,-37.03520607158947,0.9612378348435584,0.0,9.635938357657134,-34.15759882434441,2.279413812285208,0.0
61.43331015309999,-17.479505250670982,3.0498562919673855,0.0,26.487320468074657,-6.189779598312738,1.0837013466139602,0.0,2.459308653893478,1.3429442827252362,11.61521878461683,0.0,57.68333582244459,-40.43034993096331,-3.580819414441084,0.0,13.8226688179009,-37.05962068559618,0.9697251119864667,0.0,9.644697326156713,-34.16053176833384,2.2543141388571097,0.0
61.445710637347865,-17.499574194421793,3.086009925295677,0.0,26.483072618037188,-6.1985408959035535,1.0801942164272784,0.0,3.3107845767745374,1.412618591945197,11.69627378888833,0.0,57.692220560167385,-40.45300358954298,-3.572391584244606,0.0,13.82344450316372,-37.07498986726676,0.9713215302591625,0.0,9.65374499666451,-34.16226738462814,2.228821404306064,0.0
61.460516890315624,-17.52087842912865,3.1208057270451945,0.0,26.49317681861913,-6.204223166706058,1.0755707207091234,0.0,4.224245625838202,1.4550559106860401,11.713205846759955,0.0,57.70374587871291,-40.47838878442693,-3.5636659204746106,0.0,13.830910112982847,-37.08360977836192,0.9691061516780959,0.0,9.662607584524821,-34.162421219676084,2.205085751069774,0.0
61.481218126090475,-17.54271281419125,3.1471774816961435,0.0,26.517545603451786,-6.205209503381234,1.070751189109636,0.0,5.199060731489315,1.4662092828654334,11.654952117649557,0.0,57.71752256358527,-40.505721148226996,-3.556094628860368,0.0,13.843712197722516,-37.089719759268014,0.9666645332090038,0.0,9.671143433935942,-34.16134701954553,2.1846508470101718,0.0
61.51146426616501,-17.56511275694702,3.1598468721656943,0.0,26.554221579278977,-6.202492340415274,1.06616811800572,0.0,6.2305712561749,1.441206368972317,11.520780332104405,0.0,57.73277997690858,-40.53427691522556,-3.550606036993255,0.0,13.859730120559544,-37.09742282011494,0.9667480657584306,0.0,9.679442887527362,-34.15997579680832,2.168098283618054,0.0
61.55308127961135,-17.588176880138526,3.1562582951663636,0.0,26.59821316299834,-6.199594367325615,1.0616314544545151,0.0,7.309580777003874,1.3750729726198383,11.321143297423037,0.0,57.74861133984393,-40.56378447112273,-3.5474943056776347,0.0,13.876629391930194,-37.1089954635459,0.9705725391031095,0.0,9.687697509140815,-34.15945604514077,2.1549848010945336,0.0
61.60440382309793,-17.61140639053256,3.136472171211837,0.0,26.641483396550086,-6.201664966970681,1.0563953002271518,0.0,8.42340736564462,1.2639342223775714,11.074786813305314,0.0,57.76424208399152,-40.594579327518126,-3.5466008765756047,0.0,13.892361491842665,-37.12419489723709,0.9778203817561408,0.0,9.696088341170576,-34.16078414288147,2.1440480539251983,0.0
61.65992782743848,-17.633601151576208,3.102674912225414,0.0,26.674802208358518,-6.214035085868261,1.0493865563966178,0.0,9.558091188623417,1.1059775022315108,10.803676567078739,0.0,57.77924322474171,-40.62743810069187,-3.5476434185707113,0.0,13.905475647298537,-37.14068884459782,0.9870975723445987,0.0,9.704716442833721,-34.16456504571324,2.133597481294025,0.0
61.71165886730511,-17.653394194331067,3.058856836648493,0.0,26.69103618035648,-6.240519989210208,1.0395782382531866,0.0,10.70061830052578,0.9016802751878785,10.527796203251018,0.0,57.79361681860827,-40.663152265586234,-3.55044933279955,0.0,13.915263308971433,-37.15526342863191,0.9965187912701321,0.0,9.713587048936168,-34.170952505193995,2.121976830306613,0.0
61.751637528392436,-17.66999819048497,3.010549444863395,0.0,26.688224083757863,-6.281812364223031,1.026457765904503,0.0,11.84007148553412,0.6534433800024964,10.261399204613873,0.0,57.80771626612255,-40.70203400734563,-3.5549386882533778,0.0,13.921824841993054,-37.165257472116146,1.0042012262702151,0.0,9.722646398032474,-34.1797359798023,2.10798096571925,0.0
61.774547950083665,-17.683586974502855,2.9641034390170997,0.0,26.670577688937705,-6.334415284316621,1.0104638792955303,0.0,12.967293843359455,0.36517537712635395,10.01139748232521,0.0,57.82203534979096,-40.743593199679026,-3.5609172388942643,0.0,13.926066159872338,-37.169716679398746,1.008618577492582,0.0,9.731844581813856,-34.19049162053966,2.091127576638108,0.0
61.77937107642391,-17.695094113889464,2.9253208866534575,0.0,26.6467213748095,-6.3906723185166605,0.9932114428137169,0.0,14.073384840065554,0.04228353137941809,9.777731781930834,0.0,57.83696696320075,-40.78653837834408,-3.567877533277942,0.0,13.929525564203994,-37.16990570934166,1.0088871310670733,0.0,9.741175390598196,-34.20271133883163,2.071731145078937,0.0
61.76955497224544,-17.705734799560833,2.8979135122043793,0.0,26.626134449915018,-6.440339390849551,0.9773112974146585,0.0,15.14786277503476,-0.3079037931918922,9.55491784109109,0.0,57.8526451976074,-40.82907865963248,-3.574963196118402,0.0,13.933954131496577,-37.16898639594689,1.0050452296769983,0.0,9.750651789224303,-34.21586433299185,2.0507804981328253,0.0
61.751833293920285,-17.71671048569551,2.8825223735035,0.0,26.615630403418667,-6.473540021085598,0.9656459339939456,0.0,16.177611629861232,-0.6757742433575675,9.33363908854092,0.0,57.86893313235594,-40.86936066033293,-3.58112450348146,0.0,13.940730119522009,-37.17091310602376,0.9982522980862587,0.0,9.760214561531264,-34.22940327403998,2.0296537466509292,0.0
61.734371261665274,-17.72924002549018,2.8767567197997437,0.0,26.617377050787695,-6.484047655550293,0.9601679249558828,0.0,17.147620648061885,-1.049926340543868,9.101571094976574,0.0,57.88554285552032,-40.90585766687445,-3.5854028459484084,0.0,13.950336401689547,-37.178914776577265,0.990712317570388,0.0,9.769620682311482,-34.242763522340645,2.0097383069250636,0.0
61.72504750320848,-17.74469641611051,2.8762241704107137,0.0,26.628951698940313,-6.4713798652306895,0.960664381072073,0.0,18.043698169403264,-1.4190872431482013,8.843569353104694,0.0,57.902219323617025,-40.937624481469044,-3.587239355946803,0.0,13.962144035621312,-37.19417215882318,0.9851914937618389,0.0,9.778392777011778,-34.25539535930573,1.9920826228622222,0.0
61.73026943368789,-17.764558828758215,2.876117529593822,0.0,26.644986886566333,-6.440690191631289,0.9642480331971228,0.0,18.855968190540718,-1.7751414513712778,8.542238985982182,0.0,57.918899337649485,-40.96443844437615,-3.5866876802645695,0.0,13.974626456004032,-37.21527491113184,0.9842360995721844,0.0,9.785903428028753,-34.26683744697428,1.9772173678872331,0.0
61.75414774250655,-17.79004871000902,2.87273394159846,0.0,26.659502358778465,-6.400615677922402,0.9661876234609341,0.0,19.581116231956564,-2.11592221204831,8.179913891595726,0.0,57.93576852098929,-40.986859586090915,-3.584444876960241,0.0,13.985964676714868,-37.238732512871536,0.9893914424438286,0.0,9.791599797227594,-34.27682090201773,1.9651776149524753,0.0
61.797671107058406,-17.82150909420077,2.864394139131049,0.0,26.668018920284396,-6.360279757172324,0.9619183042838344,0.0,20.222030290126604,-2.446082144967307,7.742212889018839,0.0,57.95318264404773,-41.00616805944037,-3.5816953642368006,0.0,13.994858441193994,-37.260358857603,1.0007259744975556,0.0,9.795274795155894,-34.28538111630179,1.9556376384576488,0.0
61.85787024833555,-17.857750480563194,2.851542096795681,0.0,26.668798120737414,-6.326904531952264,0.9491602526101239,0.0,20.785223252216344,-2.7751021603080037,7.222368825547063,0.0,57.97148205610134,-41.024099465216075,-3.5798237526408716,0.0,14.00123968232855,-37.27695770211753,1.0168189440846866,0.0,9.797232728855835,-34.29292697773336,1.9480647333655607,0.0
61.92749967027118,-17.8957169138845,2.8361525066695066,0.0,26.662900891643165,-6.304844986572047,0.9288540050202503,0.0,21.277737177340853,-3.112824524328553,6.624990277331436,0.0,57.990780533843505,-41.04237434604659,-3.58006076620258,0.0,14.00652667782776,-37.28757498882551,1.0351921139959064,0.0,9.79823340355698,-34.30020159006234,1.9418552637309734,0.0
61.99597485713321,-17.930822024764627,2.8208008553477377,0.0,26.653172307064683,-6.29581425241496,0.904397083141836,0.0,21.70521781130776,-3.4640579312901094,5.967856220528667,0.0,58.01082627919929,-41.06214211827304,-3.5831297296308975,0.0,14.013175839474375,-37.29373497073012,1.0530296916591153,0.0,9.799217513091733,-34.30810788030304,1.9364418038758906,0.0
62.0518506567929,-17.95805677083884,2.8078056408805327,0.0,26.64268547872482,-6.299417257289452,0.8798114342664309,0.0,22.07181349984593,-3.8243950573390677,5.280748276597464,0.0,58.03100011757872,-41.083539552817655,-3.588983418802915,0.0,14.023648926662657,-37.298514503443535,1.0679451432083455,0.0,9.800943426389793,-34.31745120565746,1.9313612633506665,0.0
62.08620183614577,-17.973547324841135,2.79870854230254,0.0,26.633443721994034,-6.313366374137629,0.8580554690294253,0.0,22.381364281777234,-4.179225313778513,4.601231959875532,0.0,58.050448789046506,-41.10556526125894,-3.5967275909502003,0.0,14.039324419083322,-37.30487754365553,1.078516554620557,0.0,9.803716813428238,-34.328703317796425,1.9262790103217142,0.0
62.09553828472077,-17.97591418429975,2.794078132120852,0.0,26.625998741676113,-6.333584729724656,0.8403522795320661,0.0,22.638712694753952,-4.506837431293456,3.9684401556521323,0.0,58.068294670520515,-41.12637536444801,-3.604804773339888,0.0,14.05996172022439,-37.31410801348611,1.0844085334298494,0.0,9.80734209283641,-34.34187641758764,1.9209718358131358,0.0
62.08291779973079,-17.966803398073502,2.7934502763117823,0.0,26.620040965851352,-6.354800008105813,0.8265621289325207,0.0,22.850166913607026,-4.784674633781127,3.416611181424326,0.0,58.0838486612423,-41.14392238601347,-3.6114495695639572,0.0,14.083919303806468,-37.32518932973631,1.086209196023903,0.0,9.811306195158902,-34.35653556521969,1.9152833510919667,0.0
62.056693464299144,-17.950334410121343,2.7953369816816274,0.0,26.61537029098423,-6.371767356979561,0.8160189748779008,0.0,23.02296604239737,-4.996211812922031,2.969892097342141,0.0,58.09676519816354,-41.15668931556766,-3.6152898442602925,0.0,14.108772472138508,-37.335558597137144,1.0854312645672177,0.0,9.815086132809217,-34.37192160714815,1.909078994282666,0.0
62.02741712791428,-17.931717288055143,2.7974598653066725,0.0,26.612505901536203,-6.380632826371227,0.808221902790363,0.0,23.16438346699292,-5.1357120072109925,2.639121678609545,0.0,58.10709421686494,-41.164226186893515,-3.6158241483311233,0.0,14.131799224409434,-37.34302044511514,1.0850347891688576,0.0,9.818415747730825,-34.38712983945691,1.9022314163521745,0.0
62.00426955441184,-17.91565256617297,2.7973428037004595,0.0,26.612582063644396,-6.379825891944235,0.8030928205068957,0.0,23.281215340186883,-5.209332445983929,2.4208412179543384,0.0,58.11521260986893,-41.167287365226635,-3.6135232067977157,0.0,14.150146417070593,-37.34801310489345,1.090228821856475,0.0,9.821386203149217,-34.40129242619483,1.8946594074411802,0.0
61.99251720750301,-17.905148511734694,2.79310600867886,0.0,26.616694376480314,-6.370173919213749,0.8008280793063189,0.0,23.379820269801463,-5.232646215595993,2.2988103160701865,0.0,58.12166782588772,-41.16752776188788,-3.6095187370592043,0.0,14.16097543757872,-37.35511714485348,1.1087050814068142,0.0,9.824360952291427,-34.41373879044449,1.8864300729363155,0.0
61.99282838059438,-17.901104874289842,2.7840821273328196,0.0,26.62515608054256,-6.354311463572416,0.8015456450380594,0.0,23.466215499936574,-5.225782849655338,2.2481064051962836,0.0,58.12700985549715,-41.1668818677988,-3.6050878451748183,0.0,14.16203638799411,-37.37286419323429,1.149475016525094,0.0,9.827782740776431,-34.42413663051952,1.8778987456045595,0.0
62.00231403359797,-17.902644954424005,2.770967224141554,0.0,26.637100930340083,-6.335721388432308,0.804974071558231,0.0,23.54560708091421,-5.207953712479467,2.2410218397184263,0.0,58.13168197161816,-41.166872467370844,-3.6012271446636444,0.0,14.152789542406612,-37.41157241372036,1.2202055055238707,0.0,9.831975308921063,-34.43261460250697,1.8698015179760237,0.0
62.016500955503425,-17.90792573125472,2.7555083517604704,0.0,26.65062619996336,-6.3178301966774235,0.8103677366591988,0.0,23.62124384595952,-5.193149542786948,2.2529828971281542,0.0,58.13598806149856,-41.1681344146511,-3.598487620229383,0.0,14.135620114859169,-37.47989322845404,1.3239014217940026,0.0,9.837002828603865,-34.4398301331882,1.8631795800663493,0.0
62.03131441362962,-17.915055575347395,2.7399528796244628,0.0,26.663387920783855,-6.303415896580686,0.8166813299078601,0.0,23.693222595442485,-5.188225523409227,2.266526035037609,0.0,58.14010533945156,-41.170364116796925,-3.5970248184237956,0.0,14.116287116772616,-37.58154034279894,1.456442999862034,0.0,9.842607800062474,-34.44690824435584,1.8590595104043128,0.0
62.044395865040656,-17.922770726909402,2.7265163657077895,0.0,26.673384983902285,-6.2942788972054915,0.8228770382502422,0.0,23.75821264149372,-5.193601235109629,2.2723031625813395,0.0,58.144103172814155,-41.17271845256312,-3.5966967486247334,0.0,14.102901399098387,-37.71378429000408,1.6065332010054236,0.0,9.848244669812216,-34.45518345169089,1.8579587603327052,0.0
62.05546750191898,-17.930656156751766,2.717019011060609,0.0,26.679636878830753,-6.291025793301016,0.8281877306381489,0.0,23.81065938229196,-5.205819394758469,2.2675303454301687,0.0,58.14795412389286,-41.17446017107135,-3.5970938948603486,0.0,14.103526569987249,-37.86857356063899,1.758865276480643,0.0,9.853237452550538,-34.46574275679195,1.8594825545388645,0.0
62.065807314326044,-17.93891129750181,2.7127056504419134,0.0,26.68251993796566,-6.292998227841516,0.8322305170840121,0.0,23.845139147603817,-5.220621176986652,2.2532640627677765,0.0,58.15155401016639,-41.175519771858205,-3.5975247998589808,0.0,14.123416624796405,-38.03598816971072,1.8999221192247546,0.0,9.857060185458442,-34.47887804581647,1.8623385116259392,0.0
62.077152051792574,-17.94786151911854,2.7141569963397263,0.0,26.683645432453176,-6.298507605865219,0.8349649882308814,0.0,23.858856366661406,-5.235229231723455,2.2319182968013145,0.0,58.15478243074103,-41.17670376601081,-3.597081089608267,0.0,14.163150144768153,-38.20877407230118,2.0244323983542873,0.0,9.85965336768019,-34.49366608369124,1.864829242959619,0.0
62.09050316597051,-17.957499892982316,2.7211484979769907,0.0,26.6853407143443,-6.305403312067739,0.8365573990587851,0.0,23.853228014968916,-5.249121768724722,2.205805883800476,0.0,58.157620342910185,-41.179471021447505,-3.594894080743991,0.0,14.218331472002177,-38.38624468129292,2.1398958593492177,0.0,9.861608945095243,-34.507932292523826,1.8655029666996352,0.0
62.10535599218805,-17.96728256077659,2.7323816974798376,0.0,26.689956186167628,-6.311763787138446,0.8372487511326128,0.0,23.83395013145484,-5.263378015840975,2.176756289587649,0.0,58.16029198620188,-41.18539944090908,-3.5905568676522197,0.0,14.280817167605164,-38.57579402373279,2.2669741809125936,0.0,9.864064994199218,-34.51876837233305,1.8635726468473628,0.0
62.11973507924533,-17.97625426043824,2.7452246357719794,0.0,26.699247070886088,-6.31642220161238,0.8373219392543696,0.0,23.809541505891183,-5.279288275955038,2.1463863332309288,0.0,58.16333907909678,-41.19558752171571,-3.5845115885226324,0.0,14.341206338133283,-38.79071612924035,2.4347283991964224,0.0,9.868265473903104,-34.52356811583598,1.8589493464645805,0.0
62.131061806939286,-17.983427904127115,2.7558185094581518,0.0,26.713964984620237,-6.319190569611398,0.8371872728501746,0.0,23.788897480564913,-5.297135610170542,2.1164690168016715,0.0,58.167528031262925,-41.2102398907746,-3.5781492799323456,0.0,14.392231100085262,-39.04436133916356,2.6714961441169276,0.0,9.874910307021793,-34.5212697284509,1.8519635185283505,0.0
62.13743798446136,-17.988232271306128,2.759904238699553,0.0,26.73366187307377,-6.320837496243353,0.8374838212868401,0.0,23.77873192753217,-5.315809399967067,2.0889992151224384,0.0,58.17358118853181,-41.22857922111455,-3.5734941412910946,0.0,14.43199277030778,-39.34284913750226,2.9942784985091215,0.0,9.883576852040642,-34.51325817968139,1.8429308249028598,0.0
62.138678991523825,-17.990807576984558,2.7543509638994497,0.0,26.756665615770096,-6.322908170903947,0.8390326565678965,0.0,23.781832809978255,-5.333333205458722,2.065853832669548,0.0,58.18186061808885,-41.24907501874427,-3.572547970911252,0.0,14.465209784047143,-39.680276933531715,3.4009210011490625,0.0,9.892553092197359,-34.50335765284006,1.8316934985027729,0.0
62.13655464491646,-17.991990508593712,2.73875659918909,0.0,26.78022363528775,-6.327395203223009,0.8425536407803484,0.0,23.796777449816247,-5.347850292898881,2.048220375884169,0.0,58.19219689500139,-41.269864654497205,-3.576534712570208,0.0,14.501327693974057,-40.03964167865697,3.8689382144116697,0.0,9.899288180609739,-34.496662119659916,1.8171105853928715,0.0
62.134110164590176,-17.992973721446965,2.716105633175081,0.0,26.800846446075944,-6.336258660937265,0.8482236299924093,0.0,23.81918166461435,-5.358456665622457,2.036109981810746,0.0,58.20398166694987,-41.28920272723152,-3.58535234885483,0.0,14.557694265264907,-40.39238769154616,4.35520696597196,0.0,9.901208733127945,-34.49762736942109,1.7954569038236912,0.0
62.13439138347158,-17.99479256381879,2.6918231918541284,0.0,26.814884830662262,-6.350904825365885,0.8552859335536027,0.0,23.84383598563658,-5.365496562403467,2.0282484347679635,0.0,58.21648552929932,-41.30581045985018,-3.597486062027933,0.0,14.648637828978279,-40.717260027389635,4.828418213372263,0.0,9.894578683809259,-34.50953736766185,1.7504731184057611,0.0
62.13917612901115,-17.997886290834145,2.671595007394153,0.0,26.819365409130434,-6.371820092057097,0.8619431547582952,0.0,23.866601038024058,-5.370269577694334,2.0224627932307797,0.0,58.229230134884624,-41.31907885363543,-3.610459902659125,0.0,14.760151566697598,-41.01976349154333,5.260537731202561,0.0,9.890334429754406,-34.52462832397123,1.7549716931456683,0.0
62.14831138662778,-18.00192696627183,2.6592015467717083,0.0,26.813063723268648,-6.398455192339802,0.8657086755230203,0.0,23.885147384427924,-5.374349540011578,2.0164231878607985,0.0,58.242214293574946,-41.32914563974226,-3.621666324893427,0.0,14.89945265322152,-41.29680124477806,5.627690798377383,0.0,9.887341951433125,-34.540290890994314,1.7599677900465807,0.0
62.15995271187232,-18.00596046638179,2.655523754104548,0.0,26.79766610304575,-6.429208166400974,0.864304509344958,0.0,23.898497198716903,-5.378856834350587,2.0084147192936577,0.0,58.25587851760289,-41.33687005554881,-3.6292358983852218,0.0,15.070572256499242,-41.55658521621052,5.922777788206588,0.0,9.888766433791032,-34.55132886460474,1.7649363266761604,0.0
62.17153972986094,-18.008788269871562,2.658947588557769,0.0,26.778714782473013,-6.461231366995332,0.8570495843141543,0.0,23.906149900379656,-5.384034086607096,1.997825126301283,0.0,58.270832797938425,-41.343700552949564,-3.632590727643521,0.0,15.27706479347605,-41.812268159682354,6.148926429840685,0.0,9.896184283234037,-34.55489251630728,1.7692955362345337,0.0
62.181010146872104,-18.00946622505653,2.666527290438493,0.0,26.765935822266307,-6.489991054536196,0.8464481499057044,0.0,23.907656641742186,-5.389297395892327,1.9852018884924671,0.0,58.28748611310111,-41.35142446813944,-3.632477645405878,0.0,15.521766627560446,-42.07725464647909,6.314783791059792,0.0,9.908764731834035,-34.55179960989049,1.772565454942125,0.0
62.18772921286198,-18.007755578220994,2.6750999845415997,0.0,26.77255207643125,-6.50891557056012,0.8394337358351702,0.0,23.90291597027784,-5.393653968617903,1.9719220213965318,0.0,58.305755987754466,-41.36180691050015,-3.6305251861964773,0.0,15.806066873555942,-42.36126652704403,6.430430723377724,0.0,9.923624145969368,-34.546068535426876,1.7745106283945251,0.0
62.192802574342195,-18.0043403176225,2.681941005515055,0.0,26.813359337565686,-6.50973841696643,0.8476084336457559,0.0,23.89283664531292,-5.3962099551824405,1.9596367962147099,0.0,58.32499996670247,-41.376150435970814,-3.628576373874882,0.0,16.129389094395002,-42.66811666780308,6.504540584923645,0.0,9.939413349833988,-34.542327354612844,1.7907136066863867,0.0
62.198680525947665,-18.000689344862803,2.6850141987688723,0.0,26.90181328831088,-6.483967880473489,0.8859876592324643,0.0,23.87981136993271,-5.396550011294774,1.9496959649772752,0.0,58.34421599116829,-41.39486200487064,-3.6281091287895144,0.0,16.489158536809246,-42.99575162812129,6.543050563864309,0.0,9.950367160675777,-34.54621727991735,1.8031411205162176,0.0
62.20820128066124,-17.99860804094922,2.6830773599513336,0.0,27.047044152574834,-6.425234886275169,0.9702692857899269,0.0,23.867640460376077,-5.394937814440475,1.9427479686439444,0.0,58.36243869155256,-41.417213391772144,-3.6299627543510873,0.0,16.881225599390834,-43.33818222649025,6.549194873896011,0.0,9.954930932000932,-34.55939545693363,1.803074527204572,0.0
62.223471086479854,-17.99970672582171,2.675823296345115,0.0,27.252143368449172,-6.331470521863665,1.1133664031597084,0.0,23.860873653588396,-5.392381108017943,1.9386488017995038,0.0,58.37916831515721,-41.44153488296977,-3.634419688560051,0.0,17.300642632337148,-43.68825904286294,6.524386693622272,0.0,9.95505230055076,-34.58050044873123,1.7954696600348345,0.0
62.24513564273224,-18.005077201455745,2.664018454758283,0.0,27.514755358249182,-6.205665772620435,1.3225196747632193,0.0,23.863769288098464,-5.390567950468567,1.9366739767300913,0.0,58.394659230164635,-41.46593864411058,-3.6415314300873938,0.0,17.742711101723877,-44.04021973598031,6.469252726469305,0.0,9.952857115040558,-34.60650343019799,1.7774996904970237,0.0
62.27245130655058,-18.015334730513985,2.649428687638265,0.0,27.829844155286647,-6.054762673537555,1.5982810937038723,0.0,23.87913292176845,-5.391608950580265,1.9358676743996597,0.0,58.409966539201484,-41.48932380242257,-3.6514768958136887,0.0,18.20409942234413,-44.39118738308866,6.384181807273097,0.0,9.952000468879616,-34.63387741086253,1.7568170237692087,0.0
62.30406576446861,-18.03090732793983,2.6343417388492245,0.0,28.193002508804984,-5.88750090976079,1.9358235686040253,0.0,23.90729474947428,-5.3975393490665295,1.9353048156324757,0.0,58.42675369671423,-41.51213241987055,-3.664733991424546,0.0,18.68363300387246,-44.74111378695601,6.2690605429312685,0.0,9.95706912260563,-34.65974971754635,1.7476736971189624,0.0
62.338882440682326,-18.052221282495893,2.62074269696617,0.0,28.60189729244699,-5.712763972808579,2.3276979264060067,0.0,23.94554115310104,-5.4096745652121605,1.9341501580093716,0.0,58.44695293048308,-41.53640584564349,-3.68195683075097,0.0,19.18236391399245,-45.09120171810458,6.1223905581648435,0.0,9.965514696617996,-34.68446367435413,1.7376212902061354,0.0
62.37630488789526,-18.079466719907618,2.6095240973204117,0.0,29.05434773494392,-5.539492505751982,2.766158327359725,0.0,23.98838923169385,-5.428085224754362,1.9315886382590701,0.0,58.47241007145928,-41.565113173979995,-3.703640302448182,0.0,19.70283050668222,-45.441607686891125,5.940530616887724,0.0,9.975257619524822,-34.70974625025738,1.727855649599661,0.0
62.41569965532225,-18.111984776810267,2.6002108864708138,0.0,29.5439262084604,-5.377802814572512,3.243434460722372,0.0,24.02896692396633,-5.451507212288622,1.9268152073422886,0.0,58.50460684797083,-41.601132872641344,-3.729805818118299,0.0,20.247794477971716,-45.78975681571622,5.718013644411183,0.0,9.983539103599195,-34.73787404954503,1.7194117484450402,0.0
62.45565454444007,-18.147731649938063,2.5913628255469074,0.0,30.056308488407574,-5.239690864952385,3.749973543210782,0.0,24.06127950942581,-5.477811746560765,1.9192138776861487,0.0,58.54445636179663,-41.646359715024644,-3.7599635601337127,0.0,20.818930573319868,-46.130334034693185,5.449403972084634,0.0,9.988323774575793,-34.77021160563316,1.7127336100091135,0.0
62.49390518516059,-18.183384580891943,2.5813380598324382,0.0,30.569959859610393,-5.137834090883944,4.272494714249379,0.0,24.08250739277493,-5.504806456500475,1.9086589902496964,0.0,58.59211012424043,-41.70122084908943,-3.7934547623164754,0.0,21.415859641361187,-46.45696317491594,5.132083030581325,0.0,9.989273266311804,-34.80633793139297,1.7074713931457168,0.0
62.528356575859846,-18.215353914845373,2.568923532200353,0.0,31.062356648733616,-5.082574103943925,4.794001703354949,0.0,24.09419063782389,-5.530905936324148,1.8957037228381317,0.0,58.646778507947545,-41.76466286561416,-3.829997843886982,0.0,22.035704001149668,-46.764511817045175,4.768411877397414,0.0,9.987829080009726,-34.844167465648056,1.702567514574067,0.0
62.55867418638487,-18.241412722982577,2.553550821075067,0.0,31.51919391846937,-5.078764514339925,5.296247244092396,0.0,24.10154660002044,-5.555328957902739,1.881462704712055,0.0,58.70668387383102,-41.83454181094744,-3.8700656298240546,0.0,22.67325366757699,-47.05069044307521,4.365801517989402,0.0,9.986451795160947,-34.88092312343905,1.6965970346513402,0.0
62.58714716377455,-18.26213899187351,2.535142111541024,0.0,31.94172055308097,-5.1243422577193645,5.763041972778477,0.0,24.11109678062723,-5.57785905425527,1.8672296161471937,0.0,58.76928088131187,-41.90825768917743,-3.9148076688639275,0.0,23.321892808627634,-47.316218936102835,3.9344579003292717,0.0,9.987513995282903,-34.914376746567086,1.6882517674725168,0.0
62.617710213303,-18.2812325846148,2.5138396835730976,0.0,32.34829393163964,-5.21130741060608,6.182228488800372,0.0,24.12775122085853,-5.598504509995347,1.8540628216843835,0.0,58.83174925783085,-41.98339516848471,-3.9655279739215707,0.0,23.97537099219516,-47.56369003900889,3.4839991722891694,0.0,9.99244324401087,-34.94368636079705,1.6767914036976848,0.0
62.653298449813775,-18.30424771951333,2.4898860589666967,0.0,32.76958245309079,-5.328516813355202,6.5454519415663714,0.0,24.152890383207335,-5.61735230486258,1.8425509774355664,0.0,58.8915999360567,-42.05814209223122,-4.022985168402215,0.0,24.63012504920391,-47.79578569894558,3.020644242626563,0.0,10.001435133277235,-34.96946287605693,1.6622792424415387,0.0
62.693194763874644,-18.336191021530663,2.4637294854042935,0.0,33.23996348167814,-5.465113798408414,6.846614748227445,0.0,24.184382102550543,-5.634615369990914,1.8328131754189556,0.0,58.947144759485546,-42.13139247410552,-4.086852028185658,0.0,25.28736229200645,-48.01358632365212,2.546103669253865,0.0,10.013674981180397,-34.99315563729504,1.645510611499823,0.0
62.732392716391935,-18.379166332572662,2.4361585706732463,0.0,33.78871639211614,-5.6134357079004715,7.080592247951231,0.0,24.218197321694557,-5.650662571621017,1.8246593356444443,0.0,58.99760306089563,-42.2025995232662,-4.155576512740497,0.0,25.95388605870763,-48.2155306519347,2.0583960090782334,0.0,10.027795761438789,-35.01616749666304,1.6276844083096922,0.0
62.76375099313872,-18.43123904858233,2.4082126896741975,0.0,34.43373208987694,-5.770570818181305,7.243170718249725,0.0,24.250374871365196,-5.6658901936737935,1.8177930538265485,0.0,59.04277849993857,-42.27151527422738,-4.226717102235857,0.0,26.640915486564694,-48.39726775371812,1.55415653972425,0.0,10.04231228026151,-35.0391623212303,1.6099786172920805,0.0
62.78175683890613,-18.48698735253411,2.3809009482300265,0.0,35.17891017536947,-5.938254446218183,7.33207296993449,0.0,24.278257096392814,-5.680505357492358,1.811959209278811,0.0,59.08251097306165,-42.33792328383041,-4.29763924905407,0.0,27.360890499041787,-48.552270294037314,1.0316121457698895,0.0,10.055902730671804,-35.06184406462994,1.5932142511853336,0.0
62.785582931468504,-18.539385028317678,2.3550392576073147,0.0,36.0151262331305,-6.121382087550282,7.3482454675698,0.0,24.300786044826985,-5.6944067288737505,1.8069910267349307,0.0,59.11631289103841,-42.40141172893704,-4.366263345156793,0.0,28.12318018945995,-48.67282914510407,0.4931284512950409,0.0,10.067547042600461,-35.0832008686763,1.5777303969251584,0.0
62.77960249483094,-18.58220092805922,2.331345457115031,0.0,36.92379772457984,-6.325861524072881,7.296597684288923,0.0,24.31827564566036,-5.707271488752603,1.8027640318551459,0.0,59.143495554913045,-42.461242345103074,-4.431445034367734,0.0,28.930288607847338,-48.75108781179319,-0.0537592033735983,0.0,10.076606289234132,-35.10199074871396,1.5634870476936378,0.0
62.771078456553134,-18.612035943823013,2.3105417610336403,0.0,37.881608245153785,-6.556626123942907,7.185844893636611,0.0,24.33205019466097,-5.718756097034165,1.7991196467733648,0.0,59.163705863074945,-42.5163910869369,-4.492770496775361,0.0,29.77617231815234,-48.779978823090715,-0.5973848988544503,0.0,10.082906950534404,-35.11720595846586,1.5503100461229842,0.0
62.76633702613242,-18.62929099425539,2.2931834305603775,0.0,38.86498263473062,-6.816382115791551,7.027547723595535,0.0,24.34399716954574,-5.728557591780647,1.7958812438471732,0.0,59.17750248930583,-42.56567720713571,-4.550023732774896,0.0,30.647509960907907,-48.75399651304524,-1.1246598088714421,0.0,10.086803027856797,-35.12836036347666,1.538133592876262,0.0
62.76765254867569,-18.63771656809477,2.279264654180185,0.0,39.85343177136436,-7.1052886336105505,6.834613102114739,0.0,24.355944267407857,-5.73616077569724,1.7930628181492363,0.0,59.18662265652946,-42.60774624807065,-4.602781040494653,0.0,31.52746735005537,-48.66964421689822,-1.6242185733775578,0.0,10.089115459188472,-35.135571743814054,1.5271112021507154,0.0
62.77266045889921,-18.64271762524601,2.2679405788548674,0.0,40.831515043803705,-7.421485012226736,6.619545010617394,0.0,24.368993769271594,-5.740440415766153,1.7911917284143524,0.0,59.19375268230817,-42.640949791265456,-4.650213414125799,0.0,32.40035741998345,-48.525397157660606,-2.0886115848380236,0.0,10.090881430334527,-35.13947271165938,1.5175555209752591,0.0
62.77633317820793,-18.64911834690451,2.2577229202211857,0.0,41.78950712842188,-7.762183201871062,6.392823091935526,0.0,24.383189680828107,-5.7395777528867,1.7914677904413523,0.0,59.201815092174684,-42.66347782900389,-4.690892885597407,0.0,33.255306940492744,-48.32124931304907,-2.514693206362372,0.0,10.09298063549344,-35.14099931957664,1.5097741976271326,0.0
62.77387829601834,-18.659364843517555,2.247200638532121,0.0,42.72292961833083,-8.124876547687185,6.1618575428967395,0.0,24.397767281890168,-5.731619467440754,1.795495213356853,0.0,59.213035551840065,-42.67382303002687,-4.722685250238179,0.0,34.08771261052521,-48.05818861017827,-2.9021632005132565,0.0,10.095824880591017,-35.14112541277795,1.503913916431463,0.0
62.7628443355793,-18.67294707843091,2.235886925146575,0.0,43.63116924925585,-8.508170784853014,5.930765198153795,0.0,24.411829072225217,-5.715516441030685,1.804584721496063,0.0,59.22821105485282,-42.67124131049162,-4.743045512135645,0.0,34.89831501601871,-47.738101534240215,-3.250885362513218,0.0,10.099285300070434,-35.140629801555356,1.499887549803832,0.0
62.743812354733976,-18.687192011242352,2.224619197808453,0.0,44.51554162982356,-8.911932743301662,5.700766472655463,0.0,24.424998056567528,-5.692061873042153,1.8189384567757312,0.0,59.246506555686665,-42.65591809910308,-4.749769644373404,0.0,35.690546655858064,-47.36454079674132,-3.5580727664974594,0.0,10.102892083717316,-35.13996751251842,1.4973951481230685,0.0
62.71993439464282,-18.69885753740835,2.2152193069368593,0.0,45.3772779049267,-9.336802066771114,5.470691918612585,0.0,24.437620943120795,-5.664146055735352,1.83717707803528,0.0,59.265817045116464,-42.62881910793949,-4.741884881047065,0.0,36.46726572908143,-46.94433405420561,-3.8166762294356396,0.0,10.106184653034285,-35.139264140948704,1.4960095725023077,0.0
62.69580732902005,-18.70557542788708,2.2095799840759867,0.0,46.21590718506171,-9.783390835558414,5.237225905909527,0.0,24.450362362732758,-5.636153347010728,1.856522019000149,0.0,59.283489377150374,-42.59133766882289,-4.720237202989428,0.0,37.22811660772917,-46.48921868367732,-4.016090734513617,0.0,10.109015038081557,-35.138401596809096,1.4952811081390234,0.0
62.676142468180004,-18.706401036694523,2.2086273570773045,0.0,47.028333984168796,-10.251523034988068,4.995012188298158,0.0,24.46338495708468,-5.6128419633559465,1.8735732895704587,0.0,59.29714230381135,-42.54487826455074,-4.687466472994904,0.0,37.96850999779001,-46.016101104881486,-4.145371723612917,0.0,10.1116402114756,-35.13714506452228,1.4948127574149819,0.0
62.66464062712444,-18.701393210241545,2.211609490457647,0.0,47.80862008735431,-10.73966424017687,4.737159690812595,0.0,24.475570011109177,-5.598287169781672,1.885291659556799,0.0,59.30536022389959,-42.49055706890171,-4.647347061257074,0.0,38.68053539226147,-45.544860098637315,-4.19778261825983,0.0,10.11455509531589,-35.13526850249626,1.49428113614346,0.0
62.66331556875853,-18.690800131526984,2.2159782015261165,0.0,48.54825487028561,-11.244458484166962,4.456627527382868,0.0,24.48426681579501,-5.595273024945005,1.8897483615399455,0.0,59.30807172207918,-42.4291933115703,-4.60377364588857,0.0,39.35522932551268,-45.09396298261574,-4.17455608463121,0.0,10.118162467515003,-35.13264619002396,1.4934246142682959,0.0
62.6722433720873,-18.67461080764169,2.217915465227188,0.0,49.23670767013198,-11.760208173211414,4.148446084593622,0.0,24.485863757113183,-5.605085543230949,1.8864374652364155,0.0,59.306497374618544,-42.36161985498835,-4.559824000256624,0.0,39.98506919796537,-44.675653185374685,-4.086118527891535,0.0,10.122470689032408,-35.12928486801312,1.4920491886763703,0.0
62.6895877581816,-18.65286140330673,2.213395649038075,0.0,49.862265329033505,-12.27826868273411,3.8121010462596834,0.0,24.47713792331897,-5.6273670564241165,1.8762291388961234,0.0,59.30269454898797,-42.28913794297368,-4.517255184572991,0.0,40.56572925851099,-44.292835992931074,-3.95049228209599,0.0,10.1269895747022,-35.12528932894324,1.4900746470538468,0.0
62.71188462049986,-18.626467140932615,2.1995696977165426,0.0,50.41333448272304,-12.786632660897489,3.45309325487056,0.0,24.456949145161584,-5.659791970965711,1.8611470259601042,0.0,59.29887955772731,-42.21384153775803,-4.476552446329391,0.0,41.09673684586251,-43.93878251634876,-3.789878512633285,0.0,10.130869122395302,-35.12078918772241,1.4875818236111034,0.0
62.734742581919306,-18.597909813004716,2.1761325546150427,0.0,50.8803000558659,-13.27024766187849,3.0829426749032676,0.0,24.42751231718811,-5.6977711091347265,1.8440367352747522,0.0,59.29678318921999,-42.13860282878927,-4.437406177805881,0.0,41.58109649457962,-43.59942785236101,-3.626684698275734,0.0,10.140312991019982,-35.116589090933125,1.5007022353833914,0.0
62.754004083159344,-18.571131410640515,2.146136386561345,0.0,51.257664174362006,-13.712536956318015,2.717593134412038,0.0,24.394419852914623,-5.734822998185144,1.8280340590423148,0.0,59.29724843331415,-42.066676133412926,-4.39937696825148,0.0,42.024070339757195,-43.2573525620298,-3.479851726249919,0.0,10.149521251358538,-35.112817358118406,1.521461048282628,0.0
62.767022031767674,-18.55047329607237,2.115593727029095,0.0,51.54580732550111,-14.09806859663172,2.3747782139842535,0.0,24.365030218066224,-5.7641567852142215,1.8157800113006441,0.0,59.30014292030426,-42.00105892851257,-4.3625195351421695,0.0,42.431428205458445,-42.896530130674044,-3.3619643414931364,0.0,10.149777763178262,-35.10781830490221,1.5269909633029286,0.0
62.77343732859492,-18.53914030650685,2.0915497365119027,0.0,51.75165270895732,-14.415648375028816,2.071021999805642,0.0,24.345765578509393,-5.781166470042319,1.80859793528413,0.0,59.30454169457886,-41.943886681679004,-4.327759465665686,0.0,42.807733682223606,-42.507071674851844,-3.2775372059282972,0.0,10.14592638642989,-35.102239315267504,1.5276705274381541,0.0
62.775029908606214,-18.537991449538342,2.079231210660197,0.0,51.887879679443586,-14.660765075547475,1.818746496711288,0.0,24.33970204363156,-5.785494298384925,1.8060747441871872,0.0,59.30910528381265,-41.89613854899954,-4.29683201517201,0.0,43.155348897581,-42.08910487235157,-3.222873311171976,0.0,10.139555016075864,-35.096484333362646,1.5259213146062276,0.0
62.77476457278901,-18.545246042941212,2.079786218027891,0.0,51.970914599213216,-14.836493153391098,1.6239155030590071,0.0,24.345785322477724,-5.781181960869518,1.8063781834242736,0.0,59.31256979366974,-41.85775061601854,-4.271723156611296,0.0,43.47455113522797,-41.6546304562355,-3.1876920271509004,0.0,10.131958788747227,-35.09092155980377,1.5227476896355636,0.0
62.775626858325985,-18.557177546254962,2.0899988128821434,0.0,52.018379552341784,-14.95251659585989,1.484845579192621,0.0,24.359958790015078,-5.77458487432722,1.8072355456752067,0.0,59.31420754176413,-41.82800114997957,-4.253832786101491,0.0,43.764553204981375,-41.22620479498636,-3.1582087525813876,0.0,10.12416224412222,-35.085844090620405,1.5182898093685306,0.0
62.77984893093947,-18.569436962783456,2.1040553838001212,0.0,52.04674877073937,-15.022610163239985,1.3928218204544116,0.0,24.377329767396873,-5.771190973148008,1.8071142007499343,0.0,59.31407368480966,-41.805921401233974,-4.243301216811227,0.0,44.02473418300936,-40.83213360319177,-3.1207897740241677,0.0,10.11657160544835,-35.08138596427218,1.5116811089546989,0.0
62.78868363598031,-18.57847942548073,2.1161391269926693,0.0,52.069658562370755,-15.061456730500101,1.334606798538145,0.0,24.39411796816876,-5.773033741129955,1.8060336356397997,0.0,59.31292942881586,-41.790538543182564,-4.238867937064908,0.0,44.255408629436175,-40.499396323389504,-3.0651554221502666,0.0,10.108037437361673,-35.07742250889302,1.4995266623445893,0.0
62.8024366075592,-18.582622925879722,2.1224550962439537,0.0,52.09690556801152,-15.08187960351567,1.2960539206103796,0.0,24.408572588949603,-5.7778626211430435,1.805630510073037,0.0,59.31189264412629,-41.78090434397886,-4.2383079171238975,0.0,44.45793089246826,-40.24677377934533,-2.986452654927014,0.0,10.09539028327061,-35.07391715046196,1.4767280584459606,0.0
62.82039174327068,-18.582460542303487,2.1220246108386522,0.0,52.13396099261047,-15.09330240394031,1.2654726351973107,0.0,24.420765867533824,-5.780294508116525,1.8084524220135645,0.0,59.31198596971461,-41.77599313453459,-4.239195247658855,0.0,44.63435529678442,-40.080645935921986,-2.88594737609331,0.0,10.094549127360168,-35.07102300525329,1.478544572367353,0.0
62.84053468209248,-18.580577137186378,2.116347382102333,0.0,52.18192247170399,-15.101625859021208,1.2355697132523353,0.0,24.431692699841708,-5.7743877504852925,1.8167715224680343,0.0,59.31376710630649,-41.774582645190854,-4.239665057293242,0.0,44.78692466730899,-39.994662944016625,-2.770291627079451,0.0,10.094311933566276,-35.06758009058683,1.4802088659666452,0.0
62.85931866233291,-18.580695272655923,2.108387889129755,0.0,52.23802992008453,-15.110074102176636,1.2035607757793159,0.0,24.44226163417125,-5.756628447578433,1.8313575032695617,0.0,59.317164643100675,-41.775196832888305,-4.238916469684524,0.0,44.91754060590461,-39.97282677157316,-2.649528769487726,0.0,10.094174610562963,-35.06342603439667,1.4812026696572556,0.0
62.87188958258245,-18.58647309789427,2.101372964178113,0.0,52.29688390716819,-15.120257782036106,1.1698985629538328,0.0,24.45263116647485,-5.728129466619138,1.8506755388744498,0.0,59.32155213647958,-41.77618614854946,-4.237289284015664,0.0,45.0273608907702,-39.99434514479378,-2.5344137729374463,0.0,10.093803503946699,-35.05880773111901,1.4810011943261845,0.0
62.87307894714653,-18.600244338167983,2.0977540159596106,0.0,52.35221142780956,-15.132842709677071,1.136540458729245,0.0,24.46210268259271,-5.694929685373051,1.870951540715792,0.0,59.32599863943175,-41.776018512837645,-4.23586356978519,0.0,45.11669188144664,-40.03838572497183,-2.433937593514707,0.0,10.093070073073342,-35.054291382897006,1.4791842413942167,0.0
62.85910540127019,-18.622050188388307,2.0985368620090785,0.0,52.39865969496249,-15.147656036536148,1.105589598495353,0.0,24.469532682779885,-5.665938919137535,1.8873320896104033,0.0,59.32956337544581,-41.77373368833493,-4.2357326862045,0.0,45.18522509358236,-40.08748085273692,-2.3537958406794166,0.0,10.092039803467854,-35.05049957794415,1.4755929324555765,0.0
62.82943410497104,-18.649311727505193,2.1031082229088156,0.0,52.43303095682306,-15.163519840646469,1.0786358863678522,0.0,24.474001789152695,-5.649327744105621,1.895805548320558,0.0,59.33149839166559,-41.76931273453897,-4.237301721932047,0.0,45.23250629933675,-40.12929453698312,-2.296057921003234,0.0,10.090946823839117,-35.04781761493984,1.4704948301079934,0.0
62.787852821170624,-18.677346055085337,2.1096497863341668,0.0,52.454687547450625,-15.178293831217069,1.0566145668185811,0.0,24.475362020478418,-5.64918386009444,1.8949515716891998,0.0,59.331298516889426,-41.76365405128232,-4.239988135030078,0.0,45.258480020721706,-40.157196837822724,-2.259823050186366,0.0,10.090148116814184,-35.04621438343597,1.464660273401842,0.0
62.74187114638626,-18.70061454598774,2.1160998986841193,0.0,52.46526747978538,-15.18942137101175,1.0398541618720518,0.0,24.474377490888983,-5.6641167285671195,1.8865510776083152,0.0,59.328643986758436,-41.75806007570017,-4.242484068549146,0.0,45.26393330719244,-40.17034975243067,-2.242329998309293,0.0,10.090026555582575,-35.04523963904902,1.4592434688676743,0.0
62.70031640394656,-18.714223453335944,2.1213486594416953,0.0,52.46803639158782,-15.194865741598239,1.0281595431521566,0.0,24.472427164167893,-5.688294412228774,1.8747610943721629,0.0,59.3233478716964,-41.75348696612134,-4.243404659711716,0.0,45.250603880809784,-40.17383511818288,-2.2398882549734163,0.0,10.090838504828248,-35.0441730891977,1.4554486212280349,0.0
62.67018570505206,-18.715049407434588,2.126091106692053,0.0,52.4671251920643,-15.19401218832946,1.0209472006277043,0.0,24.470971477844575,-5.714087811861104,1.8643951295213164,0.0,59.31540829145805,-41.74999838992314,-4.241920461066716,0.0,45.22077797131064,-40.17887956850844,-2.2482028028750074,0.0,10.092561318873175,-35.042261059119745,1.4541037655957663,0.0
62.654435173796934,-18.70214207871027,2.132789982743436,0.0,52.46675103376261,-15.188096715501974,1.017443057739424,0.0,24.47105980911092,-5.7348776651920765,1.8592226704321426,0.0,59.305178019292235,-41.746716839529135,-4.238013768355774,0.0,45.17645171031437,-40.202668639518606,-2.262042056523069,0.0,10.094830174013225,-35.03896610754527,1.4553530333951432,0.0
62.65178244157317,-18.6765708159473,2.144619008959692,0.0,52.47045296980286,-15.179963167274867,1.0168636328421385,0.0,24.47307191257813,-5.746811798349423,1.8609821699987616,0.0,59.29354653144808,-41.742216710817836,-4.232263337324429,0.0,45.11841267375065,-40.26692569765784,-2.274526864254188,0.0,10.104412422193132,-35.033991891030496,1.4739736033924,0.0
62.65830574671406,-18.64113465818367,2.1638382264207845,0.0,52.48040941986879,-15.173257605558275,1.018478236756449,0.0,24.47674226081567,-5.749038189057014,1.8693146025737217,0.0,59.28195311613982,-41.73506695079231,-4.225350679205479,0.0,45.04576426759399,-40.39460053253867,-2.2765267422679933,0.0,10.114689798716402,-35.02816514547656,1.4991064419657114,0.0
62.66973118815749,-18.60011852202143,2.1904013720599806,0.0,52.49697416221939,-15.171374232473536,1.0215280932926305,0.0,24.481410693736276,-5.742695476678804,1.88242344580115,0.0,59.27208605379525,-41.724265321531966,-4.217615451709317,0.0,44.9564023368144,-40.604596043057796,-2.2567289430336643,0.0,10.117821163468507,-35.02171025123271,1.5114239527380366,0.0
62.68326243265078,-18.558893291278217,2.2214940255040716,0.0,52.51859861407621,-15.176519230670866,1.0250875864735285,0.0,24.486401945455988,-5.729404964057659,1.8980725223791204,0.0,59.26530910191184,-41.709488558837556,-4.20890609528022,0.0,44.84868850153882,-40.905293269459236,-2.202830556536444,0.0,10.117069208743594,-35.01523822114917,1.5171648420407013,0.0
62.698311744852,-18.52310154156595,2.2522577444962195,0.0,52.54224637343278,-15.189194967477963,1.028001055242786,0.0,24.491427027023803,-5.710096654854006,1.9145025153511277,0.0,59.26210580869134,-41.69119096797302,-4.198745034742224,0.0,44.7240332796736,-41.28871118871229,-2.1039892512120373,0.0,10.112763507264027,-35.00932500552891,1.5170071228555493,0.0
62.716089061479764,-18.497486635634914,2.2774392653614584,0.0,52.56424101086914,-15.20825239044416,1.0289831834874459,0.0,24.496890098124716,-5.684731802116735,1.930937611806046,0.0,59.26190247983987,-41.670548143334976,-4.186634965576618,0.0,44.58943409566398,-41.72819130788259,-1.9541682780332632,0.0,10.104278624012203,-35.004203321079096,1.5099303747927255,0.0
62.7384568851756,-18.484736900431905,2.2933154283225967,0.0,52.581292095085516,-15.231420409611074,1.026881534311011,0.0,24.503977054095795,-5.652938369179836,1.9475521974913885,0.0,59.26338061364255,-41.6492052381317,-4.172316340807287,0.0,44.45843083330572,-42.18231006943524,-1.7551681904192495,0.0,10.08568644350612,-35.00005330624163,1.4845311913717953,0.0
62.76665846257934,-18.484733109528268,2.29909812103306,0.0,52.591344551105095,-15.255997007010892,1.0210296773656378,0.0,24.514424347233774,-5.615018378083127,1.9650150998490137,0.0,59.26504723623277,-41.62887137105651,-4.1558954849606415,0.0,44.349046948321075,-42.60492264471568,-1.5173688506515868,0.0,10.073142738374894,-34.99575639879481,1.4765624080492668,0.0
62.80045897411048,-18.494405268657097,2.2972193826352303,0.0,52.59397713055072,-15.27936792504616,1.011577160528219,0.0,24.52995154488835,-5.572591480730815,1.9839059783420208,0.0,59.26573314475317,-41.61091256655583,-4.1378491605408385,0.0,44.27883743512974,-42.957053054996855,-1.2569903524340882,0.0,10.063782685763192,-34.99003920150017,1.4762945181009357,0.0
62.838012073201995,-18.508283190902805,2.2923936504895863,0.0,52.59029592713114,-15.299248283410797,0.9996534217841173,0.0,24.55148633829344,-5.528452543720871,2.004305339629317,0.0,59.264843728942665,-41.59609714088328,-4.11893868302732,0.0,44.25941538594824,-43.2148107890681,-0.991224138572,0.0,10.054489887158407,-34.98261795616482,1.4759683897563658,0.0
62.876478020104564,-18.51977728861918,2.2898695904580837,0.0,52.582475533504436,-15.313798958981732,0.9872382260797181,0.0,24.578449979472055,-5.485778153878849,2.0257004144568693,0.0,59.26236520977782,-41.584550364070424,-4.100090624293092,0.0,44.29352237812735,-43.37041845225996,-0.7343167512156175,0.0,10.046352060107637,-34.97346134709949,1.4761415233279482,0.0
62.91306788458205,-18.523039625345852,2.2935445162064827,0.0,52.573159686078434,-15.321819501572262,0.9767203314432962,0.0,24.608414803927047,-5.447196682160802,2.047141729030498,0.0,59.25870931450182,-41.57587817370702,-4.082306382011465,0.0,44.37600197509512,-43.42771694180264,-0.49661087444934715,0.0,10.04018861262583,-34.9631338841825,1.4773475916017578,0.0
62.945884507717714,-18.514876062853588,2.304601269340562,0.0,52.56486338939909,-15.323061133194003,0.9702903071767093,0.0,24.637358309235832,-5.4142433435466515,2.067474973263936,0.0,59.25449896525774,-41.56937910708618,-4.066593489862212,0.0,44.49755735672164,-43.39570322811233,-0.28597903262625834,0.0,10.036196386949534,-34.95261519927219,1.479833406521001,0.0
62.974019627787236,-18.49589488210215,2.3211448357830857,0.0,52.55945220758495,-15.318495966995759,0.9694035670918701,0.0,24.660546687764686,-5.3874538752179095,2.085509621625773,0.0,59.250391949176375,-41.564256514877925,-4.05384165515283,0.0,44.648862595053295,-43.28338885767281,-0.10956213777413559,0.0,10.033852199592275,-34.94296603136325,1.4833688242266376,0.0
62.99694730744462,-18.470254915675408,2.3389963307605246,0.0,52.55778490543786,-15.31027911496062,0.9744886170422671,0.0,24.673820744444242,-5.366988207272486,2.100095566970545,0.0,59.246988188187856,-41.5597343621477,-4.044633523295425,0.0,44.823012361760526,-43.097805878277406,0.025827748916089632,0.0,10.032155414999586,-34.934993293565306,1.4872640649356406,0.0
63.01382609680621,-18.44404159220131,2.353377774836,0.0,52.55962772802133,-15.301240129881963,0.9849331219989761,0.0,24.67481158571073,-5.353364050482415,2.1101635094022537,0.0,59.24478430180915,-41.555021716823596,-4.039109140790665,0.0,45.015724891567636,-42.84524711496416,0.11480739927266548,0.0,10.030091691870286,-34.92905892685658,1.4906084045625345,0.0
63.02333525431219,-18.423011790706223,2.360859842015296,0.0,52.56389109703599,-15.294012155184175,0.9992842756145865,0.0,24.663570171396657,-5.347778179452433,2.114811811011453,0.0,59.244113527862744,-41.54920625500995,-4.036977890638493,0.0,45.2240519085089,-42.534345599950946,0.1550575995624346,0.0,10.027078673558051,-34.925087516292656,1.4926136790862436,0.0
63.02420667285678,-18.410680151662117,2.3608343279905757,0.0,52.569123543426166,-15.290169819808074,1.0155892809376805,0.0,24.642379246325028,-5.351718197859711,2.113497676329887,0.0,59.245074342827955,-41.54126640395659,-4.037607900256614,0.0,45.44488812231335,-42.17888060862447,0.1483517653758586,0.0,10.023181531370135,-34.92271239714619,1.4928845537294304,0.0
63.01616655710145,-18.407370062710182,2.3559161006577245,0.0,52.57411459207105,-15.289786080515713,1.0318166346790498,0.0,24.614948353428165,-5.366018482713135,2.1063080548906257,0.0,59.24751168354426,-41.530336407185494,-4.040052346577049,0.0,45.67423708111027,-41.798521658272755,0.1004619173705752,0.0,10.019017789269727,-34.921442637443704,1.4914843060782879,0.0
63.0008165502683,-18.410322567724563,2.3510200536744303,0.0,52.57842035428808,-15.291598048298859,1.0462888701098905,0.0,24.585405802759624,-5.389878686572989,2.094175836055223,0.0,59.25108553347731,-41.51616516843265,-4.042991313124168,0.0,45.90740469268085,-41.416898800150555,0.020258438309690874,0.0,10.015423331366609,-34.92076893228372,1.4887934434173022,0.0
62.98197532502514,-18.414659037733816,2.351412742302232,0.0,52.582596355246395,-15.293665124474602,1.058039509473872,0.0,24.557381239663417,-5.420394609244194,2.078873215568656,0.0,59.25539387571247,-41.49951632032921,-4.044735415922178,0.0,46.139674363361905,-41.05777030716212,-0.0813125274103399,0.0,10.013056615136104,-34.92020936142502,1.4852790671738312,0.0
62.965129261976685,-18.4149208621582,2.3605902107554115,0.0,52.587970882882395,-15.294198678490064,1.067012473740938,0.0,24.533307613728574,-5.452875019286546,2.0627214067786834,0.0,59.26009021460832,-41.482200307937525,-4.04347771028916,0.0,46.36691492548265,-40.74084772812054,-0.19201164816668914,0.0,10.012136278140563,-34.91934740747461,1.4813214141717914,0.0
62.9559929103649,-18.406823239982643,2.378938405566535,0.0,52.596006361066756,-15.292205999283922,1.0740414943003618,0.0,24.51411255591303,-5.481860542121068,2.048115752677191,0.0,59.26494203841176,-41.46658756722272,-4.037845319002146,0.0,46.585823316948996,-40.47871502364939,-0.29905971209258286,0.0,10.012428956832405,-34.91789591817472,1.4771731939574924,0.0
62.95865728903034,-18.388710654770797,2.4036737102578805,0.0,52.607563060427346,-15.287702820431802,1.080567156357164,0.0,24.499525796336666,-5.502527134171367,2.0370326504682,0.0,59.26979071849719,-41.454776443498645,-4.027564049646376,0.0,46.7937455551412,-40.275675419352744,-0.39028137116098804,0.0,10.013462829918673,-34.91576437264271,1.473022600943409,0.0
62.97407782311278,-18.362162189586986,2.4299171222559703,0.0,52.62246386351773,-15.281463524207176,1.088111583858721,0.0,24.488985904172633,-5.51205625165544,2.030645824141171,0.0,59.274421271679664,-41.447861499380195,-4.0138669250478065,0.0,46.98813332156528,-40.12883095926732,-0.455713640402327,0.0,10.014820126380297,-34.91307868164491,1.4690711622622672,0.0
62.999538094902306,-18.33141778141264,2.4523637188068665,0.0,52.639578976729105,-15.27450608927915,1.0976715280923486,0.0,24.48269888410391,-5.510493096069141,2.0291357357875093,0.0,59.27843511907025,-41.44571303141623,-3.9993276743141166,0.0,47.16581082370968,-40.03122521984754,-0.4891881086963892,0.0,10.016338551770298,-34.91013035575098,1.4655560753347956,0.0
63.029334302387454,-18.301747784669384,2.466980916659285,0.0,52.65734983728189,-15.267619161589979,1.1093190552573304,0.0,24.482217360187366,-5.500673066919512,2.0317537318498964,0.0,59.281264172299394,-41.447323026183355,-3.9870899215331077,0.0,47.322382386433446,-39.97613915320579,-0.4891130458245678,0.0,10.018130741613257,-34.90728040241374,1.4627098443978799,0.0
63.056455149399255,-18.277365707023964,2.4723088597063168,0.0,52.67445779157142,-15.26115868435802,1.1222456409057546,0.0,24.490159712319613,-5.487143414051509,2.0371313670097084,0.0,59.28239703684582,-41.451390140278434,-3.979774040828799,0.0,47.45213558766575,-39.96082039512202,-0.45793410737164564,0.0,10.020441887534112,-34.90486418179879,1.4606969018297349,0.0
63.07465061168693,-18.25973817708679,2.47002614329317,0.0,52.6903128825745,-15.255135913130205,1.1352235998897857,0.0,24.509142294031605,-5.474501697071527,2.0437125654784154,0.0,59.281741462569926,-41.456712071808155,-3.9784817508943124,0.0,47.54862479298957,-39.98780597522339,-0.40040324071593236,0.0,10.023440993484414,-34.9031274804425,1.4595704773059452,0.0
63.08015732117415,-18.24702212137308,2.46449305155722,0.0,52.705150144014134,-15.249438565395927,1.1471887832805052,0.0,24.540359906899063,-5.465839428422097,2.050139005291239,0.0,59.27993070350755,-41.46217532883496,-3.9822803442330716,0.0,47.60590825745797,-40.062966149899346,-0.32139851081732473,0.0,10.027057611980062,-34.90219808705643,1.4592714877557338,0.0
63.072537657065816,-18.234907823572783,2.461202921268004,0.0,52.71969079865158,-15.243984957871781,1.1575986228405188,0.0,24.58243156597424,-5.461885462165754,2.0554737076505365,0.0,59.27836190455467,-41.46650592128931,-3.9883977462800484,0.0,47.620207137395596,-40.190927162155255,-0.22416108045089267,0.0,10.030937406603268,-34.902084853924144,1.459669069519455,0.0
63.0544826950632,-18.218568513735033,2.4645828153941185,0.0,52.73451915463624,-15.238706138171976,1.166419105263076,0.0,24.63111403372976,-5.461153657714049,2.0592313571121448,0.0,59.27883119306898,-41.46820261504012,-3.99312771708556,0.0,47.59152047607872,-40.369746824017476,-0.10949903595610078,0.0,10.034520603588668,-34.90269687616597,1.4606245573007826,0.0
63.030883952212356,-18.194907307309176,2.476142050738792,0.0,52.749517453332885,-15.233396615383642,1.1738681507515185,0.0,24.680165283847952,-5.461048472229335,2.0612435455182805,0.0,59.28280362890429,-41.46597136157467,-3.993168689184884,0.0,47.52460641314057,-40.58714105620234,0.02383999880467158,0.0,10.03719052112113,-34.9038768747549,1.4620461613660414,0.0
63.00785120979313,-18.16407709728763,2.494060406530405,0.0,52.76375858347607,-15.227575916732361,1.1801742201281513,0.0,24.72301173863935,-5.45949759711415,2.0614317907523816,0.0,59.29060193050647,-41.459519866067865,-3.9868852659437337,0.0,47.42888579273382,-40.8201158265379,0.17776321431017017,0.0,10.03842255791665,-34.90544285797279,1.4639006041981162,0.0
62.992368731954656,-18.12957022574724,2.5146893234585868,0.0,52.776011446161455,-15.220507594080383,1.1855126961934221,0.0,24.754334245496942,-5.456364721670238,2.0595977384968265,0.0,59.30095728676684,-41.45014546911035,-3.9749451836659437,0.0,47.317194651562616,-41.03862949858121,0.35301099381124423,0.0,10.037882107279184,-34.90723409932573,1.4661729352965054,0.0
62.99271495082139,-18.096899687086175,2.5354593193420243,0.0,52.78555916690805,-15.211427548580122,1.1900818846874799,0.0,24.770801299830502,-5.4538835230730145,2.0553545637758805,0.0,59.31124041937249,-41.44059841636313,-3.9600611810865427,0.0,47.20373696084723,-41.21224737529471,0.5478527705202545,0.0,10.035463568682136,-34.90915308728585,1.4688066306150933,0.0
63.01890259767835,-18.071452124538332,2.557952753220773,0.0,52.79277300544449,-15.19989309608611,1.1941851419257716,0.0,24.770963982596292,-5.455786792607425,2.0482945467323646,0.0,59.31832886079551,-41.43418791640739,-3.94600298606767,0.0,47.10192319498947,-41.317403683132426,0.7578997168491917,0.0,10.031313363944665,-34.911180310252234,1.4716763828949944,0.0
63.08199395444052,-18.056156975206914,2.589752741666736,0.0,52.799083643625714,-15.186074283840375,1.1982534187888092,0.0,24.7550185900245,-5.465467703433373,2.038388962560626,0.0,59.31976593361197,-41.43354830410286,-3.9363100679929586,0.0,47.02286708955111,-41.34260870993004,0.9768034784724744,0.0,10.025882121341105,-34.91333760960993,1.4746184134980354,0.0
63.191723254472585,-18.04947665232754,2.6441037653478148,0.0,52.80642119604633,-15.170840090094178,1.2028348803026123,0.0,24.72498906607429,-5.483985621647875,2.026453857614758,0.0,59.31480286208605,-41.43958119841537,-3.933123996572763,0.0,46.974979641707236,-41.28984746439999,1.1970664201662657,0.0,10.019976105300984,-34.91560802802982,1.4774881659944672,0.0
63.35307978060664,-18.04424721904985,2.737234039022299,0.0,52.816462169109734,-15.15561453089697,1.2085742018284424,0.0,24.685092891603333,-5.508817604041908,2.014374104748539,0.0,59.30497164730358,-41.4509434531289,-3.936455703792803,0.0,46.96442357206727,-41.171968903282625,1.410441825702767,0.0,10.014703799864796,-34.91786129300339,1.4801847574033236,0.0
63.56348606697089,-18.027955318620965,2.8840963798297405,0.0,52.83001235148152,-15.142087853340463,1.2161397956330724,0.0,24.641563625012875,-5.5340076220974606,2.004811042542226,0.0,59.29390222485924,-41.464276020410864,-3.9441379161699697,0.0,46.99563511948143,-41.007402436358994,1.6081066759647307,0.0,10.011247446959956,-34.91984559985727,1.4826055388922885,0.0
63.81228692587776,-17.984717322108665,3.093910506943171,0.0,52.84671133117799,-15.131895490654554,1.2260352246760746,0.0,24.60154569509989,-5.551800418955436,2.0004137677477285,0.0,59.286280595419804,-41.47517487891012,-3.9525764590144297,0.0,47.07115423259687,-40.814512577294956,1.7811802152089555,0.0,10.010518460322416,-34.92127797311303,1.4845569166822177,0.0
64.08341284336863,-17.89851017448298,3.367027371489394,0.0,52.86509467245466,-15.126338235737522,1.2382972172714979,0.0,24.571459405602383,-5.555086977049254,2.0029319679411497,0.0,59.28623450767305,-41.47959491263678,-3.958084832169929,0.0,47.19061747076974,-40.607831525759565,1.9219031357599015,0.0,10.012856620886438,-34.922007872143496,1.4857040035092748,0.0
64.36071780955176,-17.75658143453963,3.6943731312997112,0.0,52.88292841872246,-15.126168701462833,1.252200029037132,0.0,24.55565937750074,-5.539521656091657,2.0127263349956106,0.0,59.29582184563802,-41.47507682859768,-3.958220223662641,0.0,47.349466534209164,-40.39723649199982,2.0252265747183724,0.0,10.017917464881524,-34.92216165370073,1.4856414328968182,0.0
64.63416080171869,-17.551886924683746,4.060110706572933,0.0,52.89765938757433,-15.131450104895942,1.2661673585088362,0.0,24.555910669604472,-5.5044478062980335,2.0288800630886055,0.0,59.31433157014794,-41.461240702955735,-3.9524808127319577,0.0,47.53822587614763,-40.18955348606639,2.090194715432986,0.0,10.024782687375282,-34.92214623756876,1.4840894801680005,0.0
64.9042478796713,-17.283875384398794,4.446977458391055,0.0,52.9068382663221,-15.141504820566455,1.2780556310174038,0.0,24.571550865366063,-5.452573139276255,2.0497187412991877,0.0,59.33868916135759,-41.439478700569126,-3.9421043297160026,0.0,47.7430123285747,-39.99101021820135,2.1205223156677038,0.0,10.032211211363517,-34.92245776484738,1.481112474450148,0.0
65.18248331812217,-16.957651205390167,4.842224891576148,0.0,52.90846576147645,-15.15498493628342,1.2857978639175158,0.0,24.599834752068524,-5.388985283446438,2.0733551485659554,0.0,59.364676186762495,-41.41226720466433,-3.929247085167705,0.0,47.94745160484477,-39.808860737006576,2.1240566093592674,0.0,10.038904375771034,-34.92338721634108,1.4772175679581636,0.0
65.48713603487461,-16.58217778267266,5.2413041667304014,0.0,52.90130439632119,-15.170086520911804,1.2881733744817314,0.0,24.6361498942811,-5.32018343958173,2.097948400976943,0.0,59.38833592048125,-41.38253946990724,-3.9161021230643476,0.0,48.135605267397274,-39.651205787803804,2.11118999520943,0.0,10.043708748866582,-34.924810938925376,1.4732620798850942,0.0
65.8358471959881,-16.16852359053359,5.647393511100056,0.0,52.885191987877946,-15.184885103536324,1.2853494622869608,0.0,24.674279329484744,-5.2534404602655815,2.1216090877365996,0.0,59.40700200126073,-41.35320939937201,-3.9043761657321667,0.0,48.295036196118765,-39.5251349708104,2.0926184691996577,0.0,10.045761012940387,-34.926196145559366,1.4702100844137203,0.0
66.23835581294684,-15.728966251744872,6.0670981313228864,0.0,52.861287780793205,-15.19770368888834,1.2789180087821403,0.0,24.70714715612415,-5.196336980762976,2.1421671507106588,0.0,59.419686214228804,-41.32670299207186,-3.8951892009456905,0.0,48.41896791996475,-39.43432032948489,2.0770625426013725,0.0,10.044605346087618,-34.92679885294527,1.4688441638010499,0.0
66.69280258792392,-15.276960178193573,6.504660464019455,0.0,52.83209145733926,-15.207379411566219,1.2713735408089555,0.0,24.728234942775995,-5.156025494248481,2.1571849774535856,0.0,59.426864288926176,-41.30446977337914,-3.8891940557676516,0.0,48.50679312338987,-39.37753777249415,2.069647008891134,0.0,10.040280786245969,-34.92593074289478,1.4695370611973981,0.0
67.18736992742103,-14.827102399648082,6.95766535249906,0.0,52.80110015380402,-15.213333830325514,1.2652255834310804,0.0,24.733334186247138,-5.137892250226172,2.1644823243489455,0.0,59.429905646491896,-41.28668010439629,-3.8866628885606778,0.0,48.56288913667386,-39.3490045990345,2.071475493415594,0.0,10.033349152478163,-34.9231820556113,1.4721545270359453,0.0
67.70629034146579,-14.394214284130594,7.4163555164818575,0.0,52.77211176231667,-15.215470190765663,1.2621071531345542,0.0,24.72194440230087,-5.143801294564117,2.163042528239073,0.0,59.43046958965137,-41.27233672447839,-3.8873972287534,0.0,48.59442213775368,-39.340292542052325,2.08047805626076,0.0,10.024835778215158,-34.91854755584755,1.4761201409322453,0.0
68.23707178179332,-13.991553222982692,7.866777237219441,0.0,52.74837560262685,-15.21400993212914,1.2622708618125476,0.0,24.697644045789897,-5.170733637539892,2.1537611709212108,0.0,59.43010993305051,-41.25978905104447,-3.890504915330987,0.0,48.609124652011566,-39.34274264724052,2.093052274724733,0.0,10.016060043422055,-34.91243742657384,1.4806239572655446,0.0
68.77538787455417,-13.628979251685706,8.295962206887767,0.0,52.73192191782111,-15.209362005182637,1.2647114387636904,0.0,24.667105664183584,-5.21086354369314,2.139453499290731,0.0,59.43014381615869,-41.24737723472443,-3.894265687501468,0.0,48.613779700587514,-39.3492791705583,2.105734435736963,0.0,10.008360913979592,-34.90557007986064,1.4848948432391218,0.0
69.32563114700787,-13.311900355422974,8.69637362227941,0.0,52.723344829668264,-15.202054359684587,1.2678519585827566,0.0,24.637993270155235,-5.253567018922517,2.123975298843437,0.0,59.431677271987795,-41.233897579406104,-3.8963504122825015,0.0,48.6136064236434,-39.355097633742275,2.116302266198529,0.0,10.002807869389104,-34.89878140193645,1.4884078329707133,0.0
69.89761272261234,-13.04131192137766,9.067558528310496,0.0,52.72206395372581,-15.192734557532809,1.2704385530032152,0.0,24.616554038577394,-5.2887311494768765,2.1109042659420183,0.0,59.435628516181815,-41.218769007595114,-3.8944915020078597,0.0,48.61230449461544,-39.35736695300394,2.124120515068749,0.0,10.000050028737451,-34.89282578139095,1.4909224658229618,0.0
70.5017266028882,-12.814805678495063,9.414821077742253,0.0,52.72683370621041,-15.182237841434542,1.2721856222327812,0.0,24.605911394404462,-5.309843254873425,2.1024729326439644,0.0,59.442646929395835,-41.20198873818475,-3.887400079724289,0.0,48.612371048706486,-39.35447663853062,2.1298688210968564,0.0,10.000372351407307,-34.88823046131142,1.4923629887023768,0.0
71.1450600946001,-12.6281946320028,9.74639419679733,0.0,52.736207562248964,-15.171660857439997,1.2738589945449412,0.0,24.605674657838787,-5.315435847865914,2.0991884744632507,0.0,59.45294340297159,-41.184028215797596,-3.875472396287374,0.0,48.61539252604403,-39.34538390217434,2.1349181063258396,0.0,10.00384657702472,-34.88520889168548,1.4926640827680604,0.0
71.82971035899381,-12.477299432388117,10.070953746175636,0.0,52.74879957678692,-15.162307668002157,1.2767892214336474,0.0,24.6127939736978,-5.308459493866103,2.1001295875264248,0.0,59.46615224791533,-41.16573624309732,-3.860818373237424,0.0,48.62218425285509,-39.32936417575995,2.140630256704549,0.0,10.010390228621542,-34.883619616215114,1.4917050245100896,0.0
72.55309928558782,-12.35943681475815,10.396412808447641,0.0,52.76335715692524,-15.155400884208381,1.2821016281646749,0.0,24.62309838419117,-5.294251496013956,2.1036279627466907,0.0,59.48135639403546,-41.14819804254797,-3.8464714169326983,0.0,48.6328074454173,-39.30613463969726,2.1478144654764275,0.0,10.019667549313258,-34.88299302998228,1.4893600120880066,0.0
73.30927810917241,-12.27421451067612,10.729688626996447,0.0,52.77874176499885,-15.151601707689963,1.2900746746320007,0.0,24.632857292843774,-5.278254599742047,2.1079940102915433,0.0,59.49731572940204,-41.132460746588244,-3.8351440351070343,0.0,48.64658884453807,-39.276092440130085,2.1564826345335657,0.0,10.030943036245858,-34.88265990043223,1.4856165611981602,0.0
74.09026369664721,-12.22334391209477,11.076468482988647,0.0,52.79390863278515,-15.150551946659547,1.2999375084274938,0.0,24.639878797482602,-5.264407563497113,2.112027284570793,0.0,59.51281750607186,-41.1191292609201,-3.8281947813677624,0.0,48.662268827110665,-39.240390905846546,2.1659257704609125,0.0,10.043054931130303,-34.881951965348414,1.4807037335563695,0.0
74.88701549459891,-12.209395195949382,11.440208464335582,0.0,52.80794112807102,-15.150706346666183,1.3101703093650325,0.0,24.64391860662572,-5.254552624630326,2.115181904002739,0.0,59.52700164262099,-41.10801181751508,-3.8253048497552395,0.0,48.67832531397118,-39.200755663295276,2.1750259281824516,0.0,10.054584612285886,-34.88037370674071,1.47518273227311,0.0
75.69019614017839,-12.233822949972307,11.820448120882936,0.0,52.82015754342886,-15.149632999919406,1.319126823759735,0.0,24.64641019499335,-5.24871255805068,2.1174131615773746,0.0,59.53953440067384,-41.09807981386701,-3.8248912133956416,0.0,48.69342298855186,-39.159167901334904,2.1826491538280255,0.0,10.064163600669346,-34.87766052608345,1.4699527143461868,0.0
76.49092144914701,-12.295057990096414,12.211431085316168,0.0,52.83025727527483,-15.144784467385392,1.325680288025337,0.0,24.64969892765238,-5.245855677654469,2.118871312618431,0.0,59.55058036767676,-41.08785785353642,-3.8249075303477866,0.0,48.70684771258352,-39.11760018275064,2.187957005243188,0.0,10.070789904060398,-34.87373122362426,1.466130888801727,0.0
77.28139510631017,-12.38758399811807,12.60220306945012,0.0,52.83841721876413,-15.134539158653107,1.3296306470843522,0.0,24.656068961964777,-5.244735160119959,2.1196559795643033,0.0,59.56059950714412,-41.07606829048438,-3.8236135655439245,0.0,48.718721173086394,-39.077836041034146,2.190541606265361,0.0,10.074035963327415,-34.868612642525235,1.4647962106387347,0.0
78.05516497470614,-12.502435795446157,12.978517917357708,0.0,52.845237327406565,-15.119119081989725,1.3317358030906448,0.0,24.66689353715385,-5.244476022277782,2.119762250896274,0.0,59.57004803536572,-41.062172258221445,-3.8200468773009764,0.0,48.729846426602805,-39.041260515263986,2.1903912785128377,0.0,10.074081977172224,-34.86240184603501,1.4666403548472022,0.0
78.80693197247498,-12.628829755598517,13.325761478687065,0.0,52.85149948196913,-15.10090111672831,1.3333700667086656,0.0,24.68219127496683,-5.244757914230836,2.1191917170490466,0.0,59.57909454189691,-41.0465208449003,-3.814129250111998,0.0,48.74126016527271,-39.00857209113816,2.1877588187304866,0.0,10.07157940385725,-34.85527047216239,1.4716405561146946,0.0
79.53208884047228,-12.756257511314683,13.631686552641321,0.0,52.857811072951115,-15.083799764811413,1.335955632962765,0.0,24.700708393047375,-5.24564760611181,2.1180836411100685,0.0,59.58746912339163,-41.03007683840082,-3.8064720640141765,0.0,48.75377671822564,-38.97953243866247,2.183007685179028,0.0,10.06742258963396,-34.84746929939136,1.4789255509750525,0.0
80.22626973593317,-12.876433936458943,13.88813695141672,0.0,52.86428893976046,-15.071849490424192,1.3404256374813226,0.0,24.72041621581578,-5.247265809062438,2.116733960669624,0.0,59.59451937093597,-41.01389841211894,-3.7979984890830547,0.0,48.76777905770818,-38.95292392469836,2.176479964191863,0.0,10.062535477815633,-34.83928666669515,1.4869790339556577,0.0
80.885206466378,-12.98468006720237,14.091523861132293,0.0,52.87045280708515,-15.067624281942635,1.34696451471223,0.0,24.73915150741326,-5.249483276790723,2.1154957807401313,0.0,59.59945608531838,-40.998662356971735,-3.789526778762843,0.0,48.783297192557974,-38.92679636226506,2.168395931917903,0.0,10.057736313478525,-34.830949450607775,1.4941732020340712,0.0
81.50510744593795,-13.080470352791833,14.242184215339774,0.0,52.875412584848924,-15.071287577081161,1.3551079290870316,0.0,24.75514450291456,-5.251782366029778,2.114671512343289,0.0,59.60168107743487,-40.98444654580989,-3.781480283682882,0.0,48.80023725219845,-38.89895383713427,2.1587873527125208,0.0,10.053666267460212,-34.82250643778716,1.4994236186622558,0.0
82.08355813593747,-13.166998730872988,14.342916297293128,0.0,52.878275942410575,-15.080676040290705,1.364094773354072,0.0,24.767324612607496,-5.253338234846675,2.114501960873568,0.0,59.60104970478368,-40.97085436711397,-3.773851724651193,0.0,48.81858930539745,-38.86752698650677,2.1474977180965755,0.0,10.050732914568043,-34.81376353752062,1.5026529439806815,0.0
82.62063148080706,-13.249756927163533,14.39710267543932,0.0,52.87857809145152,-15.092196694842361,1.3732742538894946,0.0,24.775413305683617,-5.253274129190843,2.1152441903554955,0.0,59.59794717340242,-40.95740142324387,-3.7664165906278413,0.0,48.83850653647105,-38.83143040587214,2.1343018512169767,0.0,10.049058034785798,-34.804328774867045,1.5048220989363585,0.0
83.11959531229495,-13.334385434120188,14.406933620746457,0.0,52.876535404040915,-15.101974822565351,1.3823822296091972,0.0,24.779840881210205,-5.250958841000732,2.1172274127046506,0.0,59.59313863340598,-40.94394091115383,-3.75904350850341,0.0,48.860241047740274,-38.79054808471774,2.119133411467363,0.0,10.048484931890071,-34.793783666439836,1.507487586190754,0.0
83.58650290604561,-13.42451043012755,14.372253496543054,0.0,52.87301499761998,-15.106811448282144,1.3915663734725694,0.0,24.78151883145452,-5.246199077702468,2.1207879706604267,0.0,59.58745980164974,-40.930853891769836,-3.7518878280451418,0.0,48.88398377370006,-38.74561603334161,2.102300904653921,0.0,10.048710577185744,-34.78193956857529,1.5120638268051945,0.0
84.02834311489046,-13.520560264228854,14.29038358159367,0.0,52.869213268373564,-15.104828028672943,1.4011605361997592,0.0,24.781526452636438,-5.239249323280178,2.1260983803668356,0.0,59.58148981153788,-40.91885155301425,-3.745293786158925,0.0,48.909661465821706,-38.69792086379944,2.08455692114965,0.0,10.049526791738616,-34.76907574094117,1.5191055950068328,0.0
84.45034567286704,-13.62016182241975,14.156962285646365,0.0,52.86614375054866,-15.095839698590698,1.4113640125140154,0.0,24.780814248332756,-5.2306609835828795,2.133010444669477,0.0,59.575334738202145,-40.9084933918109,-3.7393659225589246,0.0,48.936730235604344,-38.649004955079945,2.0669969379187823,0.0,10.051042130787902,-34.75602895184318,1.5279254004599334,0.0
84.85385939609088,-13.719801527925,13.967533061207169,0.0,52.864160613835146,-15.081423110920005,1.4220527347539385,0.0,24.78002994216174,-5.221053211143712,2.1410325591877264,0.0,59.568564335723195,-40.8997374407646,-3.7333908943155336,0.0,48.96404063904975,-38.60048779106923,2.050867102990301,0.0,10.053722160988805,-34.74405015983315,1.5367375593979347,0.0
85.23611945043177,-13.81678029757635,13.719418427166147,0.0,52.86279753229511,-15.0645351266959,1.4328390889419413,0.0,24.779514447870334,-5.210902077011813,2.1494634791601666,0.0,59.560280288430235,-40.89182904809535,-3.725488227575118,0.0,48.98992128504039,-38.5539429780463,2.0373398266841107,0.0,10.058183137890776,-34.734443082602525,1.5433201807697454,0.0
85.59218329113588,-13.910584565628941,13.413353629735916,0.0,52.86106547997881,-15.048624190285354,1.443295663235391,0.0,24.77943170882629,-5.200443198891743,2.157597236003852,0.0,59.54932029287985,-40.88360437116139,-3.712887108181876,0.0,49.01260819256389,-38.510701026221724,2.0272415587770105,0.0,10.064832796226476,-34.72809483884158,1.5459606489620192,0.0
85.9181228430183,-14.00335801546098,13.0543986780091,0.0,52.85806692355443,-15.036458913064603,1.4531648445574863,0.0,24.77993619793884,-5.189752675249508,2.1648829693312948,0.0,59.53466746328575,-40.87402509448526,-3.6930126951584246,0.0,49.030945449578866,-38.47157488495658,2.0207385813611616,0.0,10.073544640486402,-34.725066892010005,1.5442862111921407,0.0
86.21386099436548,-14.099577957893235,12.651864789327579,0.0,52.85355750681072,-15.029153042430876,1.4624480562071742,0.0,24.781268237332718,-5.178974875836107,2.1709849075854244,0.0,59.516122177116685,-40.862677676370666,-3.665202915166894,0.0,49.04502081395056,-38.436685247200046,2.0171117677636676,0.0,10.083528800826734,-34.72442533543457,1.5395846232506916,0.0
86.48410819523596,-14.205044632210772,12.218383258210412,0.0,52.848112853067754,-15.02584900749017,1.4713778763899708,0.0,24.783705687475926,-5.168546746272224,2.1757711603631797,0.0,59.495153161189066,-40.85009060264252,-3.632520307689914,0.0,49.05634188928767,-38.4055814546335,2.0148034362187346,0.0,10.09347495667581,-34.724431585396516,1.5344202567726608,0.0
86.73682276584694,-14.32519698429331,11.768554032347662,0.0,52.84282555432887,-15.024194707621735,1.4803164190380347,0.0,24.787384054026028,-5.1592403111834235,2.179284249894609,0.0,59.475636427699854,-40.83790265679116,-3.6029173918464696,0.0,49.06740964705219,-38.37766828050849,2.011782262625479,0.0,10.101942329805313,-34.72307569662846,1.5316657768550517,0.0
86.98007964691296,-14.462982644606537,11.317549251466104,0.0,52.838747841280274,-15.02133847083341,1.489621976443285,0.0,24.792089335200696,-5.151948159435884,2.181713812173971,0.0,59.46403653141426,-40.829005867547906,-3.5890262283847747,0.0,49.08088537001366,-38.35270221259174,2.006096281538291,0.0,10.107871680589605,-34.718761353539485,1.5333532511977293,0.0
87.21909810821326,-14.61695111371057,10.879727069704346,0.0,52.836400462773604,-15.014963464217852,1.4995394798966561,0.0,24.797168553198897,-5.147289102247882,2.183362800720646,0.0,59.46861526388925,-40.827741305267075,-3.606096954719728,0.0,49.09869591650347,-38.33101358899874,1.996445389569434,0.0,10.111025668817527,-34.7108469465461,1.539849356748606,0.0
87.45478612100955,-14.780493578202657,10.467146256946794,0.0,52.835580902609884,-15.00396259175428,1.5101731990160268,0.0,24.801652508942734,-5.145216563371587,2.1845972148473507,0.0,59.497555412383406,-40.840094227844254,-3.6681549517374545,0.0,49.12136845208526,-38.31326233547184,1.9826311130955236,0.0,10.112167270149117,-34.6998007832622,1.5497071343380693,0.0
87.68406512016851,-14.942919432011607,10.088039980642519,0.0,52.83554410864704,-14.98858852341576,1.5215401939838458,0.0,24.804565227147574,-5.144835605989842,2.185774991202326,0.0,59.55642025547682,-40.87372017953302,-3.7832595976726537,0.0,49.14778292013713,-38.29985727974204,1.9657258548623968,0.0,10.112865075850147,-34.68692775682494,1.5602312657138366,0.0
87.90140873000726,-15.092311125132351,9.745600144663076,0.0,52.83546427831184,-14.970152787980359,1.533622046800204,0.0,24.805283442590017,-5.144571881246296,2.187152691603341,0.0,59.64589643079677,-40.93761054095969,-3.9495205452944706,0.0,49.17544099169301,-38.29041318230833,1.9478258299545477,0.0,10.114955558159966,-34.67384028612277,1.5684946250426748,0.0
88.10081155767901,-15.2191583689974,9.437560207535384,0.0,52.834942074892474,-14.950500232060556,1.5463298789598845,0.0,24.803788375528733,-5.142688739038612,2.1887834969406548,0.0,59.76092426835578,-41.04125608736418,-4.153696987120032,0.0,49.20121928694256,-38.283612079163134,1.9314079453836328,0.0,10.119858896521603,-34.66193578515363,1.5723909842562573,0.0
88.27756643844248,-15.31926053096081,9.156912387639434,0.0,52.83427677108804,-14.931501454963271,1.559385943977384,0.0,24.800727624514845,-5.137963708242147,2.190446695293879,0.0,59.891855042577426,-41.19324883995433,-4.373394288525683,0.0,49.22238047738483,-38.27760169156867,1.9185213741716076,0.0,10.1280387161036,-34.65206977904781,1.5713345786097417,0.0
88.42945114004037,-15.394750315096811,8.893702018472867,0.0,52.83434804294773,-14.914707183651421,1.57221571625829,0.0,24.797299786255966,-5.130221557379201,2.1916590047339284,0.0,60.027323607079765,-41.39944045254995,-4.582354036829436,0.0,49.23746500987755,-38.27074277583667,1.9101362181262616,0.0,10.138831345585217,-34.64446301966992,1.566381886330916,0.0
88.55708120076257,-15.453094758762902,8.63740380380925,0.0,52.83618531095498,-14.901181026540282,1.5839533289231529,0.0,24.79501540817886,-5.120463035555449,2.1917935520983587,0.0,60.1576324818426,-41.66112800745537,-4.756961692424632,0.0,49.24671511020374,-38.26228537738327,1.9058824181882184,0.0,10.150687997725113,-34.63877456354903,1.5597792212398414,0.0
88.66335805397402,-15.504822710830851,8.379135801273351,0.0,52.84047551388717,-14.891451688353657,1.5935890820049163,0.0,24.79538187560362,-5.1105023841207835,2.190288141840435,0.0,60.27720551208672,-41.97407849624554,-4.881646269105124,0.0,49.251889595635035,-38.25257721261231,1.9042451675530998,0.0,10.161704575599186,-34.63426449395643,1.554145889423502,0.0
88.75223318183482,-15.560986612260905,8.113037214309012,0.0,52.847252378618464,-14.885526889045666,1.600217594305267,0.0,24.799558966021255,-5.102244422928088,2.186881013507323,0.0,60.38524467775148,-42.32910091373129,-4.951444618797979,0.0,49.25557751717547,-38.24270115781751,1.9031535443964227,0.0,10.170239922049763,-34.630012518605895,1.5516039704684168,0.0
88.82732366561996,-15.631080354925365,7.8364860232904086,0.0,52.85586157151458,-14.882948900649712,1.6033416604929638,0.0,24.808052931628286,-5.096906672764172,2.1817818414577417,0.0,60.484686284794755,-42.7141735958337,-4.971226503034039,0.0,49.26029181727272,-38.23378997798455,1.9007971069514582,0.0,10.1754278167592,-34.62517536237386,1.5531329386788428,0.0
88.89099319833416,-15.721722117082109,7.549294713163457,0.0,52.86515991282876,-14.882885217814726,1.6031738234811037,0.0,24.820532344069704,-5.094536420460814,2.175691650161294,0.0,60.58026014395102,-43.117315125090826,-4.95236181915962,0.0,49.26768595839943,-38.22641944213115,1.8963800932027155,0.0,10.177430733041275,-34.619237391515526,1.5583239833766775,0.0
88.94422863354693,-15.836154546384856,7.252407172459661,0.0,52.87387224483078,-14.884236002199803,1.6007747951037654,0.0,24.835835463009754,-5.09403447067594,2.1696453339920048,0.0,60.67657799122775,-43.529102773924414,-4.908425923551556,0.0,49.27818203102066,-38.220380401957385,1.89044547548737,0.0,10.177360598676707,-34.61217516908006,1.5656034048354943,0.0
88.98718221074107,-15.974502527510367,6.946785897534529,0.0,52.881023580904326,-14.885755985875578,1.5978144887222978,0.0,24.852192389202376,-5.093639654617338,2.164733010617411,0.0,60.776861448257854,-43.94408426482188,-4.85154085745693,0.0,49.29112011196017,-38.21490368261799,1.8845335003899795,0.0,10.176902798742901,-34.60445975489232,1.5728637064225595,0.0
89.01993742698711,-16.13462198178509,6.633042977755922,0.0,52.88629280365672,-14.886232059322968,1.595946147218088,0.0,24.867612182712847,-5.091615247008996,2.1618006859775374,0.0,60.8825056773084,-44.36086885472883,-4.790256197365418,0.0,49.305277874890116,-38.209182438374576,1.8803211670899618,0.0,10.177778588436691,-34.59687332071857,1.5782620023541512,0.0
89.04307479497672,-16.31322908533478,6.31194565129921,0.0,52.89007914973673,-14.884743585201312,1.596132124145056,0.0,24.880321214601462,-5.086837776781234,2.161215864416402,0.0,60.993378777163215,-44.78107811846429,-4.729008436936072,0.0,49.31942652073567,-38.20288114149809,1.8787640264752508,0.0,10.181219268217427,-34.59020075979231,1.5808274079665257,0.0
89.05788489620414,-16.50691716964259,5.985409379123009,0.0,52.893205809095775,-14.880921505022979,1.5983558589236804,0.0,24.88913553191608,-5.079100907450606,2.1627433196053367,0.0,61.10860472867884,-45.20757329477906,-4.668665194460667,0.0,49.3326604075823,-38.19633794241351,1.8797387067627174,0.0,10.187614649449694,-34.58492248982792,1.580610522401967,0.0
89.06633837366591,-16.712761497374807,5.657304391159295,0.0,52.89646044666178,-14.875030607678738,1.6018509593548718,0.0,24.89370378427514,-5.069098584199333,2.165549679775154,0.0,61.227511968618295,-45.642545171178575,-4.607585650109783,0.0,49.344483846798695,-38.190380935449305,1.8822638546704251,0.0,10.196459416611226,-34.581032820325916,1.578381113220475,0.0
89.07096591662679,-16.928445856778524,5.333547273293467,0.0,52.900296173442506,-14.867778725444028,1.6056031771526929,0.0,24.89459783559727,-5.058159843035204,2.1683502493948392,0.0,61.350428970622744,-46.086096100389824,-4.542802508719102,0.0,49.35476768793402,-38.18591599415638,1.8850246300295481,0.0,10.206622089047677,-34.57804749129675,1.5751231277967825,0.0
89.07465271606675,-17.152031273492153,5.021390253919465,0.0,52.90483343529895,-14.85996912372162,1.6087978383998607,0.0,24.89321259224917,-5.047854279280401,2.16970295936472,0.0,61.479107879098,-46.53572971764398,-4.471113164631335,0.0,49.363630181794036,-38.1835238895167,1.8869006663327461,0.0,10.216805253945507,-34.57519482776404,1.5716205630591578,0.0
89.08022053065442,-17.381499659921865,4.728220244448648,0.0,52.91002312933667,-14.852244565458925,1.611064430150952,0.0,24.89142319307277,-5.039584036015791,2.1684139886765355,0.0,61.616745480068396,-46.986758833324146,-4.389961702177308,0.0,49.37125489526672,-38.18323880468245,1.8873152323008462,0.0,10.225964654126226,-34.57172707867466,1.568293253084743,0.0
89.08974245335239,-17.614142794554283,4.460321900917112,0.0,52.91574419410073,-14.845093235368573,1.6125445689428233,0.0,24.89102821762789,-5.034250696883866,2.163948475064821,0.0,61.76772859250362,-47.43329353960036,-4.298014966453904,0.0,49.37772426358497,-38.18457213215567,1.8863112943730513,0.0,10.233510083043392,-34.56723140540447,1.5652558834173682,0.0
89.1037932281923,-17.845906670879756,4.221961294099506,0.0,52.921747527282434,-14.839083008510375,1.6138442726927735,0.0,24.89317005032016,-5.032062752533443,2.156679102204208,0.0,61.93725448711682,-47.86933303862557,-4.195363268482495,0.0,49.38298838136498,-38.186744072019756,1.884352264824786,0.0,10.23928000514732,-34.56179419353228,1.5624548875596762,0.0
89.1210551375476,-18.070957907453234,4.014941286898027,0.0,52.92753806402216,-14.835127472541009,1.6158942967154228,0.0,24.898020046512787,-5.0325357547611365,2.1478207515169583,0.0,62.13090586172847,-48.28955161369485,-4.083369548316529,0.0,49.387005016527546,-38.18900382583,1.8819666876636951,0.0,10.243424812445177,-34.55593588537718,1.5597520999386028,0.0
89.13863823738441,-18.28184483301972,3.838595993375293,0.0,52.932352671470575,-14.834549143332454,1.619729763594144,0.0,24.904901313325915,-5.0346992095703476,2.139028258350727,0.0,62.35420858502697,-48.68958082668649,-3.9642944996898954,0.0,49.38995325107442,-38.19088627620614,1.8794247981411178,0.0,10.246344635929093,-34.55036455201534,1.55694012171268,0.0
89.15309377491022,-18.47048589469551,3.690110252529257,0.0,52.93532821770542,-14.83878772724907,1.6262229432065638,0.0,24.912741309548146,-5.037442219960843,2.131818114476543,0.0,62.61220482343649,-49.06584318823997,-3.840839868155358,0.0,49.392361484129104,-38.192292702228315,1.8765980037106331,0.0,10.248708631430468,-34.54568639203352,1.5537685157553565,0.0
89.16163335304917,-18.629796735908897,3.565075847358756,0.0,52.93582615707658,-14.848775369318925,1.635823701840259,0.0,24.92053803546182,-5.039855597889074,2.1270782597673907,0.0,62.90907437680028,-49.41516789256915,-3.715695009184108,0.0,49.3950414398397,-38.19337693031146,1.873049668836149,0.0,10.25144335637739,-34.542199496160954,1.5500426069749924,0.0
89.16290849879213,-18.755309694583257,3.4582517088728046,0.0,52.9337584042544,-14.864217356780658,1.6483641851853097,0.0,24.927570086020264,-5.041431415268224,2.124869200333661,0.0,63.24778998260304,-49.73446479477891,-3.5911424926618505,0.0,49.39884165447066,-38.19431408825349,1.868293613353968,0.0,10.255552475433056,-34.53983121869804,1.5457656007623406,0.0
89.1570464487946,-18.846031383619813,3.3644796420054544,0.0,52.9297192430293,-14.883162596334149,1.66298018573627,0.0,24.93331418679199,-5.042059477375433,2.1245483474206353,0.0,63.6297433556313,-50.020673374143506,-3.4687965324893355,0.0,49.40434481495911,-38.19507752908743,1.8620759914666838,0.0,10.26175522367618,-34.53822017163281,1.5412298688267878,0.0
89.14517926902788,-18.904171760398576,3.2796043176123533,0.0,52.92482885634545,-14.902188039126994,1.6782004414053322,0.0,24.9372426154636,-5.0418562355246,2.1250984190511737,0.0,64.054314357874,-50.27107228164775,-3.349541712904422,0.0,49.411664020024105,-38.19533554473126,1.8545278341892217,0.0,10.270108509206366,-34.53689713312952,1.5369802316230192,0.0
89.12896037605019,-18.933987022078696,3.2011516381808764,0.0,52.92038095388774,-14.917242193264244,1.692239254280759,0.0,24.93872366571889,-5.040929936894651,2.125496322486784,0.0,64.51849630997289,-50.483850415339326,-3.233678008090056,0.0,49.42043202731333,-38.19452021416917,1.846115804682766,0.0,10.279859728935525,-34.535484373418555,1.5336479112355619,0.0
89.11039881284223,-18.940383809172303,3.128536907207627,0.0,52.91749147774357,-14.924846620613714,1.7034669387627304,0.0,24.937150685887804,-5.03921018284981,2.1250043714040565,0.0,65.01682961714751,-50.658670859053174,-3.121211937583219,0.0,49.42996891445047,-38.19204160298851,1.8374427030021518,0.0,10.28968723843613,-34.533834823076866,1.5317230164136184,0.0
89.09199128757179,-18.927933589217346,3.0627262832527933,0.0,52.91688427745589,-14.92313927970704,1.7109307069617117,0.0,24.93226465613855,-5.036446904836659,2.123327120240365,0.0,65.5418762476848,-50.79693030131702,-3.012199974375525,0.0,49.439522747532116,-38.187550240325855,1.8290362305538324,0.0,10.298271729591306,-34.53207455414401,1.531354319427118,0.0
89.07685460346316,-18.9006260558665,3.005498788087211,0.0,52.9188236838124,-14.91231397169382,1.714727650512863,0.0,24.924500813753443,-5.032406705854097,2.1206154159209127,0.0,66.08524446339963,-50.90157022640827,-2.907029064035836,0.0,49.448459040704286,-38.18112442898688,1.8212581463778008,0.0,10.304938139497578,-34.5305566636349,1.5322466816166962,0.0
89.0684899735115,-18.86223343965282,2.9586268700561273,0.0,52.92314046764396,-14.89435559748959,1.7160667318915888,0.0,24.91514013668994,-5.027170952079488,2.1173331500532075,0.0,66.6388826317227,-50.97651669478989,-2.8065085611676803,0.0,49.45633890248627,-38.17329629285354,1.8143679183162682,0.0,10.310039364640984,-34.52975199759135,1.5336947501849192,0.0
89.06999491187771,-18.816769509671165,2.9232908281224486,0.0,52.929318337926006,-14.872306968869003,1.7169689933003465,0.0,24.90610518995249,-5.021337395946347,2.1140467751808334,0.0,67.19620721263782,-51.02597269114148,-2.71170293801735,0.0,49.46292076307924,-38.16491179087708,1.8086490850025765,0.0,10.314863282023147,-34.53010068056346,1.5347572362505755,0.0
89.08291752240294,-18.768443014489762,2.8998652109647853,0.0,52.93665066562567,-14.849377396244353,1.7196643161011131,0.0,24.89939290669186,-5.015946854336973,2.111226145660412,0.0,67.75271747481413,-51.05380876634777,-2.623575037802432,0.0,49.468165913849205,-38.15689724667656,1.8044483366508963,0.0,10.321078947269262,-34.53185186891823,1.5345347883903209,0.0
89.10630136899839,-18.720853082946,2.888011186132154,0.0,52.94446393791546,-14.828143335699703,1.725847916968588,0.0,24.89632779401341,-5.01211983401461,2.109126043160753,0.0,68.30601055747762,-51.06320838771695,-2.542633050620495,0.0,49.47228771169643,-38.150036211871964,1.8020419117277005,0.0,10.329976063336638,-34.53493567458085,1.5324646791167673,0.0
89.13651793175433,-18.675786596895303,2.8869302272529627,0.0,52.95233322619789,-14.810073859716983,1.7360685228537438,0.0,24.896963049606416,-5.010589835274461,2.1077625906193713,0.0,68.85536094375023,-51.056584683429385,-2.4687512308467365,0.0,49.47580129246194,-38.144835911223,1.8013872090020513,0.0,10.341861990048631,-34.53892148952589,1.5285116354205481,0.0
89.16811639416522,-18.632432035803248,2.8956737995759028,0.0,52.960179757522184,-14.795516812838777,1.7495330748662568,0.0,24.899966364270487,-5.011410735636326,2.106954152221146,0.0,69.40111675245161,-51.035679868183976,-2.4011920978727677,0.0,49.47948637128424,-38.14150658849191,1.8019269464730865,0.0,10.355895524654718,-34.54309237603411,1.5231551575399962,0.0
89.19535268015117,-18.58773079222469,2.9134255025975087,0.0,52.968204694502106,-14.784034003936563,1.7644404751907032,0.0,24.903143502877363,-5.014013395301031,2.1063909064001045,0.0,69.94409555143552,-51.001732920317856,-2.3387505295188014,0.0,49.48421366933816,-38.14002530781826,1.802610620066,0.0,10.370415228115627,-34.54661158881395,1.5171535083057783,0.0
89.21372375165046,-18.53791938947497,2.939618628308681,0.0,52.97671821235957,-14.774804946579405,1.7786862904880163,0.0,24.904416786152176,-5.017552339305103,2.105712975694777,0.0,70.48504796454665,-50.95564958215285,-2.279928006446376,0.0,49.49067573081757,-38.14023175563468,1.802193958653417,0.0,10.383599935326627,-34.548721631107355,1.5111654057691002,0.0
89.2209523289549,-18.480507129824616,2.9737450605016704,0.0,52.98597328878848,-14.76689731719198,1.7906050858149953,0.0,24.902781404382612,-5.021303793819488,2.104581623229727,0.0,71.02419060261032,-50.898191050157216,-2.223064783431875,0.0,49.499137909078335,-38.141911895461114,1.7997290956099405,0.0,10.394178134303287,-34.54892719604879,1.5053935525772637,0.0
89.21718623963783,-18.415598107529803,3.0148702525707254,0.0,52.99608488739673,-14.759396560871672,1.7994384828350096,0.0,24.898747959346764,-5.024899129562746,2.1027257666527497,0.0,71.5608197721885,-50.83022980495838,-2.166389322006202,0.0,49.50933424335309,-38.14484939160881,1.7950295940581018,0.0,10.40190146828041,-34.54714078505617,1.4994440094018682,0.0
89.20439273356595,-18.34590938458451,3.06110781483647,0.0,53.00704652297468,-14.751496338370046,1.805380691265528,0.0,24.894081182410734,-5.028344854718943,2.0999665381659867,0.0,72.09308237567751,-50.75304568533242,-2.1080171747109127,0.0,49.520565441976544,-38.14883809736795,1.7888572568255174,0.0,10.407601994312486,-34.543770425929225,1.4925326952645133,0.0
89.18519408748453,-18.275706629911742,3.1094325016444024,0.0,53.01879600477182,-14.74262814283841,1.8092457477274504,0.0,24.891026625174014,-5.031906832051691,2.096254983863048,0.0,72.61802653328256,-50.66852906722734,-2.046001781946657,0.0,49.53194905838255,-38.153646165176596,1.7826842497247934,0.0,10.41282682230314,-34.539710739310685,1.48401165251037,0.0
89.16176983614672,-18.20944318490977,3.1561102306198006,0.0,53.03126664706747,-14.732616621728734,1.8119426579729243,0.0,24.8914148342159,-5.0359410765972665,2.091746594017337,0.0,73.13200404756455,-50.57915857806654,-1.978530201979794,0.0,49.5426963259145,-38.158932444897815,1.778100596134868,0.0,10.419214564643935,-34.53620568585294,1.4739954700399398,0.0
89.13543219759424,-18.150788140024364,3.1977097936020566,0.0,53.04439236492358,-14.721770895713469,1.8140033380639657,0.0,24.895994235527247,-5.04070747655806,2.086871262859562,0.0,73.63135282313142,-50.487733749474614,-1.904268097540104,0.0,49.55229689982035,-38.16416307412389,1.7761389014616054,0.0,10.42786908802684,-34.53459381299967,1.4637457926136754,0.0
89.10695884633667,-18.102236144614977,3.2322725854235905,0.0,53.05807592998154,-14.710828962782278,1.8153728250271985,0.0,24.904187022738782,-5.046183614073437,2.082312591121209,0.0,74.113132469634,-50.396938904541386,-1.8227537621405663,0.0,49.56056525985524,-38.16862062279308,1.7768464230009435,0.0,10.438972236696594,-34.535987176635274,1.4555139611020138,0.0
89.07732628631383,-18.06511639576756,3.2600064531046833,0.0,53.072147684328954,-14.70075593340936,1.8155464927526168,0.0,24.914300548562608,-5.051910563259739,2.0788507282762545,0.0,74.57562956045925,-50.30883597505527,-1.7347015456594104,0.0,49.56758133036904,-38.17156009152468,1.7793065281578286,0.0,10.451781119488016,-34.54094845193899,1.4517705579947595,0.0
89.0484008850807,-18.039781554153606,3.2830640062971046,0.0,53.086348330315765,-14.69246864520519,1.8139672141644567,0.0,24.924105358644688,-5.056933949374715,2.0771186400510846,0.0,75.01846278990635,-50.224399909624495,-1.642142494348116,0.0,49.573596472418046,-38.172451204394754,1.7820699222581595,0.0,10.465006795324282,-34.549241629416905,1.4540692614027613,0.0
89.0232157409366,-18.02585651701999,3.3044840134107343,0.0,53.10037251386945,-14.686566664805827,1.8104612021105826,0.0,24.931609710725617,-5.059928776438886,2.077387380361376,0.0,75.44233609953642,-50.14323415105524,-1.5484109963641828,0.0,49.57896113129639,-38.17117485886944,1.783753763719389,0.0,10.47741542508204,-34.55976886529156,1.4620320431680174,0.0
89.00558491054734,-18.022445813160758,3.3268247083993483,0.0,53.113983872550754,-14.683139148577814,1.8054743474054593,0.0,24.935799275145424,-5.0595630527532185,2.0794770110782945,0.0,75.8486307635197,-50.06356625340078,-1.4579615192621187,0.0,49.58408433748097,-38.16808877093333,1.78353196916974,0.0,10.488407812261688,-34.570836873421555,1.4729771422287499,0.0
88.99905799248671,-18.02819557930804,3.351114538608037,0.0,53.12714896894835,-14.681725731975996,1.799983655010129,0.0,24.93707519123493,-5.055027865376317,2.0828053643313797,0.0,76.23900056799803,-49.982534053632044,-1.375932811621496,0.0,49.5894059980998,-38.1639752036852,1.7813589870203845,0.0,10.498368409064174,-34.58084574821706,1.4825192127421438,0.0
89.0055627106742,-18.041194199977742,3.3765307622693097,0.0,53.140085535240274,-14.681495696070161,1.7951347360200067,0.0,24.93717586125073,-5.046511034167954,2.086513204024458,0.0,76.61501706204363,-49.896705182479295,-1.3074165128467392,0.0,49.59537267732544,-38.15992703222608,1.7779087726911111,0.0,10.508693080727081,-34.58933506044082,1.4861207761770974,0.0
89.0243111730747,-18.058815529060077,3.400858700652009,0.0,53.1531458041458,-14.681626949351024,1.7917949014544448,0.0,24.938553644241946,-5.035360784721808,2.0896037445992217,0.0,76.97785076775882,-49.80273390596808,-1.256543084638146,0.0,49.60241954634861,-38.15719552558934,1.7742823390873763,0.0,10.521513867214043,-34.59810752148204,1.4811946467724777,0.0
89.05148543935732,-18.077662276529754,3.4214353560574704,0.0,53.16657682299984,-14.681730997479853,1.7902335184007647,0.0,24.94342264690021,-5.023830432428095,2.0910863057588998,0.0,77.32803285805764,-49.69800958406344,-1.2256462950209634,0.0,49.610940167607275,-38.156974639143364,1.7715755237295383,0.0,10.539175977335097,-34.61196114823564,1.4690908581912403,0.0
89.08091910624704,-18.093767661937175,3.4361031110401576,0.0,53.18033251844218,-14.6820710397289,1.790046808613086,0.0,24.952846735150768,-5.014507799728628,2.0901420660680827,0.0,77.66544142078759,-49.58112591644845,-1.2147871359096438,0.0,49.621206249731216,-38.16011096299678,1.7704527966245518,0.0,10.563518208220687,-34.63850072807173,1.456235068996497,0.0
89.10564251941769,-18.103181646789047,3.4438014818478084,0.0,53.19410606166991,-14.683389552754454,1.7903210535930683,0.0,24.966218679957638,-5.009658365776521,2.0862996241044574,0.0,77.98964792735303,-49.45207609344835,-1.2217833264152045,0.0,49.633239026915135,-38.16682212625815,1.7709051168520507,0.0,10.595064212064552,-34.68668605875776,1.453838829344722,0.0
89.11987030012038,-18.10293520082881,3.4447240200259834,0.0,53.207569437357805,-14.686423497612251,1.7899592980063534,0.0,24.98133060086492,-5.010694565816008,2.0795596616461314,0.0,78.3005818483089,-49.31220972700515,-1.2426876563201024,0.0,49.64671167506711,-38.176581926559734,1.7723063188306298,0.0,10.632388026888796,-34.764241632847714,1.4759668092646248,0.0
89.12080878165776,-18.092107517440386,3.440208786172102,0.0,53.22062742653101,-14.691428438519162,1.7880694037240321,0.0,24.995029309056704,-5.01788999773254,2.0703996848940793,0.0,78.59924875978045,-49.16403248473852,-1.2725155679634703,0.0,49.66098316892662,-38.18826650992733,1.773732821434308,0.0,10.672036486203405,-34.874667978679476,1.53627455282178,0.0
89.10962971448771,-18.07246811792447,3.432525931578372,0.0,53.23350117438832,-14.69801122922604,1.7842821687286072,0.0,25.00425075747832,-5.030370934575557,2.059638878494864,0.0,78.8881626859371,-49.010869982425234,-1.306003005780914,0.0,49.67528492061567,-38.20048809727887,1.7743814008144554,0.0,10.709262295322919,-35.01508599174006,1.6443140501718396,0.0
89.09118456151786,-18.048193759786603,3.4245572564512994,0.0,53.24660898126651,-14.7053289529897,1.7788695385345878,0.0,25.007092700583694,-5.046359219814238,2.0482162035600737,0.0,79.17127119185682,-48.85638119930736,-1.3382444241400417,0.0,49.688976596690416,-38.21194539307456,1.7738951705021755,0.0,10.73942384214733,-35.176185338968516,1.8027772494441505,0.0
89.0724786780517,-18.024583324818224,3.4192709724118817,0.0,53.2603423390017,-14.712497667033805,1.7726146081569158,0.0,25.003560577907784,-5.063590695263024,2.0369781743815523,0.0,79.45334732730475,-48.70396695129796,-1.3651420812954225,0.0,49.701751042656234,-38.22167119902473,1.772483427179452,0.0,10.759497102235525,-35.34490593569114,2.0071548679422158,0.0
89.06041941059158,-18.006281723699857,3.41899484092127,0.0,53.2748817407717,-14.718981545968939,1.7665027178156354,0.0,24.995722154514663,-5.079795539315928,2.0265572917726242,0.0,79.73899895929654,-48.55621965596505,-1.3836485426240923,0.0,49.71371214098892,-38.22916001008523,1.770838534725769,0.0,10.76901809344419,-35.5092546137443,2.2487026548984153,0.0
89.05968316225353,-17.99583857747666,3.424685845523527,0.0,53.290171715983924,-14.724768210781612,1.761365887418961,0.0,24.98719929992839,-5.093121644602228,2.0173661887479195,0.0,80.03157944807786,-48.41461458561038,-1.3918095623744833,0.0,49.7253224728545,-38.234404657501564,1.7699400198202877,0.0,10.770011181296754,-35.66340668517133,2.52019001704375,0.0
89.07152178744408,-17.993230182919806,3.4355188844538187,0.0,53.30606830249914,-14.730262110100448,1.757599916138565,0.0,24.982140183905237,-5.102407896881234,2.0096778743038506,0.0,80.33234933317677,-48.279593185588936,-1.3886338041554023,0.0,49.73726489812105,-38.23786039012328,1.7708391206329868,0.0,10.76593438278595,-35.81074282341144,2.82212195678622,0.0
89.09390491062786,-17.996447003999307,3.4490698726362687,0.0,53.322534107531204,-14.735994237313331,1.7550293634974992,0.0,24.98397968101125,-5.1072640044644215,2.0037318211584783,0.0,80.64020109295329,-48.15102647357694,-1.3738492474497583,0.0,49.7502614080564,-38.240337947597226,1.7744559743931312,0.0,10.760204921236362,-35.96315976032848,3.1661049195542894,0.0
89.12278858906443,-18.00277226637547,3.4621433529787,0.0,53.33971121579516,-14.742333759908545,1.7529529190441586,0.0,24.994365691459397,-5.107991850602393,1.999791107241018,0.0,80.95209898509268,-48.028843098168515,-1.347661758344067,0.0,49.76487376321067,-38.24283108437717,1.7813739361907448,0.0,10.75520953230734,-36.136607372871865,3.5728313592767993,0.0
89.15387579016145,-18.01017662204606,3.471976184228298,0.0,53.35779905830544,-14.749343865709596,1.750355464219055,0.0,25.01258418834388,-5.105458113703353,1.9980722130473083,0.0,81.26411488185445,-47.913492971125315,-1.3106655913825982,0.0,49.78132144026973,-38.24630383918418,1.7916278553887928,0.0,10.752512160011538,-36.344569256118625,4.064696843176053,0.0
89.184191070889,-18.018317334509188,3.477309083067823,0.0,53.376817289631006,-14.756815501562782,1.746217776327148,0.0,25.03566532651111,-5.101014818765479,1.9985086596017734,0.0,81.57265861731862,-47.805983540621256,-1.263989648207044,0.0,49.79938695284005,-38.25148667009445,1.8045389246334587,0.0,10.754138584456255,-36.59224299805204,4.655865085952713,0.0
89.2130118840068,-18.02882293707651,3.4788188737469667,0.0,53.39642778522003,-14.764416536581347,1.7398172496864657,0.0,25.059152439709976,-5.096436901853655,2.000429223386483,0.0,81.87540324004395,-47.707451672588846,-1.2095852296283258,0.0,49.818471168126436,-38.25874441652226,1.818708360115055,0.0,10.76388197536583,-36.87391502918258,5.34394154699085,0.0
89.24194634371717,-18.044748598578398,3.478665581666876,0.0,53.41597038130964,-14.771838581635599,1.7309252455022008,0.0,25.078335190746948,-5.093731836177828,2.0023811142210146,0.0,82.17160696743032,-47.618501661536435,-1.1503926652740564,0.0,49.83778181711307,-38.268060782348506,1.8322838738567846,0.0,10.787406927173253,-37.17455730301658,6.10671601496866,0.0
89.27414676933365,-18.06930688333446,3.4793279367863423,0.0,53.43474993511518,-14.778818870415531,1.7198534262076386,0.0,25.089623710180568,-5.094740530862777,2.0023556580096056,0.0,82.46188794818605,-47.538681974928004,-1.0901364829893883,0.0,49.856559858539626,-38.27912906207829,1.843480788763765,0.0,10.830818802659952,-37.47476866591939,6.905342437566779,0.0
89.3128766258886,-18.104270641312386,3.4823146267770113,0.0,53.452461598856964,-14.784976084895975,1.707344840270947,0.0,25.091679243084705,-5.100659322964827,1.9984691730727917,0.0,82.74772843532317,-47.46637443142221,-1.0327243698822457,0.0,49.87425298547735,-38.29148415884436,1.8511363052705665,0.0,10.89859916477446,-37.75680019516417,7.692834927068975,0.0
89.35991104621192,-18.148707958876717,3.48748114792868,0.0,53.46952789096333,-14.789527603677488,1.6943505403355807,0.0,25.085935784492367,-5.111733000958225,1.9898146770262848,0.0,83.03096449096815,-47.399099380867916,-0.9814945175017016,0.0,49.890603852517515,-38.30460278131721,1.8550256940143264,0.0,10.992296617332816,-38.00918701099932,8.42474741216638,0.0
89.414390176704,-18.198679776865276,3.493341210485559,0.0,53.48709864531978,-14.79110321602702,1.6817930439844524,0.0,25.076287249539927,-5.12724825974847,1.9770049817113318,0.0,83.31339193743086,-47.33401065265044,-0.9386562627219206,0.0,49.90566234719712,-38.31794561033725,1.8558337533876,0.0,11.11070634480483,-38.22850453346132,9.068212798163792,0.0
89.47260947405802,-18.24810478263978,3.4981223521486946,0.0,53.50657930290462,-14.78792997626881,1.6704395627894524,0.0,25.067982202032027,-5.145740286447788,1.9620705464489525,0.0,83.59652735312247,-47.26829563969099,-0.905132997110762,0.0,49.919748184555836,-38.33097521024216,1.8548506873296304,0.0,11.251171978300473,-38.418310560647235,9.606548543937313,0.0
89.52887032676124,-18.290435473647552,3.500881954069591,0.0,53.52880746866172,-14.778527131555267,1.6609209897125297,0.0,25.066065364780304,-5.165254868856732,1.947752343856962,0.0,83.8815121972197,-47.199281122338,-0.8807560874289297,0.0,49.933389400664936,-38.34320111921783,1.8535186929492884,0.0,11.411090777144409,-38.58645633779135,10.038761293673701,0.0
89.57711571172868,-18.320473020371303,3.502066555622946,0.0,53.55327643147233,-14.762721854250485,1.6537814336311474,0.0,25.073878544504307,-5.18360641328465,1.9365339110824387,0.0,84.16911559023032,-47.12421864506529,-0.8645693463944131,0.0,49.94723822156048,-38.35426870082805,1.852967666412047,0.0,11.58893651279243,-38.742152184968646,10.375251758965506,0.0
89.61277482345665,-18.33568470184393,3.5032995211462428,0.0,53.57791023819697,-14.742440854467894,1.6493880826735143,0.0,25.092100273943288,-5.198665861313516,1.9298079686227005,0.0,84.4597959647221,-47.039957931521755,-0.8550263727722545,0.0,49.961947453974375,-38.36406409580786,1.8536996529603353,0.0,11.784627760094835,-38.89370067264401,10.631979770703055,0.0
89.63411188690998,-18.336617676372985,3.5065790816539195,0.0,53.59970141863504,-14.721623207591081,1.6476783847679517,0.0,25.118599804530422,-5.208701214241966,1.927448583550854,0.0,84.75381360470244,-46.9428963976837,-0.8500570843773545,0.0,49.978018316408,-38.372798360883806,1.8555394349354906,0.0,11.999374082157251,-39.04720915844929,10.825232064299112,0.0
89.64252179312618,-18.326315183662274,3.5132918413861525,0.0,53.616068836962675,-14.704970274657628,1.647949524069391,0.0,25.149110980088857,-5.212731575719345,1.9279029413510198,0.0,85.05137505548656,-46.82950307203443,-0.8471351525331858,0.0,49.99567902052666,-38.38104957758341,1.8578363956183814,0.0,12.235183644974533,-39.206216330164274,10.968329847072019,0.0
89.64168401531646,-18.3090172593367,3.5234943993303744,0.0,53.62629064543711,-14.696022993815282,1.6489349400440574,0.0,25.17849248153621,-5.210817692196372,1.9287688368110807,0.0,85.35273138305246,-46.69732166218668,-0.843451024646745,0.0,50.01485663020987,-38.38973514864591,1.8597893389374125,0.0,12.494205332571878,-39.372029150276894,11.070588845427782,0.0
89.63604122466009,-18.28871427204078,3.53577786802337,0.0,53.632156992412305,-14.695683260725243,1.6491867171470762,0.0,25.20218266781657,-5.2042041033506665,1.9276652990340821,0.0,85.65814957409147,-46.54596197769731,-0.8361750810760462,0.0,50.035252458263685,-38.39995810702926,1.8607481845661127,0.0,12.778096274145836,-39.54450079096286,11.138002455388392,0.0
89.62928024771122,-18.268083008723885,3.5477550489102896,0.0,53.637339894943,-14.702136050814012,1.6475449877048032,0.0,25.21739823816768,-5.195225604464222,1.92306288951211,0.0,85.96777458960246,-46.37753228008957,-0.8227391138002247,0.0,50.0564742045765,-38.41268834241749,1.860381061482359,0.0,13.087589755318575,-39.72289754102889,11.174715621631972,0.0
89.62328517882703,-18.248008290977513,3.5569767614570065,0.0,53.64576569047239,-14.712179524423831,1.6434662423328117,0.0,25.223699207877345,-5.186897116077103,1.9147237384361677,0.0,86.28149767054934,-46.1962760068653,-0.8010891438599934,0.0,50.07815795002694,-38.42833848378756,1.8586415048159974,0.0,13.422340169851308,-39.90648700462373,11.184417382395795,0.0
89.6178155714343,-18.22765469213125,3.5619765337971234,0.0,53.65992599201364,-14.723005965064454,1.637123589376806,0.0,25.2227803930567,-5.182170468792271,1.9035890300761462,0.0,86.5989385075312,-46.00759638413012,-0.7698911381107507,0.0,50.10002998478605,-38.44640560855121,1.8555641288810634,0.0,13.780995030654708,-40.094635618467855,11.171114606147622,0.0
89.6111177591575,-18.205106040311318,3.5630689200723804,0.0,53.680052585471,-14.733298914187381,1.6292908808961517,0.0,25.21768456342712,-5.183007882516958,1.8912476848856414,0.0,86.91954698053651,-45.81689747667462,-0.7286632998494316,0.0,50.12189247508263,-38.46537167597764,1.8510577208120829,0.0,14.1613816701308,-40.286490294482526,11.13913092367343,0.0
89.60142429126546,-18.17858691466575,3.5624955189776752,0.0,53.70446767761131,-14.743160737989783,1.6210490401627453,0.0,25.21186880219228,-5.189623816608857,1.8792922286169293,0.0,87.2427316954627,-45.62863161123179,-0.6777893967058546,0.0,50.143559448546995,-38.48297274668938,1.8449033587045651,0.0,14.56073959654062,-40.4805681299383,11.09247989764084,0.0
89.58867404030153,-18.147879099487692,3.5637002191764573,0.0,53.730724088023074,-14.753219699392837,1.6133796822984454,0.0,25.20852629201026,-5.200306571059086,1.8688022723939568,0.0,87.56791754562691,-45.44572835333501,-0.6183856109993204,0.0,50.164808827211964,-38.49681993580078,1.8369867519178982,0.0,14.976033677247285,-40.674621963157,11.033953674002623,0.0
89.57539068616252,-18.11510375999395,3.5699501374793154,0.0,53.75680976407327,-14.763676823573679,1.6067718491199638,0.0,25.210295054169286,-5.2120302904971325,1.8600309627790654,0.0,87.89452013821933,-45.26939159037206,-0.5520647803748329,0.0,50.185411083245796,-38.50522075954466,1.8275747141889553,0.0,15.404442872268055,-40.86594520877938,10.964332571185576,0.0
89.56605122974028,-18.08419066862377,3.5829503120594115,0.0,53.78180221801588,-14.773902751399355,1.601021085285831,0.0,25.219160057271488,-5.221681915779159,1.8523072619536212,0.0,88.22189573877203,-45.09919366324546,-0.48070943748031425,0.0,50.20523103421992,-38.50792695625524,1.8174305984999037,0.0,15.844053918342851,-41.051961339912644,10.882059482452451,0.0
89.5651781391721,-18.059119399894083,3.6021921430899653,0.0,53.80576740158682,-14.782726030982479,1.5953502845806788,0.0,25.236207211960377,-5.227370388605019,1.844220732465768,0.0,88.54931038201815,-44.93340641642168,-0.4063423648930833,0.0,50.22433684666496,-38.50648603934502,1.807704434815923,0.0,16.294620648770135,-41.23074496667307,10.783577425254787,0.0
89.5750979036475,-18.041804429189412,3.625384421773342,0.0,53.82914190309572,-14.789108037180458,1.5887983659572438,0.0,25.26107758962315,-5.229178519856876,1.834153296234044,0.0,88.87592857428021,-44.76948271557981,-0.33106853709786677,0.0,50.24304768891171,-38.503966921621554,1.7996388352645578,0.0,16.788916994325263,-41.38128556471137,10.661226679674611,0.0
89.59444611385281,-18.03075802377186,3.64967697260683,0.0,53.85206398776193,-14.79271213734397,1.580648342731788,0.0,25.29142279440497,-5.228969903654323,1.8210482135521548,0.0,89.20081955390812,-44.60454311553239,-0.25697033317722173,0.0,50.26189190134391,-38.50406658847329,1.7941681262646263,0.0,17.292796279750455,-41.527107544397886,10.524395523745948,0.0
89.61813526397222,-18.021283133073837,3.6729661893040895,0.0,53.874025566578226,-14.794009313906393,1.5706722374333406,0.0,25.322992543220334,-5.22936832723797,1.8050753503184591,0.0,89.52299489802485,-44.435727694891334,-0.1858798430517794,0.0,50.28148231152449,-38.50989788653264,1.791547166761525,0.0,17.81650641256801,-41.66493814932588,10.365483561547936,0.0
89.63890978718132,-18.007216194052617,3.694643582910162,0.0,53.89393610735967,-14.793908408931573,1.5591329310225923,0.0,25.350771382967974,-5.232486560322838,1.7877877493808274,0.0,89.84148893801668,-44.260373806960395,-0.11910132450276123,0.0,50.30233350568383,-38.522948796136475,1.791216172747264,0.0,18.365226833372336,-41.79464644474912,10.185730043389206,0.0
89.65001901104665,-17.983553899426095,3.7155590733077624,0.0,53.91047958734626,-14.79320785106334,1.5466272011343243,0.0,25.37085375111723,-5.23909955748065,1.7715637271156375,0.0,90.15547997330498,-44.076078208699634,-0.05726327026456346,0.0,50.32466923267123,-38.54265460922091,1.792019786643051,0.0,18.941087934736302,-41.91700369464431,9.99064489750872,0.0
89.64805210306153,-17.948876469686862,3.737361370049271,0.0,53.92262379155575,-14.792219900453675,1.533876436851509,0.0,25.38208392619594,-5.248653158060085,1.7585012866932743,0.0,90.46442381869575,-43.88069096498412,-0.00041912643892594303,0.0,50.34829227623973,-38.56674746587964,1.7926423597469814,0.0,19.543052402501566,-42.03319732584763,9.788982747498629,0.0
89.63474513842142,-17.906440460132625,3.7615775411571466,0.0,53.93016915824584,-14.790737644440464,1.5215276456902416,0.0,25.386468657420036,-5.2599717383071996,1.749286151235058,0.0,90.76813203078757,-43.67220247872136,0.051660936524053014,0.0,50.372582017541404,-38.592196203200054,1.7919940500508336,0.0,20.167289797100757,-42.14463894773989,9.590911349177128,0.0
89.61684160446313,-17.8632952340223,3.788857432136851,0.0,53.93415272472652,-14.788301480995901,1.510008827626347,0.0,25.388034540331066,-5.272132609768758,1.742667416715829,0.0,91.06672968625358,-43.44847530085729,0.09917029536792654,0.0,50.396646728951524,-38.61630319237677,1.789420994380178,0.0,20.80842016264291,-42.25277435377437,9.405543352430048,0.0
89.60393576010743,-17.82771208349871,3.81874344367756,0.0,53.93684681662266,-14.784604041205066,1.4994794163926919,0.0,25.390698818300365,-5.284965154181049,1.7358997245598555,0.0,91.36050052171198,-43.20692490761874,0.14202782803074676,0.0,50.41961095267035,-38.63749842331514,1.7847768457443358,0.0,21.46128359748596,-42.358845022003194,9.238600177357503,0.0
89.60521957949874,-17.806099406153663,3.8500532820149225,0.0,53.9412127441421,-14.779831199355872,1.4898725046558159,0.0,25.396283400913546,-5.298960986670052,1.7259663972740462,0.0,91.64968553553012,-42.94446303495258,0.17974223431312453,0.0,50.44096482638935,-38.65556669355669,1.7783867581831156,0.0,22.12255973988625,-42.463664292340844,9.09103308935093,0.0
89.62651706551112,-17.800798804621206,3.881577786753901,0.0,53.94997638321762,-14.774757928880788,1.4809759061866892,0.0,25.403689636625632,-5.314768764919195,1.7109623452094862,0.0,91.93425602653389,-42.6580780000722,0.21141166609990947,0.0,50.460846170739835,-38.671335121053936,1.7708605732585436,0.0,22.791606867154773,-42.56746828306612,8.959069203346553,0.0
89.66867495731468,-17.809597185165046,3.9126068517637087,0.0,53.964735755069476,-14.77053865149998,1.47251354235207,0.0,25.409590426315283,-5.332639976918603,1.690982464902273,0.0,92.21360459913933,-42.34623084797118,0.23594488977910721,0.0,50.48010221964726,-38.68606310584101,1.7627703072626861,0.0,23.470208667549873,-42.669816229954286,8.835627583708808,0.0
89.72762007269519,-17.82688636259717,3.9429826167785205,0.0,53.98548582180212,-14.768307228110508,1.4642305512789076,0.0,25.410238074158194,-5.352130718115591,1.6681684847885716,0.0,92.48614578580576,-42.010855726553324,0.25252328239836075,0.0,50.500037944331844,-38.70083693891193,1.7543796050568528,0.0,24.16128530942025,-42.769505667975295,8.712600548129071,0.0
89.7957175706969,-17.845714159292807,3.9727491262501395,0.0,54.01070575985412,-14.768789923622265,1.4559714790333178,0.0,25.403501471141823,-5.372162363569702,1.645949415292387,0.0,92.74897766891503,-41.65930949255234,0.2611418675252466,0.0,50.52191630424439,-38.71621036213716,1.7456267067078262,0.0,24.866934361651364,-42.86457405207775,8.583275557310117,0.0
89.86380118881495,-17.859822636190835,4.001694556797299,0.0,54.037906140749,-14.772078797537011,1.4476945910650176,0.0,25.390179653365514,-5.391359709749972,1.6277860565809412,0.0,92.99783763663565,-41.30530017465231,0.2629571268724771,0.0,50.546437058303354,-38.73219612446232,1.736331064096186,0.0,25.58637029355255,-42.95253625845793,8.444223667807638,0.0
89.92333100210686,-17.86507973130922,4.029066284601221,0.0,54.06440501959704,-14.777606841532608,1.4393913951435877,0.0,25.373995889031583,-5.408499379739031,1.6158744449130378,0.0,93.22750805274936,-40.96787812104827,0.2602329241242298,0.0,50.57343913886176,-38.74853352379157,1.7264221138592095,0.0,26.314392481913053,-43.03091985234042,8.296188037499233,0.0
89.96825520696133,-17.860116618624374,4.053602256547126,0.0,54.088080749301,-14.784299671546629,1.430988576891087,0.0,25.36030457918131,-5.422892782856108,1.6102958538883136,0.0,93.4326793270541,-40.66816706439327,0.25584604638928354,0.0,50.601926935539424,-38.765008529212295,1.7160539109962194,0.0,27.04095515705838,-43.09793664102002,8.143741310040333,0.0
89.9961701779012,-17.84622291548557,4.073876286212398,0.0,54.107889198822306,-14.79084250011422,1.4223597257720328,0.0,25.35414073520197,-5.43455986902982,1.6089702789658418,0.0,93.60911661906735,-40.42451991227806,0.2524998892172796,0.0,50.63034068441302,-38.78158393404395,1.7055906389470579,0.0,27.75225331110229,-43.15294772553925,7.993753948340315,0.0
90.00844406580971,-17.826641863053368,4.088825095729138,0.0,54.12401904336256,-14.795972786291367,1.4134683729671327,0.0,25.358504753614135,-5.4441304165224595,1.6084435477789825,0.0,93.75478174502568,-40.24773492195057,0.2519630471829881,0.0,50.65690254985038,-38.79823938713143,1.695489088860997,0.0,28.433391352326097,-43.19641051012443,7.853084905114798,0.0
90.00925021614972,-17.80547229071373,4.098229549891224,0.0,54.13767995538775,-14.798714162537593,1.4045165305515592,0.0,25.37356265902054,-5.45253505698364,1.6051722613190424,0.0,93.87043378663267,-40.138266849738066,0.25471109657513047,0.0,50.67990495839973,-38.81464325057315,1.686127710241479,0.0,29.072108755250174,-43.229255116795954,7.726260834959245,0.0
90.0038774271314,-17.786476405350886,4.102922695432898,0.0,54.150639052167705,-14.798507191396002,1.3959597659345402,0.0,25.396913542901846,-5.460647211121781,1.5967922593736006,0.0,93.95939823523605,-40.08667161885685,0.2601623271112814,0.0,50.69791771787383,-38.82992111620476,1.6776787056967049,0.0,29.66240176474372,-43.25197067541626,7.613989634093636,0.0
89.9970102968594,-17.772156848118943,4.104617706045493,0.0,54.16468752609061,-14.795215372027789,1.3883690727034033,0.0,25.424605446499186,-5.469030111125429,1.5829075734458797,0.0,94.02660917135118,-40.077066422048745,0.26734226063440936,0.0,50.709990077264706,-38.842743111474725,1.6701114162784396,0.0,30.206633004248655,-43.26387541629241,7.513038626346416,0.0
89.99167341463632,-17.763401753702894,4.105407285247914,0.0,54.181193453234265,-14.788993273178328,1.3822362253666025,0.0,25.452398999142588,-5.477842054093845,1.5651323654927047,0.0,94.07734383496154,-40.09200789807893,0.27558529653808606,0.0,50.715929578107634,-38.85175928312841,1.66331332234798,0.0,30.715146550472166,-43.26296380232409,7.417472737787232,0.0
89.98915654019412,-17.759771566760342,4.107101423070462,0.0,54.20079919588345,-14.78007178323325,1.377843409254627,0.0,25.47684650361519,-5.486858767099719,1.5464076521938548,0.0,94.11612384858503,-40.116770159242996,0.2849047426299123,0.0,50.716621174630674,-38.856194207372624,1.6572243598432905,0.0,31.20335204126539,-43.24641328607836,7.320766391278527,0.0
89.98971029953572,-17.76021881732078,4.110647164370322,0.0,54.22323490304463,-14.768627355897234,1.3752567471725268,0.0,25.495972901400943,-5.4955598347961345,1.5299030953112123,0.0,94.14612511403836,-40.14168016720714,0.29585539054511933,0.0,50.714182547650964,-38.85629796487469,1.651888215281657,0.0,31.687233273645433,-43.21150463402218,7.218023130925543,0.0
89.9934554644826,-17.763854187093642,4.115886028915634,0.0,54.247225672549845,-14.754901169857959,1.3744155830946987,0.0,25.509565561702942,-5.503261050739631,1.5179377326634764,0.0,94.16918156722613,-40.16229325409797,0.3090000669687605,0.0,50.71169486869946,-38.85341600680172,1.6473877001349706,0.0,32.178816668722234,-43.15657082713215,7.107516403494667,0.0
90.00094282500288,-17.770393154432394,4.121764053296081,0.0,54.27057245177692,-14.739532176999665,1.375235108342327,0.0,25.519089404595938,-5.509282451478612,1.511283198675203,0.0,94.18618416155373,-40.17805142516451,0.3243475331464776,0.0,50.712420689307365,-38.84964344215478,1.6436975192653094,0.0,32.68309789654181,-43.08165839378071,6.991044807154887,0.0
90.0130721387773,-17.78011225193268,4.126850243773877,0.0,54.29056091056292,-14.723826887009652,1.3776442565412115,0.0,25.527120220688857,-5.513130313640373,1.5090607193485361,0.0,94.19756626083766,-40.190395925639734,0.3411376527187375,0.0,50.71875173028698,-38.84722975051364,1.6405466779371398,0.0,33.197348600387244,-42.98872817710003,6.873103276908992,0.0
90.03046463431019,-17.793408155493818,4.129847449193575,0.0,54.30472911187006,-14.709677881256551,1.3815341039284608,0.0,25.53631788776655,-5.514677985947406,1.5092318730276997,0.0,94.2036885732785,-40.201173604414244,0.3580663864331388,0.0,50.73136837868993,-38.847980204175265,1.6373965454046147,0.0,33.71286894723388,-42.881346334077435,6.7593527589227005,0.0
90.05270541930525,-17.810263393367308,4.129848079663763,0.0,54.31172849953418,-14.69911157536183,1.3866641401044042,0.0,25.54835572707467,-5.514307457409551,1.5094101441286867,0.0,94.20507743877882,-40.211750121802076,0.37374733638148605,0.0,50.74902621176193,-38.852843127799645,1.6335751867217212,0.0,34.218432293796425,-42.76393700039342,6.655052240825565,0.0
90.0779732850971,-17.829967928904757,4.126322075380424,0.0,54.31183473589575,-14.693731149949608,1.3926084892115789,0.0,25.563375163068603,-5.512898086104462,1.5075882530437212,0.0,94.20250405727361,-40.222778933795155,0.38714363880069946,0.0,50.7690459387562,-38.86174338669523,1.628515494952854,0.0,34.70415689363529,-42.64082113178119,6.563940485154395,0.0
90.10337082144927,-17.85127208178969,4.119017578606272,0.0,54.30683781700425,-14.69434695203976,1.3987830658814744,0.0,25.58021589291595,-5.5115657606178186,1.5025590507528364,0.0,94.19691350516659,-40.234326885868974,0.39781769608287476,0.0,50.788221176543246,-38.873622712871565,1.622000511555946,0.0,35.16448421422178,-42.515405936534584,6.487711669827021,0.0
90.1258361887314,-17.872846866569812,4.107963254471276,0.0,54.29942303927052,-14.700884248796092,1.4045308855751273,0.0,25.597216203304086,-5.511248105071898,1.4940995418941014,0.0,94.18927895908126,-40.246078608412034,0.4059572873398274,0.0,50.80372013856389,-38.88664310545233,1.6143077954444127,0.0,35.59933512424182,-42.38988440355374,6.425982170193544,0.0
90.14313920798313,-17.893731391224772,4.093608771369002,0.0,54.29240025188953,-14.712483821053668,1.4092364035050267,0.0,25.613116937251263,-5.512397761019194,1.4830501103459035,0.0,94.18050078621728,-40.25749389940024,0.4121867848901051,0.0,50.813689525551645,-38.89856183126657,1.6061384381859973,0.0,36.013206681316774,-42.2655689308057,6.3766092533450625,0.0
90.15442347458428,-17.913505362017485,4.0769604726042825,0.0,54.28809556317019,-14.727702132823158,1.4124645621451126,0.0,25.62760200355264,-5.514965427220718,1.4712397729539166,0.0,94.17139683547138,-40.267910445273856,0.4172557227103564,0.0,50.81750837155985,-38.907280748353976,1.5983021745608816,0.0,36.41272407988067,-42.14362390370431,6.336280187358069,0.0
90.16006986285856,-17.932154226118957,4.059496077677874,0.0,54.28801695412061,-14.744775851403103,1.4140912935262016,0.0,25.641245893326516,-5.518600563701543,1.4610840649011418,0.0,94.16269650048824,-40.27661911338127,0.4218012066436483,0.0,50.815785230184595,-38.91145736658822,1.5913165579760005,0.0,36.80370699647133,-42.0257182123363,6.301257169611313,0.0
90.16107938436134,-17.94979284587331,4.042746714046995,0.0,54.29274307563525,-14.76191991309951,1.4143312458920576,0.0,25.655001476206536,-5.522839786591451,1.454832000946876,0.0,94.1549592907034,-40.28294470984446,0.42630494688616416,0.0,50.81017458525481,-38.910932905487165,1.5851733946556124,0.0,37.18893469302418,-41.914142186141675,6.2680486157100095,0.0
90.1584156787894,-17.966449824533825,4.027670048537571,0.0,54.30195097002383,-14.77759952603983,1.4135970304115144,0.0,25.66959945503217,-5.527147430420969,1.4537282166806111,0.0,94.14847007185004,-40.28636325830283,0.4311476562106282,0.0,50.80300239156571,-38.90673682141766,1.579415452459239,0.0,37.56743036672168,-41.81119729510281,6.233776059199693,0.0
90.15266495556685,-17.98199023989223,4.014118474934065,0.0,54.31454879940597,-14.790722254042649,1.4122662818932277,0.0,25.685181107650045,-5.530895049493822,1.4574860140918773,0.0,94.14320251189278,-40.28665081210006,0.43659661408286077,0.0,50.796695055127614,-38.90062520597325,1.5734605883641848,0.0,37.935374575416546,-41.71805092539372,6.196196437202046,0.0
90.14407455377071,-17.99610147549906,4.000672751632958,0.0,54.328920095882374,-14.80072843950373,1.4105313075280481,0.0,25.701244640547046,-5.5334372144439445,1.464349420659544,0.0,94.13888338916831,-40.284003883332744,0.4426893377075487,0.0,50.79314214109482,-38.8943810988842,1.5669638750425072,0.0,38.28804029211928,-41.633599235265,6.153557034918574,0.0
90.13279075368403,-18.008251052945653,3.9849352788509957,0.0,54.34327102369951,-14.807571686496905,1.4084274353522535,0.0,25.716795552938915,-5.534306672052788,1.4717502596673295,0.0,94.13514332506432,-40.279046875314535,0.4491152881328446,0.0,50.79323840885822,-38.88923571127594,1.5599977878284061,0.0,38.62178660219145,-41.55400929507967,6.10451916771939,0.0
90.11908327177876,-18.017655314042077,3.9642324468146466,0.0,54.35602310017071,-14.811584301724592,1.4059703510701667,0.0,25.73057400662666,-5.533436462225636,1.4772370483525998,0.0,94.13170945895949,-40.272681525642284,0.4552347890856261,0.0,50.796790073196746,-38.885660480989145,1.5529644844987427,0.0,38.935304072176926,-41.473378790330784,6.04826903950784,0.0
90.10345237480185,-18.023405860250595,3.9365676456042156,0.0,54.36614827090374,-14.813260373686301,1.4032598180901736,0.0,25.74128136526569,-5.53130615421491,1.4792140852432487,0.0,94.12856210862154,-40.2658260077021,0.4602956786896968,0.0,50.802779714712926,-38.883536192506185,1.546350144036726,0.0,39.22980489885751,-41.385422793319826,5.984742623945472,0.0
90.08663577159562,-18.024850320972647,3.9015059440478854,0.0,54.3733328381571,-14.813059580123307,1.400467573847017,0.0,25.747767155212337,-5.5289318175665,1.4772292317172173,0.0,94.12596922464019,-40.25917127707568,0.4637681253538588,0.0,50.80982833986142,-38.88251310801379,1.540520805247212,0.0,39.50835594665548,-41.28555901959295,5.91475589268404,0.0
90.06959387159992,-18.022140901150557,3.860541161713117,0.0,54.37791013382437,-14.811363198380027,1.3977354004921771,0.0,25.74917077837283,-5.5276603180212796,1.4718663652409738,0.0,94.1243623081799,-40.253081184544556,0.4656189726639379,0.0,50.81665744248442,-38.882332662333425,1.5356595166325082,0.0,39.774803706323944,-41.172542893221106,5.83985997202174,0.0
90.05353066821782,-18.016684453908184,3.8166328283162496,0.0,54.38060684113388,-14.808623498453336,1.3950764901969777,0.0,25.74500936856463,-5.528795767087864,1.464461819313148,0.0,94.12410553606554,-40.247676902112424,0.46636748574610287,0.0,50.822411344878354,-38.88296243474967,1.5317905409954875,0.0,40.03271082780947,-41.04903121947166,5.7619307300434315,0.0
90.03992444877571,-18.011198363401242,3.7730700485426087,0.0,54.38223537720738,-14.805568164871108,1.392359036317636,0.0,25.735193799372574,-5.53315391262055,1.4568248199805645,0.0,94.12526934778448,-40.2430341919167,0.46689762246316135,0.0,50.82678612663793,-38.88452754629267,1.5287986825242008,0.0,40.284568087525905,-40.920958685235,5.682699525963024,0.0
90.03048015044607,-18.00924829300356,3.7322993340979878,0.0,54.383472921261564,-14.803209815488621,1.389379654689014,0.0,25.720011452575164,-5.5406842543090935,1.4510109123955237,0.0,94.12751338509732,-40.23935312523348,0.4681503731167709,0.0,50.82998056487036,-38.88713444996128,1.5264231374636683,0.0,40.53141291951617,-40.79606896948774,5.603465128679252,0.0
90.02694278409386,-18.01440241613931,3.69540512544274,0.0,54.384797799318505,-14.802519943612262,1.385973885294689,0.0,25.700175664004362,-5.5503055917048805,1.4490968113627343,0.0,94.13014461517533,-40.23697749050299,0.47085438688902315,0.0,50.83252631086585,-38.89072373867027,1.5242787139882115,0.0,40.77289227963067,-40.68213345371261,5.525081230293301,0.0
90.03078056248884,-18.02929980933607,3.662504726413154,0.0,54.38655547790648,-14.803920140202091,1.382104813196941,0.0,25.676966843437974,-5.560050963930598,1.4528979668437803,0.0,94.13236781352884,-40.236243152767635,0.4753483992117413,0.0,50.83507274537504,-38.89504027612796,1.5219695475364503,0.0,41.00768965364504,-40.58532895064221,5.448122140163509,0.0
90.04277505481122,-18.05492514621713,3.6337635586694663,0.0,54.38905716712846,-14.806967161092285,1.3778997125735852,0.0,25.652303067796986,-5.567512181646524,1.4636586646628293,0.0,94.13365219522117,-40.237253632186345,0.4814507542677475,0.0,50.8381931125574,-38.899716245153144,1.5193016002020023,0.0,41.23410446369273,-40.50908069127801,5.373028013476192,0.0
90.06257586828275,-18.090266734859867,3.61037816594178,0.0,54.39260880282759,-14.810523392074966,1.3736290282783656,0.0,25.628475393210586,-5.570447532774358,1.4819035355266887,0.0,94.13401782540292,-40.239722497442166,0.48838450649534515,0.0,50.84224566012865,-38.90439825079569,1.516504335450577,0.0,41.450535799353005,-40.45352803056499,5.300065221292616,0.0
90.08835309229542,-18.132402301083868,3.5948534629565856,0.0,54.397423569112235,-14.81335869216329,1.3696342013267593,0.0,25.607386422295036,-5.567323682793161,1.5079308826216984,0.0,94.13402881290165,-40.24296537059647,0.49488413464044534,0.0,50.84728926861431,-38.90884696771254,1.5143155088513165,0.0,41.65573079767801,-40.415652752836756,5.229064496949299,0.0
90.11675653706145,-18.176957966214015,3.5902420572185907,0.0,54.40345569284241,-14.814820223681933,1.3662282569942814,0.0,25.59004303159196,-5.558599611985997,1.547565340405174,0.0,94.13444624938238,-40.24603793680877,0.49957686002046486,0.0,50.85304216791276,-38.912970745343344,1.5138230007342504,0.0,41.84881552485486,-40.38998078643948,5.159045831003867,0.0
90.14334757614628,-18.218818673277926,3.5986003303254215,0.0,54.410262649847716,-14.815168069134856,1.3636172057536484,0.0,25.580656504476508,-5.548526007704838,1.5841749424811997,0.0,94.13572186706364,-40.24795642419721,0.5015360597572833,0.0,50.858889599466686,-38.91678170218039,1.5160780666219278,0.0,42.029207795725505,-40.36963481586801,5.0879440501516235,0.0
90.16347846095009,-18.252926345023482,3.6194577546647704,0.0,54.41701025754043,-14.81538821061353,1.3618933216166713,0.0,25.565409961494645,-5.528801480210824,1.6308274794712831,0.0,94.13761980538804,-40.24791319959421,0.5007395384250781,0.0,50.86397053613624,-38.92027999728113,1.5216296747073255,0.0,42.1964976458626,-40.34746243114358,5.0126659584642415,0.0
90.17335906074666,-18.275004318090698,3.649210131507342,0.0,54.422663348992536,-14.816587942795339,1.3611096027277885,0.0,25.537018763781703,-5.497594921189796,1.6970259734751396,0.0,94.13918162885146,-40.24541593719394,0.49817813665465316,0.0,50.86736798839768,-38.923304435986516,1.5301961509146729,0.0,42.35034321688873,-40.317037182767585,4.929613125788972,0.0
90.17093041256922,-18.28210355355823,3.6818570670688775,0.0,54.42629655488762,-14.819297545140323,1.3613762551424298,0.0,25.488894300176895,-5.4518868631852335,1.7968913960089132,0.0,94.13906074176317,-40.24032997668562,0.4955458079643993,0.0,50.86837372159285,-38.92543167825833,1.540627289297376,0.0,42.490418805645646,-40.27344457043674,4.835619840763334,0.0
90.15624646040278,-18.272959088512167,3.710768647870008,0.0,54.427386808299104,-14.823065283255023,1.3628813316755526,0.0,25.4183227149085,-5.387530911431728,1.9462297251197995,0.0,94.1360623461597,-40.23286106954794,0.4946596559485634,0.0,50.866731987531594,-38.92601236455084,1.5511653204956204,0.0,42.61645134810165,-40.21381558603531,4.729056850431279,0.0
90.13130906315526,-18.24822816316146,3.730760485044021,0.0,54.425955599532536,-14.826605021565262,1.3657803722032575,0.0,25.336365994854013,-5.305608541880961,2.146670859903206,0.0,94.12963951539767,-40.22353853245625,0.49685398596255936,0.0,50.862751677185344,-38.92436851250577,1.5599131667988413,0.0,42.72836467289024,-40.137566179638824,4.610719309022388,0.0
90.09957412114552,-18.21069096149272,3.7397718299541847,0.0,54.42251224165143,-14.828456959190216,1.3700081597391556,0.0,25.251887525900344,-5.201822477507944,2.4205081775871715,0.0,94.120141057207,-40.21322441989048,0.5025521233933787,0.0,50.857231950594006,-38.92007966860505,1.5653949654312758,0.0,42.826522377203275,-40.046312549127954,4.484117838270381,0.0
90.06545497348911,-18.165380365047298,3.7395740109358186,0.0,54.417859120548734,-14.827795230665378,1.375139744486697,0.0,25.180830024919132,-5.072089078833271,2.7498429833514937,0.0,94.10873121727838,-40.20310358218204,0.5111327305521005,0.0,50.85123290565821,-38.91322463782746,1.5670692738882384,0.0,42.91202195426455,-39.94347067710228,4.354960203861884,0.0
90.03394720681507,-18.119380646864386,3.735117062628021,0.0,54.4128767995375,-14.824899812795511,1.380390316686121,0.0,25.142831715731923,-4.91857088223,3.1083915964529023,0.0,94.09703592813149,-40.19456535381095,0.5211244158957289,0.0,50.84578843413727,-38.904459297774075,1.565608054913577,0.0,42.98693256281451,-39.83358619387439,4.229913727871338,0.0
90.01013310626291,-18.080875825389455,3.732568299079796,0.0,54.408373634515335,-14.821022865690805,1.3847514458694459,0.0,25.154093489233603,-4.747838361276862,3.4614451306740355,0.0,94.08667181982385,-40.18893522192172,0.5306611384432838,0.0,50.84167234851193,-38.8948865193831,1.562753729021285,0.0,43.05431499787117,-39.72148363504795,4.11504338263622,0.0
89.99826080073098,-18.057262991848095,3.736750703788692,0.0,54.40500674378587,-14.817762354456116,1.3872209341187443,0.0,25.223180183693557,-4.569874610537465,3.773531556818843,0.0,94.07885160132442,-40.18714381373074,0.5380119409781727,0.0,50.83928862762251,-38.885765819462534,1.560677922424631,0.0,43.11789323871516,-39.611384140383464,4.014452333792649,0.0
90.000570828345,-18.052852245704386,3.74906672553621,0.0,54.4032286322323,-14.816327172356461,1.387088013483572,0.0,25.349970600270943,-4.395958403438772,4.016863590760302,0.0,94.07420051152103,-40.189507997205475,0.5419683949228986,0.0,50.83869276782324,-38.8781740142412,1.561035329044918,0.0,43.18140244582639,-39.50618193829767,3.929533671374262,0.0
90.01654166751034,-18.06731743544734,3.766824865790781,0.0,54.40321743996746,-14.817089009227095,1.38420597379368,0.0,25.527779010900453,-4.235936424100942,4.177822376575406,0.0,94.07278961067207,-40.195725868069054,0.5420216796778998,0.0,50.83970419083595,-38.87274450503344,1.5642389672460073,0.0,43.247839044044355,-39.40704734076965,3.858981624278732,0.0
90.0430834958797,-18.09589362910712,3.784352842154316,0.0,54.404798217020755,-14.81960677632138,1.3791289831504638,0.0,25.74706021749946,-4.0956816402715415,4.260227961263834,0.0,94.0742947004222,-40.20502516795977,0.5384406963635193,0.0,50.842049075402464,-38.8695764999046,1.5694384827275982,0.0,43.31893035349049,-39.31344295593456,3.799480087981795,0.0
90.0756106892714,-18.13129000842447,3.7955199581440837,0.0,54.40741609627474,-14.823028458641081,1.3729984327769547,0.0,25.998674856753276,-3.9755279925231974,4.285308620130254,0.0,94.07817796521525,-40.21635729762699,0.5323271790559669,0.0,50.84547198363165,-38.868319609836185,1.57510594036858,0.0,43.395036601602335,-39.22354340202661,3.7468384385113396,0.0
90.10948221726969,-18.16626628316268,3.7965633451472662,0.0,54.410227523870944,-14.826585323241005,1.3671688287955845,0.0,26.27541416355384,-3.8702384765263957,4.28861133759656,0.0,94.08382550466399,-40.2286209029335,0.5255351857782333,0.0,50.84977923447676,-38.86834606935732,1.5797302315805162,0.0,43.475458152467304,-39.13496757307594,3.697240090822012,0.0
90.14122605169032,-18.19562865138694,3.7879033629493684,0.0,54.41231837115604,-14.829879732252513,1.3626984652394576,0.0,26.571720656553033,-3.7707524532054855,4.313905950828584,0.0,94.09064449761472,-40.240923999965204,0.5202973972746019,0.0,50.854815349774945,-38.86889812430127,1.5822841604671858,0.0,43.55890536013309,-39.045668601630204,3.648229362508644,0.0
90.1691608994086,-18.217003178148765,3.774109723195842,0.0,54.41297801416679,-14.832815452390198,1.359910564422096,0.0,26.882560422733135,-3.667545084989758,4.404302873068243,0.0,94.09818298673868,-40.252786196542026,0.5185864822783106,0.0,50.860400438596706,-38.86916698080313,1.582407519049509,0.0,43.643842974348125,-38.95477440320056,3.5991527451632237,0.0
90.19330983751563,-18.230532817735483,3.7621315888500604,0.0,54.41190921518888,-14.835254520040397,1.3582155297616474,0.0,27.20265553228395,-3.5547520767896668,4.591891647499794,0.0,94.10625325887855,-40.26414631606496,0.5214817315886275,0.0,50.86627018253179,-38.868354436585896,1.5803447547568457,0.0,43.72857587201028,-38.86314220072674,3.5509750096088126,0.0
90.21471681189392,-18.238056007876786,3.7587781166628655,0.0,54.40926273952319,-14.836694086245448,1.356286034966013,0.0,27.52672499742664,-3.433411918566959,4.88872485716218,0.0,94.11491174163044,-40.27517291954729,0.5288845968795659,0.0,50.8720690901499,-38.86580143885985,1.5766881695192332,0.0,43.811182885164065,-38.77341511792457,3.5056097596195332,0.0
90.23445141988215,-18.24223596277734,3.7686169288511735,0.0,54.405458793611125,-14.836301843968139,1.35253869206044,0.0,27.850588954301465,-3.311986043102106,5.282662546665619,0.0,94.12424860741127,-40.286016100676825,0.5397085177920502,0.0,50.877443322612564,-38.861212252511756,1.5720216436005785,0.0,43.88954646416056,-38.68948198274066,3.465051180547537,0.0
90.25275451006253,-18.245812157577014,3.7929277691785543,0.0,54.4008783843734,-14.833447369271294,1.3457504498954496,0.0,28.172565374819285,-3.2034260430281183,5.7405070702140835,0.0,94.13415617170624,-40.29664888152511,0.5523631470470907,0.0,50.88224497936642,-38.8548984782819,1.566621577909725,0.0,43.96165473950625,-38.61544547702873,3.4306258584746825,0.0
90.26879614999736,-18.250961274574824,3.8296566405106685,0.0,54.395617636819615,-14.828493015187052,1.3355645510350538,0.0,28.494551940900323,-3.1200360865360537,6.218098825175156,0.0,94.14424608244084,-40.30685804120371,0.5652767550777451,0.0,50.88679115891152,-38.847890759575584,1.5603648893796933,0.0,44.02612241924025,-38.554425536729056,3.402592162851139,0.0
90.28122410183809,-18.25877414460648,3.8739693490955425,0.0,54.389511178643545,-14.823289993673805,1.322653140785949,0.0,28.82230507198012,-3.068695797220075,6.673834056755936,0.0,94.15392558719088,-40.3163542536294,0.5773060166700361,0.0,50.892045888705525,-38.841787660741076,1.5528776480059339,0.0,44.082671368134775,-38.5076276982031,3.3801455558344156,0.0
90.28918008390278,-18.268963129430897,3.9190968288878274,0.0,54.38250261190995,-14.820819862534217,1.3084376048047126,0.0,29.16471641692519,-3.0485925654453023,7.080260743371633,0.0,94.16256317033019,-40.32492359564661,0.5879605458871779,0.0,50.89956946783618,-38.83833165031976,1.543816198290079,0.0,44.132289579517646,-38.47400286325823,3.3617364237968594,0.0
90.29315122786866,-18.279962485874684,3.9574502467682677,0.0,54.375212556424636,-14.823852515533584,1.2945146771302287,0.0,29.532370030284717,-3.052043009353252,7.429272999515562,0.0,94.16969305503619,-40.33253855461176,0.5973929140322571,0.0,50.911149425901364,-38.83883902258934,1.5331242425922795,0.0,44.17694990781089,-38.450574394065384,3.345542371687076,0.0
90.29519841340942,-18.289508900247107,3.9821268067966944,0.0,54.369344864585784,-14.833200292759095,1.2821520450270913,0.0,29.9360389094886,-3.067633473978338,7.729528837369769,0.0,94.17520853091392,-40.33938255070553,0.6061623730537988,0.0,50.92816536215967,-38.84368162191994,1.5211591723291367,0.0,44.21898882634618,-38.433259882300305,3.3299446320609416,0.0
90.29856681849087,-18.295596514814157,3.9887081783766707,0.0,54.3675379819268,-14.846642097940618,1.2721712696405145,0.0,30.385663881196358,-3.0843636094089053,7.9982395914463025,0.0,94.1794487018962,-40.345794677493245,0.6149032827445033,0.0,50.950877964375366,-38.85201445780846,1.5086459111675126,0.0,44.260394569152574,-38.417878108413106,3.31388219145318,0.0
90.30697592422644,-18.2974667313313,3.9767735440667895,0.0,54.37252010436387,-14.859353773984319,1.2651933174294197,0.0,30.88978701367745,-3.0954169274558545,8.251556268261524,0.0,94.18309742263656,-40.35217806794697,0.6240985593162396,0.0,50.977917569182026,-38.86188286970815,1.4964654735594642,0.0,44.30228167590198,-38.40102637252801,3.296986863928135,0.0
90.3238219687882,-18.296165510950583,3.950297629750599,0.0,54.38586969401883,-14.86575483030851,1.261886499410247,0.0,31.45495129224423,-3.1003614151424603,8.49759462426813,0.0,94.18694657485591,-40.35892047090459,0.6340485305603138,0.0,51.00625114753864,-38.87071582576812,1.485352200671688,0.0,44.34473924258378,-38.38060544527713,3.2794710666099984,0.0
90.35132845050516,-18.2942986964256,3.9165051634352785,0.0,54.40700655767528,-14.861781075110262,1.2628481067567936,0.0,32.084763412631574,-3.1051309460790257,8.734214485821497,0.0,94.1916873895591,-40.36635549091609,0.644952737128694,0.0,51.03179408206711,-38.87604514015674,1.4756437079980937,0.0,44.38707119065021,-38.3559099900635,3.2618387469690155,0.0
90.38967489442328,-18.294967703550526,3.8835878410096036,0.0,54.43298465911958,-14.846416815944304,1.268072134379569,0.0,32.778959408749174,-3.120004537717552,8.95130671965757,0.0,94.19784112970085,-40.374766371185075,0.6569860973037098,0.0,51.05058151869835,-38.8761914954152,1.467214424541739,0.0,44.42827463961861,-38.32734332610225,3.2445511187203717,0.0
90.43640341334044,-18.300364180239725,3.858272422412531,0.0,54.45927482601155,-14.82188068208547,1.276353822976386,0.0,33.533158219848886,-3.156526417721004,9.135696629706512,0.0,94.20580688188157,-40.384410775310656,0.6703259184785431,0.0,51.060101939734835,-38.87070087970382,1.4596032266358065,0.0,44.467519003281915,-38.29591930170473,3.227766393889384,0.0
90.48664758222,-18.310812232082753,3.844163624159961,0.0,54.48127522870212,-14.79260094917803,1.28515080619073,0.0,34.33965569216215,-3.224493193772201,9.27627788159185,0.0,94.21593481305791,-40.395525910457586,0.6851283412980518,0.0,51.06022668260907,-38.86044050444984,1.45222754461793,0.0,44.50443569821129,-38.26275794214425,3.211225379248919,0.0
90.53451856429932,-18.324824470380896,3.8412850164073156,0.0,54.495987028462615,-14.763567990156519,1.2912038612014687,0.0,35.18902019711431,-3.3298381925146927,9.367456689176969,0.0,94.22854813224016,-40.408272407677345,0.7014317528586389,0.0,51.05330594172296,-38.84736496081283,1.444563815545333,0.0,44.53915848542634,-38.22875228255824,3.1943130106091076,0.0
90.57527726393516,-18.340072835019203,3.8467237683474576,0.0,54.5032205016859,-14.738757666485682,1.2917557093164262,0.0,36.071952147446325,-3.473834532275589,9.409990585924325,0.0,94.24388697984188,-40.42260327650378,0.7189786092142842,0.0,51.043386957062985,-38.83401909972531,1.4362416546208134,0.0,44.572175773243245,-38.19448342186309,3.176278481166669,0.0
90.60727417976894,-18.354623769074212,3.8559613920665683,0.0,54.505840452554494,-14.720207868501525,1.2858092181746468,0.0,36.980885648789176,-3.653725308132163,9.409446994312184,0.0,94.26198710223055,-40.43809753361351,0.737069091500544,0.0,51.03491118544577,-38.82290294360955,1.4270588593907938,0.0,44.60411175980121,-38.160328217088725,3.1565322804233453,0.0
90.63267282530596,-18.36778031192921,3.864369262032641,0.0,54.50886321783517,-14.70806201789114,1.2747825522760081,0.0,37.91089095095381,-3.8645486224075416,9.373399043047101,0.0,94.2825232018586,-40.45386423567494,0.754665239443618,0.0,51.03143783257281,-38.81588881390757,1.4169325385342955,0.0,44.635542904973484,-38.12661513314941,3.134893008755798,0.0
90.65664962547055,-18.38025832028276,3.868440786270055,0.0,54.51760857738276,-14.701494836146887,1.2621650777170945,0.0,38.85955387539047,-4.101465685941859,9.308758042186364,0.0,94.30469049158695,-40.468646019113265,0.7708179192482483,0.0,51.034837373249964,-38.8138788827504,1.4057969932034258,0.0,44.666905322420725,-38.093700306159164,3.1116739988458573,0.0
90.68549443169199,-18.393776992944627,3.866525411724167,0.0,54.535511797094415,-14.699995956182926,1.252181396859033,0.0,39.825769498958515,-4.361590219502752,9.22022481087284,0.0,94.32725212582294,-40.48116425426613,0.7851579063828904,0.0,51.04510723561984,-38.81678656734517,1.3934990075521636,0.0,44.69848802314148,-38.061942517895055,3.0875765025168196,0.0
90.72439904225031,-18.41028573075651,3.858985473207632,0.0,54.5625107319474,-14.70422597566805,1.2479440143741716,0.0,40.807711714473434,-4.644481983571781,9.110085291469758,0.0,94.3488218960559,-40.49058488263805,0.7980852556919977,0.0,51.06069441675961,-38.82378990317283,1.3797833308726908,0.0,44.73046934047659,-38.03165998451291,3.063443917116153,0.0
90.77571046707287,-18.431066841177323,3.8477733397603817,0.0,54.59492328053756,-14.715850284816833,1.2500465456934133,0.0,41.80046672820526,-4.951039484662118,8.978942860107976,0.0,94.3682980270317,-40.49687983600943,0.810541405061846,0.0,51.079104551699125,-38.83372937635301,1.364410760490271,0.0,44.76295479664647,-38.00316154791447,3.0399794510938722,0.0
90.83819890266138,-18.45598257444375,3.8354959589719577,0.0,54.627124395852114,-14.736351009039673,1.2564716079912994,0.0,42.79404928279058,-5.281226334988219,8.826611293380287,0.0,94.38527261766947,-40.50090946611091,0.8235305407976607,0.0,51.09761161422913,-38.84551277147482,1.347337469170247,0.0,44.79599907238775,-37.97685373473751,3.017529141809538,0.0
90.9075637341377,-18.483209836066283,3.824170270596831,0.0,54.654244570921264,-14.765426137789914,1.2637393253529048,0.0,43.772912162267495,-5.631765321209597,8.65233126660505,0.0,94.40025296430939,-40.50420504867461,0.8376413371738032,0.0,51.113938115128846,-38.85839957288292,1.328830261626349,0.0,44.82961778884199,-37.95331983003467,2.9960090919397864,0.0
90.97800930996237,-18.509771139453203,3.8140752582435233,0.0,54.67439028412399,-14.79993774759753,1.26837966582886,0.0,44.718091875045026,-5.995380339872829,8.453986049891766,0.0,94.41458671961803,-40.50854908417446,0.8527790251042013,0.0,51.12676735551922,-38.87206024856231,1.3094353741163438,0.0,44.86380142455428,-37.93324718619962,2.9750143106057507,0.0
91.04429469629468,-18.53281725859268,3.8032771835799313,0.0,54.68920595612838,-14.83424046345145,1.2679465751426875,0.0,45.61187636415309,-6.362666484834834,8.227002651573263,0.0,94.43007465988268,-40.51547883378791,0.8682201566708905,0.0,51.135931763896245,-38.886381124160955,1.289804903078359,0.0,44.89853030263907,-37.917171780908106,2.9540700827047104,0.0
91.10337467334554,-18.551041072289944,3.78830091902857,0.0,54.702649155460556,-14.861953169916852,1.261421077776685,0.0,46.44277871275253,-6.7259717253615285,7.964187359329115,0.0,94.44838273178628,-40.52583690941896,0.8829496803927537,0.0,51.14221799625113,-38.90111291591609,1.2704666101002378,0.0,44.93377042167504,-37.905151532471216,2.93290572457696,0.0
91.15492733851698,-18.565310175544585,3.765822356786826,0.0,54.71881603181215,-14.878292976090567,1.2492136367583822,0.0,47.20784814572289,-7.083027058057176,7.657138257581121,0.0,94.47046187957763,-40.53950507785975,0.8961071119787842,0.0,51.14691732466269,-38.9155614273952,1.251658197226078,0.0,44.96943074088765,-37.896565255791295,2.911614062220327,0.0
91.20075080259602,-18.5780263146078,3.734522819333124,0.0,54.7399816123649,-14.8817492273634,1.232934049691199,0.0,47.911087424344025,-7.43808163998899,7.298818493042804,0.0,94.49618778166774,-40.555436236476226,0.9073372144968772,0.0,51.15134977075748,-38.9285212336809,1.2333084981229483,0.0,45.00529013903347,-37.89018893207469,2.8906250911325895,0.0
91.24366617614386,-18.591596971186714,3.6960877044487397,0.0,54.76570777381262,-14.874352760286639,1.214957167856035,0.0,48.55928898333565,-7.799860408057894,6.886442982607445,0.0,94.52435390608636,-40.57199833114048,0.916900511715518,0.0,51.15651461890211,-38.93855254730174,1.2151684369063087,0.0,45.04093569188342,-37.884546513695234,2.870516224856811,0.0
91.28658757123898,-18.607000335108236,3.6548153430004646,0.0,54.793256301637875,-14.86059820414022,1.197821300722536,0.0,49.157740136450606,-8.177255332247162,6.42395088261844,0.0,94.55302738607905,-40.587506274638116,0.925521118914185,0.0,51.16287699498752,-38.94452699749581,1.197029354105947,0.0,45.075769832097606,-37.87837182203034,2.851751296466853,0.0
91.33189578114278,-18.62331830282426,3.6160128204356035,0.0,54.81895558836127,-14.845640323677873,1.1836008630312769,0.0,49.707695836543365,-8.57438808568772,5.923381558577326,0.0,94.58014231887955,-40.60073369247044,0.9340915288282812,0.0,51.170239398988954,-38.946187537706166,1.178925120864461,0.0,45.109128289889895,-37.87095456775517,2.8344651902567506,0.0
91.38087801569476,-18.638453426238115,3.5839679779932734,0.0,54.839811902672345,-14.833534343180645,1.1734363324951271,0.0,50.20631299832646,-8.986746854021295,5.4044553938402125,0.0,94.60411296049274,-40.611214515169735,0.9434143079671138,0.0,51.17770232176824,-38.94440506450341,1.161188204536737,0.0,45.14049621720525,-37.862212857677726,2.8183830032937127,0.0
91.43318975183671,-18.65047257687583,3.5604707925282124,0.0,54.854639325410744,-14.826122808262598,1.167345705757528,0.0,50.648640691721184,-9.399877062133182,4.892042765911782,0.0,94.6242509584328,-40.619248503150196,0.9540898106434881,0.0,51.18379196260404,-38.94095961993338,1.1442591173717904,0.0,45.1697383832422,-37.85249118713214,2.8028904618369985,0.0
91.4866973886698,-18.658664280153683,3.544467300945035,0.0,54.864293655453494,-14.822826819952304,1.1643530020414588,0.0,51.030465493317585,-9.791519703725978,4.412069969407886,0.0,94.64086544983371,-40.62565787500465,0.9665280370380831,0.0,51.1868146603273,-38.93795764460239,1.1283042556941805,0.0,45.19722678520854,-37.842228418041735,2.7871968447365507,0.0
91.53808589877453,-18.66373849838826,3.532792601379711,0.0,54.87106870133705,-14.821225582724868,1.1628872685261573,0.0,51.35055930692944,-10.1369017520723,3.9872043637476065,0.0,94.65505482294543,-40.631436682437844,0.9809714014250659,0.0,51.18538755406803,-38.93720856342898,1.1129035372501956,0.0,45.22378563651985,-37.83168893221444,2.770504502191649,0.0
91.58412093375176,-18.667262178398815,3.5214871989229177,0.0,54.87769714053066,-14.818064856354898,1.1613079158919195,0.0,51.61143850950713,-10.415398963326977,3.633662252578482,0.0,94.66830124812655,-40.63744362384314,0.9974217512608803,0.0,51.178957529560904,-38.93986948943576,1.0970432287425602,0.0,45.250447971568434,-37.820888214326956,2.7521350515345713,0.0
91.62285980061444,-18.670778860950033,3.5071118227064364,0.0,54.8864912175333,-14.810305328971282,1.1583423665801469,0.0,51.818779579037795,-10.616018744907253,3.3596300898011613,0.0,94.68202409888553,-40.64422411797658,1.0154702345282338,0.0,51.168021896233284,-38.946465172950774,1.079329242883368,0.0,45.2780900215175,-37.80972230319361,2.7316227763922036,0.0
91.6540392358311,-18.674996942630006,3.4876525068306528,0.0,54.898933799366105,-14.795946034040618,1.1532850374542196,0.0,51.9802856742316,-10.739800959127468,3.1649288083916804,0.0,94.69722536508174,-40.65196996728276,1.0341717646075832,0.0,51.15377525694657,-38.95718874351651,1.0580453304879267,0.0,45.307067665906985,-37.798197916179575,2.708812872757706,0.0
91.67849458914485,-18.679290469147425,3.462873219061862,0.0,54.91566528286393,-14.774498559140145,1.1459783683222753,0.0,52.10465751815339,-10.798780192333824,3.0414711059331427,0.0,94.7142858286466,-40.66057895027456,1.0521674286598,0.0,51.13670493481571,-38.97258489309685,1.0300037165883538,0.0,45.337005896054755,-37.78661187772135,2.683970072011636,0.0
91.69723482300904,-18.6817089416285,3.4341813571486544,0.0,54.93657112829669,-14.74707547089312,1.1367073458184276,0.0,52.200812239867226,-10.812434707530102,2.9745171438437463,0.0,94.73291293379945,-40.669757841658225,1.0681158254139955,0.0,51.11043425543953,-38.99768235282038,0.9833764585857185,0.0,45.366853269004395,-37.775564359764495,2.6578418784641045,0.0
91.71105123507404,-18.679618793972566,3.4041567288231445,0.0,54.960711056660905,-14.716134587679688,1.1261083713868238,0.0,52.277183018937656,-10.802990795988618,2.9449438702869912,0.0,94.75224274154789,-40.67911494106476,1.0812107753339326,0.0,51.10841148361554,-39.011108247234475,0.9799497992996216,0.0,45.39520554671502,-37.765784399372635,2.631592450345927,0.0
91.72109949960267,-18.6708849861416,3.3758708336368795,0.0,54.98607471239205,-14.68501664930045,1.1151034586607746,0.0,52.34098942748038,-10.790759071755748,2.9324355392248442,0.0,94.77110161372099,-40.688227337842434,1.091427556956523,0.0,51.10994084913769,-39.022535660570256,0.9757092940801595,0.0,45.42077564991361,-37.757846870974824,2.6065674698806394,0.0
91.7300838973555,-18.655194451209653,3.352080947071329,0.0,55.00939960133202,-14.657443034081428,1.104809116073655,0.0,52.39762635070037,-10.790313783003743,2.9190003205891664,0.0,94.78837882994229,-40.69671839900149,1.0993185724378076,0.0,51.11337193782936,-39.030915566086975,0.9706609479258379,0.0,45.44281246800129,-37.751919986625374,2.583945919333761,0.0
91.74306717206694,-18.634913460312134,3.334427668865237,0.0,55.02639354694883,-14.637037920189913,1.0963694703647526,0.0,52.45047310087802,-10.808124136487281,2.891911774979878,0.0,94.8033891988877,-40.704371729883384,1.105500299437093,0.0,51.11691565540278,-39.03553711000731,0.9652955433941219,0.0,45.46129751426277,-37.74767311387713,2.564414700543738,0.0
91.76699222679196,-18.614953333727694,3.3228832344357517,0.0,55.03261413124409,-14.62680308999245,1.0907267694334575,0.0,52.501262461961886,-10.842203502013643,2.8452586488595024,0.0,94.8160866838912,-40.71123451633844,1.1101809995432728,0.0,51.11941109216405,-39.035991635272815,0.9603374708548404,0.0,45.476863313561054,-37.744398028751384,2.548005706872253,0.0
91.80870000344454,-18.601509165446167,3.3157343058397792,0.0,55.02496888822057,-14.628456773634447,1.0883971344602497,0.0,52.55080196800472,-10.884091975067017,2.7797622624568934,0.0,94.82704573426685,-40.717618181984236,1.1130594251919348,0.0,51.120688617782584,-39.0321926931808,0.9564103981457155,0.0,45.490509037892856,-37.74128889496164,2.534149230771332,0.0
91.87209141870105,-18.600051223191457,3.3102047527247525,0.0,55.00337962592156,-14.641692087453817,1.0892844774060038,0.0,52.59967280209988,-10.922708858421165,2.701169328129396,0.0,94.8372269348008,-40.72395321425255,1.1136898200533398,0.0,51.121422641167506,-39.024554776832545,0.9537877351256938,0.0,45.503262714771616,-37.737743456176354,2.521877910323422,0.0
91.95561216822409,-18.613328118919565,3.303502081633585,0.0,54.97180628865747,-14.663643114672396,1.092518869436228,0.0,52.64868482495722,-10.94863051942174,2.6179461259839254,0.0,94.84763400187806,-40.7305515439825,1.1120842121193082,0.0,51.12262695914433,-39.01426695942681,0.9523218646164029,0.0,45.51592863210807,-37.73353726496838,2.5100619633231975,0.0
92.05119421443405,-18.640163607326915,3.293839855194369,0.0,54.937846557966715,-14.689009646192337,1.0963948479981962,0.0,52.69906702971955,-10.957048658733079,2.538951738454184,0.0,94.85900434995344,-40.73738424375822,1.109124731830443,0.0,51.12509813985271,-39.003418591016214,0.9515518765176356,0.0,45.52898692692317,-37.72879231394335,2.4976086421974824,0.0
92.14526334046434,-18.675478702954887,3.281018597511485,0.0,54.910703100867416,-14.711155912053629,1.098626308119231,0.0,52.75235723268524,-10.948456622824224,2.4714802230736375,0.0,94.87164273558662,-40.743968764887896,1.1064535309487624,0.0,51.129093291301736,-38.99472172229754,0.9509363634667594,0.0,45.54262780982534,-37.72377278814515,2.4836358987652076,0.0
92.22176138742981,-18.711510795783127,3.266393683342816,0.0,54.89823728251271,-14.72397513904508,1.097037514758286,0.0,52.809859457797465,-10.927356489825902,2.4198926475042075,0.0,94.88541887329328,-40.749420708410064,1.1058791265120167,0.0,51.13436296766933,-38.9907732738529,0.9501221526956609,0.0,45.55684831690762,-37.71863296043208,2.4676399130511832,0.0
92.26657348156199,-18.73989167721269,3.2523368128506043,0.0,54.90447027751559,-14.723721012111746,1.0904241268159627,0.0,52.87166265323185,-10.900049804513538,2.385020819467666,0.0,94.89985924121423,-40.752679338333465,1.1087026066677979,0.0,51.140442501446714,-38.993078514995425,0.9491159474842501,0.0,45.571537033346104,-37.713265002204956,2.449625926584087,0.0
92.27222032643098,-18.754055068296235,3.2414446897092617,0.0,54.92870358878358,-14.709889951789124,1.0790430973238578,0.0,52.935576320086234,-10.872578996323307,2.364410848388877,0.0,94.91425585337494,-40.75283822198147,1.1153609623431269,0.0,51.146958052084116,-39.00123800460401,0.9482411118222007,0.0,45.58651612514816,-37.707333439376484,2.4301331900466216,0.0
92.24114491811979,-18.751246976998274,3.235715358354634,0.0,54.966542871543446,-14.684761874162351,1.0643957619018227,0.0,52.996638065815226,-10.849432172757396,2.353269834424072,0.0,94.927785135795,-40.74943445499537,1.1254593734640945,0.0,51.153722826052196,-39.01267132284842,0.9479005409228485,0.0,45.60155962032374,-37.70047092642199,2.4101063700582035,0.0
92.18583831870701,-18.733339907496056,3.235840127072221,0.0,55.012152893502794,-14.651963983113836,1.0484735318465912,0.0,53.047781967867245,-10.83310645497625,2.3458427991126083,0.0,94.93967298271988,-40.7425609545711,1.1380377117280691,0.0,51.16058318681908,-39.02303298823301,0.9483261720996676,0.0,45.61641737389928,-37.6925113597812,2.3906335376729633,0.0
92.12503458315754,-18.705987654262376,3.2408393851203847,0.0,55.06056141313014,-14.614882207402086,1.0329517664030696,0.0,53.08177214762544,-10.824275981247911,2.336924594050048,0.0,94.94940725634166,-40.732776051837135,1.1519337700848826,0.0,51.16719192389928,-39.02724164739877,0.9494876855133914,0.0,45.63085004932292,-37.68361311379192,2.3726277350052847,0.0
92.07716345214001,-18.67640517152265,3.248353272602614,0.0,55.108935971164634,-14.57570094305359,1.0187464052347188,0.0,53.09381924397129,-10.822210668125262,2.3231892885004513,0.0,94.95692670608537,-40.72090363999834,1.166171304178274,0.0,51.17296477834182,-39.020961178957556,0.9511561021602812,0.0,45.64466138284363,-37.674198649170165,2.356541891091922,0.0
92.05395530957969,-18.65077198973818,3.2556126853651772,0.0,55.156376136924486,-14.535429666920356,1.0060760829231423,0.0,53.08375909173923,-10.825210811147665,2.3039574567632037,0.0,94.96267718164486,-40.707852771770746,1.180277720365165,0.0,51.17736422080931,-39.00237640958889,0.9529891005503384,0.0,45.6577140647306,-37.66476043182344,2.3422013414561818,0.0
92.05715844101069,-18.632408013441406,3.2605836546383014,0.0,55.2025532667558,-14.494741297179642,0.9949238041366488,0.0,53.05663428913269,-10.831027997856188,2.281074185496921,0.0,94.96747560806483,-40.694519530690826,1.194369463007403,0.0,51.18045224199361,-38.973980386432125,0.9545629705376015,0.0,45.66992343877928,-37.65566445989494,2.328835058300804,0.0
92.07963517276582,-18.621362530493496,3.262606329970394,0.0,55.2460730025861,-14.455059466821599,0.9856350589159248,0.0,53.02117828355105,-10.837348229783018,2.2578923660767902,0.0,94.97223389482362,-40.68173964100151,1.2088716961059358,0.0,51.18349496632759,-38.94380693706614,0.955419277158585,0.0,45.681236695494334,-37.64706235714749,2.315340090039646,0.0
92.10984622741518,-18.61529187273825,3.262256542407105,0.0,55.28351374224887,-14.419239232950567,0.9793274966694998,0.0,52.98682454799528,-10.842327299378633,2.2378153820471116,0.0,94.97767496562476,-40.670230266008446,1.223956906530903,0.0,51.189352246126184,-38.925350360001254,0.9552435426792165,0.0,45.69161962367759,-37.63893259692317,2.300692591968051,0.0
92.13724662973934,-18.61096861319707,3.2606906876476742,0.0,55.309757159337224,-14.391384528551802,0.977850919744375,0.0,52.96070756163007,-10.8450123808689,2.223075063207128,0.0,94.98415811020728,-40.6605091182326,1.239071140275481,0.0,51.20243821843144,-38.93557184554569,0.9541829169441076,0.0,45.70106802935232,-37.6311946749615,2.2843144389652785,0.0
92.15606495946552,-18.605678283332107,3.2589341091142447,0.0,55.31963444777326,-14.375732943086929,0.9832304330429356,0.0,52.94601743809958,-10.845462927250775,2.2142067574336615,0.0,94.99165360514961,-40.65283931842007,1.25294843059077,0.0,51.22815461911197,-38.990950304212845,0.9531060047157318,0.0,45.709634179532365,-37.62382510754184,2.26623621316495,0.0
92.16616156724382,-18.598017375879902,3.2574438964121963,0.0,55.31023338077664,-14.374995228997571,0.9967796657724612,0.0,52.94214508887653,-10.844533003860905,2.210249043289675,0.0,94.99984234247775,-40.64725329255191,1.2641597898374997,0.0,51.27184874687644,-39.102361321124086,0.953448725560607,0.0,45.717439664936066,-37.61693165138006,2.247040485357953,0.0
92.17133065771549,-18.58798083054935,3.256053416043759,0.0,55.28271213946259,-14.388914592497219,1.0182866171900393,0.0,52.946087264396624,-10.84344169872629,2.2093849433620036,0.0,95.00828944981396,-40.64366174899323,1.2718161947477427,0.0,51.33751955034774,-39.27039773824396,0.9563573089600368,0.0,45.724657938621036,-37.61076799741269,2.2276829842062984,0.0
92.17654008520346,-18.576527343083097,3.2542168309992405,0.0,55.24253784980961,-14.413862333582587,1.0457401319197377,0.0,52.95417742704768,-10.843313663136332,2.2096756057461544,0.0,95.01663437658758,-40.64199744421768,1.2759534111316224,0.0,51.42665129098534,-39.48315147026013,0.9612863479717966,0.0,45.73148010172488,-37.605681174895764,2.2092855953312807,0.0
92.18566976077322,-18.56493624075951,3.251356381680658,0.0,55.19789590404945,-14.443805138622949,1.0758471259079059,0.0,52.96338963238514,-10.84483472622624,2.209624046241302,0.0,95.02474454345116,-40.642316825387276,1.2774054888679736,0.0,51.537612784254044,-39.71800348606369,0.9649145522312867,0.0,45.738094733684626,-37.601999266390344,2.192919422858152,0.0
92.20050994024442,-18.554229066390157,3.24712304394194,0.0,55.15713541729855,-14.472171938313549,1.1051242641785315,0.0,52.97190427056038,-10.848103529783248,2.208437150505235,0.0,95.03279118292403,-40.64480392925954,1.2773369814681228,0.0,51.665938125426464,-39.94756837547328,0.9616329893806768,0.0,45.74469887035344,-37.59989957576209,2.1793574593322553,0.0
92.22082160616363,-18.54482133811256,3.241502023168861,0.0,55.126622445184395,-14.493640420257792,1.1309785303966766,0.0,52.97902529789144,-10.85269352035877,2.2059847938033954,0.0,95.04122394188444,-40.64967006012812,1.2767735286182393,0.0,51.80548753303691,-40.14824889734611,0.9463107271060593,0.0,45.751523413245174,-37.59932294664828,2.168831849165013,0.0
92.24481955783948,-18.536477505720896,3.234811848853763,0.0,55.109869993562064,-14.505066751536726,1.1522628101011243,0.0,52.98475673196364,-10.857869977064185,2.2025579692101864,0.0,95.0506506163336,-40.656983354725334,1.276374191125237,0.0,51.95009060098804,-40.308775807388216,0.9186295119482484,0.0,45.758831885997864,-37.59998942649215,2.160929610014799,0.0
92.2696412254485,-18.528553389309963,3.2276615553131514,0.0,55.1078789675956,-14.505444550111768,1.1692319871234904,0.0,52.98936109700033,-10.862854387253797,2.1985695991758956,0.0,95.06166204894916,-40.666486068319784,1.2764611828786716,0.0,52.09505256517618,-40.43599868476892,0.8869609517585744,0.0,45.76686445986948,-37.60152368370214,2.154757635001749,0.0
92.29179901636978,-18.52040218976876,3.220870460437082,0.0,55.12006492294413,-14.495317278459572,1.1832206734358017,0.0,52.99309279236981,-10.867031029915378,2.194319884789783,0.0,95.07465978817872,-40.67747641440777,1.277163606672035,0.0,52.238070352828316,-40.55573537439159,0.8695847933714145,0.0,45.775747321521486,-37.60363919320503,2.149315977647472,0.0
92.30782199938005,-18.511747959080694,3.215314287657625,0.0,55.14517186407821,-14.476149940334,1.1964208096352262,0.0,52.99613492531791,-10.87005341647878,2.1898947052297117,0.0,95.08973790705708,-40.688839490103106,1.2785297623395717,0.0,52.37953739047911,-40.707444788598046,0.8922197239150744,0.0,45.78542581675583,-37.60629021002781,2.143826723630191,0.0
92.3151594422199,-18.502858535727288,3.21169084346535,0.0,55.1818918834568,-14.449874904267396,1.2119142376788439,0.0,52.99866194948266,-10.871877539718632,2.1852079297123037,0.0,95.10664934533517,-40.699277430600446,1.2805492890785253,0.0,52.5224682707797,-40.933099821989146,0.9824900583346139,0.0,45.79567090359089,-37.609707676734686,2.1378247367573007,0.0
92.31315155501349,-18.494465171719824,3.2102679683607906,0.0,55.2292119288872,-14.418450909732076,1.233851148473093,0.0,53.000927363653446,-10.872763427701468,2.1801466446832034,0.0,95.12486327944065,-40.70769705052181,1.283101218964406,0.0,52.67206264661438,-41.262906039050534,1.1628684933900253,0.0,45.80616558252037,-37.61429224104388,2.1310405538043202,0.0
92.30371322574369,-18.48751115290865,3.210722814021029,0.0,55.28665561064833,-14.383071439027802,1.2675320953303917,0.0,53.00331191365446,-10.873244572163255,2.1747433292166267,0.0,95.1436999161794,-40.713606325072554,1.2858874394368627,0.0,52.83454483911206,-41.7026599127586,1.443564657223181,0.0,45.81663259207264,-37.62041247921411,2.1232416983580134,0.0
92.29139541196949,-18.482888458122353,3.212165524123991,0.0,55.35454865704688,-14.342744535461946,1.319192787145484,0.0,53.006322807148294,-10.874020359498836,2.1692949272210527,0.0,95.16251053414327,-40.717330863816294,1.2884413816080613,0.0,53.0150039398213,-42.228422181919115,1.8168916011339817,0.0,45.826939761969804,-37.62820134758175,2.114170803824118,0.0
92.28264720983921,-18.48128764561233,3.2133677874043194,0.0,55.434294457259746,-14.292310129336707,1.3954751250817807,0.0,53.01056373241649,-10.875738853422055,2.164376849580311,0.0,95.18084915081205,-40.719929581744495,1.2902779240470945,0.0,53.23860458155927,-42.766219232796345,2.2705108669983627,0.0,45.83713161767136,-37.63743009893838,2.1036142959796233,0.0
92.28436288679124,-18.483171020461715,3.2131272882791553,0.0,55.52857505945106,-14.220441202582785,1.5027972750849372,0.0,53.01667986871993,-10.878716910947851,2.160747201416255,0.0,95.19856796394858,-40.72282680173963,1.2911335655068985,0.0,53.46691955590215,-43.29805355606694,2.743209047757455,0.0,45.84738014177188,-37.64748438553461,2.091545904972037,0.0
92.3020889464494,-18.488783082484012,3.210634235255805,0.0,55.64146274827038,-14.108631006424101,1.646948422212004,0.0,53.02525653704218,-10.882724892106316,2.1591811305094044,0.0,95.21578474736381,-40.727309727086066,1.291133074364204,0.0,53.70022611176395,-43.77223337746362,3.1910846889149536,0.0,45.857892976530145,-37.657423932266155,2.0782468674256442,0.0
92.33844223065829,-18.49810397165196,3.205691545330689,0.0,55.77848252551666,-13.932398450492585,1.833109674575212,0.0,53.0366645437229,-10.886958552882952,2.1602903254781154,0.0,95.2327271338811,-40.73409650969437,1.2907523259122762,0.0,53.93740533217994,-44.162709850956105,3.5819942050016493,0.0,45.868834268456396,-37.66610635697501,2.064303359675998,0.0
92.39223645391787,-18.510714933044476,3.1986952433140132,0.0,55.946548138116235,-13.665670447746757,2.066164664872577,0.0,53.05089670013662,-10.890229678936855,2.164363447506979,0.0,95.24953330015933,-40.743128596483665,1.2906070212046696,0.0,54.18108441604746,-44.46891109468869,3.8994825715846577,0.0,45.88029353730981,-37.67237511635648,2.050420259389643,0.0
92.45855904032092,-18.525640464243633,3.1904003964542778,0.0,56.15350221084676,-13.288253568712294,2.3507398561182278,0.0,53.067478276901994,-10.891307954931854,2.171244375105047,0.0,95.26612785574184,-40.75362398940529,1.2912283207165647,0.0,54.43981628944457,-44.70814178968839,4.142743583515012,0.0,45.89229470765539,-37.67530671731894,2.0370903964269385,0.0
92.52973665872243,-18.541318648440203,3.181618651060374,0.0,56.40696956781136,-12.794538949776918,2.6901306330578656,0.0,53.085520450486655,-10.88929544912243,2.180276531989799,0.0,95.28225179045283,-40.76433474053812,1.2929789068610216,0.0,54.72627098203254,-44.90553834883053,4.3212628365076,0.0,45.90480548552554,-37.67447052324827,2.024307073143717,0.0
92.59691153464682,-18.55583354093181,3.173030981084029,0.0,56.712528356076476,-12.199803210924902,3.0835571288968726,0.0,53.10391957025743,-10.883906761861812,2.190363638652361,0.0,95.29762447515597,-40.77391981003776,1.2961270672520726,0.0,55.05358101687849,-45.084824526422594,4.4484256495221235,0.0,45.91771959474268,-37.67010845971927,2.0115471837647103,0.0
92.65184418863845,-18.56736102459039,3.1652077788217348,0.0,57.07182496821719,-11.540055992474628,3.5224503247756918,0.0,53.12162326191275,-10.875551840713545,2.2001866244057524,0.0,95.31213008437416,-40.781338334572126,1.3009449616003188,0.0,55.43168435969847,-45.26227737392698,4.536779486584939,0.0,45.930825762925494,-37.66313685285807,1.9980448089606782,0.0
92.6885500506428,-18.5745743808301,3.1587435164433426,0.0,57.48193238032356,-10.863705014758542,3.9881462183867242,0.0,53.137849381692945,-10.865186773451804,2.2085511457279328,0.0,95.32591250536161,-40.78615950565683,1.3076667907293196,0.0,55.86495807838468,-45.4446591333772,4.5956159666452265,0.0,45.94379929904477,-37.654926840349084,1.9831492027096225,0.0
92.7044718407605,-18.57676026977985,3.154275242889989,0.0,57.93716196960608,-10.21795177426838,4.453594783064451,0.0,53.152189469746716,-10.85399923942135,2.2147427674325026,0.0,95.33932726021416,-40.78868921454904,1.3162653140001588,0.0,56.35167581259015,-45.630492041036874,4.6303117112482415,0.0,45.9562427509742,-37.646915652083614,1.9665794442761424,0.0
92.70101303953838,-18.573624559486365,3.1522248487234794,0.0,58.43306106104311,-9.636416155122493,4.88926931539215,0.0,53.16460936305825,-10.843071959101286,2.2187153647653766,0.0,95.35278276300264,-40.78985781819304,1.32617853898725,0.0,56.88517125699734,-45.813291028446784,4.6426876399107915,0.0,45.96777989899506,-37.64019293342708,1.9485062940992766,0.0
92.68329797171131,-18.565002305194856,3.1523719754027635,0.0,58.97046199965921,-9.133494738175763,5.270312389424845,0.0,53.17539762531707,-10.8331654188716,2.2210078975107237,0.0,95.36655302091829,-40.79090153894459,1.336207940886288,0.0,57.456100793351304,-45.98523009823376,4.631965159309681,0.0,45.97817591293047,-37.63523572944028,1.9294386449273162,0.0
92.65905617921585,-18.550769697351868,3.1535960462037362,0.0,59.557140852296946,-8.706376003342552,5.581305625882987,0.0,53.18509035421531,-10.824682209899654,2.2224407131295294,0.0,95.38064221421347,-40.79296575216282,1.344748715345185,0.0,58.054893174134705,-46.14001621141173,4.596101135678442,0.0,45.98742507280522,-37.63190136998096,1.9099379945852277,0.0
92.63676977915569,-18.531178506265228,3.154090363630427,0.0,60.20620097718203,-8.34185580713201,5.817208797426124,0.0,53.19437096106309,-10.817773664017704,2.2237582329007406,0.0,95.39475046173361,-40.79679867025845,1.350331868107192,0.0,58.67350790261538,-46.27431528679341,4.53320972101163,0.0,45.99574799231876,-37.62965916093643,1.8902800069067585,0.0
92.6236554006452,-18.507573415949388,3.152036048415523,0.0,60.93207807774289,-8.024346928817216,5.981461048039689,0.0,53.20394921677251,-10.81248729424679,2.225383361119622,0.0,95.40835756161079,-40.80265015173366,1.35225570967628,0.0,59.30605970871448,-46.387722610376656,4.442666875247916,0.0,46.00348623198078,-37.627928390849206,1.8702125753762502,0.0
92.62429839025297,-18.483061311655433,3.1463607893261862,0.0,61.74574465785488,-7.7424739475077775,6.083114431197988,0.0,53.21445085273707,-10.808859481158597,2.22736052195779,0.0,95.42091056408059,-40.810372731327114,1.3509765675819363,0.0,59.948472686785585,-46.48172066838705,4.325566021105388,0.0,46.01093969762206,-37.62636377853228,1.848815605865699,0.0
92.64043510444216,-18.462499118697497,3.1371220435925444,0.0,62.650435236437865,-7.49270430015623,6.134303391814468,0.0,53.22635231955701,-10.806918424397844,2.2294618194587574,0.0,95.43206361736748,-40.819620532583215,1.3479992972220138,0.0,60.59773891893367,-46.55819891747939,4.184439934309323,0.0,46.01819932605741,-37.625012039428114,1.8240798185243374,0.0
92.67159911981615,-18.451464439139905,3.125354067407212,0.0,63.638855389136715,-7.279309875171579,6.148344155250474,0.0,53.239957104955955,-10.80663543904045,2.2313688814292956,0.0,95.44188015607985,-40.8300219825441,1.345245011437802,0.0,61.25136382143206,-46.61806551886215,4.022453952297214,0.0,46.02474949593652,-37.62463181797423,1.7889046914444648,0.0
92.7157846871187,-18.45451731392774,3.1126092453527026,0.0,64.69279284542425,-7.110968343998016,6.138141813440848,0.0,53.2553662214107,-10.807896194483671,2.232836852841716,0.0,95.45088872057833,-40.84126713369932,1.3441473317397108,0.0,61.907269779581746,-46.66039865000138,3.842481441465047,0.0,46.0300379035394,-37.62570122177719,1.753147772738366,0.0
92.76953004202282,-18.47353432650207,3.1005333480703428,0.0,65.78592878045453,-6.99553204420601,6.114660148384566,0.0,53.27240121630719,-10.810529890292262,2.233779414248785,0.0,95.45992384560945,-40.85313013042363,1.3448825904860033,0.0,62.56407902558815,-46.68240249326999,3.646506511813188,0.0,46.03695343448741,-37.62538884292125,1.7412251716308393,0.0
92.82766042702309,-18.50685959133887,3.0906305146560573,0.0,66.88969463530957,-6.935393056846177,6.0856568206797395,0.0,53.29050363005965,-10.81436435530719,2.2342612040468097,0.0,95.46980256780641,-40.86546135464603,1.3461099310586082,0.0,63.22149868111491,-46.68011386404486,3.435656771347304,0.0,46.04410399661925,-37.625327956167276,1.7297164937620693,0.0
92.88348456177097,-18.549589020307238,3.0841716826414487,0.0,67.9802441830888,-6.9257268778877386,6.055017795416777,0.0,53.30870564526341,-10.819237318161031,2.2344273425087913,0.0,95.48100541076309,-40.87815297155637,1.3454289355181182,0.0,63.88046583583489,-46.64952266913816,3.210918303874971,0.0,46.05156839642518,-37.62538557135166,1.7189186265510816,0.0
92.92993616689455,-18.594820982993852,3.082148132983713,0.0,69.04348980305762,-6.95647238804604,6.022560941641073,0.0,53.32577280448007,-10.824926680295192,2.2344176653750374,0.0,95.49353041997342,-40.891089366331414,1.3404883190992827,0.0,64.54273053082845,-46.58770483256408,2.9742940486763416,0.0,46.05942120003142,-37.62541205914819,1.7091722573674168,0.0
92.96132706277719,-18.635391098030244,3.0851959809974474,0.0,70.07615419273289,-7.017002095160487,5.983769623251021,0.0,53.34053991196217,-10.831039480142206,2.2342993345072486,0.0,95.50697637088453,-40.90411764285124,1.3303007544960366,0.0,65.20974478225143,-46.49370170412035,2.729904615043857,0.0,46.067695390179075,-37.62531864165163,1.7006524613523375,0.0
92.97485792031215,-18.6655230815015,3.0934236919100027,0.0,71.083158361068,-7.101241593548456,5.929298247043571,0.0,53.35234135147572,-10.83695914561581,2.2340298890326675,0.0,95.52079098909074,-40.91703672186312,1.316029774340798,0.0,65.8811517652416,-46.369050163790305,2.4844287329239183,0.0,46.07637728929185,-37.62512988383776,1.6931938902135961,0.0
92.97122654768437,-18.681961085962563,3.1061243558586025,0.0,72.07320992028883,-7.2109928393110545,5.844910600709859,0.0,53.36135571736528,-10.841940761110186,2.233458881051572,0.0,95.53455453369897,-40.929561299012526,1.3006738958360646,0.0,66.55362252641943,-46.21792995688873,2.2464777999551693,0.0,46.08545462899247,-37.624992946170956,1.686258358883192,0.0
92.95425562325073,-18.68441047460572,3.1215080107865667,0.0,73.05432610693406,-7.3561493321884015,5.712801700581267,0.0,53.368697523997405,-10.845355968926789,2.2323807167762926,0.0,95.54816823629203,-40.94126955465305,1.2877225316711662,0.0,67.2208573323212,-46.04685417189825,2.0249660868910606,0.0,46.094997476277804,-37.625132242585565,1.6790737718173716,0.0
92.92988437094043,-18.67532822690342,3.136723844875018,0.0,74.03020344665656,-7.551812563064417,5.514729412913644,0.0,53.376191216424225,-10.84697459984326,2.2306384108054846,0.0,95.56187738203667,-40.95164041144775,1.2795398184291642,0.0,67.87505633701116,-45.86381697626378,1.827021177734606,0.0,46.105214621325956,-37.62575791250318,1.6708655208518142,0.0
92.9049164020591,-18.659167448223126,3.1483774919172944,0.0,74.99783571977402,-7.813328238912008,5.23655608804558,0.0,53.38589719712124,-10.847114714083137,2.2282474854919805,0.0,95.57614910759563,-40.96027931921233,1.2764144478399952,0.0,68.50935639275293,-45.67692963037835,1.6561888600019383,0.0,46.11642349568503,-37.62696680501266,1.661051035034987,0.0
92.88575849309645,-18.641192755802624,3.153482864205591,0.0,75.9466652167543,-8.1505415239563,4.8731683598208715,0.0,53.39955430408379,-10.846553268626026,2.22548594671175,0.0,95.59148912294478,-40.967282947599635,1.2767621131214817,0.0,69.12017422882263,-45.49278305743059,1.5115382039655145,0.0,46.12890569641989,-37.62868931311004,1.6493158281335365,0.0
92.87729205176264,-18.626102563703512,3.1504980915390917,0.0,76.85950518341322,-8.56244713005476,4.432388314630556,0.0,53.41811271264357,-10.846231684204062,2.2228972759846695,0.0,95.60828496301045,-40.973531129189475,1.278230620020718,0.0,69.70842436112582,-45.31495113080702,1.3879107801787534,0.0,46.14268581788979,-37.63071470273386,1.6355952430110179,0.0
92.88206550191903,-18.61687137631517,3.1399567844917353,0.0,77.71525058353488,-9.03353056157485,3.9363896168015238,0.0,53.44146611356297,-10.846902511997223,2.2211770294103133,0.0,95.62671801086766,-40.98066604436491,1.2789582940364017,0.0,70.27910425344477,-45.1430958086359,1.2771851398394638,0.0,46.15734651745074,-37.63278495134206,1.6200546515957814,0.0
92.9000233394864,-18.614228178836328,3.1243132210586424,0.0,78.4928753343626,-9.533478403993822,3.419511554303398,0.0,53.46841571014593,-10.848870347703647,2.220953670495538,0.0,95.64673135157938,-40.99065273979603,1.2782609045387687,0.0,70.83942689070062,-44.97302785245576,1.1701730547242803,0.0,46.17202031556043,-37.63471514458811,1.6031232347116422,0.0
92.92886005099005,-18.616918164602527,3.1069831307247604,0.0,79.175566491056,-10.021649898427514,2.9224731471583514,0.0,53.49686789564272,-10.851912355554944,2.222526273123316,0.0,95.66801474039227,-41.005036348817306,1.2764791539527636,0.0,71.39622472953329,-44.79783912811399,1.0586795701879215,0.0,46.18562137467185,-37.63649363402151,1.585531497399442,0.0
92.96487368120292,-18.622540122211554,3.091018888983303,0.0,79.75366025680364,-10.455904684357105,2.4844647141619998,0.0,53.524263719857075,-10.855382936398073,2.2256667702992274,0.0,95.68999151275005,-41.02420844632321,1.2742825199652348,0.0,71.95357677074944,-44.60989669381871,0.9373162034068887,0.0,46.19722484792919,-37.63832662837522,1.5682477095108727,0.0
93.00403227602915,-18.628555169651886,3.078094237280597,0.0,80.22570644835443,-10.802862019851021,2.1354484588917533,0.0,53.54818779279716,-10.858435455604932,2.2295919079421527,0.0,95.71184505730776,-41.047044201216394,1.2720157272576742,0.0,72.51146432949852,-44.4031549624501,0.8047465859620022,0.0,46.206387936486195,-37.64060443666921,1.5522713378998088,0.0
93.04290488083741,-18.633084713916414,3.0682844269945946,0.0,80.59792108794255,-11.045571777119488,1.8907369490528492,0.0,53.56699096204687,-10.860252391976335,2.2331392874783074,0.0,95.73264258469631,-41.071104716609625,1.2694900860447387,0.0,73.0657969363501,-44.175040385348844,0.6640994312764228,0.0,46.21323969820552,-37.64378306843532,1.5383638684276928,0.0
93.0791674306313,-18.6352734643353,3.060626087174306,0.0,80.88260810064267,-11.185913898981042,1.7490947749818133,0.0,53.580185325943475,-10.860202309249093,2.2350866688604683,0.0,95.75155064518668,-41.09332461649802,1.266212650607196,0.0,73.60957990685823,-43.9272427994349,0.5223783821810262,0.0,46.21832098319294,-37.648206670099306,1.5268592368960974,0.0
93.11159603980741,-18.635195963551343,3.0539861499615615,0.0,81.09592623966779,-11.241511154530558,1.6947482820547446,0.0,53.58844350365255,-10.85792369231853,2.2345020967557954,0.0,95.76803822323353,-41.11091762027006,1.2618240073983333,0.0,74.13462095551505,-43.66513848636975,0.38892010565102453,0.0,46.22230255113661,-37.65393385557198,1.5176451506283062,0.0
93.1397129670111,-18.633457788855296,3.0476868608419654,0.0,81.25530076159225,-11.238878120318297,1.7026882827363554,0.0,53.593227934920975,-10.853388392816303,2.2310167129658165,0.0,95.78195196165441,-41.122179028104256,1.256501624845633,0.0,74.63317009429174,-43.39609158083164,0.27323959309239854,0.0,46.22574701060998,-37.66064263914413,1.5103018885691526,0.0
93.16337658811705,-18.63073093501044,3.0416265160350875,0.0,81.37690612784229,-11.205488329121957,1.7455888781565019,0.0,53.596238905057255,-10.846964350641656,2.2249403737214095,0.0,95.79344747779604,-41.126901460258956,1.2511140148946396,0.0,75.09916283723713,-43.127263194740735,0.18279354619233423,0.0,46.22901232906935,-37.667657734181326,1.5043135432466634,0.0
93.18254737509895,-18.627450998207927,3.0360052096100176,0.0,81.47371108313158,-11.163418681849533,1.8000707333215615,0.0,53.59889836442231,-10.839419283742043,2.21718504260134,0.0,95.80285033052165,-41.12625952498812,1.2470053717690792,0.0,75.52902945827304,-42.86365769538367,0.12120576417118656,0.0,46.23228985651416,-37.67409091167037,1.4992547211716865,0.0
93.19730842948024,-18.62379223858058,3.030950510944715,0.0,81.5545154559704,-11.126196241241827,1.8503703424551947,0.0,53.60201482662239,-10.831780402072091,2.2090286571974413,0.0,95.81052040514582,-41.12223882736234,1.2454838790672884,0.0,75.92212379471084,-42.606947474767445,0.08742270879346492,0.0,46.23569478285256,-37.67904460791972,1.494882728968319,0.0
93.20806773510134,-18.619854111385514,3.026304253968812,0.0,81.62417516392603,-11.098939021197996,1.8887065614409426,0.0,53.60569027184401,-10.825040525577297,2.2018100560037617,0.0,95.81675618526796,-41.116870502240545,1.2472582001609798,0.0,76.28071081067247,-42.35526435010811,0.07616771982634774,0.0,46.2393189559201,-37.68181953554398,1.4911147028222302,0.0
93.2157690706323,-18.615842438952015,3.0216787767575184,0.0,81.68478541379082,-11.080705089151,1.9131134872654805,0.0,53.60946572848542,-10.819821548604963,2.1966519616552596,0.0,95.82175912002226,-41.111583599987135,1.2520969154319577,0.0,76.60940103754514,-42.10393821932574,0.07967368586119683,0.0,46.243209746919305,-37.68208071831812,1.487925991038539,0.0
93.22193259975306,-18.612040937892917,3.016727457733019,0.0,81.73719898638849,-11.067578611533758,1.9243873881300733,0.0,53.6126401435116,-10.816159311136644,2.1942736546637622,0.0,95.82566436647551,-41.1069011868863,1.25887638939923,0.0,76.91410514819167,-41.84713184639991,0.090002821716622,0.0,46.247304583085096,-37.67994845472034,1.4852397472343402,0.0
93.22844586103486,-18.60856905508124,3.011456301058873,0.0,81.78221277599083,-11.055301141992299,1.9236895166511285,0.0,53.61463687472175,-10.81351113999419,2.194914036364098,0.0,95.82860998316207,-41.10254268409373,1.2660079578922812,0.0,77.20075681070661,-41.58009164938873,0.1010201195338869,0.0,46.2513785288765,-37.675981082959815,1.482869445590941,0.0
93.23716216582169,-18.60515339408415,3.0063635927259273,0.0,81.82108108383332,-11.04086634743112,1.9115459046265215,0.0,53.615270951007695,-10.810968233385923,2.198350629503823,0.0,95.83079627070279,-41.09782365337659,1.2720733050293198,0.0,77.4740780052302,-41.30137130139566,0.10945324729653372,0.0,46.25505077186488,-37.67102870730551,1.4805419187347066,0.0
93.2494453980262,-18.601174525639216,3.002282812112661,0.0,81.85541873203883,-11.023095388281519,1.8880997067568064,0.0,53.614819222263215,-10.80757126157792,2.203974568531404,0.0,95.83250738859644,-41.092131611517026,1.27639646093483,0.0,77.73668816274301,-41.01425804262745,0.1149435445856053,0.0,46.2578706249776,-37.66598551327192,1.4779897050093496,0.0
93.26581253896238,-18.59603206879729,3.0000036382919077,0.0,81.88678911490896,-11.00252003264893,1.8539574520682987,0.0,53.613894512382785,-10.802614389555208,2.210883394221014,0.0,95.83409357296625,-41.0852596478959,1.2792770083493021,0.0,77.98886828119241,-40.726824742329235,0.11933816033570821,0.0,46.25946899125022,-37.661532631503455,1.4750627164635493,0.0
93.28579881279683,-18.589599856579593,2.999907790720691,0.0,81.9162936450213,-10.98087957938592,1.8109336389273825,0.0,53.61321025204427,-10.795853711703037,2.217982187082507,0.0,95.83591307222433,-41.07749729989747,1.2817389694438042,0.0,78.22911322415789,-40.450461999185116,0.12567513786740392,0.0,46.25971985013031,-37.65798831776473,1.4717879378594318,0.0
93.30809856120094,-18.58245692151513,3.0018330719383624,0.0,81.94436746989915,-10.96041590803668,1.7622683816736675,0.0,53.61334612840332,-10.787576092621098,2.224110496629004,0.0,95.83823676635171,-41.06952157289468,1.2848958775686796,0.0,78.45523082957729,-40.19730933897967,0.13729666144797115,0.0,46.25883790386793,-37.65533090208696,1.4683343202457184,0.0
93.33092127016754,-18.575719885805274,3.0051967938092314,0.0,81.97083832561314,-10.943136826218435,1.712218361384565,0.0,53.61459766585284,-10.778523444258576,2.228215810159899,0.0,95.84114921560463,-41.062196646161176,1.2892686143026904,0.0,78.66540604391406,-39.97753154635137,0.15731383870496707,0.0,46.25736297364776,-37.653357593381045,1.4649085082014626,0.0
93.35242078757194,-18.570546574661588,3.009237557970849,0.0,81.99518929616288,-10.930256360303765,1.6651649467479146,0.0,53.6169492106369,-10.769703639095505,2.229572177023531,0.0,95.84450186136218,-41.056361466753266,1.2944474603078255,0.0,78.85861438589666,-39.79763151772676,0.18844017531443136,0.0,46.25602995371979,-37.651865573550815,1.4616529888883747,0.0
93.37106249528239,-18.567580564972396,3.013209494924867,0.0,82.01689905027392,-10.921956199485251,1.6245510923431823,0.0,53.62016516079936,-10.76214113247,2.2280001859635963,0.0,95.84795337938807,-41.052626099666526,1.29929505204184,0.0,79.0341142766418,-39.66069015004498,0.23314058950358252,0.0,46.25556695409883,-37.65075079105921,1.4585983451444324,0.0
93.38585835308906,-18.566643837901744,3.0164744443250555,0.0,82.03571638770558,-10.917467278617103,1.592054518351377,0.0,53.62394852977985,-10.756621877696732,2.22400254525966,0.0,95.85109125074663,-41.05117747345868,1.3025673053933904,0.0,79.19030815716421,-39.56847990618151,0.2940080193420549,0.0,46.25649064982396,-37.649998337853866,1.4556630838382638,0.0
93.39647044176886,-18.566826968128947,3.018553947868023,0.0,82.05176962164282,-10.915381996975338,1.5673552962201605,0.0,53.62808526210813,-10.753481677996415,2.2187276514464944,0.0,95.85359934757592,-41.05162775591535,1.3036091514246415,0.0,79.32375672658223,-39.52418103675639,0.37416843030730007,0.0,46.258969101834104,-37.649615441353696,1.4526644048404531,0.0
93.4032212398358,-18.56688100237342,3.01921214698341,0.0,82.06550076079276,-10.91409915098465,1.5486143031515773,0.0,53.63250284405186,-10.75248780670952,2.2137292697824833,0.0,95.85541917484294,-41.05298322463738,1.3027747642989844,0.0,79.42924699786896,-39.533740410375444,0.47742023506518194,0.0,46.26279528962802,-37.64957634753127,1.4493325062269786,0.0
93.40702842903794,-18.565664269807044,3.0185561861804544,0.0,82.07750177135574,-10.912302389981667,1.5334391131462723,0.0,53.63722171942641,-10.752861738233802,2.210574655527294,0.0,95.85684285819174,-41.053809990810564,1.3013720622816436,0.0,79.50134846402096,-39.604395680864606,0.6078846227391423,0.0,46.26747210754098,-37.649807229710476,1.4453670481534626,0.0
93.40923994108378,-18.562432943666185,3.0170628556560484,0.0,82.08837068351367,-10.909358700855154,1.5198784726247858,0.0,53.64223303278176,-10.753467138469796,2.2104207231956607,0.0,95.85848538758349,-41.052605374561395,1.3011479024929127,0.0,79.53701899406848,-39.74042104985051,0.7691348474534294,0.0,46.272372748347756,-37.650190732377744,1.4405668808717191,0.0
93.41136297135562,-18.55691436855137,3.015445717658059,0.0,82.09867939726989,-10.905525989527435,1.5070108503183093,0.0,53.64736639333334,-10.753135230047896,2.2136921962115537,0.0,95.86112246840543,-41.048280373407266,1.303542403019513,0.0,79.53812202934728,-39.937881607247775,0.9629176651680531,0.0,46.27692119694098,-37.65056636090668,1.4349911925920864,0.0
93.414764171283,-18.54923051787799,3.0143667819223587,0.0,82.10905973399022,-10.901890342721698,1.494950204119089,0.0,53.652217186888144,-10.751033770249448,2.2199442341684517,0.0,95.86543750256156,-41.04057938536542,1.3090508557334726,0.0,79.51266167686832,-40.18111925151316,1.187696670473624,0.0,46.28073567917644,-37.650740311011845,1.4290402353101523,0.0
93.4204677188724,-18.539772331371406,3.014110145044665,0.0,82.12030881894438,-10.900016729430519,1.4843990622453287,0.0,53.65619070091368,-10.746941852656068,2.2279180038574804,0.0,95.87176887952452,-41.03027276208244,1.3169670797751056,0.0,79.47406161198106,-40.44326135870115,1.4375254199267857,0.0,46.283689910980186,-37.65054167218012,1.4233573574526037,0.0
93.4291147964267,-18.529077643267634,3.0143918833775842,0.0,82.13335540360681,-10.90139251127506,1.4760520915949513,0.0,53.658681069611816,-10.741310754510515,2.2357759310699468,0.0,95.87996302728942,-41.019060719411335,1.3255754159966546,0.0,79.43855143729678,-40.691296920862534,1.7020619685605531,0.0,46.28587588492328,-37.64993235318276,1.418563642500434,0.0
93.44101942564022,-18.517699825455534,3.014434547788012,0.0,82.14897319881324,-10.906833387445154,1.4701365783802025,0.0,53.65933760612517,-10.735078178278757,2.2415310373611153,0.0,95.88940433423518,-41.00923848647125,1.3326496233776837,0.0,79.42145521985134,-40.89397766517829,1.9682829861734223,0.0,46.28749730303355,-37.649116804571065,1.4149653265958317,0.0
93.45619228004355,-18.506041115274336,3.013304229880923,0.0,82.16728670673182,-10.916052338479535,1.4662379356307547,0.0,53.65831199509944,-10.729315643535408,2.243652875662315,0.0,95.89921366676046,-41.00321651754872,1.3360638782859215,0.0,79.43370614488599,-41.02932696313498,2.2234239346054334,0.0,46.2887584519866,-37.64856152969266,1.4124135446797812,0.0
93.4742702437248,-18.494178379908163,3.0103678731522265,0.0,82.18733007498471,-10.927563171596978,1.463409589029343,0.0,53.65636729387514,-10.724860452092564,2.2416827874639544,0.0,95.90852955497562,-41.00298100334149,1.3343986749802905,0.0,79.47990252513674,-41.088857969907146,2.4576582882352067,0.0,46.28980558342589,-37.64886335994004,1.4104029956116353,0.0
93.49440860816573,-18.48176822641664,3.0056616704030983,0.0,82.20703882805562,-10.939023398898758,1.4604801204238171,0.0,53.65477596669527,-10.722075347761432,2.2365563038496266,0.0,95.9167625103915,-41.00957777531152,1.3274343996952638,0.0,79.55852826592637,-41.077331387173615,2.6650900126537618,0.0,46.290733169923946,-37.650492354572265,1.408341364083606,0.0
93.51525604302614,-18.468114805253144,3.0000005091347486,0.0,82.22389287768732,-10.947979011097855,1.4564418881135417,0.0,53.655016426044746,-10.72080680035566,2.2303988041005613,0.0,95.92373764114448,-41.02274069567129,1.3163389612610814,0.0,79.66397109316027,-41.0087574611123,2.8427862861652393,0.0,46.2916285143362,-37.653525760520125,1.4058259047680206,0.0
93.53511048571977,-18.45241386390534,2.99477023844125,0.0,82.23599337666454,-10.952743205283683,1.4507884197110954,0.0,53.65835766323667,-10.720526770084366,2.2258144144435015,0.0,95.92968165506673,-41.04083070326793,1.3033718690434632,0.0,79.78929679923749,-40.900498418333534,2.9888155138462125,0.0,46.29261943629066,-37.65751782971344,1.4027881018027966,0.0
93.55227333446646,-18.434104238156543,2.991466035729422,0.0,82.2429783340655,-10.952988042207574,1.4436593046666282,0.0,53.66547102062039,-10.720580525183397,2.224927772182168,0.0,95.93506448856469,-41.06121379388193,1.2911364400092822,0.0,79.92866398091216,-40.76763030701986,3.1006836142960825,0.0,46.29389671881826,-37.66159529856319,1.3994698864132342,0.0
93.56552356016438,-18.41321481862923,2.9911276905676107,0.0,82.24622836007256,-10.949759259837332,1.435707994022403,0.0,53.67621234547516,-10.720437845787433,2.22853938735377,0.0,95.94037316159987,-41.08103280954086,1.2816699190193184,0.0,80.07863820720203,-40.619337790207794,3.175087647769713,0.0,46.29569049101835,-37.66476584673534,1.3962867251604703,0.0
93.57458326405722,-18.390595201966818,2.9938800117738467,0.0,82.24826142906814,-10.944965048797561,1.4277488657607673,0.0,53.68966623266804,-10.719860363661297,2.235730651070666,0.0,95.9459389345343,-41.098104388241865,1.2757781640196821,0.0,80.238170305148,-40.45825205318037,3.2090472104975873,0.0,46.298197604730746,-37.66632711586875,1.393658961127521,0.0
93.58047760868668,-18.36794027653104,2.9988178442354965,0.0,82.25168512912805,-10.940629095572488,1.420374019531197,0.0,53.70444426213964,-10.71894787926312,2.2441185271728123,0.0,95.95191121278387,-41.11157407648648,1.2729147415025697,0.0,80.40743294350757,-40.282603335044364,3.2017934911174777,0.0,46.30149086120051,-37.666204207113694,1.3918667129507813,0.0
93.58576070515015,-18.34755762553359,3.0044147389025664,0.0,82.25824084811782,-10.938196750892367,1.4137404400024742,0.0,53.719126158898106,-10.718082733280816,2.2507112804185567,0.0,95.95837882667205,-41.122068399324206,1.2716212269138385,0.0,80.5860239780338,-40.09016193233061,3.156519925796836,0.0,46.305466540222106,-37.665051767209874,1.3909558842062886,0.0
93.59459440541302,-18.33187619199496,3.0094221474377942,0.0,82.26831301878283,-10.938088541153256,1.4076063616515846,0.0,53.73268119894298,-10.717809071700875,2.2530287234369215,0.0,95.9655466721987,-41.13130388475438,1.2702553821541294,0.0,80.77124862869044,-39.882376542677974,3.0811736299394177,0.0,46.30987635249246,-37.66404360124899,1.390716681894654,0.0
93.61259666184043,-18.32274121068776,3.013962811304676,0.0,82.2809808444628,-10.939629351912028,1.4015492425308622,0.0,53.744724277558014,-10.718657203289148,2.2499901586007383,0.0,95.97384355070008,-41.1413204033353,1.2676303836454803,0.0,80.95722806957399,-39.667009252110795,2.987802548462776,0.0,46.31444193594715,-37.66441447841804,1.390746582773076,0.0
93.64629616527678,-18.320595199953836,3.0204112523158866,0.0,82.29446847031699,-10.941379024126311,1.3952316670986615,0.0,53.755529349739454,-10.720921858440146,2.242190638887392,0.0,95.98387765018974,-41.153635217289846,1.2633061078699281,0.0,81.13535392690521,-39.45804813771277,2.8905046173324163,0.0,46.31899083035903,-37.666952546846275,1.390573444663568,0.0
93.70206612339545,-18.323715782844147,3.0337529968565367,0.0,82.30678877399966,-10.941713532748928,1.3886043844950589,0.0,53.76581668375029,-10.724477745393852,2.2315332684394225,0.0,95.9962402890572,-41.168646201405835,1.2574754425627237,0.0,81.2960929579041,-39.272741664935914,2.8025982955281954,0.0,46.32352809722235,-37.67168441675552,1.3897771509169008,0.0
93.7846358950274,-18.32772420556293,3.06127716919773,0.0,82.31641255253248,-10.939386173549401,1.3819854519541153,0.0,53.776414134511086,-10.728781002089592,2.220499271720678,0.0,96.01123176474309,-41.18553551285361,1.2505628278296523,0.0,81.43151588228756,-39.12687530995912,2.7339697934417604,0.0,46.328196373823765,-37.677901086544445,1.3880563582209575,0.0
93.89563021192102,-18.325553361648087,3.1115765321568745,0.0,82.32281221102807,-10.933856174240795,1.3759909045529106,0.0,53.78792650734882,-10.733127713661284,2.2114036882276444,0.0,96.02860920519096,-41.202731341537344,1.2427818006394364,0.0,81.53752801683817,-39.0302527784568,2.689450252088003,0.0,46.33315179740352,-37.68448663337884,1.3852386655895774,0.0
94.03283947536738,-18.307991594652623,3.1929810308109996,0.0,82.32670438111305,-10.92534538498451,1.37133002360485,0.0,53.800524198687086,-10.737041718046658,2.2058461285386795,0.0,96.04745905377526,-41.2187149474487,1.2339315051698794,0.0,81.61489135131568,-38.984227318118826,2.6686283698245497,0.0,46.33843465638794,-37.690358787492876,1.381271234258234,0.0
94.19083397907691,-18.26481721148796,3.3117852713350455,0.0,82.32984789539125,-10.914710723406477,1.3685302371871604,0.0,53.81391010624643,-10.740528780277602,2.2044112421264312,0.0,96.06630090960724,-41.232754245704584,1.223569304967949,0.0,81.66869372440732,-38.98208360385572,2.6669848511926144,0.0,46.34390907617893,-37.69481379640598,1.3762180675414353,0.0
94.36304980727563,-18.186378218274786,3.4707695884955037,0.0,82.33441872596227,-10.90322473774302,1.367697811437024,0.0,53.82746023023584,-10.744008567678723,2.2066096138057816,0.0,96.08348171125597,-41.245176741770244,1.211438678951211,0.0,81.70659697795901,-39.01173208783532,2.6778359566659233,0.0,46.349295659814196,-37.69767044596712,1.3702577490449173,0.0
94.54482345372482,-18.06524856816432,3.668405036646339,0.0,82.34220508817202,-10.892303313215383,1.3684205442878845,0.0,53.840468095013286,-10.747970334025235,2.2110490790672053,0.0,96.09776141328027,-41.25707149340974,1.1978409920410922,0.0,81.73661912715926,-39.059323237434306,2.694381852188126,0.0,46.35426284087497,-37.6992248017766,1.3636643668198776,0.0
94.73637651580188,-17.897404847613746,3.898952041079429,0.0,82.35397072196879,-10.883207297182402,1.3698666690112749,0.0,53.85238676944584,-10.752595578700674,2.215818214307605,0.0,96.10880019141901,-41.26963601497239,1.1836500708361886,0.0,81.76521995269411,-39.112377790929806,2.711237864374363,0.0,46.35852170981771,-37.70008491816171,1.3567670870184134,0.0
94.94462361975383,-17.682404716112956,4.153593480249407,0.0,82.36923150637423,-10.87677935800396,1.371043028520221,0.0,53.86298202746923,-10.757589469701308,2.219012754001014,0.0,96.1172304815921,-41.28355366602628,1.1699172146608792,0.0,81.79617168359326,-39.16163486580167,2.7251329722824895,0.0,46.36189640066125,-37.70096138233777,1.3498971444877768,0.0
95.1828608696575,-17.42245469707553,4.422585370434552,0.0,82.3864695694138,-10.87328699387506,1.371100366351543,0.0,53.87237127230209,-10.762288575501337,2.2192666710189286,0.0,96.12423487474982,-41.29871356637828,1.1573610995121673,0.0,81.83035067542068,-39.201535461528174,2.7347967226967587,0.0,46.36437505843479,-37.702475804058665,1.3433346002060986,0.0
95.46790558656377,-17.120894481903,4.697961239917317,0.0,82.40364226864872,-10.87240757254313,1.3695685150355477,0.0,53.880975653438306,-10.765936711138226,2.2161248874218984,0.0,96.130880648163,-41.31431958702545,1.1461332373970041,0.0,81.86632802705282,-39.229719133588006,2.740306058368189,0.0,46.36614438868476,-37.70502195903885,1.3372686183097091,0.0
95.81515434643191,-16.781050677722497,4.975824649459527,0.0,82.41879992537433,-10.873361200174795,1.3664482345182076,0.0,53.88941217851766,-10.767961924587773,2.2101433139145197,0.0,96.13760646884991,-41.32920267176816,1.1359813604357019,0.0,81.90145355201211,-39.24604778411169,2.7423167070771743,0.0,46.36759146417491,-37.70868261698779,1.3317884910575444,0.0
96.23303076419471,-16.406229911466966,5.257154002212978,0.0,82.43063782111872,-10.875172190545424,1.3621308346239456,0.0,53.89830941196727,-10.76812033280833,2.2026897615337013,0.0,96.1441332775239,-41.342153066715525,1.1266376626433026,0.0,81.93302653045038,-39.25158459557958,2.7415622272862255,0.0,46.36925632141847,-37.713196709576955,1.3269157712861155,0.0
96.71888209442936,-16.00088303421731,5.546558385023946,0.0,82.4388157861949,-10.876978523398774,1.3571690742031066,0.0,53.90801979245962,-10.766434923952195,2.195507498943206,0.0,96.14980440156866,-41.35221186227157,1.1181791858179526,0.0,81.959202366028,-39.247771523629844,2.738709083684604,0.0,46.371737610787875,-37.71798776366322,1.3226592443102554,0.0
97.25824303703612,-15.57213905143444,5.849391127076565,0.0,82.44392632655476,-10.878261215131898,1.3519946118545647,0.0,53.918281804995495,-10.762945445664165,2.190183470888803,0.0,96.15411754668104,-41.358897002417045,1.1111633478094056,0.0,81.97947539838952,-39.23587031938219,2.734336512644262,0.0,46.375573804537716,-37.72226833394751,1.3190438728568132,0.0
97.82845603727947,-15.130492767590717,6.168547488376886,0.0,82.44713679351423,-10.87892458370084,1.3467197305319587,0.0,53.928012548493356,-10.75740356146955,2.18771283941447,0.0,96.15712220166137,-41.36230959215056,1.1064446554430276,0.0,81.99473255011064,-39.21663539673044,2.7288186623887096,0.0,46.38113468663563,-37.72521171327759,1.3160742347155914,0.0
98.4059943448934,-14.688760112891984,6.5025838882709905,0.0,82.44970725800016,-10.879278931876952,1.3411247312026688,0.0,53.93546052179949,-10.749135107995842,2.188321800242205,0.0,96.15946288254952,-41.363086123855595,1.104729499660289,0.0,82.00688903061268,-39.19018729248119,2.7222296116808806,0.0,46.388548921509674,-37.72615966347781,1.3136504764547965,0.0
98.97500135786113,-14.25942766631507,6.846183676779429,0.0,82.4526373855211,-10.880010142423354,1.3348312108179154,0.0,53.93882004540637,-10.737248016478228,2.1915870005282674,0.0,96.1620667181948,-41.362237092434114,1.1060861921737395,0.0,82.01819514012548,-39.156101937836276,2.714521669008377,0.0,46.397665164507586,-37.72482745821088,1.3115043735838015,0.0
99.53360526916607,-13.851596098808393,7.192691849218322,0.0,82.45657107103123,-10.882124130668624,1.32755540476834,0.0,53.937131165930836,-10.721161661467947,2.196728464018708,0.0,96.16565680393734,-41.36096737781556,1.1096851353684922,0.0,82.03053993479978,-39.113740563415234,2.705854897771923,0.0,46.408033254902264,-37.72145506167048,1.3092080285328915,0.0
100.09530719705728,-13.469062626088336,7.537302193008918,0.0,82.46190923128061,-10.886754067300261,1.3192937212148337,0.0,53.9310317442825,-10.70119542486747,2.2028579316135044,0.0,96.17033244354363,-41.36055145348815,1.113923931919624,0.0,82.04509595326137,-39.062768961972644,2.696707846257363,0.0,46.4189211544959,-37.71683175832092,1.3062542864556779,0.0
100.68486092208087,-13.110505677113382,7.8793435559383465,0.0,82.46897886451389,-10.89475307622343,1.3103537405683827,0.0,53.92289760537829,-10.678875089730706,2.2090318951184322,0.0,96.17540429598023,-41.36225520147474,1.1168707108108276,0.0,82.06232570162622,-39.00369295217391,2.687658727090442,0.0,46.429415707519034,-37.71212970482311,1.3021830130583822,0.0
101.33032051033105,-12.771716581057454,8.22291024910608,0.0,82.47810192214573,-10.90616150256816,1.3012654604390939,0.0,53.91618579216637,-10.656765209946832,2.2141715211465804,0.0,96.17956368767177,-41.36723562396145,1.116809617681609,0.0,82.08211188770954,-38.93817030538157,2.6790494124580473,0.0,46.43863604138285,-37.708555719576026,1.2967286954940196,0.0
102.05417542581661,-12.448963744422816,8.575937211650428,0.0,82.48948426525962,-10.919799659379988,1.2926780130018507,0.0,53.91424151255523,-10.637890483073022,2.2170837391807243,0.0,96.18133612724691,-41.37636760932401,1.1126784351321763,0.0,82.10382777641018,-38.868922869295105,2.670779474615026,0.0,46.44601310956366,-37.70694107383032,1.2899426418929956,0.0
102.86639862194424,-12.142164358092238,8.948102476159573,0.0,82.50298490094929,-10.93325526982584,1.2853043658249668,0.0,53.91913438438565,-10.62498595181704,2.2167563464344315,0.0,96.17964477823739,-41.39001881524809,1.1042830221921953,0.0,82.126384622742,-38.799241616638376,2.6623045119352593,0.0,46.451514749271446,-37.70744902324361,1.282212106661083,0.0
103.76126852789034,-11.856597226675138,9.347883731715326,0.0,82.51794621502506,-10.943386852378158,1.2798818926180449,0.0,53.93103744702856,-10.619831461456531,2.212843681015512,0.0,96.17424865862303,-41.40785908070369,1.092275928640941,0.0,82.14840580786034,-38.73225255388803,2.6527645022024444,0.0,46.45568926345621,-37.709530131486886,1.2741260320601988,0.0
104.71863197027761,-11.602364964988409,9.779289513470907,0.0,82.53325340359125,-10.947243515598174,1.2770725999911434,0.0,53.94833001427181,-10.622830112988392,2.206044643794659,0.0,96.1658669993226,-41.42881400822669,1.07796597150592,0.0,82.16857304603745,-38.67021836797448,2.6411786585809427,0.0,46.45947713474375,-37.712130652453,1.2662287514747685,0.0
105.70911180172556,-11.391673756217063,10.239302218415226,0.0,82.54764223116004,-10.94311484223344,1.2772640615397997,0.0,53.96826070228533,-10.632887965899311,2.198079643339492,0.0,96.15594015716245,-41.451237956961094,1.063044905456989,0.0,82.18602050151237,-38.61416171196391,2.6267280642118127,0.0,46.4638543007943,-37.71405180309389,1.2587869346439273,0.0
106.70163299858703,-11.235057239941014,10.717293611567854,0.0,82.5601163607288,-10.931329666304519,1.2803129842208811,0.0,53.98784210116029,-10.647607013103878,2.191182718965841,0.0,96.14614970212237,-41.47329459676034,1.0492692102926515,0.0,82.2006244798761,-38.563983393802516,2.609126102145085,0.0,46.46945783363362,-37.71432367759707,1.2517076103849085,0.0
107.67082549225864,-11.138351768866562,11.196977056140314,0.0,82.57028045141024,-10.914455748688995,1.2853528567911656,0.0,54.0046675284581,-10.663791129078332,2.1872981604212214,0.0,96.13792306449722,-41.493433998858784,1.0380985668610059,0.0,82.21313469783499,-38.51901815701635,2.5889396465486314,0.0,46.47636283152149,-37.71247902837891,1.2446764765532201,0.0
108.60194691860426,-11.101872808092844,11.660055890677409,0.0,82.57844336511167,-10.896731686501681,1.2908211173751525,0.0,54.017444838696655,-10.67820391398016,2.187348250573553,0.0,96.13210299167731,-41.51078897792307,1.0303339126483717,0.0,82.22513057834594,-38.47872931843834,2.5676484819980097,0.0,46.4841133363064,-37.708651692786546,1.237463513253374,0.0
109.4921402439107,-11.121904279343493,12.089723426205445,0.0,82.58544615602278,-10.882842249883504,1.2947997365233324,0.0,54.02615281502446,-10.688381135924157,2.190919950140538,0.0,96.12883425679497,-41.52531108406123,1.02586915629937,0.0,82.23872451963001,-38.443154289780765,2.5473337697765857,0.0,46.49198330815387,-37.703475308046656,1.2302246357417648,0.0
110.34836949595274,-11.193288732813247,12.472506394105837,0.0,82.59228697992877,-10.876420928599217,1.2956016967072816,0.0,54.03182624887433,-10.693195472461788,2.1965046009836655,0.0,96.1276411643894,-41.537566113214005,1.0236862983917074,0.0,82.25595847559568,-38.4128671639581,2.5300988978627803,0.0,46.4993229210044,-37.69782469403105,1.223591711056443,0.0
111.18321855930333,-11.311574836057634,12.798276962376203,0.0,82.59971456684156,-10.878811973680891,1.2923605693745266,0.0,54.03607821756303,-10.69294148294834,2.2021332592396625,0.0,96.12765681914053,-41.54829825687999,1.02215968279687,0.0,82.27804871582713,-38.38854079487208,2.5174774232023047,0.0,46.50580544361837,-37.692507110453484,1.2184404120554078,0.0
112.00973085974974,-11.473813354430268,13.059314659185963,0.0,82.60799047386826,-10.88856861226281,1.2853224564968286,0.0,54.04055572785549,-10.688947868703945,2.206076988713905,0.0,96.12794918221921,-41.558015924536704,1.0196165000820763,0.0,82.3048407161847,-38.37043580132789,2.510050732536852,0.0,46.5114597535654,-37.6880379655774,1.2154272037525562,0.0
112.83640232170302,-11.677933578562286,13.249353115356172,0.0,82.61694184310895,-10.901903655987663,1.2756710838312042,0.0,54.04654083923057,-10.682951210289234,2.207344803181332,0.0,96.12785024170053,-41.566811658717626,1.0149752734940751,0.0,82.33479586931017,-38.3581314492326,2.507334764423497,0.0,46.5165113328082,-37.684596614046676,1.2145667905939064,0.0
113.66370838172494,-11.921193478149402,13.36305571133119,0.0,82.62626128002626,-10.913941151713544,1.2649773056349325,0.0,54.05480880071782,-10.676511719622084,2.205898792613832,0.0,96.12717198929913,-41.57445360732522,1.0082230794067346,0.0,82.36554133633396,-38.350592953916525,2.507886266530461,0.0,46.521167375392615,-37.68215481632734,1.215129111669123,0.0
114.48344101333178,-12.198540420352893,13.396044974234934,0.0,82.63584392080054,-10.920296357445675,1.254586936988943,0.0,54.065683600832045,-10.670630129950208,2.202603443995095,0.0,96.12621652469421,-41.58065636857754,1.000545430715583,0.0,82.39469458579012,-38.346447823432946,2.5096106791014012,0.0,46.52549483224598,-37.680654960299464,1.21594159014583,0.0
115.28103762239732,-12.501831007177847,13.345484009121583,0.0,82.64590826272097,-10.918388890674777,1.245288916590301,0.0,54.079123606506045,-10.665592063608592,2.1989148367549234,0.0,96.12555953140784,-41.58540726893121,0.994038092958835,0.0,82.4205468083359,-38.34426484708555,2.5102895455508296,0.0,46.52945993096917,-37.68007541106077,1.2159234435028026,0.0
116.03966928811315,-12.820455028518056,13.210947905419342,0.0,82.65679521579355,-10.908053965793538,1.2374138983969,0.0,54.094715881496015,-10.661029343829957,2.19635116687604,0.0,96.12569024626539,-41.58918846869875,0.9910143987818092,0.0,82.44232568919574,-38.34270097617457,2.508230806584095,0.0,46.5330850540937,-37.68031338372191,1.2145303700010341,0.0
116.74431765259425,-13.143088693083437,12.995030598507585,0.0,82.668576770799,-10.891367704397293,1.2312392140583572,0.0,54.11160245898638,-10.656192637567596,2.195911581876139,0.0,96.12668578099034,-41.59291274766396,0.9930407552322755,0.0,82.4600353376497,-38.340527057970434,2.502773672831923,0.0,46.53659307591799,-37.680986725920995,1.2118464446007593,0.0
117.38462715350721,-13.459705620200348,12.703189625138027,0.0,82.6807272963365,-10.871907672127733,1.2274114875203885,0.0,54.128474119707896,-10.65037092563946,2.1976918150078504,0.0,96.12811141755918,-41.59753549341097,1.0000927989983666,0.0,82.47407863773866,-38.33664549063039,2.4943830949450145,0.0,46.54040420438667,-37.68135316059134,1.2083021870926256,0.0
117.95615362409283,-13.763025182616248,12.342789350379915,0.0,82.6920445494985,-10.853772074208305,1.2271179098536962,0.0,54.14375838444086,-10.643284483989794,2.20087816200172,0.0,96.12922318614659,-41.603554554962365,1.0103869447329377,0.0,82.48490438407929,-38.33018526619595,2.484288261321055,0.0,46.54495502174415,-37.68046806100304,1.204262498036078,0.0
118.46005977965513,-14.04907661498809,11.921834890770873,0.0,82.70087441217841,-10.84062111583605,1.2318661160744533,0.0,54.15599681012822,-10.635242538472239,2.2041213320563955,0.0,96.12936653085903,-41.61068454066866,1.0211389422995722,0.0,82.49283803769231,-38.32064818805085,2.473875579213704,0.0,46.550458272466656,-37.677521497257906,1.1997988110588071,0.0
118.90147003181643,-14.317033500882467,11.44811464686204,0.0,82.70559727916557,-10.834904635511267,1.2428926531802649,0.0,54.164249870295016,-10.626970801190563,2.2061061351814804,0.0,96.12835225335567,-41.61782377756632,1.0298708315233895,0.0,82.49813306609056,-38.30801584492362,2.4641580177412976,0.0,46.556778333795805,-37.672176118957076,1.19477691137641,0.0
119.28703425677986,-14.568619646432671,10.929212203729817,0.0,82.70523691017712,-10.83737581066214,1.2604080392321233,0.0,54.168326647372346,-10.619214616951657,2.206040772302634,0.0,96.1266151764416,-41.623255292406874,1.0355036811050713,0.0,82.50116596042794,-38.29276092355604,2.4555565630259615,0.0,46.563503144851325,-37.66474226502009,1.1891377477807143,0.0
119.62267803506788,-14.807244984688385,10.373278304909698,0.0,82.69993744787652,-10.846960050369638,1.283057128458129,0.0,54.16874418124381,-10.612359866242413,2.2038434501057313,0.0,96.12507551798676,-41.625013172377905,1.0386455380365955,0.0,82.50262241811843,-38.275769239743695,2.448024151499249,0.0,46.5701411890476,-37.656118296456306,1.1831390121480112,0.0
119.91249754180024,-15.03689690193192,9.789982691238352,0.0,82.69105689290079,-10.861014172720036,1.3079798361281352,0.0,54.166467902670135,-10.606282958464119,2.1999849404970337,0.0,96.12475732103782,-41.62139919361357,1.0410021578983724,0.0,82.50352312617592,-38.258197589537204,2.441357106694385,0.0,46.5762960634768,-37.647518595999884,1.1773932114490098,0.0
120.15910147655742,-15.26090612060609,9.190992388584325,0.0,82.68083359155787,-10.875941179809033,1.33159701449366,0.0,54.162568765898726,-10.60048279518455,2.1951506682358666,0.0,96.12633042390222,-41.611567592375735,1.044318723623217,0.0,82.50503791109908,-38.24127666187752,2.435470575395696,0.0,46.58171701490255,-37.64008503255151,1.1726827733276277,0.0
120.36486359305628,-15.480915928020668,8.589608356509522,0.0,82.6718268387428,-10.88801763037023,1.3508276498689806,0.0,54.157942011688135,-10.594390581483433,2.1899723769921913,0.0,96.12979158795066,-41.5959340088516,1.049447853423473,0.0,82.50819059637806,-38.22607737908381,2.4304743461954263,0.0,46.58623872042894,-37.634523852209256,1.1696639684823111,0.0
120.53314311803213,-15.696429788762195,7.999576072110697,0.0,82.66637886555186,-10.894205874254299,1.3641555885486945,0.0,54.15318212335854,-10.587684487519663,2.184975818062707,0.0,96.13444329154594,-41.576144566853436,1.0559835950476515,0.0,82.51364668974358,-38.21330824630569,2.4265308817783477,0.0,46.58971558340096,-37.63091052215459,1.1686283086965599,0.0
120.66877194064338,-15.905103212530173,7.433351200765918,0.0,82.66619969695972,-10.892739682033074,1.3720291904680604,0.0,54.14861926070257,-10.580459158304265,2.1806834054780104,0.0,96.13917498711986,-41.55458290542807,1.0625524086479121,0.0,82.52171477361182,-38.20323595450306,2.423629891065735,0.0,46.59205044456307,-37.628741431652095,1.1694344218684947,0.0
120.77766572146156,-16.103639476592434,6.900215370155545,0.0,82.67204122389771,-10.88337326451397,1.3764410492951278,0.0,54.14444903277111,-10.573184843266361,2.177689264610363,0.0,96.14289405754933,-41.53368328446345,1.0675345340753921,0.0,82.53252497882495,-38.19576361100405,2.4214686559537295,0.0,46.5933167934671,-37.62719774033052,1.1715974255284607,0.0
120.86581784832255,-16.288931155045574,6.404668512919615,0.0,82.68344240652465,-10.867289139514945,1.3799432153298188,0.0,54.1408776767151,-10.566495332658034,2.1765947563583676,0.0,96.14490045928753,-41.51537169425927,1.0698399744144993,0.0,82.54621452402627,-38.190599537608456,2.4195261451181107,0.0,46.59387457999282,-37.62548463586151,1.1744384969478379,0.0
120.93808253440137,-16.45905168997939,5.945518730644594,0.0,82.69864929716093,-10.846735283200495,1.3845818397074279,0.0,54.13823279088941,-10.560909372378891,2.1778484851456827,0.0,96.14506944940382,-41.5007793669096,1.069395077832871,0.0,82.56295116684237,-38.187400212230166,2.417239777800214,0.0,46.59438001582214,-37.62308404797741,1.1772178963215367,0.0
120.99723034832672,-16.613837531549862,5.51605793408039,0.0,82.71487731189836,-10.824514070208838,1.391205156608743,0.0,54.13700109710734,-10.556584294523201,2.1815934456924087,0.0,96.1438199239486,-41.49019682650116,1.0671563285983012,0.0,82.58274349501797,-38.185816128400766,2.4141135963607425,0.0,46.59567125946793,-37.61982255507491,1.1792508109812694,0.0
121.04376004642293,-16.754979913602615,5.105628894637114,0.0,82.72896797137713,-10.803456633156232,1.3993664256725626,0.0,54.137762159448364,-10.553164279391604,2.1875727685579793,0.0,96.14191624775545,-41.48320179592373,1.064682065686494,0.0,82.605129114941,-38.185461637822044,2.4096965016143486,0.0,46.59857660259267,-37.61576695397339,1.180039492251769,0.0
121.07669095244273,-16.885617992019718,4.7026501301671075,0.0,82.73825894075507,-10.785972917639205,1.407747167899208,0.0,54.141032525054165,-10.549777036271001,2.1951052218625566,0.0,96.14017034978653,-41.478934929402484,1.063471447213331,0.0,82.62891854817734,-38.18588802544982,2.4035449080760163,0.0,46.60369601527949,-37.61105326246184,1.1794075737093017,0.0
121.09507168303918,-17.0094330921348,4.298644825734405,0.0,82.74133118292104,-10.773718563590595,1.4148138368128755,0.0,54.147091687537525,-10.545235631048325,2.203152011116046,0.0,96.13912427812998,-41.47649012849557,1.0643491763759627,0.0,82.6521825771811,-38.18661820684499,2.3953074337604754,0.0,46.61119558952319,-37.605774793809296,1.177558450429272,0.0
121.09952299729065,-17.129357904307575,3.8921307960925553,0.0,82.73835231988528,-10.767414208657952,1.4193842597244473,0.0,54.155870037657095,-10.538458199210698,2.210499883607735,0.0,96.13882046702284,-41.47530687846328,1.0671207086490533,0.0,82.67260363659932,-38.18722665182104,2.384904855402235,0.0,46.6206738076432,-37.59999012366846,1.1749968684650511,0.0
121.09306860221928,-17.246273576986287,3.490820768674297,0.0,82.73094522825431,-10.766856356122725,1.4209135690475083,0.0,54.166928714757354,-10.529019471569574,2.2160385840758874,0.0,96.13876662695161,-41.47538912017004,1.070602402820823,0.0,82.68815616700547,-38.187396626845086,2.3726449738943636,0.0,46.63118740602033,-37.59381059699622,1.1723495986355932,0.0
121.08085248863634,-17.358285227428404,3.110903486339293,0.0,82.721706344541,-10.771110103513214,1.4195052326112148,0.0,54.17949362973765,-10.51764449205887,2.219034420247695,0.0,96.13813402984435,-41.47722217559678,1.073014164955925,0.0,82.69787240500399,-38.18691128798281,2.3591842871542212,0.0,46.64149749798685,-37.58746513074789,1.1701862965617416,0.0
121.06888976250997,-17.461067266469026,2.7732293940033568,0.0,82.71356147138808,-10.778793045628625,1.4157703729979527,0.0,54.19248788831937,-10.506403974794688,2.2192711943876446,0.0,96.13612100052781,-41.481405301407484,1.072627977659316,0.0,82.70231730031898,-38.1856004007137,2.3454146046549607,0.0,46.65048505091401,-37.58126499263539,1.1689031760194748,0.0
121.06243262249163,-17.54926021541275,2.497520330312053,0.0,82.70910266497516,-10.788326230707407,1.4106454560084973,0.0,54.20457544876654,-10.498414793152834,2.216998365268843,0.0,96.13233737326205,-41.48816196506767,1.0684762396970626,0.0,82.70347732591438,-38.18329380876669,2.332396965360944,0.0,46.65755637726966,-37.5754845212095,1.1686524597341936,0.0
121.06464979830838,-17.618280904690334,2.296601195945449,0.0,82.71000628900886,-10.798074807359157,1.405203415668435,0.0,54.214314523869234,-10.497006356486573,2.2127434571565168,0.0,96.1270559409124,-41.49694978339306,1.0608532840088962,0.0,82.7040724007882,-38.17980942041923,2.3213552147148935,0.0,46.66283347175408,-37.57025921555115,1.1692889046763728,0.0
121.0761130515564,-17.66568434035468,2.1726811127974948,0.0,82.71664590651436,-10.806392198382024,1.400450132461824,0.0,54.220489214676704,-10.50455238461191,2.2071051074879513,0.0,96.12122361775202,-41.50635613618149,1.051367364820603,0.0,82.70664145418557,-38.17497850045367,2.3136179950349707,0.0,46.667042153063896,-37.56560210354451,1.1703720969959726,0.0
121.09519632943628,-17.691585012223847,2.116907939880715,0.0,82.72803685903853,-10.811668429127945,1.397116603871071,0.0,54.222523283985076,-10.521392247040891,2.2006129178302007,0.0,96.11620907152529,-41.51435675664835,1.0424758421195648,0.0,82.71286035890053,-38.16871089686621,2.3103892645839235,0.0,46.6711801399404,-37.56154065605927,1.1713032647549788,0.0
121.11912046990096,-17.698267379271645,2.112175231323178,0.0,82.742199163871,-10.812516616316591,1.3955034031456215,0.0,54.22074337803761,-10.545344977611537,2.1936849327471784,0.0,96.11336324033527,-41.518860930030314,1.0366864866874064,0.0,82.72333718054315,-38.1610919582568,2.312351820628926,0.0,46.676144459983206,-37.558258495832405,1.1715969154045265,0.0
121.14517930800031,-17.68946713793721,2.1380205455988364,0.0,82.75686445235348,-10.80815526931788,1.3954510696664872,0.0,54.2163160966148,-10.57215301971568,2.186688607878512,0.0,96.11354493772168,-41.518332367259376,1.0357580876447212,0.0,82.73780029884682,-38.15246134185055,2.3192711684097986,0.0,46.68248382190985,-37.556100103240674,1.1711472144361963,0.0
121.17169627097319,-17.669699531371116,2.175882688855239,0.0,82.77024952627836,-10.798859166647192,1.3964654372510683,0.0,54.210895690993624,-10.596793681089249,2.1800903830150027,0.0,96.11678172910254,-41.512247732472574,1.0401952123880598,0.0,82.75542560998771,-38.14339993951071,2.3298317131170823,0.0,46.69035031720698,-37.5553985517991,1.1703021863447898,0.0
121.1984139501034,-17.64369276412276,2.2131251551956215,0.0,82.78154369886974,-10.786178199063652,1.3979508377242311,0.0,54.20618520242119,-10.615141512104199,2.1746129646493344,0.0,96.12220237786599,-41.501249577415834,1.0491739604309167,0.0,82.7751031499821,-38.134598730368545,2.3418554245583696,0.0,46.69960926981726,-37.55623104410929,1.1696717793682314,0.0
121.22623392155829,-17.61577764680431,2.24484924240142,0.0,82.79091362413077,-10.77263403569976,1.3994548503976443,0.0,54.20360027542375,-10.62524698325808,2.1712437322251645,0.0,96.1283085518199,-41.48698182262212,1.0608670897980979,0.0,82.79558327119639,-38.12667810436345,2.3528847836451945,0.0,46.70998619789353,-37.558269125675906,1.1697714491508204,0.0
121.2564634748639,-17.589116799249283,2.2732624452861643,0.0,82.79910750731074,-10.760877085413801,1.4008219033645322,0.0,54.204089213282856,-10.627693005466094,2.1709659675042925,0.0,96.13354483172982,-41.47168449255494,1.0730179058813079,0.0,82.81554261576215,-38.12007233476214,2.3609206859661533,0.0,46.72113551715632,-37.560824767217916,1.1707055488621076,0.0
121.28995045660336,-17.564899515269634,2.3050341025899552,0.0,82.80693166825185,-10.752684847328414,1.402179255987548,0.0,54.20805595987408,-10.624964064784889,2.174265275153605,0.0,96.13699076883375,-41.457665393,1.0835675784151526,0.0,82.83365220059484,-38.11503155640837,2.3649706054322923,0.0,46.73260564330101,-37.563065552066725,1.1720712859130131,0.0
121.32658910353638,-17.541937344579623,2.3476067099180575,0.0,82.81487262194032,-10.74838769303489,1.403749352983331,0.0,54.21533951784569,-10.620201453091553,2.1806833885393466,0.0,96.13890509178091,-41.44678976212552,1.0911669567551137,0.0,82.84872259483983,-38.11168704254329,2.365123938937767,0.0,46.743780283495965,-37.56428124450065,1.173138937678699,0.0
121.36551867389124,-17.517173164623564,2.4057664358161084,0.0,82.82299988152809,-10.747091543595237,1.405583927724141,0.0,54.225270362186684,-10.61592170166374,2.188754009130216,0.0,96.14087980774104,-41.44014514993654,1.09546497359168,0.0,82.85993838018102,-38.11008881240944,2.3621633154429986,0.0,46.75390443284246,-37.564078096213976,1.1732056867444243,0.0
121.40588637645746,-17.48720651984059,2.479714587422105,0.0,82.8311481949407,-10.747556629213445,1.4073717269122792,0.0,54.23682967622757,-10.613213882466859,2.1964583638754984,0.0,96.14552941456874,-41.438023869515305,1.0971269595475466,0.0,82.86711120260607,-38.11017687273089,2.3570216689788968,0.0,46.7622309816265,-37.56243606127585,1.1719238509528314,0.0
121.44754305805712,-17.45019625743654,2.5652551207135375,0.0,82.83930834128283,-10.74916961445154,1.4084358784807698,0.0,54.248859415045246,-10.611666506803191,2.2020007790703104,0.0,96.15585887265392,-41.44028299360454,1.097595066339771,0.0,82.87084627057136,-38.11171791543526,2.350439128274358,0.0,46.768225373869825,-37.559635921084464,1.1694356897243647,0.0
121.49095796759116,-17.40704421829103,2.655721078823781,0.0,82.84805354251053,-10.752404814415105,1.4079456400289203,0.0,54.260230315060554,-10.609937541414022,2.204492171624123,0.0,96.17456420799088,-41.44699533686247,1.0986613028261196,0.0,82.87253933913513,-38.114278002846454,2.3429519256843445,0.0,46.771731489209046,-37.556110960980924,1.1662773122879813,0.0
121.53625234158486,-17.36112310692824,2.744500606247316,0.0,82.85866744556408,-10.758506353231947,1.4052670806082581,0.0,54.26994367155375,-10.606628063998574,2.2042028781500456,0.0,96.20345222747079,-41.45916438528207,1.1019617874244396,0.0,82.87414961605204,-38.11730316593794,2.3350802332025626,0.0,46.77303597640339,-37.55229615336432,1.163138216729335,0.0
121.58210902085003,-17.316786481063385,2.826979100620237,0.0,82.87267210580585,-10.768597370221347,1.4002897293765226,0.0,54.277228140640254,-10.601044451006532,2.2023200301069554,0.0,96.2430473205696,-41.47922596212713,1.108507791630041,0.0,82.87773269704381,-38.120334467081726,2.327465643195522,0.0,46.772812127913014,-37.54854391431762,1.1605995472609347,0.0
121.62553522050764,-17.277654132972255,2.901295136195481,0.0,82.89086854599459,-10.782745541949934,1.3935399431603113,0.0,54.281678119723225,-10.593537494897385,2.2003993209497867,0.0,96.29244339267889,-41.511117108314295,1.1183628243649881,0.0,82.88482266062914,-38.123287871242226,2.3207862848798815,0.0,46.77195280994822,-37.54514754072825,1.1589332787795978,0.0
121.66277082474996,-17.24559668877107,2.967980430185337,0.0,82.91249732342983,-10.799519507436337,1.38599020539983,0.0,54.28338314907472,-10.585324968961414,2.199786940783394,0.0,96.34951789889821,-41.559810820711085,1.1305575615941255,0.0,82.89589146819429,-38.126634791515805,2.315491400350627,0.0,46.771341075445164,-37.54245745136479,1.1579951562854234,0.0
121.6907516055587,-17.2206758336826,3.028904903282541,0.0,82.93516714027575,-10.816289526835384,1.378668132562865,0.0,54.28293371558723,-10.577934827654328,2.2012169676538065,0.0,96.41157550003174,-41.63035669899695,1.143274118951977,0.0,82.91015493473982,-38.13131586329929,2.3115859337497415,0.0,46.77165971595702,-37.541007216720324,1.157232946268941,0.0
121.70825347074944,-17.20171701378156,3.0859967976725855,0.0,82.95567490814503,-10.830132272052378,1.37230201520212,0.0,54.281237259768616,-10.57255209799861,2.204671140552934,0.0,96.476278382171,-41.72662921037215,1.1542307201342297,0.0,82.92586323487824,-38.13834441232792,2.308664250791159,0.0,46.77334587896833,-37.541530134004574,1.1558345861442643,0.0
121.71621332335084,-17.18705532635139,3.140171164990914,0.0,82.97122722828672,-10.838897014022349,1.3671819815780264,0.0,54.27921019892328,-10.569562789393531,2.209500780846051,0.0,96.54250049498408,-41.85013923611986,1.1611235616641444,0.0,82.94097729989205,-38.14824027194053,2.3061518183419913,0.0,46.77670086334508,-37.54478745018723,1.1530020727497021,0.0
121.71726347628407,-17.175152274144903,3.1908225969223256,0.0,82.98039257432144,-10.841930748119506,1.3632352759390773,0.0,54.2775157611311,-10.56847130672154,2.2147492278656014,0.0,96.61070483268063,-41.9993247834895,1.1619803000692972,0.0,82.9539312536205,-38.160556600236376,2.3035395778514953,0.0,46.78201999665841,-37.55124259068704,1.1482613728916977,0.0
121.714839714127,-17.16498685807811,3.2360246415694984,0.0,82.98340895593434,-10.840165256386827,1.3601872549960117,0.0,54.276496452939305,-10.568185696628106,2.219549477790771,0.0,96.68264780203982,-42.16962695151827,1.1553243305560663,0.0,82.96413658757153,-38.17374240051829,2.300488678841935,0.0,46.78955229964304,-37.56073563514487,1.1416850346633645,0.0
121.71224922343156,-17.156257844188467,3.273280081693013,0.0,82.98189323684093,-10.835591667361642,1.357681469299303,0.0,54.27631352461023,-10.567505603195851,2.2234313623874318,0.0,96.76055479296562,-42.35439811120205,1.1401142454249076,0.0,82.97203600191219,-38.18544485130188,2.2968672596875184,0.0,46.79922877061789,-37.57235342061232,1.1339510757846973,0.0
121.71193101341913,-17.149433646920556,3.300485517636014,0.0,82.97822496466341,-10.83039401374877,1.3553097706892494,0.0,54.277160089608685,-10.565580105587276,2.226410796024828,0.0,96.84617408985956,-42.54638318794066,1.115517069862472,0.0,82.97876402078643,-38.19318923393185,2.292779705318674,0.0,46.8103363114723,-37.58460957723652,1.1262277012661865,0.0
121.71497396894875,-17.14557323017131,3.316786154442207,0.0,82.97485950716741,-10.826101855520097,1.352586130863262,0.0,54.27936800693419,-10.56215000993961,2.228852618382202,0.0,96.94013104935175,-42.73927119325373,1.0806713668490175,0.0,82.98563058441633,-38.19524704731495,2.2885385703480683,0.0,46.82144428366661,-37.59588093216186,1.1199040300608694,0.0
121.72089473448098,-17.14577387604588,3.3230827497119684,0.0,82.97371953077841,-10.823074621466219,1.3489478672832327,0.0,54.28331456017726,-10.55752149195578,2.2312187674527397,0.0,97.04177954264684,-42.928729750502235,1.0346130750246338,0.0,82.99364307256161,-38.19142021444327,2.2845389925684447,0.0,46.83076421969672,-37.60490058026083,1.11621314293728,0.0
121.72773127776364,-17.15026657117276,3.3220210737377833,0.0,82.97576817649262,-10.820484120629805,1.3438644339190908,0.0,54.2891958897201,-10.552356218875357,2.2338418223895076,0.0,97.14945865468508,-43.11248502455879,0.9764280922240527,0.0,83.0032149486115,-38.18343089911562,2.2810929987743673,0.0,46.83682997784249,-37.61109114727862,1.1158469656534447,0.0
121.73257236454667,-17.15756420596314,3.3174027186136748,0.0,82.98086553363268,-10.81676543359395,1.337064095685239,0.0,54.29685484174433,-10.547428168601733,2.2367993689862065,0.0,97.26090229867805,-43.289381598491474,0.9055329107153867,0.0,83.01414237078001,-38.174655557115436,2.2783099191331395,0.0,46.8391530777632,-37.614633337473826,1.118705986630685,0.0
121.73257063058459,-17.164342923544645,3.31316707383057,0.0,82.98794483380557,-10.810341201634103,1.328773046671694,0.0,54.30583221760196,-10.543470602815368,2.2398995373957966,0.0,97.3735969762924,-43.45783895307379,0.8218905014945488,0.0,83.02583983543268,-38.16913512337538,2.276057932843946,0.0,46.838485033169924,-37.616293853298004,1.1239056235810398,0.0
121.72620994908726,-17.16648464360103,3.312312001618272,0.0,82.9954096552071,-10.800361425920064,1.3197869965173243,0.0,54.31564684206488,-10.541148079753256,2.242773720145866,0.0,97.48506721757397,-43.614559856068844,0.7259952373904781,0.0,83.03771054358396,-38.170128388612255,2.2740021542333206,0.0,46.83650923179717,-37.61710055942836,1.1300577409849755,0.0
121.71424982275997,-17.16091244804293,3.3161674111195225,0.0,83.00156801786136,-10.78724215003891,1.3112626395038873,0.0,54.32610993583309,-10.541075041868647,2.245056284514666,0.0,97.59321749717111,-43.75454846559106,0.6185830940245687,0.0,83.04945478972272,-38.17880984592282,2.2717199158437538,0.0,46.835096438054805,-37.61797589352638,1.1357052517248754,0.0
121.69970155125495,-17.147135651489712,3.324265849482453,0.0,83.0049654317184,-10.772862094976862,1.3042979426499457,0.0,54.33740466914443,-10.543730033329549,2.2465803108564817,0.0,97.6968371238554,-43.873229412065854,0.5002062445320856,0.0,83.06116083478555,-38.19377427605133,2.2688801054605854,0.0,46.83552494310544,-37.61945833617995,1.1397153376063205,0.0
121.68664973341146,-17.12751765508778,3.33479217012483,0.0,83.00459917622001,-10.760323070733289,1.2995022517618136,0.0,54.349803430660785,-10.54917585819661,2.2475012820004565,0.0,97.796203794041,-43.970614677895725,0.3709831613430321,0.0,83.07316442915159,-38.21163801739897,2.265409204217603,0.0,46.83810045299616,-37.621618611172806,1.1415001124527269,0.0
121.67845908314371,-17.106147321357597,3.3453886603226906,0.0,83.00007059505363,-10.753230433433815,1.296737472450591,0.0,54.363169072993884,-10.556689724817742,2.2483212124008087,0.0,97.8935423467555,-44.05625817196892,0.23085980000336015,0.0,83.08579538919446,-38.228432413087916,2.2615499611831975,0.0,46.84234749252429,-37.62418046737123,1.1410572109820976,0.0
121.6763244854969,-17.087050591543413,3.35401626033455,0.0,82.99170877242832,-10.754601031018275,1.2951009415515298,0.0,54.37657967159873,-10.564573264880877,2.2498447791850946,0.0,97.99302074269231,-44.15271287106627,0.08053366625911274,0.0,83.09915648376166,-38.24110520988795,2.257808698415248,0.0,46.84755806157638,-37.62675093386258,1.1388789017148024,0.0
121.67893700740044,-17.07272234551895,3.3596174610009673,0.0,82.98062670671311,-10.765762407303168,1.2931212070471947,0.0,54.38837973743455,-10.570384328125376,2.253074899869409,0.0,98.10003808987437,-44.29502033702,-0.07707843404575776,0.0,83.11302262303184,-38.24850699906229,2.254860453492954,0.0,46.85327900496693,-37.6290403242138,1.1357644871875845,0.0
121.68340964896835,-17.063615862581173,3.362423976290396,0.0,82.96862947840867,-10.785773824394933,1.289087714561406,0.0,54.39673278812144,-10.571615516953736,2.258991807557484,0.0,98.2197851664104,-44.52477436346566,-0.23521503230852403,0.0,83.12688511646509,-38.25158781676362,2.2534337412063863,0.0,46.85944877267706,-37.63100045118144,1.1325779631924338,0.0
121.6868879936973,-17.058608166396496,3.363840908610971,0.0,82.95792084740918,-10.811721431771414,1.2814284992245888,0.0,54.40048453920785,-10.566584778445128,2.26816287437992,0.0,98.35538024442023,-44.87917852528862,-0.3822759291458606,0.0,83.1401210137908,-38.2528735883894,2.2541309544270973,0.0,46.866206462210314,-37.63285881225869,1.1300266411165563,0.0
121.68788339138949,-17.055924737277955,3.3659283047099127,0.0,82.95064081979646,-10.839737322048112,1.2690673523770233,0.0,54.39997931675102,-10.555145768899703,2.2802458952668125,0.0,98.50618135291411,-45.37753309346151,-0.5028179926913268,0.0,83.15222099535765,-38.25548979365976,2.257197536702874,0.0,46.873608572411754,-37.6350518266574,1.1285205419670348,0.0
121.6866507450566,-17.05392406309216,3.370638312554579,0.0,82.94837606933113,-10.866155437202895,1.2517076650120131,0.0,54.39747301521082,-10.538844477564876,2.2936271800142354,0.0,98.6670604332261,-46.00946218814578,-0.5819802506859535,0.0,83.16297630599806,-38.262075677602155,2.262371457982635,0.0,46.881473363294646,-37.638085097753795,1.128115579878699,0.0
121.6846967641402,-17.051525911037153,3.379110861550563,0.0,82.95185078311634,-10.88821341966717,1.2299895569687394,0.0,54.39693620800291,-10.5203527534093,2.305557894286995,0.0,98.82941606281057,-46.73070177154415,-0.613151788743366,0.0,83.17255103329705,-38.27393317607893,2.268933838487074,0.0,46.889420582354305,-37.64237233289346,1.1285351075234633,0.0
121.68399393920433,-17.048405018559333,3.39133665033534,0.0,82.96094250065399,-10.904108474410773,1.2054607885568256,0.0,54.40323797142468,-10.502326418308533,2.3130902140439833,0.0,98.98423854571006,-47.47137978029093,-0.605158370403549,0.0,83.1814356160376,-38.290672862065826,2.2759244700729067,0.0,46.89703137299245,-37.64810412364224,1.1292984919461286,0.0
121.68625714725982,-17.044970215670546,3.4063063214212033,0.0,82.97496755764134,-10.912682608718924,1.1803185813821635,0.0,54.4208468851878,-10.486102489003027,2.3148299248794544,0.0,99.12641642818853,-48.15590902033571,-0.5828639071996786,0.0,83.19031737527192,-38.3104485484319,2.28238067291381,0.0,46.90399635689494,-37.655177565142814,1.1299580388007193,0.0
121.69219891432972,-17.04192210361087,3.4225159669576897,0.0,82.99299600669524,-10.913217970390841,1.1569476623092374,0.0,54.452279276151764,-10.470714882175029,2.313098859813241,0.0,99.25832197724128,-48.72576645895092,-0.578356328582597,0.0,83.19989658961237,-38.330666461532665,2.2875101226236882,0.0,46.9101659177125,-37.663198371301824,1.130345494028612,0.0
121.70072402107061,-17.03936114878167,3.438560263712805,0.0,83.01398397935478,-10.905638311516071,1.1373893918469502,0.0,54.49663230108462,-10.452565656517216,2.31570140746852,0.0,99.39077582066517,-49.15438812593799,-0.6173766263100369,0.0,83.21068036044369,-38.34889550915499,2.2908008810568568,0.0,46.91552253015816,-37.67155285632016,1.1306765364164377,0.0
121.70851024756297,-17.035931287239862,3.4535693877075087,0.0,83.0367375897049,-10.890988710292461,1.1229384999103083,0.0,54.548699770436976,-10.425861014969634,2.3363148472237913,0.0,99.54092529776645,-49.449231493781255,-0.7094325376307573,0.0,83.22282200367967,-38.363642466230424,2.2920920051885254,0.0,46.92015366721168,-37.679533959875414,1.1314302390963338,0.0
121.71062458264817,-17.028719121485395,3.4673861320881887,0.0,83.05988690571635,-10.871755418620973,1.1139887015190926,0.0,54.599312660487435,-10.383712042506254,2.392758657716776,0.0,99.72810006058897,-49.643171375487796,-0.8464089211481856,0.0,83.23608755089786,-38.37471031214308,2.2916035998622792,0.0,46.92425211830273,-37.68649269555937,1.133053530956822,0.0
121.70226892853228,-17.01419514304281,3.4805208159545167,0.0,83.08197607263298,-10.85165145430983,1.1100908765259998,0.0,54.63747832693531,-10.319623845737445,2.503078057253486,0.0,99.96930968074734,-49.78061758173291,-1.0082703276569678,0.0,83.24998499070861,-38.38303180961432,2.289906892039319,0.0,46.92809052628269,-37.6919742152366,1.1356504762855675,0.0
121.68086776209994,-16.98972121034881,3.4939560689139615,0.0,83.10160733931423,-10.834843220149272,1.110104084682293,0.0,54.65439266311724,-10.228941743031664,2.6802733187819143,0.0,100.27578997598565,-49.90374709090185,-1.1713153261723814,0.0,83.26400959264248,-38.39010334923423,2.287809660052666,0.0,46.931929371526024,-37.69579677678762,1.1388485201619023,0.0
121.64737151974714,-16.954777864561514,3.5088254545137794,0.0,83.1175413816318,-10.824910712657735,1.112377142052834,0.0,54.64843395812235,-10.109742043192451,2.9272210641474175,0.0,100.6513579305924,-50.04289432294173,-1.3151789937160494,0.0,83.2778872162506,-38.397303920867316,2.2861518329301322,0.0,46.93590492469738,-37.69805475717909,1.1419495121398526,0.0
121.60613231905405,-16.91135402249592,3.5259839400265456,0.0,83.12876081872805,-10.82391758796622,1.1150093047579297,0.0,54.62918276296964,-9.96276323710163,3.233599664165375,0.0,101.09263311614139,-50.21295668533683,-1.4269558483665836,0.0,83.29168030760086,-38.40537997878719,2.28555722836993,0.0,46.939984747883585,-37.69905959593826,1.1442913074239573,0.0
121.56351004389633,-16.86348338677582,3.545577020173866,0.0,83.13458421990785,-10.831863144985247,1.116259729367986,0.0,54.61811587194216,-9.790358967898772,3.576455573392524,0.0,101.59063946090836,-50.41518334051882,-1.5023708427257638,0.0,83.30568473490915,-38.41425276965681,2.286234877231335,0.0,46.94402519055162,-37.699250107087884,1.1455897768517236,0.0
121.52589695857436,-16.816228123901844,3.566821815477084,0.0,83.1348746268658,-10.846634240952667,1.1150471610219697,0.0,54.64459088925528,-9.595033320443502,3.9253724602059954,0.0,102.13304415245602,-50.64200478386504,-1.5445796935173384,0.0,83.32016778799593,-38.42316487360578,2.2879227427549154,0.0,46.94788782311415,-37.69910480276369,1.146031399421327,0.0
121.49792332061648,-16.774438519234643,3.5882010857117326,0.0,83.13026511590188,-10.86445799044078,1.1113132984165048,0.0,54.73790498918733,-9.378498277930454,4.251687454485639,0.0,102.7063388409289,-50.882269258766826,-1.5615001069435248,0.0,83.33510130522127,-38.43107518907316,2.2900119292312056,0.0,46.95154664508691,-37.699082105974654,1.1460461282367493,0.0
121.48138528522067,-16.7415805042242,3.6080605199420734,0.0,83.12223356883871,-10.880781165373623,1.1060037119708408,0.0,54.91825409466283,-9.141886346453791,4.53897286827292,0.0,103.29753739891063,-51.12506765718442,-1.5627822167278538,0.0,83.35005239280669,-38.43713886279705,2.2918074970246636,0.0,46.95515015305221,-37.69959555773071,1.1458950233046128,0.0
121.47513872355465,-16.71894645688748,3.6253077095710182,0.0,83.11287788399363,-10.89141751136552,1.1006108371128729,0.0,55.18991070462625,-8.88687743580719,4.790412698282072,0.0,103.89529463286046,-51.36150224840099,-1.5574350440097326,0.0,83.36430053051264,-38.4410935327047,2.292812592181038,0.0,46.9590487946039,-37.70100771985203,1.1453279010060164,0.0
121.47590333001142,-16.70553351946442,3.639803979305233,0.0,83.10437388541425,-10.893683220525606,1.0964873117357303,0.0,55.53888548798953,-8.616918862457672,5.029304993716567,0.0,104.49058172318944,-51.58473221735308,-1.5526588183057104,0.0,83.37712130535702,-38.44343169889312,2.2929081208030837,0.0,46.96381080553135,-37.703625452723244,1.1435287988220502,0.0
121.47963182081578,-16.69865919057922,3.6522399958528453,0.0,83.09826921821887,-10.88715861204641,1.0942740239715594,0.0,55.93589667200668,-8.337935969102315,5.291809956721403,0.0,105.07710647044009,-51.78917012090175,-1.5538001029331134,0.0,83.38809443662126,-38.44532575041845,2.2923522059623753,0.0,46.97020437550456,-37.70770174778761,1.139395011493967,0.0
121.48291767223043,-16.695062920093925,3.6636213820019385,0.0,83.09487690837088,-10.873788383465797,1.093712368489415,0.0,56.3441981669244,-8.058380163354244,5.6147157214635754,0.0,105.65156014194753,-51.969753822485764,-1.5648819717490223,0.0,83.39729282252867,-38.44833175736914,2.2916042880910155,0.0,46.979061502807255,-37.71345386399253,1.1320100073637889,0.0
121.48394844264377,-16.692015334411415,3.6747031982092313,0.0,83.09302742248404,-10.857276380468429,1.0938978683006244,0.0,56.73038331008749,-7.788458360459684,6.0232754779862905,0.0,106.2136244890815,-52.12187509519887,-1.5890863262560408,0.0,83.40527434030079,-38.45393913651807,2.291044798914136,0.0,46.99095572837907,-37.72106994613405,1.121094980999981,0.0
121.4827473294367,-16.687976965121123,3.6856922897029047,0.0,83.09033876886087,-10.842005735171869,1.0938120889246772,0.0,57.074853018988065,-7.5382416569950665,6.523662930030207,0.0,106.76562580811972,-52.242015502906696,-1.6288305635653515,0.0,83.41288892941655,-38.46309027368884,2.2907092391629753,0.0,47.005771808939855,-37.73064239345025,1.1072718899691019,0.0
121.48076310572804,-16.68262902372191,3.6963371176808106,0.0,83.08400928895733,-10.831845174163249,1.0928462013040026,0.0,57.37823198292333,-7.314847252465313,7.101863309438292,0.0,107.31180596651953,-52.328664063343886,-1.6854421732566802,0.0,83.42098763993866,-38.47584709306421,2.290185580570828,0.0,47.022419334989394,-37.74200796424973,1.0920575627611857,0.0
121.4801009343936,-16.676457402949275,3.706279824117251,0.0,83.07194340147977,-10.829135182829239,1.0910576485417192,0.0,57.66131583977482,-7.119956438202076,7.72800728710288,0.0,107.85728984752282,-52.382904225019196,-1.7586868360484456,0.0,83.43015211582413,-38.49135986243833,2.288777677721356,0.0,47.03895569416236,-37.75458280420142,1.0775730380725008,0.0
121.48271940136912,-16.670245218069724,3.7154027449159273,0.0,83.05383167836268,-10.834024368870317,1.0890552887632374,0.0,57.95870181520703,-6.94946477196731,8.363808184167896,0.0,108.40689656920931,-52.408248424306684,-1.8464875657116266,0.0,83.44054835768557,-38.508165122583144,2.285873287720939,0.0,47.053169663242386,-37.767341758136965,1.0660234082585713,0.0
121.48979719833045,-16.664740069609508,3.7239447746555197,0.0,83.03172081269622,-10.844323331462586,1.0875938615517473,0.0,58.30880211752252,-6.796141556545004,8.970712341592671,0.0,108.96400586822807,-52.409689416037224,-1.9450955895668134,0.0,83.45194872551833,-38.52467814563604,2.281296685477896,0.0,47.06338660647909,-37.779021392921265,1.059105073609322,0.0
121.50134810181395,-16.660557596682416,3.732343396535068,0.0,83.0097131909397,-10.85609786856658,1.0870904012874654,0.0,58.74403817747711,-6.654235927112955,9.516823949497415,0.0,109.52975569505,-52.39227288790384,-2.0497673487759815,0.0,83.4638809577995,-38.539666955428906,2.2754452424427924,0.0,47.06910627033559,-37.788485880459845,1.0575586722967074,0.0
121.51612769857758,-16.658225742440933,3.7409299845396955,0.0,82.99276478349061,-10.865039798164759,1.0873169900825719,0.0,59.28413924315896,-6.523531913094056,9.981331979791117,0.0,110.1028201698487,-52.35967709830031,-2.15575327126726,0.0,83.4758096185294,-38.55253551482355,2.2691742288925774,0.0,47.07116723725024,-37.79510748631457,1.0610316021770707,0.0
121.53188787838062,-16.65821919211584,3.7496637853427153,0.0,82.98502624883245,-10.868131744932636,1.0874628769195809,0.0,59.933571068010494,-6.410570697350323,10.35601068630575,0.0,110.67984899194407,-52.313306339373035,-2.2592481638522557,0.0,83.48727574882923,-38.56334780569036,2.263528322453686,0.0,47.071387428359664,-37.799020162084815,1.0682783026800333,0.0
121.54598526488488,-16.660864547661784,3.758050864070217,0.0,82.98849797694791,-10.864699319210914,1.0865824693285209,0.0,60.68268471205778,-6.326392125253216,10.644082416434047,0.0,111.25641837637093,-52.25223828376722,-2.357963282181389,0.0,83.49798398005429,-38.57262648984306,2.259442369744262,0.0,47.07189832578803,-37.8011633167354,1.0775996798434662,0.0
121.55619008100791,-16.666085607797488,3.7653147880322315,0.0,83.0025949088036,-10.856220888784154,1.0841894483996128,0.0,61.51163826249607,-6.282071158033274,10.857098133540914,0.0,111.82816753705443,-52.17403650895077,-2.4511193128019713,0.0,83.5078612019989,-38.581028694404026,2.257499642203893,0.0,47.0744987795494,-37.8031002700156,1.0873553422603308,0.0
121.56137338531965,-16.673093517734998,3.7707670861420723,0.0,83.0245979944272,-10.845192821990072,1.0805706232560155,0.0,62.395827956093235,-6.28444718363658,11.010689937388943,0.0,112.39174451645444,-52.07609592667247,-2.5388646187643626,0.0,83.51708730346097,-38.58903057037544,2.2577993670314633,0.0,47.08025322812314,-37.80665524976348,1.0963833332722839,0.0
121.5617485314252,-16.680269075006272,3.7741847991481716,0.0,83.05044398114883,-10.834083628450617,1.0764697865126092,0.0,63.31114467097286,-6.334155116710656,11.120208376487287,0.0,112.94527885934264,-51.95701135728016,-2.6213606275226855,0.0,83.52606163913046,-38.596738527805826,2.2599514552898263,0.0,47.089374341595686,-37.81345381701338,1.1042200042218866,0.0
121.5585736118317,-16.685491547159987,3.7759576091561637,0.0,83.07533542417352,-10.825184725071544,1.0721874414423684,0.0,64.23745890464986,-6.426549818454701,11.197185296549105,0.0,113.48830114048066,-51.81752036624142,-2.6979771610725756,0.0,83.53528027402774,-38.60388840863991,2.263183814322046,0.0,47.10131537576518,-37.82446707034781,1.1110893581771393,0.0
121.55354408617825,-16.68690833295269,3.7769103825342505,0.0,83.094137505202,-10.821156635300792,1.0666603048783436,0.0,65.15973819829763,-6.55440865960019,11.247193901981747,0.0,114.02125212109569,-51.660778929422044,-2.767058106681736,0.0,83.54515913909528,-38.61001466880524,2.266532302276026,0.0,47.114986081045124,-37.839653469559096,1.1176841920834768,0.0
121.54826242606283,-16.683753400632522,3.7779375718356736,0.0,83.10194005595918,-10.825283939302505,1.0573242600273716,0.0,66.06748523393698,-6.710561083203936,11.269251898692906,0.0,114.54486360283914,-51.49191794686592,-2.8264487236262283,0.0,83.55588793638887,-38.614709050207566,2.269082307100435,0.0,47.129040994164335,-37.85777715646677,1.1247802621780938,0.0
121.54402824265345,-16.676689277838946,3.7796987332711964,0.0,83.09508821608836,-10.840703631101594,1.041196373680835,0.0,66.95381043743465,-6.889158687397336,11.256625032854327,0.0,115.05968456726652,-51.31693762011702,-2.874529438052811,0.0,83.56739164561286,-38.6178678981443,2.270212783586402,0.0,47.142221799940025,-37.87647645535867,1.1327401210990597,0.0
121.54189688448756,-16.66745166769633,3.7825392587352304,0.0,83.07249840022637,-10.868910551391457,1.0167638352503374,0.0,67.81511323210725,-7.085501030699623,11.198722040292756,0.0,115.56588845820853,-51.14112504468105,-2.911173229702193,0.0,83.57941993049369,-38.619841400363406,2.2697532621303207,0.0,47.15374847961802,-37.89267188957838,1.1410209289476523,0.0
121.54279075079317,-16.658050341207794,3.786614384276284,0.0,83.03662002871151,-10.908631723514805,0.9855737302169043,0.0,68.65137229319892,-7.295196769468118,11.083649955505283,0.0,116.06333181363145,-50.967404808910246,-2.938071255753755,0.0,83.59172230845095,-38.62142657982571,2.267957713272464,0.0,47.16373198455763,-37.90342073651397,1.1479016467061243,0.0
121.54750648848874,-16.650009576952634,3.792060499312237,0.0,82.99338137254175,-10.955945307264521,0.9524845778496598,0.0,69.46608607554973,-7.513501176766699,10.900846408343886,0.0,116.55174151273823,-50.795215866786116,-2.958222830958972,0.0,83.6042305756011,-38.623687123881865,2.2652809815132393,0.0,47.17350409871092,-37.90728276323493,1.150711199729769,0.0
121.55659330701924,-16.643990713382045,3.7990630429690775,0.0,82.95092089151633,-11.005496750166785,0.9243221910043502,0.0,70.26478268045537,-7.7352342855157765,10.643008326550614,0.0,117.03091112890301,-50.62043375570263,-2.9748120390473947,0.0,83.61716446178619,-38.62764546265081,2.2620775561835593,0.0,47.18565200311669,-37.90608201950877,1.1467754598936217,0.0
121.57015739822532,-16.639838454377678,3.807780042611606,0.0,82.91751630364895,-11.051772660871485,0.9075409332772093,0.0,71.05211315528673,-7.95536063105936,10.306521116668419,0.0,117.50085477029408,-50.43650254739268,-2.9899492381730663,0.0,83.630998432128,-38.63395702498903,2.258413265411038,0.0,47.20352475916868,-37.90662059144815,1.1350840189000788,0.0
121.58769837651778,-16.63688998462463,3.8181877543405047,0.0,82.89947588400472,-11.089595646218584,0.905944295573935,0.0,71.8289760725484,-8.170299452653081,9.890156478423478,0.0,117.96193664356971,-50.23649011792042,-3.0037575619826793,0.0,83.64628159673558,-38.642694810240805,2.254108861498624,0.0,47.23017241825795,-37.92155637482673,1.1183514065788698,0.0
121.60812936470643,-16.63435803744682,3.829957254363384,0.0,82.899724312801,-11.114216706996046,0.9195279553814704,0.0,72.59134757505457,-8.379919361764074,9.392958886084378,0.0,118.41498465493962,-50.015438176259956,-3.014105736888556,0.0,83.66338094122213,-38.653320726433456,2.2489676886961263,0.0,47.2670333398573,-37.968555356358934,1.1047935411193048,0.0
121.63009858996166,-16.63166042786121,3.842457157193129,0.0,82.91746186897596,-11.121979932946882,0.9449580396271262,0.0,73.33116022919704,-8.589552505393467,8.81319556411078,0.0,118.86130783895973,-49.77225858071859,-3.0170542693281135,0.0,83.68227997363607,-38.66483632847802,2.243008774564702,0.0,47.31296449735829,-38.067199346877956,1.1087108095982137,0.0
121.65255756088236,-16.62862236158391,3.8549233824784412,0.0,82.94875796431356,-11.111649785460603,0.9771824930525348,0.0,74.03809867720368,-8.810572020927331,8.150020856589572,0.0,119.30249807156054,-49.51055376314215,-3.007868405201515,0.0,83.70255949859323,-38.67604778151445,2.2365252024870816,0.0,47.364204181017094,-38.23399676641054,1.1490584470461807,0.0
121.67529785143238,-16.625506890417974,3.866749789502535,0.0,82.98762478025972,-11.085579319826895,1.0110743756246183,0.0,74.70099574552779,-9.057996320883744,7.408000087083927,0.0,119.7399858466318,-49.23807874988063,-2.9822868993511307,0.0,83.72359496760821,-38.68586682648373,2.2299121061636704,0.0,47.4155252180032,-38.47691651029714,1.2456905874580988,0.0
121.69910259914279,-16.62286654362783,3.8777730294576838,0.0,83.02721628084625,-11.049838246598505,1.0423657237798398,0.0,75.30849169364774,-9.344727405968813,6.602718092829344,0.0,120.17445568419026,-48.96502182589419,-2.937664501305118,0.0,83.74486704900319,-38.69357900656938,2.2233778028610036,0.0,47.46228872979053,-38.79157991586149,1.413811189379838,0.0
121.72533876833837,-16.621262937455718,3.888412816386335,0.0,83.06107013430164,-11.012808637331823,1.067946885994992,0.0,75.84959593149723,-9.674063008401685,5.764404980198199,0.0,120.60531841451956,-48.70166443500036,-2.8736667148490493,0.0,83.7661969329848,-38.699020170977874,2.216748017279299,0.0,47.50258829304555,-39.161041089056944,1.6581394088907508,0.0
121.7551367754741,-16.620939085854115,3.8996029008773814,0.0,83.08436867256671,-10.982516509808546,1.0860337393232875,0.0,76.31489389259949,-10.03405792391286,4.93669691397772,0.0,121.03047858342892,-48.45608519006753,-2.7923531501156376,0.0,83.78776959902842,-38.70261256474728,2.20952007412488,0.0,47.53850551440493,-39.55980594826044,1.9690267846585643,0.0
121.78853419936452,-16.62152705755115,3.912543331031493,0.0,83.09495953072951,-10.963863037828567,1.0964029947004068,0.0,76.69835311972281,-10.397647113086872,4.169773329275841,0.0,121.44660787741087,-48.23240889492886,-2.6976671225343516,0.0,83.80996465307356,-38.70523043666059,2.2011601089250608,0.0,47.57587732038378,-39.96087666597573,2.3226788877792153,0.0
121.82396922699706,-16.621848661201852,3.9283402654212907,0.0,83.09368423642705,-10.957177451613966,1.1003969054839953,0.0,76.99881676080737,-10.729897041418301,3.5102109724093857,0.0,121.84999643057688,-48.02987744332863,-2.5945094647748537,0.0,83.83313336015759,-38.70789720822451,2.1914838997973263,0.0,47.622751432882886,-40.34314951546001,2.686284330583348,0.0
121.85833752771545,-16.619859866997977,3.9475943250896286,0.0,83.08375430428863,-10.95877120418192,1.1004026880922027,0.0,77.22037083657513,-10.999368026634643,2.9914557051043236,0.0,122.23780517347508,-47.84287440873905,-2.487684083329377,0.0,83.85744467711854,-38.711373762537285,2.180911884913039,0.0,47.68737597796048,-40.696360711269634,3.026595073113068,0.0
121.88760032205525,-16.61281323845131,3.970040045683806,0.0,83.06941112070508,-10.963014104492029,1.0989591427513226,0.0,77.37176728462781,-11.18801612374751,2.6276128047651017,0.0,122.60927536638712,-47.66192726269393,-2.381026420437001,0.0,83.88282683874075,-38.715774964145474,2.1704463050881166,0.0,47.77664964605822,-41.02209110729153,3.318659705100522,0.0
121.90776525230162,-16.59772603520697,3.994412800586554,0.0,83.05450417989978,-10.964762013441604,1.097947435297442,0.0,77.4656405122175,-11.295503880744267,2.4113031620719667,0.0,122.96635147294666,-47.47554248500013,-2.2769477251128016,0.0,83.90897126764769,-38.72039266985218,2.1613466038571616,0.0,47.895480544595806,-41.33121202341359,3.551260526764846,0.0
121.91599440473732,-16.572181450255453,4.0186938202815,0.0,83.0415978484058,-10.961075175537463,1.0982120342636232,0.0,77.5176732453327,-11.337201152822056,2.3157040600179464,0.0,123.31338234479826,-47.272484813389354,-2.176467341867202,0.0,83.93537663506423,-38.723849772266114,2.1546334163548835,0.0,48.04695885341283,-41.639392112269846,3.7271875155817114,0.0
121.91158254793427,-16.535325799035547,4.0407143831231505,0.0,83.03181052542672,-10.951765207672421,1.0996479512294979,0.0,77.54507913322273,-11.337665118137423,2.300792198640636,0.0,123.65598726152895,-47.04390650453183,-2.07961566620995,0.0,83.96144181834143,-38.72457878609032,2.1506518190063453,0.0,48.23301697398283,-41.962408267574176,3.8587235282363688,0.0
121.89654075786608,-16.488710802192674,4.058908706882336,0.0,83.02515717345733,-10.938910976308406,1.101569712799673,0.0,77.56391656298152,-11.322457183046206,2.3227962537323297,0.0,123.99953095720178,-46.78474018201011,-1.9859579024831202,0.0,83.98662069356294,-38.72148109101116,2.148887171829731,0.0,48.45527974582144,-42.312423408309506,3.96048472274442,0.0
121.87552637074235,-16.43651198482641,4.072922316911523,0.0,83.02103312541486,-10.925812783126014,1.1031358923352332,0.0,77.58583976493337,-11.3112857404386,2.3443112914416364,0.0,124.34775357415982,-46.49405511815248,-1.8949996876910689,0.0,84.01061550821301,-38.71452670945678,2.1480786804271457,0.0,48.715857249156954,-42.695757641813934,4.042506723314944,0.0
121.85494452902189,-16.384773400413643,4.083832971760909,0.0,83.01863877867227,-10.915882672137249,1.1036710414328201,0.0,77.61588614864344,-11.314593980738321,2.341769637936128,0.0,124.70196345226394,-46.174481275496085,-1.8063929363040838,0.0,84.03352654361244,-38.705021463066345,2.1465485779407576,0.0,49.01781348345864,-43.11227407073383,4.106129092101247,0.0
121.84129285526164,-16.339717173597336,4.09387479787595,0.0,83.01732906451421,-10.911779505959114,1.1028019629433388,0.0,77.65268434608306,-11.333958222279191,2.307878391172057,0.0,125.06094923154943,-45.83106670158645,-1.7200341475759267,0.0,84.05585892307843,-38.69533645903901,2.1426277627747226,0.0,49.365083355482426,-43.556236894950906,4.144015921973859,0.0
121.83923320849341,-16.305678658275532,4.105718090038533,0.0,83.01688034628035,-10.914847216846386,1.1003801229824894,0.0,77.69109018572604,-11.365010775846628,2.248878825389829,0.0,125.4215207294406,-45.46995004336147,-1.636186471653394,0.0,84.07835586834383,-38.688096429333264,2.135065342994375,0.0,49.761815837257004,-44.018227388226244,4.143999884806671,0.0
121.8502101690494,-16.2835808098323,4.1215320354426,0.0,83.0175784751568,-10.924803359024363,1.0962428986047392,0.0,77.72587867730878,-11.401012791985893,2.1786221467759024,0.0,125.77941838484551,-45.097113642980396,-1.5556572600259173,0.0,84.10172098000095,-38.685112190636644,2.1233187031426723,0.0,50.21135453514697,-44.487440604969116,4.094988825169571,0.0
121.87231580833215,-16.27074424086907,4.142224504547373,0.0,83.02003664060827,-10.939700751840103,1.0899733153839186,0.0,77.75467808508716,-11.435687499924818,2.1121937629664522,0.0,126.13027777152008,-44.717374765129094,-1.479949424891723,0.0,84.12633236826858,-38.68656127119803,2.1076426054802475,0.0,50.71512076018411,-44.953596043161184,3.9925073007071887,0.0
121.90146416401392,-16.262217754867805,4.1672740415360785,0.0,83.02479023207397,-10.9562791814743,1.0808649655977725,0.0,77.77886632068811,-11.46479936247284,2.061088935332876,0.0,126.47039908364061,-44.33372623114662,-1.4112661001574693,0.0,84.15204688067472,-38.690885894014656,2.088941386291282,0.0,51.271598916516524,-45.40790810314322,3.8417629514520906,0.0
121.933215152975,-16.25301891697768,4.195281995553836,0.0,83.0318561132179,-10.970761926505968,1.0682109504305153,0.0,77.80224239813191,-11.486606737881013,2.030701196717434,0.0,126.79719556726181,-43.947153738225154,-1.3522848244267696,0.0,84.1781792038673,-38.695546081439346,2.0684184355938147,0.0,51.87567474497381,-45.843025138186555,3.657209261140026,0.0
121.96430681485664,-16.240171228925533,4.224886033961674,0.0,83.04047339966014,-10.979928634370857,1.0518341789761116,0.0,77.82842604815377,-11.501545237069912,2.0200243428322633,0.0,127.1093026067846,-43.55708332324437,-1.3057053061299708,0.0,84.20370580300705,-38.69830325200657,2.047140058708722,0.0,52.518739032355626,-46.25234480165031,3.4589790990085394,0.0
121.99328018429262,-16.223570966908703,4.255372202560913,0.0,83.04917397182375,-10.982073799509068,1.0325780829373823,0.0,77.85855130323917,-11.511486317979582,2.0231228015031544,0.0,127.40639316221129,-43.16253960191092,-1.2736719999148711,0.0,84.22765907518894,-38.69837730221019,2.0256862206972563,0.0,53.18992925382113,-46.62941109642089,3.2677595575769134,0.0
122.02019556949791,-16.205435338990952,4.286485857029691,0.0,83.0562060018851,-10.9774346942283,1.0124224545908227,0.0,77.89053547421145,-11.518866156328341,2.0317462745081887,0.0,127.68879278212307,-42.76387373228,-1.2572228893830548,0.0,84.24956498848678,-38.696826513661094,2.0040409951834466,0.0,53.87844025582726,-46.96803193106544,3.100151837667312,0.0
122.04587182933336,-16.188865200452856,4.317523381296327,0.0,83.06016755196285,-10.967898667310257,0.9940487663755491,0.0,77.92022294396996,-11.52593311518387,2.0382568502442844,0.0,127.95702784172272,-42.3646313602691,-1.2559074740159115,0.0,84.26971541081294,-38.695896879116404,1.9817654109723133,0.0,54.576219041175634,-47.26329251325888,2.966088403451412,0.0
122.07114725458837,-16.176395469339944,4.34642324967508,0.0,83.06057467206746,-10.95614660788411,0.9799897107798934,0.0,77.94367274133226,-11.534270132257257,2.0379422950874044,0.0,128.21144117629217,-41.97290225182704,-1.2676824117802656,0.0,84.2891154826907,-38.69768385886756,1.9583459857348178,0.0,55.27999760659315,-47.512993920214385,2.868778402713234,0.0
122.09650812121211,-16.169195657634063,4.369719992783731,0.0,83.0581100925818,-10.944657578447035,0.9717572494722688,0.0,77.95935613242418,-11.544625689314312,2.0300106868255803,0.0,128.45196341475094,-41.60144032475488,-1.2891430271030018,0.0,84.30909121527351,-38.70286562780652,1.9335314144232871,0.0,55.991757422481385,-47.718641289977256,2.8065646596095846,0.0
122.12221498143798,-16.16709084058523,4.383607141070845,0.0,83.05447004614945,-10.935028193487007,0.9693473062791789,0.0,77.96919000611295,-11.55699942720821,2.0170741816849045,0.0,128.67808078181187,-41.266083891308334,-1.3160759398605055,0.0,84.33071326485378,-38.71021495790401,1.9075167402048478,0.0,56.71731322593184,-47.885232016037996,2.7754917591300963,0.0
122.14878449198032,-16.169148111381524,4.385466008677293,0.0,83.05190530427946,-10.9278205627641,0.9712874393056428,0.0,77.97792267432474,-11.57089437627713,2.003486089647758,0.0,128.88900918536885,-40.98257660368958,-1.344240883067874,0.0,84.3543091594933,-38.717123454258214,1.8809404238370249,0.0,57.49375929481694,-47.99698650052181,2.7859838817756355,0.0
122.17739540611966,-16.174393300881267,4.374892897681512,0.0,83.05263859009209,-10.922828816237761,0.9751522929870706,0.0,77.99111425638338,-11.58562764703478,1.9932541528712502,0.0,129.08402214028783,-40.76261657084635,-1.3702193766648811,0.0,84.37932276208431,-38.720799450576294,1.8547262880908875,0.0,58.294929799197604,-48.08359843690732,2.8344244988540215,0.0
122.20969644062829,-16.18227330073638,4.353707487623675,0.0,83.05833694773538,-10.919479944357267,0.9783550352340402,0.0,78.0125827942435,-11.600571314886945,1.9883273835438189,0.0,129.2627712790255,-40.61050037234704,-1.392094044167088,0.0,84.40460978185693,-38.71947226761716,1.8298244798112737,0.0,59.11151475987596,-48.15431636530937,2.9044417442510078,0.0
122.24681981502219,-16.19266794108022,4.325099807801909,0.0,83.06975642992033,-10.917098889749234,0.9789786960549929,0.0,78.04248803480598,-11.615228232215468,1.9878654392038602,0.0,129.42539154163438,-40.521729649976756,-1.409696518573524,0.0,84.42901586931248,-38.7130085510114,1.8069254039645664,0.0,59.94219183962466,-48.205221517756954,2.9913362824865146,0.0
122.28806832258574,-16.205514203548496,4.292420670668463,0.0,83.08660651733175,-10.914904218505352,0.9763957554390519,0.0,78.07699240041143,-11.629159091668733,1.9887116988031952,0.0,129.57231830200817,-40.48425590522156,-1.4242825793615115,0.0,84.4519321311074,-38.702734965521074,1.786234717425497,0.0,60.77943497703218,-48.23007035594939,3.0886341579785253,0.0
122.33027687600168,-16.220370281672878,4.258088719243519,0.0,83.10764098988987,-10.911815458474265,0.9714733362087706,0.0,78.10969849548617,-11.641873328822893,1.9868239966332162,0.0,129.70399634649786,-40.48191048385022,-1.4377447555808338,0.0,84.47356322314457,-38.690700690227466,1.7673784987821026,0.0,61.614350559899776,-48.220120636297054,3.1888853326720508,0.0
122.36867471241467,-16.236343835479147,4.222916080298841,0.0,83.13095501429932,-10.90634068974153,0.9662788734596024,0.0,78.13419398135672,-11.65277616146196,1.9790432274656045,0.0,129.82080595187546,-40.49862448536111,-1.4516950536673843,0.0,84.49482153067218,-38.678832712188544,1.749457907146315,0.0,62.43947497239382,-48.16649056057802,3.285069858914566,0.0
122.39906514845312,-16.2525457932834,4.185976955602172,0.0,83.1544389810034,-10.8968236971636,0.9633464039126132,0.0,78.14654661378393,-11.661175937973544,1.9644567103952522,0.0,129.92340957148141,-40.52182277528329,-1.4668034771266516,0.0,84.51693391847112,-38.66835580713455,1.7312239046252742,0.0,63.25039573401911,-48.062856872498564,3.372267601770499,0.0
122.41999229986764,-16.26872757166836,4.144956646732506,0.0,83.17630103696905,-10.882091509959897,0.9647208384617976,0.0,78.14671323487069,-11.666317796481056,1.9448111968422648,0.0,130.013391022669,-40.54392792391686,-1.4826534680370056,0.0,84.54091975656988,-38.6596059776619,1.7113258588203628,0.0,64.04602535389313,-47.90755893319724,3.4487821647716004,0.0
122.43334909512778,-16.285480472792067,4.096805417321548,0.0,83.19550206794477,-10.862170687502672,0.9711379136770315,0.0,78.13839712067016,-11.667439433292504,1.923879192355514,0.0,130.0937532598631,-40.56186198925773,-1.4981522025493081,0.0,84.56708545973801,-38.652158411286734,1.688600636813078,0.0,64.82779276669159,-47.70452306602366,3.5161382341869363,0.0
122.44294574966301,-16.303648158615456,4.03857562671409,0.0,83.21190723198475,-10.838575090776962,0.9817054004007577,0.0,78.12758262216768,-11.663875524266313,1.9061460889935162,0.0,130.16881094434603,-40.575287888067,-1.5123002524027278,0.0,84.59465843489347,-38.64511690563343,1.6623678826013961,0.0,65.5983896238731,-47.462758460142126,3.5779298802133734,0.0
122.45206220082304,-16.323236674957002,3.968388925058914,0.0,83.22607674043114,-10.813958411561623,0.994229076940707,0.0,78.12047533485355,-11.655224024105799,1.8953921799872333,0.0,130.24332573361505,-40.58470019865596,-1.5249640744360118,0.0,84.62168580568067,-38.63744898968652,1.6326483782986418,0.0,66.36072502361395,-47.19458325457035,3.6380574382372934,0.0
122.46172915479781,-16.342596848674397,3.886364848696921,0.0,83.23885763842236,-10.791383936789595,1.0059901195406962,0.0,78.1216837884067,-11.641542082030774,1.8936336663913593,0.0,130.3211868516076,-40.59024769657564,-1.5372789670159683,0.0,84.64529609649516,-38.628320359614975,1.6001704637705938,0.0,67.11737631365393,-46.913134999251454,3.6991393270721744,0.0
122.47089580514493,-16.358610883901434,3.795179826232353,0.0,83.25104878660403,-10.77357144076593,1.014596172780461,0.0,78.13323499067994,-11.62350332626289,1.9006498172140152,0.0,130.4042287296333,-40.59156273071997,-1.5514592755152794,0.0,84.66231454298537,-38.617409714835986,1.566076596749575,0.0,67.87033598761428,-46.62990591153019,3.7617042308265187,0.0
122.47822354042987,-16.367998418398688,3.699977485730056,0.0,83.2632760865993,-10.762260227900386,1.0186080369281267,0.0,78.15459684390693,-11.602441262684255,1.9141364046384588,0.0,130.4917312516933,-40.588279751605285,-1.5700500177784367,0.0,84.67008597432088,-38.605143865539304,1.5314173215695277,0.0,68.62065220889622,-46.352915633221755,3.8243252640747283,0.0
122.48404245327636,-16.369037548779108,3.6075736283761426,0.0,83.27600394152759,-10.757700613152034,1.017841481280362,0.0,78.18343847533932,-11.580207528958589,1.9303950913773864,0.0,130.58082975937114,-40.58066603042473,-1.594920823146614,0.0,84.66727832705693,-38.592729396312656,1.4966984067769964,0.0,69.36781770973163,-46.085818767801165,3.8844400899989235,0.0
122.49093428482286,-16.36260072255139,3.5250920145932234,0.0,83.28952870983775,-10.758376734989486,1.0133728117818421,0.0,78.21657732557858,-11.558804863908044,1.9453487585308178,0.0,130.66766541311426,-40.56991753127287,-1.6264623887418566,0.0,84.65442348686621,-38.5818717725538,1.461751945451482,0.0,70.10922090227896,-45.82796802116168,3.939381411233752,0.0
122.50254427319106,-16.351814327899696,3.458333077046623,0.0,83.30389489340321,-10.761197487719546,1.0072801784305447,0.0,78.25063959152219,-11.539871454559028,1.9555895628497062,0.0,130.74880849603733,-40.55798869339171,-1.6633801030587367,0.0,84.63398090513971,-38.574221620520916,1.4260029071203544,0.0,70.84019213229527,-45.57530983254743,3.9871467946960095,0.0
122.52163481457913,-16.34056840775342,3.4103844551794698,0.0,83.31883666938104,-10.76238046617897,1.0021094599631226,0.0,78.28236807857614,-11.52424599472164,1.9591807397280494,0.0,130.82238978612176,-40.547078787605585,-1.703171423552483,0.0,84.60981741679934,-38.5707820290201,1.388973045740343,0.0,71.55493628427334,-45.321893263697035,4.026635410978178,0.0
122.5488712123595,-16.33180503189278,3.3810575468365656,0.0,83.33391510867362,-10.75894068802896,1.0001098196643383,0.0,78.30888640858734,-11.511853143340117,1.9560376390642862,0.0,130.88851619450656,-40.53900698162743,-1.743000553026846,0.0,84.5862133892731,-38.571573949734244,1.3507954209497939,0.0,72.2481078996452,-45.06164126825085,4.0573939141313495,0.0
122.58304153712533,-16.326519513223843,3.3674234766032125,0.0,83.34891924843213,-10.750150320451985,1.00247265305498,0.0,78.32819519448879,-11.50195557472815,1.9478285999913556,0.0,130.9488786004458,-40.53472313976767,-1.7805057477919206,0.0,84.5667655513425,-38.575709784757315,1.312603544573454,0.0,72.9163491659123,-44.78993296950976,4.079198500915956,0.0
122.62217407064041,-16.323830671029906,3.3651096639076705,0.0,83.36442035479756,-10.738026763136121,1.0089557518459777,0.0,78.33977901847491,-11.493591514559718,1.9374252087351387,0.0,131.005823130684,-40.53414858110087,-1.8141986091164384,0.0,84.55368822057119,-38.58177063156528,1.2767320478497197,0.0,73.55907651275375,-44.50459351559251,4.091888105359407,0.0
122.66442332334043,-16.321814044691852,3.3695904836769905,0.0,83.3822700575946,-10.726255354312137,1.018208069346997,0.0,78.34489876125399,-11.48595294353812,1.9280369050656212,0.0,131.06136149662518,-40.53640830736873,-1.8434156115902933,0.0,84.54778989305893,-38.58822085878698,1.2464955070468289,0.0,74.17817746876312,-44.20607396456299,4.095671332977192,0.0
122.70801749680079,-16.318482299646497,3.376864438448246,0.0,83.4058461117574,-10.717764306289013,1.0288522763513992,0.0,78.34627658704169,-11.478578489103423,1.922290209394573,0.0,131.11654642565645,-40.54033951689734,-1.8680241274886953,0.0,84.54877025195029,-38.59367957220411,1.2248863338448306,0.0,74.77681422260848,-43.896832842486425,4.091762374316636,0.0
122.75048706344602,-16.31243503659298,3.3834985612360597,0.0,83.43989579443294,-10.711886740852293,1.0410585188567563,0.0,78.34728977736303,-11.471388802761478,1.9215641622198625,0.0,131.17138515513975,-40.545034926428315,-1.8881196211189675,0.0,84.55523897325682,-38.5971201294491,1.212240821092875,0.0,75.35790602091386,-43.580170733910784,4.082914324473192,0.0
122.78806314275633,-16.30307189236201,3.38649563430179,0.0,83.48988523346266,-10.70234669221379,1.0580470438836347,0.0,78.35105082132031,-11.464631009943279,1.9257966171177774,0.0,131.22516996997294,-40.550178755215555,-1.9038332679720877,0.0,84.56493413059435,-38.59806046193267,1.2056195517930117,0.0,75.92290935775121,-43.2589944327442,4.073407083690286,0.0
122.81610071718417,-16.290548731497434,3.383453282515134,0.0,83.56089012538798,-10.677150033822144,1.0868070254241644,0.0,78.35969171239844,-11.458731902648777,1.933777298703216,0.0,131.2769440535206,-40.55605178315911,-1.9152577515309392,0.0,84.57559104559792,-38.596586780631654,1.2010075016125459,0.0,76.4712854248439,-42.935060136811195,4.068299940070652,0.0
122.83068672241883,-16.27566652571279,3.373129035701213,0.0,83.65627099029805,-10.620853772006885,1.1374899998171237,0.0,78.37397152153254,-11.45403183580528,1.9437540567829021,0.0,131.32585470035312,-40.56324434429578,-1.9224588575322255,0.0,84.58551053622891,-38.59320737445887,1.1952022933533293,0.0,77.00071200586586,-42.60902189062756,4.072118381180154,0.0
122.83071273299466,-16.259695288237044,3.356110849729591,0.0,83.77658838776203,-10.518742189350633,1.2214591286683607,0.0,78.39320475713075,-11.450462929746333,1.954079874251562,0.0,131.37129354420756,-40.57223429372423,-1.92552784460098,0.0,84.59355445782661,-38.58864680529441,1.1862234938736123,0.0,77.50782597162267,-42.28114963684992,4.087430094165246,0.0
122.81922536697282,-16.243998203981036,3.335085259284215,0.0,83.91929546509942,-10.361468306032839,1.3485873367928214,0.0,78.41549405312954,-11.447352503421868,1.963650602396097,0.0,131.41286154034785,-40.58300932054472,-1.9246152176026747,0.0,84.59906814841213,-38.5836038922058,1.1731929491656814,0.0,77.98916152875668,-41.9521659988974,4.113842088938977,0.0
122.80310190933484,-16.229414038921004,3.3143268649764046,0.0,84.07955524443067,-10.148127527892804,1.5247750470397339,0.0,78.43825391987468,-11.443525623377596,1.9720101189462653,0.0,131.4502640026613,-40.594858381499094,-1.9199047780344518,0.0,84.60192630215164,-38.578517573298825,1.1562085326638911,0.0,78.44197368620259,-41.62359677414295,4.1477760148153635,0.0
122.79092350173855,-16.2156512131865,3.298435916179878,0.0,84.25211204817404,-9.886056703506624,1.7506930057888415,0.0,78.4589570579957,-11.43771861753303,1.979167015835932,0.0,131.48324058917558,-40.6063936445828,-1.9115569617038446,0.0,84.60258368989307,-38.57344341595993,1.1362107808963717,0.0,78.8647437796974,-41.29740447597575,4.183045071406477,0.0
122.78994997349857,-16.201181055210277,3.2907791491098024,0.0,84.43367478308207,-9.587211298662416,2.0224458594305474,0.0,78.47592360681355,-11.429120956637213,1.9852929774170782,0.0,131.51158344394491,-40.61582306131,-1.8997091268332156,0.0,84.6019808059479,-38.56813071919509,1.1147242505171722,0.0,79.25729200247004,-40.97520144152489,4.211970488157927,0.0
122.80372034706147,-16.18394826254269,3.2923085846147107,0.0,84.62479912721989,-9.263048398717231,2.33408056657564,0.0,78.48887855238061,-11.417778472272543,1.9904987913465533,0.0,131.5352283637202,-40.62143539912205,-1.884596113644477,0.0,84.60124666171063,-38.56230561745527,1.0933985857790276,0.0,79.62052932250215,-40.657635151630345,4.22670301596513,0.0
122.8314913871353,-16.16263019351684,3.301323354066046,0.0,84.83001002630184,-8.920960385737885,2.680694097297473,0.0,78.49900964716937,-11.40464850513772,1.994803578582248,0.0,131.5543704517495,-40.62215754348876,-1.8667650709682153,0.0,84.60122103692824,-38.556053685500615,1.0733620134044948,0.0,79.95595193967876,-40.344434878872875,4.220522170880249,0.0
122.86962095514887,-16.137671248899707,3.314287824432599,0.0,85.05541056911699,-8.56446078588414,3.060079113171385,0.0,78.50841916150004,-11.391247840791317,1.998276724289271,0.0,131.56956012891348,-40.61795934032888,-1.8472698936257483,0.0,84.60190415270584,-38.55010508920477,1.0545563568602834,0.0,80.26502150485473,-40.03522458986473,4.188993237343093,0.0
122.91386339542346,-16.111396588780917,3.3272689721167517,0.0,85.30443389366488,-8.196865510640823,3.4713910566722443,0.0,78.51915359110608,-11.379027261558683,2.0012157826959687,0.0,131.58173151671298,-40.609912289838036,-1.827687525031795,0.0,84.60202601363066,-38.545833670392064,1.0353228211004826,0.0,80.54859282405639,-39.730783439944226,4.130845104271938,0.0
122.96111786671901,-16.08708996339559,3.3373062224413506,0.0,85.57396893016261,-7.825699436397703,3.9113018098203343,0.0,78.5322680443611,-11.368771710856143,2.0041923638313683,0.0,131.59210259206733,-40.59986715852631,-1.8098381123542353,0.0,84.59818236451322,-38.54524256915552,1.0112665083830894,0.0,80.8065549013971,-39.43416620273524,4.048348979278343,0.0
123.00970793751424,-16.067519963295247,3.343190733527104,0.0,85.85362163001706,-7.464317784552156,4.370196248510389,0.0,78.54741243680309,-11.360344926403378,2.0078834633815674,0.0,131.60191897735632,-40.58989615397103,-1.7952328736267056,0.0,84.58503952824981,-38.551600016711234,0.9773724229927439,0.0,81.03783437188065,-39.15107862370808,3.947000571747198,0.0
123.05840767681259,-16.05367242748055,3.345486266771463,0.0,86.12963267579093,-7.129080840517643,4.831340137627956,0.0,78.56312776803468,-11.3529057710593,2.0127685252426346,0.0,131.6121010211,-40.5817311984257,-1.7844587176538766,0.0,84.58621108029011,-38.55460796148669,0.9705896942935972,0.0,81.24083190882706,-38.889166626043156,3.834521041534982,0.0
123.10532925234907,-16.04431752877055,3.34592142291862,0.0,86.39236977649757,-6.833600521295718,5.273973253199321,0.0,78.57761959530909,-11.345430177902697,2.0188885437505686,0.0,131.6229397887842,-40.57639653748466,-1.7768166214773498,0.0,84.58672358242987,-38.55769776814929,0.9661030527311052,0.0,81.41419739597121,-38.65636378883578,3.7194636022958676,0.0
123.14771837385962,-16.036600842114787,3.3464435032849824,0.0,86.64391149989234,-6.583464057912812,5.67852572676809,0.0,78.58956046405913,-11.337210973951363,2.0258260361420195,0.0,131.63402243503222,-40.57412924171223,-1.7704818553523207,0.0,84.58717747108352,-38.55898337841813,0.9639761608107094,0.0,81.55767345437357,-38.458915123903296,3.6098160544256217,0.0
123.1827698877252,-16.027341700858848,3.348297733540642,0.0,86.90178687493783,-6.374143184425616,6.031049166360659,0.0,78.59857122531993,-11.328099205945101,2.0329114371971,0.0,131.64452694947417,-40.57455815686964,-1.7632518139206734,0.0,84.58813080464199,-38.55718492533654,0.9638709655859987,0.0,81.6726851170093,-38.2998419390706,3.5118662338674813,0.0
123.20866803532714,-16.014422512770924,3.3514932556349937,0.0,87.19680635018032,-6.1927579914923,6.325169179155234,0.0,78.60527078349911,-11.318466316358236,2.0395275451674184,0.0,131.65387148463267,-40.57701361108465,-1.753638477964909,0.0,84.58987706091298,-38.55198049923043,0.9651690272968239,0.0,81.76247197853255,-38.17834181781671,3.4294247352781113,0.0
123.22495109586154,-15.997670305448493,3.354880652205644,0.0,87.56574260480494,-6.022713569103514,6.561805270406661,0.0,78.61097338228029,-11.3089958835715,2.045348401766308,0.0,131.66245737081348,-40.580806325290304,-1.7417737758539182,0.0,84.59238089182566,-38.543886125149804,0.9671468820230089,0.0,81.83174752380944,-38.0901661951087,3.363453526748044,0.0
123.2319904563801,-15.978910726568094,3.3568090411608296,0.0,88.0416491019488,-5.849383628384761,6.747815203450463,0.0,78.6172081802373,-11.300410601786709,2.0504016379620644,0.0,131.67210015149942,-40.58536775553022,-1.7295975842411284,0.0,84.59535229798486,-38.533907253331726,0.9691129347986536,0.0,81.88600822216384,-38.0286828571809,3.3121922142676947,0.0
123.2302304463106,-15.961278192660092,3.356064206653217,0.0,88.64514008961132,-5.664725522232121,6.894355172528956,0.0,78.62526094486697,-11.293208759066292,2.0549435210402276,0.0,131.68587742191053,-40.590257880967386,-1.720231250723451,0.0,84.59840116725233,-38.52326153733169,0.9704737723254819,0.0,81.93068475504505,-37.986221693062205,3.2718362321030288,0.0
123.22015002836774,-15.948183641604512,3.3526135548728053,0.0,89.3793750413596,-5.469063142336077,7.015010624039898,0.0,78.6358939183612,-11.287484869950454,2.0592328176366337,0.0,131.70740684382955,-40.59512581944899,-1.7169270366348837,0.0,84.60121426860661,-38.51327340348973,0.9707562569037229,0.0,81.97036362078187,-37.9553586461324,3.2376360296727036,0.0
123.20336582997513,-15.942379786746386,3.3477115605107706,0.0,90.23029111673662,-5.269484551835896,7.123521168168957,0.0,78.64929242345879,-11.282896340275379,2.063333532991855,0.0,131.7397656970327,-40.59969224894101,-1.7220598651059813,0.0,84.60370300462718,-38.50530453440203,0.9696327452028193,0.0,82.00829476710933,-37.92990949675788,3.2050805041763404,0.0
123.18423425603385,-15.945349423798628,3.3432403882253823,0.0,91.17191213638677,-5.07599864740215,7.231298754455199,0.0,78.66516422623769,-11.278772988647587,2.067053087103794,0.0,131.78436771934992,-40.60377065132681,-1.7364101551093203,0.0,84.60608351299813,-38.50051686027607,0.9669694798207704,0.0,82.04630299582121,-37.90551370663461,3.1707867602532662,0.0
123.17055967172982,-15.957017881771375,3.34063439614577,0.0,92.17461525732917,-4.897719322438201,7.345350226130094,0.0,78.68286237204616,-11.274298476358375,2.0700508124775663,0.0,131.8401865646688,-40.60733581024387,-1.7588436873046653,0.0,84.60887051543631,-38.4994111655711,0.9628701664765167,0.0,82.08506203766846,-37.879775758314054,3.132887446945899,0.0
123.17227457708161,-15.975744338155206,3.340032526811001,0.0,93.21300985924228,-4.741016827268453,7.467160657219076,0.0,78.70147001195471,-11.268696589788979,2.072065140100161,0.0,131.90368952709798,-40.6106573750475,-1.7864829261833446,0.0,84.61277927027857,-38.501332947310516,0.9576598179987457,0.0,82.12455221442373,-37.85200761492521,3.0909459379785815,0.0
123.1981394107135,-15.998636908443373,3.3401917828378185,0.0,94.27046954092647,-4.610055732820946,7.5926870351667075,0.0,78.71992342334244,-11.261414504247822,2.0731432687075984,0.0,131.96962381583043,-40.614462624401774,-1.8153963206658297,0.0,84.61853840445897,-38.50429351574833,0.9517751322999697,0.0,82.16447757921394,-37.822686670043105,3.0455663210593045,0.0
123.25177609013058,-16.022276084024963,3.339211283664179,0.0,95.33918784922719,-4.5086230605054425,7.713289855149866,0.0,78.73730337245003,-11.252314467838142,2.0737381460143194,0.0,132.03242635212825,-40.61998953545164,-1.8416242446836044,0.0,84.62664284037558,-38.505368751051,0.9455952580104547,0.0,82.20448776990315,-37.7928020074611,2.9978761234456375,0.0
123.32889788708133,-16.043777603215233,3.3355654583595573,0.0,96.41677501320022,-4.4416376054563536,7.81735840280114,0.0,78.75329693214277,-11.241828067437712,2.0745798018021393,0.0,132.08771982391588,-40.62877736708768,-1.862170102922212,0.0,84.63712400817882,-38.50164328411558,0.9393092929625748,0.0,82.2441945661738,-37.763283189991775,2.9490420199434304,0.0
123.41723990742157,-16.061843042009365,3.3287720645142596,0.0,97.50172723481832,-4.415301293654563,7.892394466962712,0.0,78.76860871869653,-11.230971037254614,2.076341469716523,0.0,132.1333195416546,-40.64220064640615,-1.875599963315171,0.0,84.64944463482254,-38.49136188351014,0.93290728303832,0.0,82.28310272126397,-37.73466605926664,2.8999685928243384,0.0
123.49965932670685,-16.077293701029635,3.3193944465121454,0.0,98.59011269019014,-4.4358853532824,7.9272373770311155,0.0,78.78498337323053,-11.221142936721426,2.079259291522016,0.0,132.1694224621885,-40.66096291586577,-1.8820998345809041,0.0,84.66259378435184,-38.47481018172994,0.9263018737596607,0.0,82.32060172896162,-37.70705789784503,2.851265359455157,0.0
123.55953754392058,-16.092752977017387,3.3086219822008616,0.0,99.67477844266578,-4.507949465346556,7.913946704786467,0.0,78.80462666157618,-11.2137282429476,2.0829246816977403,0.0,132.19801992275399,-40.684825472411475,-1.8830797830865187,0.0,84.6753700470633,-38.45451631597092,0.9195062834643863,0.0,82.35608134884468,-37.680351118014,2.8034296215650745,0.0
123.58652835680864,-16.11154474365084,3.2978523290926347,0.0,100.74693011067222,-4.63301809345983,7.848736381426069,0.0,78.8291561636223,-11.209609109163157,2.0863914135355035,0.0,132.22187462588235,-40.7127027949419,-1.88056075711987,0.0,84.68674940375564,-38.43460421409148,0.9127590603793827,0.0,82.38911669966502,-37.65453369829344,2.75707227176639,0.0
123.58038964656605,-16.136259596753487,3.2884458547360502,0.0,101.79879628481464,-4.8094113801334455,7.731449480272144,0.0,78.8585869344308,-11.20877081724932,2.0885650792851322,0.0,132.2435086789394,-40.74304840637604,-1.876587545690807,0.0,84.69619106430713,-38.41947329172173,0.9065010071137412,0.0,82.4196092232152,-37.62990261407489,2.7130061402502914,0.0
123.55127453137973,-16.16761010426483,3.281559980768332,0.0,102.82577067428444,-5.03332519399479,7.563510077016559,0.0,78.89097250165689,-11.210213841522465,2.08867463134046,0.0,132.26455704986608,-40.77433533873153,-1.8728092173376325,0.0,84.7037584372344,-38.41230865728304,0.9011780755490424,0.0,82.4478006488884,-37.60704572340855,2.6721223187857266,0.0
123.51623584954991,-16.204064749556686,3.2779991733503913,0.0,103.82692798776746,-5.3007089167672135,7.345004271694529,0.0,78.92300063259518,-11.21231861908998,2.0865764313951694,0.0,132.28563377159892,-40.80543604261013,-1.8702516211616427,0.0,84.71001149203119,-38.414059828273366,0.8969589009967933,0.0,82.47416050126841,-37.58659672004257,2.6351179411585015,0.0
123.49331032972485,-16.24238417026744,3.278147776281031,0.0,104.80368645070713,-5.609197960071629,7.07216046406683,0.0,78.95127656704437,-11.213594213366335,2.082751793697403,0.0,132.3066313410627,-40.835778377749065,-1.8692603924095774,0.0,84.71572851446761,-38.4233255918345,0.8935424647520307,0.0,82.49921450486154,-37.56890192814088,2.6022215195012226,0.0
123.49559907660432,-16.278808540124185,3.281995065604841,0.0,105.75714238924913,-5.959322449417307,6.736630907548773,0.0,78.97364528148583,-11.213459696413526,2.0780480651478133,0.0,132.32720211718365,-40.865260624954495,-1.8696026389085514,0.0,84.72159163174167,-38.437104116721024,0.8901905499867855,0.0,82.52338997134933,-37.55379096480041,2.573054735775214,0.0
123.52765068606351,-16.31044109214944,3.2891023034339373,0.0,106.68498551147728,-6.354326846066143,6.327519802653468,0.0,78.98994179055542,-11.212569415722436,2.0733416251842094,0.0,132.34713022359128,-40.89402022294495,-1.8707053416107815,0.0,84.72797764117313,-38.45190901396564,0.8859643554640471,0.0,82.54692003917725,-37.54059196811415,2.546697373798777,0.0
123.58532016473877,-16.336308493059516,3.298404043040531,0.0,107.5789747513878,-6.798138487393692,5.836206553751724,0.0,79.00188944714759,-11.212395430313267,2.0692907725370517,0.0,132.36642622681387,-40.922205491285105,-1.8719588227968025,0.0,84.73493186947633,-38.46465304610559,0.8800198284503917,0.0,82.56981396070539,-37.528398778803115,2.5219332805250705,0.0
123.65871161073294,-16.35761491302465,3.30800010787436,0.0,108.42393200204575,-7.291421372235888,5.262858703407876,0.0,79.0122530593627,-11.214264434593403,2.066236773016465,0.0,132.38518204516947,-40.94985354955176,-1.8729726084664957,0.0,84.74231048682537,-38.473015353497985,0.8718281147143152,0.0,82.5918872829404,-37.5164523974234,2.4975885434815996,0.0
123.73647552240108,-16.376987860400998,3.3152585767888265,0.0,109.19914750159911,-7.826466475352746,4.622332282761072,0.0,79.02365290291242,-11.218454777820604,2.064211332813212,0.0,132.40336101644078,-40.976876833717704,-1.8736854296521468,0.0,84.74999532279998,-38.47543817613142,0.8612806849955597,0.0,82.61284277324559,-37.50443855790033,2.4728449984313503,0.0
123.8093673948522,-16.39706652379477,3.317377960268127,0.0,109.88261793115312,-8.382939922035028,3.946446431326942,0.0,79.03757926491726,-11.223940407313249,2.062990875415897,0.0,132.42069086148086,-41.00309064292075,-1.8743119240470634,0.0,84.7580418076241,-38.4710981328208,0.8486967111890884,0.0,82.63238203512147,-37.49256872580401,2.447426510221929,0.0
123.87187137962712,-16.419220562151025,3.3122041365841532,0.0,110.45722156943712,-8.927521743187075,3.2803356579049137,0.0,79.0540394056155,-11.228921973715956,2.062177936951045,0.0,132.4367217545436,-41.02821124568035,-1.8752076544673226,0.0,84.76665653424391,-38.46006679849031,0.8347483700562321,0.0,82.6503102200187,-37.481439900021336,2.421608903414059,0.0
123.9220680492971,-16.443088972868033,3.2989136097200493,0.0,110.91628407510176,-9.419639336274276,2.673202208104188,0.0,79.07192344253089,-11.23176409252212,2.0613114970544277,0.0,132.45099798291238,-41.05180020919364,-1.8767596140438734,0.0,84.77602910240117,-38.44357310842466,0.8203120406006033,0.0,82.66659135925022,-37.47175835741477,2.396069712079928,0.0
123.96067146704203,-16.467064322967307,3.278295238425132,0.0,111.26570124470078,-9.822107448996618,2.1669119754759496,0.0,79.08978550744358,-11.231753270633355,2.059987025375296,0.0,132.46322811657845,-41.07318768282108,-1.879332906779199,0.0,84.78617679748125,-38.42405182249525,0.8062641844828402,0.0,82.68133180754671,-37.464031178194254,2.371635355736,0.0
123.99001539004817,-16.489277128273255,3.2526110233037304,0.0,111.5217637331954,-10.111856628353653,1.7869152992619313,0.0,79.10657402632005,-11.229297101752714,2.057956740033415,0.0,132.47335094856643,-41.091437545252454,-1.8832177758015192,0.0,84.79696388815789,-38.40469842332678,0.7932542623640373,0.0,82.69470437495174,-37.458317796035594,2.349002303567353,0.0
124.01326038286346,-16.508449626103232,3.225155115364009,0.0,111.70637491080515,-10.285627354109499,1.5382826432361565,0.0,79.12198799113067,-11.225561147869033,2.0552071834490437,0.0,132.4814740318503,-41.105403939005654,-1.888522176962189,0.0,84.80829790911392,-38.38856628017192,0.7815109821744155,0.0,82.70685327093622,-37.45412148200403,2.328525221786535,0.0
124.03375215727687,-16.524229307628396,3.199603360422497,0.0,111.84215185637402,-10.358731228051244,1.4072077928289453,0.0,79.13640467263878,-11.22179854479148,2.052022366732153,0.0,132.48775167387262,-41.113881557445644,-1.895022508396485,0.0,84.82031962027433,-38.377595099185235,0.7707788012819528,0.0,82.71782312008656,-37.45046938425577,2.310158130860648,0.0
124.05442469289228,-16.537007448738834,3.1791900705756078,0.0,111.94892025882375,-10.35855260119845,1.3667257000457926,0.0,79.15051213453356,-11.218689748929926,2.049004329295924,0.0,132.49230452524387,-41.11579651550369,-1.9020372604052067,0.0,84.83336690609039,-38.37202605353988,0.7604808831896221,0.0,82.72753800817425,-37.44616568793553,2.293567215700108,0.0
124.07726099851651,-16.547470620001814,3.16581611175158,0.0,112.04185061655423,-10.316070169534285,1.384525108682828,0.0,79.16484587197881,-11.215960324329426,2.0469899095944033,0.0,132.49524307943585,-41.110357802132874,-1.9083946578319022,0.0,84.84764393160317,-38.3704056131881,0.7501026118672964,0.0,82.73583720863769,-37.44013287671346,2.278338106531441,0.0
124.10291955790218,-16.556143388806984,3.1593686694223795,0.0,112.13083413259693,-10.258434572674876,1.4304089239458602,0.0,79.17943429037761,-11.212444855739745,2.046833301368739,0.0,132.49677153329097,-41.09712048034206,-1.9125383276289192,0.0,84.86275222457321,-38.3701002568902,0.7396288586423783,0.0,82.74255974273076,-37.431718294956895,2.264160464244341,0.0
124.1306585490187,-16.563079134105735,3.1576346296112714,0.0,112.22066671238663,-10.204459111770628,1.4813972054647024,0.0,79.19371437533245,-11.206599225293322,2.049111081788986,0.0,132.4972751212886,-41.075983559206165,-1.912768703778358,0.0,84.87740080580676,-38.3681360406259,0.7297629085362001,0.0,82.74765144881802,-37.42085403981843,2.2509144340054004,0.0
124.15865895402611,-16.567766454721376,3.1570384754809737,0.0,112.31182286461672,-10.16347659160559,1.5236098474591753,0.0,79.20675273571786,-11.19724659033453,2.0538781272549365,0.0,132.49729416339966,-41.047194321741756,-1.9075752150291763,0.0,84.88961302500577,-38.3621645469825,0.7216962901377499,0.0,82.75124849661087,-37.40801710410684,2.238650639515349,0.0
124.18471957469572,-16.569259930085437,3.1540410958952663,0.0,112.40169223220198,-10.136894770259529,1.5513530251997043,0.0,79.21764156779854,-11.184193002788044,2.060589543113837,0.0,132.49737328978216,-41.01141075414511,-1.8959978990317339,0.0,84.89754451640411,-38.35137248317823,0.7164132628345374,0.0,82.75369061666576,-37.394021834529816,2.2274917624026234,0.0
124.20707749810832,-16.566491594182896,3.146624887719746,0.0,112.48606714171731,-10.121196421969852,1.564654156028114,0.0,79.22585524703447,-11.168396216337761,2.0682195211977294,0.0,132.49787173040713,-40.96980980356199,-1.8779487784037094,0.0,84.90068742853215,-38.337214345934385,0.7138121249914224,0.0,82.7554438351164,-37.3797434889814,2.2174907745422345,0.0
124.22497071507132,-16.558679887888456,3.1351532211067337,0.0,112.56058728291391,-10.111089269173853,1.566574715825844,0.0,79.23140750719695,-11.151616060874591,2.0755334845796956,0.0,132.49884185323376,-40.924180781744084,-1.854395432367582,0.0,84.90094714583603,-38.32386754133689,0.7121038717573214,0.0,82.75695113286051,-37.365887931945466,2.2084955449054178,0.0
124.23868006537975,-16.545724673499723,3.122163779106586,0.0,112.62187718726943,-10.101900891767432,1.5611429623847783,0.0,79.23477664021915,-11.13576720080832,2.0814374650182685,0.0,132.50003098499496,-40.876930333923056,-1.8273099811270264,0.0,84.9029972092346,-38.318214795396145,0.7078852575626104,0.0,82.75846453659247,-37.35289466841383,2.200097882855543,0.0
124.24910864111165,-16.52843596867971,3.1112092831131477,0.0,112.66822968896639,-10.090875667012739,1.5521234496046894,0.0,79.23667458237881,-11.12233662757297,2.0853002969673966,0.0,132.5010003823566,-40.83093665244243,-1.7993712700206377,0.0,84.91348367110287,-38.32912381721588,0.6970724444183976,0.0,82.75993340029362,-37.341005573628095,2.1917336383182136,0.0
124.25720854483677,-16.508440838415424,3.105363025211366,0.0,112.69982798680866,-10.077454326986,1.5424545773193898,0.0,79.23778629788373,-11.112120433933661,2.0871127539886967,0.0,132.50131452906822,-40.789227677192315,-1.7735039900017107,0.0,84.9390676191304,-38.3660071174316,0.6766179529416707,0.0,82.76101301350766,-37.3304552573278,2.182909917196387,0.0
124.26352732705853,-16.487749422579906,3.106128716337013,0.0,112.71858778279238,-10.062802278815427,1.5341066239960153,0.0,79.23860171722353,-11.1052826842508,2.0873816623555665,0.0,132.50073030161116,-40.75452179286774,-1.7523575738910289,0.0,84.98394260563407,-38.43695031677847,0.646511536285761,0.0,82.76120496328141,-37.32166287121085,2.1734269497566583,0.0
124.26793281854235,-16.468187317157412,3.1131688335699383,0.0,112.72770186174512,-10.048921939902254,1.5281690208152252,0.0,79.23940907573609,-11.101563767297401,2.086799686556148,0.0,132.4993112720622,-40.72873858337929,-1.73781380502386,0.0,85.04804212475345,-38.54678189587085,0.6110140087280538,0.0,82.76007212799064,-37.31528224123021,2.163446153375393,0.0
124.26951573222898,-16.450999782719432,3.1247601054508074,0.0,112.7309377326904,-10.03770956448343,1.525016711228881,0.0,79.24042300307306,-11.100468839277415,2.085889582119826,0.0,132.49741541656013,-40.71263033573813,-1.7306301397153216,0.0,85.12706189612184,-38.69534986029109,0.577967735697329,0.0,82.75743276891829,-37.31203241346618,2.153356905032947,0.0
124.26677949354135,-16.436790280704898,3.1385711559425946,0.0,112.73176566797588,-10.030256878218758,1.5244237096517406,0.0,79.24192680964882,-11.101365093294042,2.084837952060214,0.0,132.49555948831795,-40.70567245279144,-1.730337566734704,0.0,85.21442297878602,-38.87632623860287,0.5559330979458688,0.0,82.75344995448773,-37.31235280422036,2.143526069316337,0.0
124.25816545011902,-16.425708752189166,3.1523889606538855,0.0,112.73249261555254,-10.026566083667209,1.525550588863318,0.0,79.24428926646523,-11.10350194094026,2.0835867687817426,0.0,132.4942304891191,-40.70627114888828,-1.735451568517508,0.0,85.304073522607,-39.077175441876506,0.5503637765180391,0.0,82.74858003553128,-37.31603150368894,2.1340839386486223,0.0
124.24270359426652,-16.41766668610161,3.164618441796268,0.0,112.73367021315511,-10.02571554604046,1.5268550472275955,0.0,79.24780255141648,-11.106013835094718,2.0820874691961073,0.0,132.4937441231073,-40.712231273062876,-1.7439353968402536,0.0,85.3926065641963,-39.2810459580495,0.5608656960313425,0.0,82.74340405673749,-37.321984866634885,2.124877543408246,0.0
124.22049445666178,-16.412393012751796,3.1744957919162555,0.0,112.734039853543,-10.026388281448178,1.5261022264758335,0.0,79.25242641616009,-11.107970683575887,2.080560472376966,0.0,132.49421213122733,-40.72133611798093,-1.7537435275125315,0.0,85.4798603469922,-39.470762215289064,0.5811467339755625,0.0,82.73841788322774,-37.32831665417425,2.11562079019739,0.0
124.1928530834935,-16.409270385668524,3.1819917069598933,0.0,112.73113838379086,-10.027531654109616,1.5206865077675573,0.0,79.25761802883801,-11.108500177161858,2.0796212506736627,0.0,132.49560853074397,-40.73185991447377,-1.7632343562251815,0.0,85.5682607687677,-39.63397993642984,0.6019338470970004,0.0,82.73387828997357,-37.33269284678025,2.1061408345329724,0.0
124.16199546188147,-16.407018887822183,3.1874744692953296,0.0,112.72245601200729,-10.028815087939817,1.5083547218206252,0.0,79.26240633123635,-11.106947506666254,2.080181311923825,0.0,132.4978781318333,-40.742856518881375,-1.7713218124898251,0.0,85.66174154551628,-39.76780109828145,0.6157477987167521,0.0,82.72977861055429,-37.332968321848114,2.096548401321707,0.0
124.13024299502604,-16.40340492541981,3.19132373283127,0.0,112.70678938468109,-10.03061907196534,1.4881566538346842,0.0,79.26573230089411,-11.103011406935362,2.0831154606505056,0.0,132.5010274340385,-40.754138566698046,-1.777404413367373,0.0,85.76489133326432,-39.881313038956186,0.6216493950235442,0.0,82.72596399990005,-37.327898389974045,2.0872090680557296,0.0
124.09913715314623,-16.395220629555208,3.193681043672237,0.0,112.68525533118721,-10.033559175126307,1.4611761118625335,0.0,79.26690521249442,-11.096817761538047,2.088807574760029,0.0,132.50515875027793,-40.765979446286664,-1.781229504743921,0.0,85.88249919688191,-39.99525021960361,0.6280978162166644,0.0,82.72232245824486,-37.31767628511611,2.078532995409436,0.0
124.06920714180606,-16.378744061622285,3.1943909120781964,0.0,112.66145104922862,-10.037855750697222,1.4305518092404093,0.0,79.26594695505841,-11.08893095079788,2.0967860349721885,0.0,132.5104410547713,-40.77869141403134,-1.7828183498879842,0.0,86.0193904653106,-40.138590025443285,0.6527099735971795,0.0,82.7189471961213,-37.30402575468458,2.070722780970973,0.0
124.04079642854713,-16.35073463592389,3.1930792627164486,0.0,112.64056624613873,-10.042953050694464,1.4006229060894189,0.0,79.26367407693382,-11.080317121983992,2.105661252891517,0.0,132.51704495837615,-40.79227852070511,-1.7824601016909103,0.0,86.18038305496545,-40.3422718407442,0.7186854274424013,0.0,82.7161853154576,-37.289718345845415,2.0636316427664116,0.0
124.01548567317772,-16.309784859735466,3.1893128896254623,0.0,112.62776966641462,-10.047595266787427,1.3755462826783607,0.0,79.2615219879887,-11.072251868953549,2.1134563541295766,0.0,132.52507893905172,-40.806303061416216,-1.7807114218147753,0.0,86.37012124976019,-40.630818352398265,0.8486552587296865,0.0,82.71455373645829,-37.27765274846356,2.0568021518130024,0.0
123.9970352172879,-16.25759534247075,3.18282256333195,0.0,112.62657637853576,-10.050258777619051,1.3580381499842211,0.0,79.26120991160029,-11.066136679461358,2.118227370191363,0.0,132.5345463159525,-40.81998829450362,-1.7783411150408472,0.0,86.59243868299859,-41.01381523718538,1.057509289057733,0.0,82.71457534217237,-37.26987959164242,2.049661227547565,0.0
123.99095135426187,-16.19955304888363,3.1737741024048205,0.0,112.63788261181406,-10.049672807238837,1.348774877724809,0.0,79.26434001954469,-11.063200177376583,2.1187124962698523,0.0,132.54532711728913,-40.83247877970209,-1.7761827153390826,0.0,86.84902128545474,-41.48054921217462,1.3463509885069476,0.0,82.71662368826664,-37.267004215942706,2.0417829006468597,0.0
124.00266982708267,-16.144050095801923,3.1630083634013477,0.0,112.65998784598149,-10.045230253637165,1.3465841353361938,0.0,79.27199708849241,-11.064127381393105,2.1147345693600172,0.0,132.557188384668,-40.84312959758579,-1.7748964953887363,0.0,87.13771913383987,-42.00117439406762,1.7000541925575918,0.0,82.72084125672701,-37.268202525191676,2.033095506040537,0.0
124.0353253075037,-16.100425514319856,3.1520839372826686,0.0,112.68948409331493,-10.037245897645743,1.349175767399423,0.0,79.2844277914909,-11.068740471306283,2.107211228433023,0.0,132.56982630438804,-40.85169957766522,-1.7747189683913458,0.0,87.45165954151908,-42.535254837638156,2.0903271578068683,0.0,82.7271357209661,-37.2717711838113,2.0239212540528175,0.0
124.08835848556745,-16.076094271312343,3.142966260957426,0.0,112.72259428343328,-10.02704001623031,1.3540200871259014,0.0,79.30090251604544,-11.075885253526478,2.097810144918361,0.0,132.58293671281498,-40.85837444448,-1.7753364466295771,0.0,87.78044083443096,-43.044284144139006,2.4839635784275673,0.0,82.73521479455908,-37.27590015106252,2.014813409715643,0.0
124.15756515549202,-16.073938863237107,3.137389942771751,0.0,112.7564482602078,-10.01671333877722,1.3590802889310627,0.0,79.31983967137138,-11.083629613037575,2.0884213064502735,0.0,132.59629581365792,-40.86363054639797,-1.7759642081776832,0.0,88.11345321629808,-43.502198262860816,2.85284401966085,0.0,82.7446252420455,-37.279314036114876,2.006261644182546,0.0
124.23624536484138,-16.09108463727391,3.1361627761785744,0.0,112.78986485497472,-10.008482619745324,1.3632731248270407,0.0,79.33919337045776,-11.089764354765046,2.080654987079825,0.0,132.60981794355774,-40.868027856496816,-1.7755807066365108,0.0,88.44366977486732,-43.899536230141976,3.1809018987887887,0.0,82.75479448399908,-37.281556830610775,1.9983974829235756,0.0
124.31670360007176,-16.119712343700435,3.138777152127167,0.0,112.82338770710201,-10.003731106883428,1.3666035326044401,0.0,79.35700764662188,-11.092457566219853,2.0755149570738887,0.0,132.62356915263484,-40.872037150135625,-1.773210086901944,0.0,88.7698495093918,-44.24114343835803,3.465250088408127,0.0,82.7650919944389,-37.28289034264543,1.9908324688436831,0.0
124.39164113481392,-16.149683778471314,3.143563145908889,0.0,112.85854770366804,-10.002295804788483,1.369908169992149,0.0,79.37196780236467,-11.090825935800815,2.0732834761427057,0.0,132.6377484729768,-40.87596024679281,-1.7681808280986697,0.0,89.09630435060406,-44.540356821320934,3.7121973522508602,0.0,82.77491937034995,-37.283938973262835,1.9827255144619294,0.0
124.45541183742434,-16.171866858055562,3.1483446243907647,0.0,112.89659255709824,-10.002549442395122,1.3742081261246906,0.0,79.38376159347357,-11.085206784293295,2.073556630314597,0.0,132.65265575671546,-40.87994994289562,-1.760291867877033,0.0,89.43868405380105,-44.80104100088934,3.921997099864635,0.0,82.78382001039168,-37.28528926444353,1.973089984975033,0.0
124.5051600931843,-16.18076806592583,3.1513329781927215,0.0,112.93719162095444,-10.00237698794324,1.3798856145428235,0.0,79.39311485578312,-11.077033544859663,2.0753530860859755,0.0,132.66864363218508,-40.88410490351584,-1.749810426463874,0.0,89.79434569603738,-45.054214215753035,4.118061474594611,0.0,82.79158427935802,-37.28723244411622,1.961220636628875,0.0
124.54162497491389,-16.175604406353486,3.1519597836914652,0.0,112.97774698148417,-10.00051808394751,1.3861013815508905,0.0,79.40148395068493,-11.068376712393823,2.077291074302831,0.0,132.68604470785056,-40.888593303250275,-1.7373112467407665,0.0,90.17231553305128,-45.30509710063562,4.296568927456495,0.0,82.79831049060661,-37.28973873927486,1.9470333805523037,0.0
124.5693267090079,-16.15977454880105,3.151470503565548,0.0,113.01377187757281,-9.99745791166174,1.390824468074097,0.0,79.41052838683183,-11.061334721174212,2.0778879705201714,0.0,132.70508401300768,-40.893751400937866,-1.7234871702615617,0.0,90.57786684272283,-45.55609878622093,4.454306569954238,0.0,82.80437319186588,-37.29262041489284,1.9311428791746046,0.0
124.59607092982898,-16.13924898015497,3.1532092010531088,0.0,113.04033107406288,-9.995323412944662,1.3915356064443127,0.0,79.42157305024598,-11.057480751322892,2.075973748490954,0.0,132.72580391982902,-40.900117974485134,-1.7090721010099177,0.0,91.01303043136076,-45.80564926956619,4.586217198346189,0.0,82.81027542123881,-37.29574895093258,1.9146291281514412,0.0
124.63192915863567,-16.120539678264244,3.1625553527384955,0.0,113.05397841892635,-9.996851692909907,1.3863045817567823,0.0,79.43525245676537,-11.057500629451175,2.0710654711120835,0.0,132.74802602110233,-40.908383883801164,-1.6948925647990354,0.0,91.47683275531122,-46.05034114709717,4.6877087712057675,0.0,82.8164297542577,-37.29919117845558,1.8985875451318321,0.0
124.68787286352195,-16.108756997773142,3.1865060619632537,0.0,113.05430117542319,-10.003988979050575,1.3747401514816406,0.0,79.45144011173488,-11.061069929507083,2.0634957064064867,0.0,132.77135762070185,-40.91923683142191,-1.6819196817984832,0.0,91.96641048473863,-46.286929037328136,4.7559669635070625,0.0,82.82297959288539,-37.30320085950874,1.8836588788382613,0.0
124.77416451853838,-16.10601312069091,3.232949433345615,0.0,113.04432451157408,-10.016767556826842,1.3583492550680152,0.0,79.46945980637607,-11.066963875578296,2.054211695938193,0.0,132.79523858575917,-40.933085685134664,-1.6711739939822117,0.0,92.47862612548646,-46.51350651537768,4.789930087839242,0.0,82.82977054440197,-37.30808367944702,1.8697540642449528,0.0
124.89864629798434,-16.110295465219185,3.309665606612871,0.0,113.02959652756502,-10.032876325777323,1.3401050390334959,0.0,79.48847226222105,-11.073359143399637,2.044368160771967,0.0,132.8190257768475,-40.94970664282795,-1.663469574911371,0.0,93.01144125366403,-46.72974717815202,4.789626252706941,0.0,82.83649499640268,-37.31400710170956,1.8560915366044899,0.0
125.06522786879998,-16.114973212695332,3.4230410714892123,0.0,113.01641773544665,-10.048046063649032,1.323399565707648,0.0,79.50784936240906,-11.07825818272192,2.034952984623054,0.0,132.84211170218023,-40.96796699886057,-1.6591400412160286,0.0,93.56449585065103,-46.9362756140039,4.755420091245485,0.0,82.84292066706915,-37.32085100373006,1.8414788147452956,0.0
125.27299510989876,-16.10915080866,3.576567255224674,0.0,113.00998797257411,-10.05714649428936,1.3108497991303771,0.0,79.52734558028233,-11.079954279507982,2.02662172182794,0.0,132.8640605573138,-40.98585950714832,-1.657919377027314,0.0,94.13879751410677,-47.13355303070306,4.687488903655124,0.0,82.8490610571895,-37.32818627942591,1.8246383708514777,0.0
125.51633113450849,-16.078977743335894,3.7694943497784674,0.0,113.01311163564614,-10.055701673951319,1.3034665765667874,0.0,79.54699105503323,-11.077458513632255,2.0197375662831902,0.0,132.8847308795424,-41.001005577328215,-1.6590440265765878,0.0,94.73587707898518,-47.320893505091,4.585709615433581,0.0,82.85518626032355,-37.33541520734427,1.80441519895445,0.0
125.78627236857096,-16.009811045727453,3.9962937249394486,0.0,113.02577243475939,-10.04135253621848,1.3004755619595336,0.0,79.56681269952274,-11.070804928598186,2.0144748211268553,0.0,132.90434157583795,-41.0115440181639,-1.661492530824603,0.0,95.35692858582152,-47.496124383893026,4.450001473771631,0.0,82.86166216987543,-37.342028038178846,1.7797976336673003,0.0
126.07302388694562,-15.888929889584285,4.247505792036005,0.0,113.04558852473909,-10.014737401015278,1.2997608636738782,0.0,79.58661443351319,-11.061133373481896,2.010852012140692,0.0,132.923427781695,-41.017037051627135,-1.664192760886186,0.0,96.00227879654365,-47.65603419087746,4.281029442660168,0.0,82.86864982629277,-37.34788374379671,1.7495141374646739,0.0
126.36914347643702,-15.708328845213597,4.512058125053613,0.0,113.06890834649444,-9.979436625945198,1.2986865058054509,0.0,79.60601029569813,-11.050464812056056,2.0086780376554874,0.0,132.94266386684475,-41.0188852747355,-1.6660944566297822,0.0,96.67126172840301,-47.7973690826619,4.0810441822448595,0.0,82.87527418002641,-37.35359058847999,1.7084346869145648,0.0
126.67249657350403,-15.46694928859727,4.78048713909781,0.0,113.09211154657429,-9.940996450895337,1.29499659789942,0.0,79.62471033251879,-11.041174280289379,2.0074901039648747,0.0,132.9626094608952,-41.01990666713011,-1.6661821424559324,0.0,97.36241897912545,-47.91795208870015,3.854543739382356,0.0,82.88159443565962,-37.36027233531474,1.6660992343305878,0.0
126.98784227622257,-15.171654959996483,5.047961815643204,0.0,113.11263439146083,-9.905425803931635,1.2875258725601046,0.0,79.64284636106859,-11.035298111109741,2.0065577321469714,0.0,132.98348874172538,-41.02319138092291,-1.6635841249964045,0.0,98.07390853920343,-48.01751441061784,3.6084355017336947,0.0,82.89316537190281,-37.36601089952363,1.6510370399277488,0.0
127.32596778864168,-14.83649325081329,5.315772853554076,0.0,113.1294053844859,-9.87774951384406,1.276515410179428,0.0,79.66107277350847,-11.033896589479625,2.0049723579544683,0.0,133.00510221451114,-41.03080349657318,-1.6578267949685994,0.0,98.80398362102459,-48.09791682675964,3.3514907959542173,0.0,82.90596971841404,-37.37236827701515,1.6390065391195776,0.0
127.69988485702343,-14.480350350704697,5.590193232500708,0.0,113.14267876517482,-9.861107115537832,1.2634383322298657,0.0,79.68034138213059,-11.036691232268435,2.0018165893694952,0.0,133.02691854173972,-41.043000987590304,-1.649131113572654,0.0,99.55134866181486,-48.16255473143754,3.093121951016978,0.0,82.91955615210522,-37.37945469845201,1.6296239871806115,0.0
128.1189394963054,-14.123714241424024,5.878502649587807,0.0,113.15352460300191,-9.856555173380155,1.2504017565445213,0.0,79.70148292074364,-11.042132448869046,1.9964002262070952,0.0,133.0483154314969,-41.05833040012358,-1.6385855347319414,0.0,100.31513507654556,-48.21502055113631,2.8418101926643224,0.0,82.93338969361936,-37.38707808356098,1.6216546985365206,0.0
128.5833218444774,-13.78538453750765,6.183419942475011,0.0,113.16332783717763,-9.863341159237214,1.239362285668733,0.0,79.72482973930664,-11.0479332237897,1.9885048270462669,0.0,133.06884941859838,-41.07449064299831,-1.6280705076219029,0.0,101.09431190927364,-48.25755032954334,2.6036818226814624,0.0,82.94699305087191,-37.39485680031172,1.6134665354656104,0.0
129.08214602685447,-13.479502347584186,6.4985775977056175,0.0,113.17351966779079,-9.87926085720028,1.231485323517985,0.0,79.75004246434911,-11.051918514845708,1.9785202542780418,0.0,133.08839861432358,-41.08952781074539,-1.6199151615796534,0.0,101.88671659993503,-48.290013539749296,2.381623447792709,0.0,82.96006278201435,-37.402391698633096,1.6036291019068933,0.0
129.59695321467592,-13.212898186978347,6.8079221309892795,0.0,113.18550269694055,-9.900955051442898,1.2269042426504093,0.0,79.77617883176819,-11.052868891414608,1.9673757901962716,0.0,133.10709753935262,-41.10282254844622,-1.6163732570311673,0.0,102.6883374531238,-48.30989842981288,2.17508231341243,0.0,82.97248073957952,-37.409418381488386,1.591413507456684,0.0
130.10960226730825,-12.983102093946053,7.090303466234671,0.0,113.20054946705909,-9.924337649950328,1.2249180584057253,0.0,79.8019611468971,-11.051012476151579,1.956266382909872,0.0,133.12513549995947,-41.11544063188167,-1.6190577351294717,0.0,103.49348254902999,-48.31314031990982,1.9805315912244605,0.0,82.98420586187916,-37.415896875373285,1.5770008838307046,0.0
130.61093880473155,-12.77797470838648,7.3276535122836854,0.0,113.21953450492342,-9.945302052002727,1.2244611190380503,0.0,79.82615164569151,-11.047965327785382,1.946253566473434,0.0,133.14259682947994,-41.12968068920853,-1.6284799361604776,0.0,104.29589164696971,-48.29526354718427,1.7924962167404175,0.0,82.99511394365385,-37.42203530876028,1.5613358137258313,0.0
131.10614437678973,-12.577844957380663,7.513017385496852,0.0,113.24262041594355,-9.960525825468542,1.2246060947863704,0.0,79.84792000222538,-11.046148517223326,1.9378606505684264,0.0,133.15947645971255,-41.14799923624574,-1.6438335765452887,0.0,105.09021259203904,-48.252366554498295,1.6049237373691358,0.0,83.0048948690685,-37.42825045894199,1.545708093481835,0.0
131.61437612068613,-12.360167087947367,7.654914156531511,0.0,113.2691670265684,-9.968090082874495,1.2248985140621755,0.0,79.86709687934209,-11.047923753474711,1.9308286975075237,0.0,133.17583858212015,-41.17179159192014,-1.6631184702971833,0.0,105.87315791564423,-48.181635276144945,1.4125951044686182,0.0,83.01310050364863,-37.435054867893406,1.5312594096350782,0.0
132.1629125028558,-12.105714961911126,7.776628181600097,0.0,113.29801147968836,-9.967802076797094,1.2254001946196436,0.0,79.88423084457168,-11.054795817638288,1.9241924950338145,0.0,133.19195987235477,-41.20058453840325,-1.6835752584624721,0.0,106.64397206272585,-48.081168054973986,1.212352358422459,0.0,83.01936606051662,-37.44287165312633,1.518633797267107,0.0
132.7781665198523,-11.804670641481701,7.911129652808224,0.0,113.32799501871338,-9.961188688761636,1.226440290616635,0.0,79.90039498937116,-11.06696411996567,1.9166963697611603,0.0,133.20833100306277,-41.2319846724778,-1.7022741994001986,0.0,107.40406933564735,-47.9493873233569,1.0040144301052063,0.0,83.02371948079904,-37.45182844131435,1.5078989115030463,0.0
133.4769144909535,-11.460661093967797,8.093193221425542,0.0,113.35840640783594,-9.951059880749511,1.2282327406590205,0.0,79.91676726858789,-11.08331586516552,1.9073761575114556,0.0,133.2255210280856,-41.26236064686526,-1.7166985847441758,0.0,108.15587560956672,-47.78480128638379,0.7907285490263831,0.0,83.02680397364826,-37.4616289491351,1.4987167021851153,0.0
134.26083959915343,-11.090963734561225,8.35049450110863,0.0,113.38902548570108,-9.940632943549627,1.2306093185245466,0.0,79.93413547657727,-11.101776372475886,1.896035271725978,0.0,133.24399081545988,-41.28794090823798,-1.7252591727332884,0.0,108.90122398735612,-47.58649931664159,0.57845396548257,0.0,83.02984303830137,-37.47158631709417,1.490629267426005,0.0
135.1162727996792,-10.722161434623771,8.696010639653615,0.0,113.41970813589818,-9.932524265578767,1.2330223222147279,0.0,79.95255842654608,-11.11985452175152,1.8833999788488551,0.0,133.26392475319392,-41.305909202861095,-1.727698818860416,0.0,109.63990782401382,-47.35504377243111,0.3745558593563061,0.0,83.03429543551873,-37.48081672554906,1.4832968252417054,0.0
136.0190850011466,-10.38261702471262,9.124532527169118,0.0,113.4498026481472,-9.928094851504536,1.2347620160125032,0.0,79.97136075468572,-11.135220558987351,1.8708989370534486,0.0,133.2851039339829,-41.31515962965254,-1.7252517624118209,0.0,110.36898803606695,-47.093125043519215,0.1859063957097309,0.0,83.04132149431985,-37.48849458043535,1.47657805106609,0.0
136.94250765129615,-10.095129262720828,9.615044239671429,0.0,113.47785688255478,-9.927396345526358,1.235223001416129,0.0,79.98947501896481,-11.146174930134796,1.8601739848110732,0.0,133.30683617949026,-41.316530622752154,-1.7203818481079072,0.0,111.08314178172253,-46.80548703321787,0.017169244373166137,0.0,83.05130668550962,-37.49404246256515,1.4704460041113645,0.0
137.86436326507774,-9.873103378469686,10.137953642424069,0.0,113.50189809545155,-9.92952892498026,1.2341062461983512,0.0,80.00596585767454,-11.151903258256134,1.8525169174502096,0.0,133.32798351524502,-41.31248820042813,-1.7160812784921582,0.0,111.77581585199242,-46.49801122081588,-0.13008450048086218,0.0,83.06367357809974,-37.4971958076647,1.464826116338461,0.0
138.77081630403285,-9.721150721563044,10.663681748203311,0.0,113.52016139266271,-9.933049864482456,1.2315214999793067,0.0,80.02045814231629,-11.152483742192857,1.8484294969007173,0.0,133.3471337505218,-41.30636468487785,-1.7149654055648895,0.0,112.44052450621979,-46.176307500483624,-0.25713225794071803,0.0,83.07706424728983,-37.49798143952237,1.4594725389663843,0.0
139.6559623212228,-9.638318073856306,11.16890415858042,0.0,113.53183641487138,-9.936262476448702,1.2279751758789423,0.0,80.03322082130546,-11.14870088832911,1.847454104267534,0.0,133.36291145510907,-41.30139424453239,-1.7185222102989073,0.0,113.0716432479166,-45.84446297115259,-0.36693243228713257,0.0,83.08979856389033,-37.49668742079337,1.4539599932538927,0.0
140.5187967175952,-9.621317149602891,11.638589373469026,0.0,113.53742260123468,-9.937451995950152,1.224249053464252,0.0,80.04486827317876,-11.14177290024445,1.8483413461006002,0.0,133.37434109768077,-41.299865404615005,-1.7267769155656918,0.0,113.66451159579437,-45.50455923257686,-0.46264846516536196,0.0,83.10041332914209,-37.49385407382273,1.4477970680452614,0.0
141.35998106740203,-9.666180787083297,12.06428958106517,0.0,113.53855953154479,-9.935163706664534,1.2212180407592577,0.0,80.05590989662342,-11.133090687125009,1.849502945332663,0.0,133.38113216178286,-41.30265191185465,-1.7384187690426511,0.0,114.21525559125524,-45.15728870958483,-0.5466939147181868,0.0,83.10808328015997,-37.49024680845771,1.4406076519316802,0.0
142.18012110121728,-9.768237350020925,12.440640658420085,0.0,113.53748617247273,-9.928505070036186,1.219666976641312,0.0,80.0664750978181,-11.12400678173395,1.8495671151576811,0.0,133.38378346114385,-41.30920842033907,-1.7512659175174132,0.0,114.72102740491147,-44.80345735230616,-0.620937240266116,0.0,83.11278598551444,-37.48675545939981,1.4323029015607727,0.0
142.97972333963457,-9.921162866165114,12.76233376201509,0.0,113.53640362768724,-9.917376127332691,1.2201352140990807,0.0,80.07638120096841,-11.115654816670178,1.8477987716437099,0.0,133.38346684627214,-41.31793825350793,-1.7628925382849818,0.0,115.18079320610342,-44.44499917977117,-0.6874938337706418,0.0,83.11517101245799,-37.48421471856168,1.4231718913341425,0.0
143.75967119588412,-10.116153657551159,13.023057495598072,0.0,113.53695829279744,-9.902553474185737,1.2227902298797133,0.0,80.08545450166739,-11.108787199211504,1.844234205553919,0.0,133.3817158266312,-41.32673684170016,-1.771272501072973,0.0,115.59593376847793,-44.08425399818343,-0.748704736625923,0.0,83.11620555335016,-37.48320748640418,1.4138442973529202,0.0
144.52081463089863,-10.342115096376615,13.216466692690124,0.0,113.53993358324553,-9.88562339763559,1.2273341460753358,0.0,80.09385998201392,-11.103681655635157,1.8395449431357775,0.0,133.38001023528116,-41.33350864809575,-1.7753064382459005,0.0,115.97028023883368,-43.722635721289336,-0.8064548765878872,0.0,83.11675348751427,-37.48393697940295,1.405123417657867,0.0
145.26225724103517,-10.587079541161145,13.33789320311176,0.0,113.54515239701443,-9.868807665141526,1.2329608458482966,0.0,80.10220696779389,-11.100195029692584,1.834755716764505,0.0,133.37939761813007,-41.336545476560495,-1.7750644778907887,0.0,116.30973887887349,-43.36013474209302,-0.8617965449944229,0.0,83.1172610795059,-37.48621474656369,1.3977448548472076,0.0
145.97929912998472,-10.840150777517339,13.385201793362345,0.0,113.55157791938595,-9.854706761418495,1.2383891988694877,0.0,80.11132679866124,-11.097973778712573,1.8309394329732065,0.0,133.3802861260275,-41.33477228524124,-1.7716163485683118,0.0,116.62150641895003,-42.99577105827753,-0.9150721182636588,0.0,83.11766437797614,-37.489548297576285,1.392155605667872,0.0
146.66257341399196,-11.092953091048935,13.358096779775547,0.0,113.55760924255131,-9.845924381726181,1.2420127736015925,0.0,80.12179409893542,-11.09671702998759,1.8289475334117071,0.0,133.38247195320284,-41.327901466958735,-1.766523922263815,0.0,116.91287317786201,-42.62866181987044,-0.9663660344364313,0.0,83.11753568110618,-37.49327827102884,1.3884006950836962,0.0
147.29934509142637,-11.340158275947736,13.25646858133056,0.0,113.56155046403802,-9.844528508600154,1.2422187116290235,0.0,80.13342244362234,-11.09633845280429,1.8291884511457095,0.0,133.38536529248506,-41.31648482922766,-1.7612668752086211,0.0,117.18985617500908,-42.25935854218927,-1.016141951341492,0.0,83.11639034659468,-37.49672658199257,1.3861517241265684,0.0
147.87677638953772,-11.579480429761995,13.079041447987404,0.0,113.56217951728719,-9.851409257194465,1.2378758035848971,0.0,80.14503071487937,-11.096937217342582,1.83147954141654,0.0,133.38830210408517,-41.30182062402072,-1.756843405627409,0.0,117.4563638729112,-41.891271817529386,-1.0662408193839212,0.0,83.11400832136218,-37.49934105722003,1.3848469649607598,0.0
148.38591365019,-11.811707639272145,12.823305117889564,0.0,113.55927722744995,-9.865748185112487,1.2288568823962631,0.0,80.15467624563868,-11.098611482000319,1.835035241154646,0.0,133.39080791788336,-41.285704740673836,-1.7536136776874063,0.0,117.72081443412942,-41.53662422649313,-1.130708890491194,0.0,83.1106136815078,-37.50082243654775,1.3838692407883908,0.0
148.82470590090205,-12.040778474412184,12.486825993214898,0.0,113.5539241577322,-9.88489411165658,1.216344562364668,0.0,80.16030261364222,-11.101233005178308,1.8386417589733863,0.0,133.39272608656694,-41.270063528679195,-1.7513514163246118,0.0,117.94742950253865,-41.18412472008113,-1.1602785686817407,0.0,83.10682235704152,-37.501202418982885,1.3826815513194077,0.0
149.19872254330807,-12.27330212324598,12.069216328785428,0.0,113.54836857852523,-9.904868492725992,1.2026894321748607,0.0,80.16051089649027,-11.104311022169668,1.8409919043618679,0.0,133.39420799901268,-41.25654284492373,-1.7494671179969927,0.0,118.14809122382282,-40.852247140299575,-1.1791293012050996,0.0,83.10339527541055,-37.50083868145713,1.380876926690684,0.0
149.51922689077287,-12.51702921972931,11.573832059514261,0.0,113.54537036095434,-9.921483793727468,1.1907580141145768,0.0,80.15511370844881,-11.10703549165627,1.8410807708943118,0.0,133.3956211767774,-41.24617116402168,-1.7473297472785152,0.0,118.32537303386002,-40.55564708970456,-1.193461799656724,0.0,83.10094606554014,-37.50031321075738,1.3781626633496487,0.0
149.7994371158629,-12.778558435795272,11.008619360699832,0.0,113.5471589488814,-9.93171956805724,1.1829476586821137,0.0,80.14528168426165,-11.108514742430014,1.8385344741190561,0.0,133.3974232501705,-41.23924288488836,-1.7445194384370453,0.0,118.47932740953436,-40.30348931210038,-1.2002136323512218,0.0,83.09976448724908,-37.50025115601909,1.37434172524652,0.0
150.05060267276843,-13.061193741027745,10.385942986411745,0.0,113.5544106711959,-9.934759543453874,1.180250038799164,0.0,80.13328914862358,-11.108117927010024,1.8337462160503453,0.0,133.40001201612392,-41.2354808128901,-1.7408868415385452,0.0,118.61213837882623,-40.101502430173944,-1.1950266245071042,0.0,83.09982326329022,-37.501111644495786,1.3693386484477283,0.0
150.27948582404855,-13.363847310204477,9.72142904989091,0.0,113.56575496696183,-9.932168103778299,1.181798755354734,0.0,80.12198107447674,-11.105765060889052,1.8277388801534133,0.0,133.40356049062132,-41.234330286480315,-1.7365317034382777,0.0,118.70386460662317,-39.94589672474054,-1.1413730519484426,0.0,83.10092156710303,-37.503026927773355,1.3632622493281552,0.0
150.4879872563024,-13.68144939063737,9.03200185972538,0.0,113.57814002101173,-9.927092995109355,1.1851700126868892,0.0,80.11411732367173,-11.102036656774509,1.8217868976186224,0.0,133.40788887466113,-41.23514526423452,-1.7318990301940147,0.0,118.78592282991147,-39.851900107036535,-1.0795050036918425,0.0,83.1028584170597,-37.505756947533115,1.3564511786281521,0.0
150.6745300667243,-14.006726336442984,8.333554159455181,0.0,113.58798903278034,-9.922883504528297,1.1873619952595789,0.0,80.11175607016845,-11.098068741692948,1.8169623458463313,0.0,133.41245338811626,-41.2371939221493,-1.7279451394998002,0.0,118.84906049907457,-39.821107228769925,-0.9984903046884614,0.0,83.10553317286175,-37.50877709652822,1.3494419972246945,0.0
150.8360892466274,-14.332533470468277,7.638947659390318,0.0,113.59265150633534,-9.92180986057582,1.1860141247611082,0.0,80.11581653707853,-11.095278748275735,1.813810559536762,0.0,133.41649285994677,-41.23962740394407,-1.7260999547973306,0.0,118.88149904124695,-39.86312063359418,-0.8921947885997463,0.0,83.10892480263009,-37.511456120716204,1.3428360348042503,0.0
150.96982340538838,-14.65359814358332,6.957109727305811,0.0,113.59144027454838,-9.924499966438933,1.1802585710015236,0.0,80.1258982131833,-11.095001419834169,1.812269917639675,0.0,133.419286684102,-41.24157386147709,-1.7278456989057194,0.0,118.87009590796636,-39.99027226469447,-0.7578371603136844,0.0,83.11298423833682,-37.513244506187796,1.3371013739238116,0.0
151.07394331618767,-14.966898900201077,6.293777155325273,0.0,113.58573606166556,-9.93029626762156,1.17079151973671,0.0,80.14037380819065,-11.098121134870812,1.8118122708810223,0.0,133.42041623544296,-41.24236585046039,-1.7340243327306393,0.0,118.80369839111125,-40.209929231546106,-0.5947126076245279,0.0,83.11753208749963,-37.51379573704196,1.3323946560688693,0.0
151.1480874456172,-15.270648081006566,5.653856745979203,0.0,113.5781862007159,-9.938176184900893,1.159235774184225,0.0,80.15674563847953,-11.10478466145663,1.811693883278659,0.0,133.41992991290374,-41.241763350538356,-1.7442206434323957,0.0,118.67779031275845,-40.515513049458264,-0.40353753762071776,0.0,83.12224302212668,-37.51297982048603,1.3284934491006037,0.0
151.19360882939966,-15.562430997857454,5.04450939134264,0.0,113.57154370603446,-9.947537659831358,1.147280087137629,0.0,80.17221923735801,-11.114266069177214,1.8111987750697942,0.0,133.41835944033232,-41.24001752853057,-1.756595680868692,0.0,118.49853582482696,-40.88028186730497,-0.18638043151658934,0.0,83.12673154305482,-37.51080983328117,1.3248869538711077,0.0
151.2139001061297,-15.837397878489885,4.477399194832875,0.0,113.56778008463681,-9.958331668149007,1.1360998184118873,0.0,80.18437998832856,-11.12503142173393,1.8098040286270791,0.0,133.41657780878606,-41.23772628992239,-1.7683388478449782,0.0,118.28467386620363,-41.25799229755486,0.05240317431629471,0.0,83.1306804030127,-37.50735934565367,1.320999615352786,0.0
151.21453182403292,-16.087534806602086,3.9686538996313185,0.0,113.56775851671708,-9.970589580549138,1.1262406385300316,0.0,80.19180145129675,-11.135013426027125,1.807265747111181,0.0,133.41553227364935,-41.23556187783758,-1.7765812047363756,0.0,118.06549965702597,-41.59188700797523,0.30530020470168395,0.0,83.1339193045137,-37.50275434169609,1.3164557480264563,0.0
151.2028141804554,-16.302730335709096,3.5360739815894746,0.0,113.57135896678949,-9.983821837498965,1.1178222152943889,0.0,80.19441167853124,-11.142059254191924,1.8036691438567924,0.0,133.4159431733422,-41.23399883837526,-1.7793789475207067,0.0,117.8743212254791,-41.8289735995568,0.5626134496608817,0.0,83.13639759811053,-37.49725639744265,1.3112711875790488,0.0
151.18655668864423,-16.47347006677018,3.1945120816326096,0.0,113.5778031220857,-9.996742481098542,1.1108293276097942,0.0,80.19349628777573,-11.14446792767554,1.7994640383343707,0.0,133.4180929643787,-41.2331335675916,-1.7763616108077773,0.0,117.7395280522756,-41.9334556743674,0.8154409031018712,0.0,83.13808641011664,-37.49135931497099,1.305890458353792,0.0
151.1722627572269,-16.593946108493437,2.951319692127928,0.0,113.5859892951881,-10.007487801448093,1.1053425895377007,0.0,80.19130694616757,-11.141487922479437,1.7954342367466865,0.0,133.4217932484493,-41.23263900757348,-1.768798632225625,0.0,117.67734599601008,-41.894147620676016,1.0585089644992127,0.0,83.13891815065637,-37.48578247340903,1.301050667528573,0.0
151.1634720313126,-16.663958541766014,2.803754020891793,0.0,113.5947484619897,-10.014239572443035,1.1016375404067436,0.0,80.1903572326778,-11.133607149145014,1.792514143920629,0.0,133.42652881933117,-41.23186580443993,-1.7590656424048543,0.0,117.68935650411653,-41.72425954306656,1.2905721246053954,0.0,83.13884677726693,-37.481305062157354,1.2975153325576354,0.0
151.16007109155908,-16.688659068582442,2.7393121393187663,0.0,113.60300888795223,-10.015998882961288,1.1000947406008716,0.0,80.19260606742333,-11.122485120614623,1.7914429526629512,0.0,133.43169653163244,-41.2300508275656,-1.749722469976458,0.0,117.76499567539508,-41.45494570323113,1.5121376318283062,0.0,83.13799856300903,-37.478502331636484,1.2957704120779763,0.0
151.1589866153947,-16.676509557249574,2.7386828452364576,0.0,113.60989929741021,-10.013166923638993,1.100903559670769,0.0,80.19881527162909,-11.110505819684377,1.7924002615530448,0.0,133.4368229261024,-41.22654188990563,-1.7425779968591169,0.0,117.88689927020648,-41.125545674548874,1.7222693551114556,0.0,83.13678424671956,-37.47752165552057,1.2958033322536657,0.0
151.15599157321034,-16.636805951987846,2.7800318081409614,0.0,113.61481731059183,-10.007632399932362,1.1036751630457058,0.0,80.20834144398006,-11.10010898105013,1.7948520309463678,0.0,133.44166846017364,-41.22095404905001,-1.7381251074053576,0.0,118.03622898748019,-40.7739804935774,1.916732695532696,0.0,83.13585768900431,-37.478015736536584,1.2970675874060262,0.0
151.14781819896945,-16.578076516277154,2.843060592372945,0.0,113.61746520994825,-10.002262564079047,1.1072249118925495,0.0,80.21941551712744,-11.0931253196059,1.7977331395693685,0.0,133.44619409277323,-41.21323450584343,-1.7355618981636383,0.0,118.1960065353439,-40.43032276549666,2.0886231554906534,0.0,83.13591907869761,-37.47926412679678,1.298653728599417,0.0
151.13368178024183,-16.50779157629316,2.911712769713203,0.0,113.61784835697634,-9.999935807311164,1.1097654579010303,0.0,80.22971117857371,-11.090274257942143,1.7998796529979249,0.0,133.45043717127223,-41.203667387879506,-1.73334952742678,0.0,118.35223072968452,-40.11486639190689,2.2308682887052065,0.0,83.13746530873074,-37.48043084778311,1.2995829724227335,0.0
151.11567528082523,-16.43288832300077,2.975192769469208,0.0,113.61624008632386,-10.002436914742102,1.1095100933416866,0.0,80.23694646151773,-11.090925874971278,1.800491351100792,0.0,133.4543786517851,-41.192858217501964,-1.7300129522024612,0.0,118.49387252619597,-39.839726391514056,2.3390039132835643,0.0,83.14060936948563,-37.48085659947491,1.2990876680007748,0.0
151.09800323594172,-16.36023293401487,3.02762802942755,0.0,113.61311759793712,-10.009663248214428,1.1054016693647455,0.0,80.23939125434256,-11.093222110887428,1.7994117726798322,0.0,133.4578754934665,-41.18170564175362,-1.7247868121939405,0.0,118.61296417803874,-39.61159110580102,2.4128266520759247,0.0,83.14503866843478,-37.48026899892585,1.296776148628176,0.0
151.08537758980893,-16.296380113710804,3.0669515128252236,0.0,113.60907377636158,-10.019587866527013,1.0975964355782288,0.0,80.23627281094126,-11.094605362293578,1.797098283165818,0.0,133.4606942456424,-41.17132774199664,-1.7178143322139867,0.0,118.7051728009213,-39.433557059710225,2.4563931009883504,0.0,83.15011419644831,-37.47882785165115,1.292660844502242,0.0
151.08110628945553,-16.246566334367685,3.093503582684953,0.0,113.60473036244532,-10.029126592543907,1.0874868127217319,0.0,80.22808375002127,-11.092682854013857,1.7942798201820267,0.0,133.4626297312989,-41.162907476692425,-1.7098716889679828,0.0,118.77031249040766,-39.305473691989214,2.4767376315170466,0.0,83.15506564639728,-37.47700761770049,1.2870950194290849,0.0
151.08560750322977,-16.21344507647507,3.108711745464973,0.0,113.60069902032589,-10.035537963400564,1.0772795087790499,0.0,80.21674907419577,-11.086240640800899,1.7914624738981715,0.0,133.4636461270758,-41.15746704594862,-1.7018522569727246,0.0,118.81204201063485,-39.22363134752112,2.482088393703565,0.0,83.15921745127818,-37.47539898229656,1.2806766823499771,0.0
151.09610598364063,-16.196326840370396,3.1141005944704414,0.0,113.59761472734839,-10.037633986446846,1.0692912268874917,0.0,80.20568368250565,-11.076250109311598,1.788654877662486,0.0,133.46396210629624,-41.15562920506859,-1.694352373599239,0.0,118.83661918976472,-39.180950868462155,2.4801639475585695,0.0,83.1621765063567,-37.47452117710857,1.27414431847488,0.0
151.107817191106,-16.19147902927621,3.1107590719879017,0.0,113.59620182342076,-10.036183753342804,1.065175750453644,0.0,80.20012700047899,-11.066919652975816,1.7858914914864368,0.0,133.46403204610073,-41.157434177918475,-1.687597728159595,0.0,118.85121854480224,-39.1681468633739,2.476871137436124,0.0,83.16392536106845,-37.47469065407207,1.2682496481132404,0.0
151.11614676476748,-16.19351951884149,3.099235858836588,0.0,113.59728147485436,-10.03337409914819,1.0653406499726685,0.0,80.20492901718133,-11.064547760459591,1.7833276659591988,0.0,133.46443315873486,-41.16225918589669,-1.68169715636356,0.0,118.8624040505796,-39.175487839023965,2.475675737860408,0.0,83.16480362577845,-37.475956153923775,1.2635887847041314,0.0
151.1188816216751,-16.19740933792027,3.0797025882701146,0.0,113.60163400954985,-10.031711102253869,1.068829215986561,0.0,80.21584947622458,-11.071072956518048,1.7790798793056428,0.0,133.46570831252072,-41.16886401045045,-1.6769720326691022,0.0,118.87511229886852,-39.19441850053261,2.4777784507084597,0.0,83.16540415557799,-37.4781103263384,1.260411020232148,0.0
151.11741199062473,-16.20026625262372,3.0521984047762736,0.0,113.6096874981725,-10.032927218265694,1.0737838329609524,0.0,80.22350641494312,-11.085034288302603,1.7737774910038624,0.0,133.4682166253391,-41.17557949251868,-1.6740613219291145,0.0,118.89224296749057,-39.218486469231664,2.4828990153302097,0.0,83.16642407052738,-37.48078943913076,1.2584746032406873,0.0
151.11654926241133,-16.202278594862932,3.0168830945232656,0.0,113.6210800520002,-10.03724268545515,1.0782794348474987,0.0,80.21777477024797,-11.101852778296907,1.7744467922362137,0.0,133.47203534090445,-41.18063989729039,-1.6736853870407362,0.0,118.91475742398082,-39.243430695287095,2.4902110290398856,0.0,83.1685008154001,-37.48364154870182,1.2570397526478985,0.0
151.12301725156826,-16.206327481932878,2.974357355480233,0.0,113.63420884300064,-10.043083101257468,1.0811008003654123,0.0,80.18783615629765,-11.110989936855823,1.794946567870392,0.0,133.47695251690627,-41.182596572611494,-1.6762101148224087,0.0,118.94209150419084,-39.26665118379614,2.498986792704713,0.0,83.17206116879404,-37.48649470231941,1.2550524608599627,0.0
151.1430077999767,-16.21640099490835,2.926068857891684,0.0,113.64594341594149,-10.047312459514108,1.0821233979545095,0.0,80.12391858790919,-11.09520131090202,1.8554954346844799,0.0,133.48256694024042,-41.18068276433226,-1.6812679990896324,0.0,118.97272114817189,-39.286445281358155,2.5087459606052604,0.0,83.17721052230307,-37.48944006441879,1.2514878232683238,0.0
151.1795391287458,-16.235395867833297,2.8746230967892874,0.0,113.651746409433,-10.046020850920897,1.0822183922784152,0.0,80.02045119657987,-11.03257618284016,1.9807423816599101,0.0,133.48846171905967,-41.17500961957621,-1.6876198022114473,0.0,119.00480350946687,-39.30136255242116,2.5189709872886006,0.0,83.18367358433923,-37.4927869668537,1.245737132470083,0.0
151.2307184804859,-16.263249804019665,2.823693298670138,0.0,113.64644027071428,-10.035739238605462,1.082821026020742,0.0,79.87994969144913,-10.9011960573732,2.1958561069726716,0.0,133.49437467789232,-41.16653846017951,-1.6933457672737227,0.0,119.03677485313018,-39.30988540760884,2.5286960331374857,0.0,83.19079388133665,-37.49691659406797,1.2378868572100803,0.0
151.28985432420697,-16.29628551898097,2.777367947592957,0.0,113.62568653214741,-10.014716910025605,1.0853778187002305,0.0,79.71644583313841,-10.68533950183796,2.520347808604006,0.0,133.50027761132085,-41.15682803422697,-1.6964090108958807,0.0,119.06764091705087,-39.31048286446224,2.5364209229462116,0.0,83.19763146555628,-37.50210441296302,1.228764028427685,0.0
151.34744978743214,-16.328129797585717,2.7391237205155683,0.0,113.58788462856907,-9.983760065238187,1.090847192807665,0.0,79.55627827242039,-10.38102809261484,2.960115626106413,0.0,133.50630058019675,-41.14762140166452,-1.6954832758225375,0.0,119.09681677537009,-39.30194737415839,2.5405508654360442,0.0,83.20320770582852,-37.508377466399274,1.2197019529211204,0.0
151.3940884110161,-16.351833153526044,2.710883982500823,0.0,113.5357610438494,-9.946223928452714,1.099357555317507,0.0,79.43401250696563,-9.998157874920384,3.50028318081006,0.0,133.5125047471819,-41.14042793066545,-1.6906826868241325,0.0,119.12378046396528,-39.28381507933093,2.540031143751749,0.0,83.2068615322148,-37.51543942380304,1.212093679557837,0.0
151.42295209256005,-16.362263438908457,2.692596564173117,0.0,113.47667557881327,-9.907088853961103,1.1100993229944134,0.0,79.38411730241864,-9.5580109954366,4.1035429781549695,0.0,133.51861092905588,-41.13629179355831,-1.6837496169309443,0.0,119.14793641719953,-39.25663975303047,2.5347081328789303,0.0,83.20855344402979,-37.52266635236957,1.2069063921276495,0.0
151.43124193463026,-16.35779868877133,2.682484566913054,0.0,113.42099412182083,-9.871476811760061,1.121523742277656,0.0,79.43239409229409,-9.087617804885182,4.717175392238005,0.0,133.52387433019655,-41.13584672770568,-1.6775159131516446,0.0,119.16880062439859,-39.221982675811134,2.5252847817218793,0.0,83.20892295842285,-37.52917446266923,1.2043635004720326,0.0
151.42042609109717,-16.34075242024576,2.6778044809014947,0.0,113.37888945062082,-9.843236194181172,1.131834179365697,0.0,79.59078525826206,-8.613328763251552,5.287026544385533,0.0,133.52726687585556,-41.139554924159825,-1.6748775611153945,0.0,119.18631168122953,-39.18213389463157,2.513040979357176,0.0,83.20903266078541,-37.53397607570254,1.2039253105478256,0.0
151.3955219005864,-16.316501175366678,2.675765918405716,0.0,113.3570393733646,-9.824171966404954,1.1395627069983618,0.0,79.85726542217782,-8.155835818406034,5.772763868498242,0.0,133.52794377682002,-41.14785309302919,-1.6777753697574749,0.0,119.20098737161258,-39.139689906139104,2.4995350111510106,0.0,83.20992495166618,-37.536226466498135,1.2045525950296714,0.0
151.36365911847878,-16.29171854737006,2.6742822469336893,0.0,113.35688811743994,-9.814139159333045,1.1439243234252245,0.0,80.2199825720555,-7.727784786302601,6.1578848926282514,0.0,133.52573754934554,-41.160974206456494,-1.6865918962002233,0.0,119.2137753764977,-39.09713573033,2.4863938855868453,0.0,83.21222372542671,-37.53550775336124,1.205113618257224,0.0
151.33227947650366,-16.27239770375382,2.672367339988172,0.0,113.3751440884179,-9.81176154185112,1.1448112501898287,0.0,80.66293231650269,-7.333607072334331,6.450726637572716,0.0,133.5213485483339,-41.1785087791077,-1.7001052743424125,0.0,119.22567999197364,-39.05653957742875,2.4751586171642046,0.0,83.21595910155948,-37.532041835945286,1.2047630151143256,0.0
151.30748829388295,-16.262378418750565,2.6701492632726644,0.0,113.40587944756795,-9.815264119689644,1.1425750693255043,0.0,81.1710968160947,-6.970892843355003,6.677000344403476,0.0,133.51607834741264,-41.19906198313541,-1.7159249944440482,0.0,119.2374318352773,-39.01939844089366,2.467052809241893,0.0,83.22064315155309,-37.526720350201025,1.2031708835226738,0.0
151.2930239395543,-16.262807571409535,2.668565156541261,0.0,113.44297977356399,-9.822955735074348,1.1378434700093223,0.0,81.73445732935313,-6.632936590635527,6.867673199765072,0.0,133.51124038389176,-41.22036631366664,-1.7312332074083852,0.0,119.24943529402276,-38.986602233648036,2.4626002215209217,0.0,83.2255076815048,-37.5208957453497,1.2005533996316249,0.0
151.29001638977934,-16.272510164340034,2.6688587941966606,0.0,113.48192959223415,-9.833185314403739,1.1314832129759864,0.0,82.35061147525498,-6.311927769724724,7.047302433574874,0.0,133.5075568545839,-41.23992273354793,-1.7435922624939533,0.0,119.26193270885337,-38.958464657551346,2.4612985784133654,0.0,83.22979492664571,-37.51597760920465,1.1975146296944565,0.0
151.29742928089257,-16.28892014808094,2.672058381786629,0.0,113.5205336031829,-9.843943876494532,1.1246426911831904,0.0,83.02526359183824,-6.001852477746143,7.227015503082752,0.0,133.50483021614252,-41.25590937528049,-1.751570542051816,0.0,119.27508081901455,-38.93481094093241,2.4617509914896702,0.0,83.23302223942291,-37.51298332102799,1.194757828185459,0.0
151.31294926559667,-16.30912829895423,2.6786154380067764,0.0,113.55869633485446,-9.852542994431708,1.1187324208907548,0.0,83.76996156599151,-5.7002879389819885,7.403887912779357,0.0,133.50204295359285,-41.267948670679246,-1.7550528939785632,0.0,119.28883258666843,-38.915129452980594,2.462313689680082,0.0,83.23515348168766,-37.51224121793019,1.1927693527280798,0.0
151.33398129440184,-16.33065866178888,2.688278783190711,0.0,113.59763011275085,-9.8558449895397,1.1152307773694634,0.0,84.59745316584089,-5.408912151808623,7.565803452310483,0.0,133.49787751503365,-41.2774094785481,-1.7552768821292712,0.0,119.3028372846074,-38.898761638670614,2.461835381733878,0.0,83.23660828302079,-37.51338853837359,1.1916013963124996,0.0
151.35833741141846,-16.351736547827475,2.700142500196174,0.0,113.63885922287031,-9.851255439162042,1.1152824282752523,0.0,85.51615151878367,-5.133038547733472,7.699022483028665,0.0,133.49148257046983,-41.28711254970814,-1.7547211119195705,0.0,119.31649843407655,-38.88509327876049,2.460108813511768,0.0,83.23808166508313,-37.51565728420931,1.1908564707492069,0.0
151.38438423542806,-16.37109589448197,2.7127863208669396,0.0,113.6832557495371,-9.838178540673997,1.119160054465187,0.0,86.52565677190664,-4.880508577224331,7.795073779907268,0.0,133.4831773827887,-41.300485385339826,-1.7569053593898598,0.0,119.32912196929342,-38.873709400404096,2.4579394098481746,0.0,83.24023731098465,-37.51828622506207,1.1898946970851867,0.0
151.4108127173825,-16.387671236925772,2.724504402717537,0.0,113.73023339598532,-9.81919113758543,1.1257786799969889,0.0,87.61492817029993,-4.660186293706223,7.854302927485838,0.0,133.47476180270408,-41.320387364059414,-1.7660444078183826,0.0,119.34011250322673,-38.86445374985595,2.4568098982153375,0.0,83.24341194452272,-37.520839859546335,1.1881648169432548,0.0
151.436411673902,-16.400543910697518,2.7336398141399982,0.0,113.77725253362215,-9.80016019325873,1.1325471123231594,0.0,88.76379441650964,-4.480415948589423,7.885146273259668,0.0,133.4692297147141,-41.34801355437947,-1.7864939201955377,0.0,119.34925284616756,-38.857346215874855,2.458170773892128,0.0,83.24746656911188,-37.52328607296349,1.1854763908206607,0.0
151.4600436984605,-16.40921304049864,2.738964778913342,0.0,113.819898666251,-9.788966496140558,1.135820960080089,0.0,89.94730518712818,-4.347926430397807,7.900164984827725,0.0,133.46992982525612,-41.382356699816796,-1.822073724101772,0.0,119.3569612925285,-38.85239989505227,2.4626693744021013,0.0,83.25185165848869,-37.525827903781696,1.1820673333064864,0.0
151.48074376406657,-16.41395927936843,2.739986943788548,0.0,113.85277554861554,-9.793127749567741,1.1320135041247017,0.0,91.14131443690925,-4.267456000814942,7.911098045197246,0.0,133.4794785009394,-41.42051295871211,-1.8754807053575853,0.0,119.36427981841865,-38.84944943955774,2.4697962890766396,0.0,83.255864052151,-37.528617102097584,1.1784642307155515,0.0
151.4978270456079,-16.41602561096159,2.737088706976822,0.0,113.87115925622064,-9.817104177772318,1.1190612472671155,0.0,92.32721379143827,-4.241911823962196,7.925155559381411,0.0,133.49886106452365,-41.458735107801,-1.9479227842842093,0.0,119.37254930396843,-38.84805198074683,2.478063078841073,0.0,83.25898991919982,-37.53152729616241,1.1752589126138115,0.0
151.51098324333975,-16.417468523901107,2.7314639494108572,0.0,113.87288999368037,-9.86027842470386,1.097597499452064,0.0,93.49423409472182,-4.272588897642386,7.943780114696468,0.0,133.5270576719248,-41.493837047404675,-2.0388741506201473,0.0,119.3829841275073,-38.84746248645213,2.4854319353791725,0.0,83.26116733808081,-37.53410474779183,1.1729292164174154,0.0
151.52030224378083,-16.4206552100904,2.724859166306466,0.0,113.85961971520005,-9.916548725015627,1.0711184993999616,0.0,94.63884602497332,-4.3590591731556785,7.963893199303932,0.0,133.56129209765916,-41.52449038085345,-2.145766042525837,0.0,119.39631677117143,-38.84671435684646,2.4897966324397514,0.0,83.26280875081017,-37.535696294335615,1.1717446990559868,0.0
151.52612768292465,-16.427498569985058,2.719175112086541,0.0,113.83661460784344,-9.976091118851187,1.0448405297787353,0.0,95.76184836227559,-4.498643473502588,7.9807185044640985,0.0,133.59783506548797,-41.55203950169235,-2.263675339926195,0.0,119.41253752354673,-38.844836461844736,2.4895090599897713,0.0,83.26453922331432,-37.535668908614305,1.1717378047047973,0.0
151.52878702787706,-16.438687307461947,2.716031955633442,0.0,113.81099693571377,-10.028926591244282,1.0237060335969304,0.0,96.86438058082312,-4.685693077868258,7.990774913994798,0.0,133.63320259833614,-41.58058198006692,-2.385421922871288,0.0,119.43072986781509,-38.841147620191535,2.483918501331406,0.0,83.26678937020434,-37.533618012665436,1.172739916580852,0.0
151.52845435846749,-16.453280453253683,2.7163991485007646,0.0,113.78926185243137,-10.068698824344771,1.0105328531039053,0.0,97.94432143999516,-4.911153496646708,7.993625651223528,0.0,133.66541474740362,-41.616238690188794,-2.50249881472274,0.0,119.44908800688536,-38.83549471430936,2.4737481611843695,0.0,83.2694991714014,-37.52948823237623,1.1744978649184095,0.0
151.52533184722466,-16.468918404421565,2.720357387515044,0.0,113.77533904039365,-10.094591443728007,1.0051664060610506,0.0,98.99436631920787,-5.162961030352756,7.991535289729423,0.0,133.69479431188233,-41.665825043825485,-2.6068196179446144,0.0,119.46527039037996,-38.828329385638774,2.4610778938512006,0.0,83.27212703485111,-37.52358563034401,1.1768203976587746,0.0
151.52000988836454,-16.48258780770143,2.727054943175874,0.0,113.76997945509187,-10.110386893136905,1.0048909104079229,0.0,100.0025191555094,-5.4275837464553796,7.987186673566452,0.0,133.72388527561088,-41.73544718578627,-2.6927043070527166,0.0,119.47716236474643,-38.82061213366677,2.4487986127286216,0.0,83.27394995306169,-37.51652258611733,1.1796328666549414,0.0
151.51367825506173,-16.491634702092654,2.734931098222315,0.0,113.77133489079631,-10.121529638747894,1.0057597830639207,0.0,100.95490369694672,-5.692474522632412,7.9805570839326165,0.0,133.75651570338536,-41.829646995228806,-2.758282909266933,0.0,119.48386101071473,-38.81361322462105,2.4396371291112082,0.0,83.27445383016848,-37.50914867668124,1.182875587986775,0.0
151.50801799773518,-16.494705832106774,2.742225842889411,0.0,113.77605334109415,-10.132147503240581,1.0041560973225803,0.0,101.83992163449945,-5.948670070307717,7.966390328699486,0.0,133.79649084484691,-41.95141839529083,-2.8057619898357338,0.0,119.48637229621502,-38.80872456285317,2.435189306738284,0.0,83.27358804646096,-37.50246909101975,1.1863355588261282,0.0
151.50487728422465,-16.492362932937787,2.747652325827012,0.0,113.78030062551994,-10.143613019573808,0.9978876465435587,0.0,102.6521398484406,-6.19263467291755,7.933268017339168,0.0,133.8465329163854,-42.10285131243521,-2.8405437750740923,0.0,119.48748353142753,-38.807361146037515,2.4355201818182586,0.0,83.27177497357101,-37.49750894772063,1.1895786530085228,0.0
151.50593097104522,-16.487129274910053,2.750968217441878,0.0,113.78054188465876,-10.15495732441277,0.9864815398458457,0.0,103.39423546071151,-6.426788966761021,7.864463203707734,0.0,133.9078464892113,-42.28576656704533,-2.8696207038733945,0.0,119.49079237874534,-38.8108735384897,2.439438243668569,0.0,83.26970356980004,-37.49511102037236,1.1920670320692182,0.0
151.51242475671208,-16.482816632595195,2.7531748959661453,0.0,113.77422594330393,-10.164322467614234,0.9708399585355068,0.0,104.07610677858376,-6.658713195743999,7.740159864256665,0.0,133.98030589833053,-42.501825551154994,-2.899814447717853,0.0,119.49941410768186,-38.820308326904716,2.445079518851686,0.0,83.26802082057948,-37.49572610950385,1.1933977298238627,0.0
151.52497963678667,-16.48323676154682,2.7562229128282993,0.0,113.76046048482584,-10.170302885617044,0.9526904244744152,0.0,104.71153134572471,-6.899429395291744,7.5405386826409,0.0,134.0630047857077,-42.75212552734744,-2.9363368562149876,0.0,119.5149263218326,-38.83600372187091,2.4505157478125197,0.0,83.26706131758847,-37.499289797683254,1.1935178791389216,0.0
151.5434104861067,-16.490703908021196,2.7623107920863603,0.0,113.74047787274431,-10.172433358724952,0.9341832389276821,0.0,105.3136976545938,-7.161230452527019,7.24942342772969,0.0,134.1548851935697,-43.036744934808006,-2.9819159908271455,0.0,119.53688758383163,-38.857205617181926,2.454316361874433,0.0,83.26673502640966,-37.50523926590743,1.1928054226562868,0.0
151.56661063187352,-16.50494925128646,2.7730412229063486,0.0,113.71755251408285,-10.170760477697991,0.91773045232204,0.0,105.89106297620857,-7.455234069890233,6.85822706382843,0.0,134.25525539070995,-43.354670251607324,-3.0365070649726675,0.0,119.56305493147038,-38.88193323048503,2.455986015131095,0.0,83.26663576441194,-37.5126497322007,1.1919965823638083,0.0
151.59265100482338,-16.523059979863174,2.788800766304016,0.0,113.69625152823845,-10.16496906160165,0.9059618070975048,0.0,106.44459346566082,-7.78849949765966,6.369661247470196,0.0,134.36407986208334,-43.704095642935776,-3.0975362449177517,0.0,119.59021923151568,-38.90722538955967,2.456105551103157,0.0,83.26633916949386,-37.52042811636516,1.1920057972941152,0.0
151.61916506452064,-16.540644894855692,2.80868510891489,0.0,113.68126414465873,-10.153777583223563,0.901560398287522,0.0,106.96708204109169,-8.16066757388927,5.800205625446409,0.0,134.48198308670112,-44.08272281113521,-3.160658581894131,0.0,119.61536702448979,-38.92976762579955,2.4560309031791103,0.0,83.26574301506076,-37.52750983510155,1.1936852275623604,0.0
151.64390100849295,-16.553721821356408,2.831024985406577,0.0,113.67619856595724,-10.135240622303481,0.9067427221932718,0.0,107.44495397499169,-8.560950290697832,5.180023635849311,0.0,134.60997305200786,-44.487733801863904,-3.2209865206557353,0.0,119.63673474948804,-38.94677091440764,2.457207772829589,0.0,83.26524899704877,-37.5330291124692,1.1975507617517867,0.0
151.66526475388235,-16.56034438180746,2.854193793525365,0.0,113.68262126118377,-10.108106583064306,0.9223475864731441,0.0,107.86231719623001,-8.967375076414669,4.54940799452266,0.0,134.74895877088892,-44.91545535235258,-3.274537608342639,0.0,119.65434049077656,-38.956810185299204,2.4604204236301834,0.0,83.26567419265866,-37.536440477036585,1.2035221344891784,0.0
151.6827516262172,-16.561160266280396,2.8772262833842515,0.0,113.69951495280546,-10.073550470691245,0.946894409664317,0.0,108.20593983273132,-9.350128159325195,3.9522020255738592,0.0,134.89922264799395,-45.361031855331476,-3.319338612557182,0.0,119.66978046715728,-38.960229498488474,2.4654082483077895,0.0,83.26794734193625,-37.53756336740962,1.2107898843215814,0.0
151.69716515965703,-16.558762928089795,2.89999918744253,0.0,113.72336027495447,-10.03602627358322,0.9762680518508109,0.0,108.46921115562527,-9.678787468758916,3.428151808352016,0.0,135.06007584534825,-45.81841871911247,-3.3555897433327946,0.0,119.68538648652658,-38.958878115504426,2.471108382907694,0.0,83.27274769787309,-37.536533748917684,1.2179481119061126,0.0
151.71046568938087,-16.556334289283672,2.9230542818466,0.0,113.74897413394065,-10.00236233610784,1.0045162001495438,0.0,108.65382481486107,-9.930534988840266,3.006414681282182,0.0,135.22987846088208,-46.280759801609584,-3.384798351389012,0.0,119.70313359772848,-38.95531331014058,2.4763690100935047,0.0,83.28023555946949,-37.53368667798252,1.2234312767462683,0.0
151.72517655599054,-16.556299837350306,2.947264608069778,0.0,113.77089854815299,-9.979421780364653,1.0256104514853046,0.0,108.76932541930512,-10.09573253902077,2.7014268200596874,0.0,135.4064431657224,-46.74101137976126,-3.4084540474286733,0.0,119.72382463672692,-38.95186807271195,2.4806228390714153,0.0,83.28996041012947,-37.52943141718702,1.2260974085710892,0.0
151.74349441290147,-16.55951957301215,2.973468471241622,0.0,113.78478980239939,-9.971615724571823,1.035388327444286,0.0,108.83132787549528,-10.179116905458569,2.511451844394063,0.0,135.5876772251171,-47.19266941399519,-3.4270062705169746,0.0,119.74693556645518,-38.94996145351245,2.4840535934770864,0.0,83.30097175758276,-37.52418466818838,1.2256630059952656,0.0
151.76641041797203,-16.56516025685638,3.0021327131409485,0.0,113.78830184498209,-9.979480904543438,1.0327770111912944,0.0,108.85890648996846,-10.19715279550335,2.420040459421802,0.0,135.77224851728448,-47.630502203750126,-3.4395636746624216,0.0,119.77109437476716,-38.949866279268775,2.4872532109106027,0.0,83.31210122301181,-37.518391230815915,1.222753227222002,0.0
151.79316731856215,-16.571108038571374,3.0331369958274426,0.0,113.7813498830266,-9.999718770213427,1.0198518095053455,0.0,108.87137771826082,-10.17301765237425,2.4004475920163237,0.0,135.96008902863383,-48.05113349343142,-3.444305960052761,0.0,119.79478402251073,-38.950959651319096,2.490780554962406,0.0,83.32231931804634,-37.51259302759591,1.218564464283416,0.0
151.8213004128456,-16.574688365507637,3.0657898642595693,0.0,113.76596071461049,-10.026393348453855,1.0008727658001124,0.0,108.88496061967062,-10.130690313142955,2.4221834929593395,0.0,136.15262874344032,-48.453255109881574,-3.4393592195083773,0.0,119.81686491105849,-38.952248613610166,2.494911019312646,0.0,83.3310316121402,-37.50744685478387,1.2143633382064944,0.0
151.8473461412072,-16.573471803962757,3.099097043875952,0.0,113.74590807140198,-10.052782388697096,0.9807724122903512,0.0,108.91012521017029,-10.089640906821895,2.45785994453475,0.0,136.35273911323122,-48.83735525253946,-3.4237811191184857,0.0,119.83679456511565,-38.952823190893504,2.499502478593394,0.0,83.3382090073985,-37.503607359326566,1.2110903411191476,0.0
151.86803206071644,-16.56595274200224,3.1321528446719373,0.0,113.72613132224343,-10.073419376077597,0.9636035831022625,0.0,108.95037669459691,-10.06162499983156,2.488147258987121,0.0,136.5644265231772,-49.205099153912656,-3.3982429594580736,0.0,119.85460555236912,-38.95201651452707,2.5038801409675475,0.0,83.34432012774924,-37.50149946307085,1.209202353426834,0.0
151.88149159577628,-16.551904576262395,3.1644439470251395,0.0,113.71184836658384,-10.08582407851031,0.9513691671952227,0.0,109.00275077082233,-10.050484299226483,2.5033775685331765,0.0,136.79233514244237,-49.55865455400656,-3.3650323068191845,0.0,119.87074218873542,-38.94932044254734,2.506851355595959,0.0,83.35009961865842,-37.501115927981125,1.2087268775539215,0.0
151.88798078434522,-16.532310653269562,3.1959006241681713,0.0,113.70743143196157,-10.091312275690498,0.9435555875326713,0.0,109.05964446984575,-10.054639424863035,2.50183466799834,0.0,137.04111406940433,-49.900164960906515,-3.3272548723611735,0.0,119.88586866129114,-38.944271603394334,2.5070055604460215,0.0,83.35623835901602,-37.50198170286462,1.2094278705063335,0.0
151.8897979235258,-16.508935883300133,3.2266720898376526,0.0,113.71535181802173,-10.094372140124179,0.9375726497791419,0.0,109.11118449105973,-10.070795225068226,2.4861786856373467,0.0,137.31471772947089,-50.23136875428211,-3.287561028236178,0.0,119.900742064449,-38.93649626913383,2.503277416794303,0.0,83.36312504811899,-37.50331192015995,1.2109911697669293,0.0
151.89048459407408,-16.483731735476482,3.2567692196954496,0.0,113.73557100642542,-10.100558248412758,0.9300982057495197,0.0,109.14749254803766,-10.096914888613016,2.459963611384005,0.0,137.61574186292745,-50.55327918631679,-3.2470532491807003,0.0,119.91617304315602,-38.92593651851271,2.4955207119930165,0.0,83.37076975950629,-37.50425760391576,1.2131608034932775,0.0
151.89368852198544,-16.458292086403105,3.2858133485925727,0.0,113.76560257961633,-10.11353178063187,0.9189735576894602,0.0,109.16077385476649,-10.13298394680585,2.425706116199075,0.0,137.94491494057812,-50.86593320212664,-3.20492397684448,0.0,119.93300753421416,-38.91310622438266,2.4847394794951025,0.0,83.37895220196434,-37.50410720260654,1.2157718911910749,0.0
151.90214210505184,-16.433545798441028,3.313078577390691,0.0,113.80120396854322,-10.132434037205206,0.9048779821533088,0.0,109.14744058539483,-10.17933425620588,2.3848907102037185,0.0,138.30086584806546,-51.16833004136433,-3.158891967821617,0.0,119.9520099602086,-38.8991745195938,2.47276001348653,0.0,83.38747668709142,-37.50240054260341,1.218667038750743,0.0
151.91706175296812,-16.40980590239613,3.3378534433952076,0.0,113.8374283099435,-10.150955008350842,0.8918522093178112,0.0,109.11002383893137,-10.233793201053375,2.3392016908294817,0.0,138.6802814587349,-51.45866035314131,-3.106060716323798,0.0,119.97356796123726,-38.88577601496291,2.461461418094453,0.0,83.39631289013676,-37.49899205634721,1.221564649944865,0.0
151.93803510138207,-16.387143310493887,3.359997905138812,0.0,113.86969659920885,-10.159004171244646,0.886168708876756,0.0,109.05781414173441,-10.289799972785286,2.2916710847419655,0.0,139.07850393073883,-51.73478156257709,-3.043736092144103,0.0,119.99729845045677,-38.87460554830181,2.451990226504746,0.0,83.40549455710347,-37.494084244950145,1.224004642383088,0.0
151.96327586608942,-16.36585214850613,3.380491718414195,0.0,113.89466015936954,-10.146642045459942,0.893950761495768,0.0,109.0049984636495,-10.3372222912604,2.2466949542487775,0.0,139.49046762670326,-51.99475424987004,-2.9699489044207503,0.0,120.02183401679362,-38.866952536716994,2.4444002503350717,0.0,83.4148768728176,-37.488198156906535,1.2254554694631157,0.0
151.99006038526403,-16.346687917382845,3.4017206254940895,0.0,113.91078809254904,-10.10845560924334,0.9186709195871128,0.0,108.96621291306604,-10.365976447317273,2.20884983923602,0.0,139.91172583244162,-52.23722084779307,-2.883661364666507,0.0,120.04510315199836,-38.863335533782724,2.437859487917674,0.0,83.42398672475909,-37.482052536453075,1.2255415687789206,0.0
152.01521982852213,-16.330683573673348,3.4272221274973376,0.0,113.91866831952863,-10.046117111086913,0.9596291865370823,0.0,108.95132459083435,-10.37061017311136,2.1813258116040704,0.0,140.3392807995056,-52.46149204905274,-2.784744317401328,0.0,120.06515167870813,-38.86334669874003,2.4312257282856766,0.0,83.43212025269368,-37.47638773903875,1.2242437267923663,0.0
152.03568827186444,-16.318593488697044,3.460707431349439,0.0,113.9209371827357,-9.967971126707205,1.011887176953616,0.0,108.96219141772676,-10.353147321777366,2.164879569906546,0.0,140.77201199069492,-52.66734563819537,-2.6738141329292713,0.0,120.08114465449493,-38.865735209935096,2.423655882733682,0.0,83.43866009576328,-37.47181991014171,1.2219301836520593,0.0
152.04916500189347,-16.31022901060677,3.5044849956880313,0.0,113.92171227389237,-9.88616385366884,1.067537366102444,0.0,108.99305993006013,-10.322493263135613,2.157720503798979,0.0,141.21063754864392,-52.854638711191456,-2.5519858753201117,0.0,120.09398231493181,-38.86867605923977,2.4149800372578802,0.0,83.44345864118081,-37.46879047938816,1.2191957857894007,0.0
152.05481374559324,-16.304047728873282,3.5578796565921795,0.0,113.92553272510136,-9.812805577799693,1.11786784354058,0.0,109.03405741102358,-10.290786764209098,2.1563010617134335,0.0,141.65729632783479,-53.02283633416428,-2.4205912243146184,0.0,120.1061411285529,-38.87013165141734,2.40572089774156,0.0,83.44710718574888,-37.467597934192085,1.2166247150328289,0.0
152.0536816684209,-16.297301652226125,3.616568780594397,0.0,113.93605724057866,-9.75667624591475,1.1557533295920255,0.0,109.07569942615295,-10.268689966394822,2.156708073953867,0.0,142.11492809154356,-53.170540053266045,-2.280939231646947,0.0,120.12077735721299,-38.86823168156387,2.3967914407269983,0.0,83.4509523081148,-37.468428339254245,1.2146352384089205,0.0
152.0484974081055,-16.2868015545911,3.6735214304751658,0.0,113.95496363746904,-9.721460342344756,1.177438868082211,0.0,109.1122734215742,-10.261855856168909,2.156093072122564,0.0,142.58659392800945,-53.29515060324827,-2.134224180646777,0.0,120.14051697649369,-38.86163010699865,2.3890158005640227,0.0,83.4568038061293,-37.47129708640909,1.2134822452986445,0.0
152.0428391361451,-16.27000306802521,3.721364094757085,0.0,113.98150008667918,-9.70580361533617,1.18306813505653,0.0,109.14293709603004,-10.26988466545757,2.1534970194189427,0.0,143.07478960473912,-53.3928563781755,-1.9816453413943425,0.0,120.16648540776247,-38.84979906405514,2.3826615843404397,0.0,83.46638791402734,-37.47588304021073,1.213361661367303,0.0
152.040054504968,-16.24591006994473,3.75510261805554,0.0,114.01290231932605,-9.704846403269531,1.1759057297039721,0.0,109.17056213897803,-10.287709829338043,2.1497340812400214,0.0,143.58079762475623,-53.459055342570544,-1.8246792559303167,0.0,120.19796593812255,-38.83319174761377,2.377156414473518,0.0,83.48070977332165,-37.48134314063228,1.2144820435483457,0.0
152.04241778917574,-16.215371907803746,3.7739118389264057,0.0,114.04547937016089,-9.71246631109522,1.1608076339454954,0.0,109.19919899727108,-10.308319276618448,2.1465154978534677,0.0,144.10420692751129,-53.48911021936664,-1.6653128207978263,0.0,120.2327450096266,-38.813200494236355,2.371116352842588,0.0,83.49956108479867,-37.48628091831238,1.2169932681029394,0.0
152.05079020741798,-16.180657184510082,3.7812420182406097,0.0,114.07583337483051,-9.723348398829472,1.1426747578704788,0.0,109.23137242726506,-10.325446656661796,2.145323783814243,0.0,144.6427833161724,-53.47919509417842,-1.506036315889487,0.0,120.26790211126793,-38.79189075055813,2.362724775188518,0.0,83.52140062016906,-37.489021513908966,1.2207861329835126,0.0
152.06471581977183,-16.14454192172052,3.783322785614736,0.0,114.10168443749185,-9.734211619648974,1.125372853670422,0.0,109.26630939451341,-10.33526478202604,2.1465430169425197,0.0,145.1928027423223,-53.42702304701313,-1.3495515666969933,0.0,120.30067733685279,-38.771583740686175,2.350359474127613,0.0,83.54372761224147,-37.48817417036083,1.225331232304713,0.0
152.08269824702143,-16.109350346437935,3.786814406059756,0.0,114.1220874872899,-9.743961492471634,1.1112450762873305,0.0,109.29976403731037,-10.336788775282107,2.14916310273869,0.0,145.74977530095077,-53.33234874420601,-1.1983418990949222,0.0,120.32911819990072,-38.75441652827496,2.333253779576385,0.0,83.56387569342346,-37.48323465730033,1.2297653781261033,0.0
152.1024823880846,-16.07632289063938,3.7966223436134072,0.0,114.1371565600882,-9.753007244076862,1.1011350774626933,0.0,109.32546674626099,-10.331285367315184,2.1511591994520014,0.0,146.30930294404376,-53.19717606013142,-1.054309729518371,0.0,120.35237243372364,-38.74197301274236,2.3119708636348033,0.0,83.57993585846638,-37.47488928262377,1.2332632578247313,0.0
152.12137038602685,-16.04545630634235,3.8146793792966687,0.0,114.14756358572998,-9.762256893019035,1.0947680221632794,0.0,109.33758643935846,-10.321266116906704,2.150405561887755,0.0,146.86776019898517,-53.0255807364395,-0.9185982942491204,0.0,120.37065964012352,-38.73499775531928,2.2884888940621266,0.0,83.59140132507954,-37.464833367058226,1.2354723751002492,0.0
152.13667465207712,-16.015767767564178,3.839943630518807,0.0,114.15408401098558,-9.772277021844193,1.0912972670953813,0.0,109.33318571092336,-10.309562682163925,2.145714962041234,0.0,147.42258799736445,-52.823112809746185,-0.7915925736498881,0.0,120.38508996471629,-38.7331835486395,2.2656249048535546,0.0,83.59924542104297,-37.455198977145386,1.2366947864772992,0.0
152.14627616925497,-15.985841264032098,3.869303671654757,0.0,114.1573756460079,-9.782884180626255,1.0897980166807741,0.0,109.31361437730739,-10.298692294407926,2.137456372731018,0.0,147.97215134760376,-52.59592241257493,-0.6730333006907738,0.0,120.397463391905,-38.7351217270377,2.2457406790674863,0.0,83.60544461717983,-37.44787671168094,1.23767171559507,0.0
152.14908839949518,-15.954432271347015,3.898844123357115,0.0,114.15802530980238,-9.793236598971868,1.0895262035505642,0.0,109.2841822749678,-10.290479890618782,2.1273858993228103,0.0,148.51525625045394,-52.34991541918438,-0.5621816849400858,0.0,120.40984741014914,-38.73862545856572,2.229685594996008,0.0,83.61221636750473,-37.44399947310657,1.239109027734628,0.0
152.14521898934618,-15.920846667958205,3.925039248093592,0.0,114.15674351497319,-9.802363235746231,1.0898846922103331,0.0,109.25222136968799,-10.285855880462078,2.117784665405031,0.0,149.0505426613904,-52.090203826072475,-0.45799798436133443,0.0,120.42377850912128,-38.74143131857428,2.2171171780118737,0.0,83.62130054963703,-37.44371287538833,1.2412388413541144,0.0
152.13577727913284,-15.884922107325734,3.945659988225545,0.0,114.15450867497184,-9.80990497680448,1.0902070422347272,0.0,109.22446593385372,-10.284824303163038,2.110412425321684,0.0,149.57604192340207,-51.82087612807955,-0.35930032732426653,0.0,120.43963434499082,-38.74185373564653,2.207540382182886,0.0,83.63351583680625,-37.44623509291387,1.2436563861470642,0.0
152.12245045157385,-15.84672951552333,3.9602774467122295,0.0,114.15249765313834,-9.816668183756013,1.08959149445392,0.0,109.2049979288554,-10.286633386864366,2.1058481507519105,0.0,150.08914077897734,-51.54490945065006,-0.2648487653811298,0.0,120.45669498905944,-38.73903338198609,2.200818724393537,0.0,83.64868182323774,-37.45015633371242,1.245489275797988,0.0
152.10704008357084,-15.806317625618307,3.970266043476501,0.0,114.15177586848777,-9.824573985838658,1.087008013085942,0.0,109.19455579438929,-10.290113009176526,2.103491562622125,0.0,150.5870059567759,-51.26408542189364,-0.17330837146772637,0.0,120.47372356913993,-38.732817303351005,2.197030391403004,0.0,83.66587243868993,-37.4538961916269,1.245785206866442,0.0
152.09110220232114,-15.763714681362503,3.97831905108967,0.0,114.15289110722051,-9.835873839679234,1.0817211688460997,0.0,109.19116894758591,-10.294042400376442,2.102100783975583,0.0,151.06728895703603,-50.97898732228716,-0.08312435154642195,0.0,120.48961962898798,-38.72348792047036,2.196107329008168,0.0,83.68386994433122,-37.45620106144182,1.2439250587003858,0.0
152.07574871321296,-15.719102550833377,3.9876704584319285,0.0,114.15561525379589,-9.852020422597883,1.0737894822816543,0.0,109.19149317678624,-10.297390092978766,2.1004963618726595,0.0,151.52881592496283,-50.689271635844506,0.007569992645159118,0.0,120.50381919373075,-38.711535232390354,2.1976032129148635,0.0,83.70163988642783,-37.45655312356172,1.2398990562212582,0.0
152.06162594177582,-15.672933413575041,4.00127591653998,0.0,114.15902867883968,-9.872944646839187,1.064239018034323,0.0,109.19214908550995,-10.299370760216886,2.0980581906178113,0.0,151.97203856388245,-50.394258562478335,0.1009013454242016,0.0,120.5163392362606,-38.69756739760137,2.2007054120251137,0.0,83.71866672183157,-37.4553921349569,1.2343873920681414,0.0
152.049066083772,-15.625893638547527,4.021084789408384,0.0,114.1619598449175,-9.89724992458064,1.0546911396048095,0.0,109.19062756026892,-10.299409562025854,2.0948241113938106,0.0,152.39916999125853,-50.093604130328046,0.19905454518949206,0.0,120.52758233495724,-38.68231953711453,2.2043384909027512,0.0,83.73507277354904,-37.454098903756964,1.2286827285656106,0.0
152.0383399696272,-15.57880624113865,4.047426716616663,0.0,114.16358742807333,-9.923076155352454,1.046661482309652,0.0,109.18564501286612,-10.297153985782206,2.0912427684588177,0.0,152.81401305936961,-49.78767903191121,0.30398907721112955,0.0,120.53810771249911,-38.666634956359964,2.207137455645391,0.0,83.7515494391281,-37.4547347956192,1.2245126930856838,0.0
152.02986060053976,-15.532568513220944,4.078602141293574,0.0,114.1639118735887,-9.94882224540635,1.0410269285737108,0.0,109.17705809648454,-10.292582111478808,2.0878027755638033,0.0,153.2214848326741,-49.47743571367199,0.4171048196619118,0.0,120.5484373773656,-38.65134820343451,2.207469202979288,0.0,83.76919689128836,-37.459571882250884,1.2237765631170578,0.0
152.02420321703136,-15.488107336279622,4.110912616616515,0.0,114.16386466109381,-9.973129888955484,1.0380001077799914,0.0,109.16554918484034,-10.286125079116907,2.084775100472889,0.0,153.62682892554844,-49.16388384673133,0.5388167941000646,0.0,120.55883813781428,-38.63710868408202,2.2039273992754698,0.0,83.7893549073329,-37.470488269027946,1.2281811778531768,0.0
152.02190742018894,-15.44629743280447,4.139378061643809,0.0,114.16499703825131,-9.994300978010173,1.0375232954832292,0.0,109.15228030733394,-10.278672601259172,2.0821865557432844,0.0,154.0345684896427,-48.84753092868251,0.6680323983493732,0.0,120.56917933508706,-38.62420316220453,2.1960496895146946,0.0,83.81344269005498,-37.48835461430752,1.2387996868458142,0.0
152.02310174128365,-15.40784011226453,4.159167450776202,0.0,114.1688714107069,-10.009883885292034,1.0396995551535646,0.0,109.13862119596091,-10.271392886404932,2.079982454129322,0.0,154.44738924923436,-48.528081081542716,0.801690895842782,0.0,120.57905279998536,-38.612442379596104,2.184510464741992,0.0,83.84278601846597,-37.512597670805555,1.2556393487297317,0.0
152.027055933967,-15.373111326442666,4.167379801142548,0.0,114.17639123803534,-10.017018613465737,1.0449443635349045,0.0,109.12595562717678,-10.265410324856648,2.0782303726890277,0.0,154.8652682904554,-48.20442145020848,0.9346692496029938,0.0,120.58810828508948,-38.6012202076266,2.1706260372060537,0.0,83.87842541083144,-37.54115561513645,1.2773279364920391,0.0
152.03192639065952,-15.341967848529546,4.164421898204695,0.0,114.18732259686999,-10.01348652508721,1.053825181750197,0.0,109.11552731591077,-10.261462407750344,2.077214602355685,0.0,155.28518127267853,-47.87474711948321,1.0602798543678293,0.0,120.59637090026315,-38.58980390381989,2.155653286486011,0.0,83.92093917312108,-37.57099379131087,1.301046171909599,0.0
152.03508835129483,-15.31359152946584,4.15413681060163,0.0,114.20018310824089,-9.998867103735503,1.06676465129663,0.0,109.1083096267346,-10.259664356583622,2.077362488929703,0.0,155.7015882530655,-47.53671872518474,1.171297267879618,0.0,120.60435956836598,-38.57775499088015,2.140359561470806,0.0,83.97034989521761,-37.59921286864252,1.3229051866007016,0.0
152.03418619146035,-15.28659830837017,4.1423528483521785,0.0,114.21252828167569,-9.975130756816073,1.0838000148473217,0.0,109.10491592001505,-10.259465505379533,2.079061384499081,0.0,156.10764317784475,-47.18769274048081,1.261195487004045,0.0,120.61297474899506,-38.56525396068079,2.124986343081483,0.0,84.02617373103139,-37.62456787643441,1.3390110113547813,0.0
152.02835939768454,-15.259552595846666,4.134497170410484,0.0,114.22151437823449,-9.946353231031944,1.1044971491006983,0.0,109.10556304383618,-10.2598174054626,2.082483387005812,0.0,156.49678205680502,-46.825137480729424,1.325229855356861,0.0,120.62322762717045,-38.55312602735017,2.109450395759165,0.0,84.08757810678841,-37.648982452721036,1.3472984633476468,0.0
152.01868166327364,-15.231663792516242,4.133572536276517,0.0,114.22453791816723,-9.917764978752068,1.1279996258167113,0.0,109.11007438272077,-10.259506899622936,2.0875048809608874,0.0,156.8641654042229,-46.447288388530964,1.3611114970890448,0.0,120.63591550016504,-38.54252400070313,2.0935852632570615,0.0,84.15348857956579,-37.678493678112304,1.349824510888352,0.0
152.0073504357785,-15.203201316143586,4.1394911178949485,0.0,114.21978863058756,-9.894669312794552,1.1531187138474728,0.0,109.11790174392493,-10.257557120741644,2.093735630458175,0.0,157.2075133617759,-46.05395108241954,1.369183279808409,0.0,120.65134551113006,-38.53440833079402,2.077330523820091,0.0,84.22246745824924,-37.72309548656499,1.3547933936035736,0.0
151.99623764099002,-15.175348283192067,4.149809496269707,0.0,114.20668265478464,-9.881597015190463,1.1784056980741582,0.0,109.12816707070485,-10.253582064405748,2.100619033610304,0.0,157.52716285793906,-45.64721536640709,1.3521598079836625,0.0,120.66919300697835,-38.52907379991801,2.0608606590023903,0.0,84.29234185624846,-37.79518844362517,1.377427107376028,0.0
151.98596014240135,-15.149599811602968,4.161165063661336,0.0,114.18626742278347,-9.881616334470909,1.2022507901764818,0.0,109.13974857026051,-10.24798551811581,2.107550144783163,0.0,157.82551039889373,-45.23178083916761,1.3146015319706184,0.0,120.68854676496693,-38.52596132183832,2.0446450358059973,0.0,84.35980395142565,-37.90675693716023,1.439028484731348,0.0
151.97614248065494,-15.127035331767702,4.170591526774942,0.0,114.16165429968072,-9.895516057175449,1.223090954592049,0.0,109.15143035677082,-10.24191803251116,2.11396691601227,0.0,158.10617837504208,-44.81466250505416,1.2623036234179654,0.0,120.70814227771243,-38.523866276821494,2.0294015956721854,0.0,84.42037777629585,-38.06589979778597,1.5640958545684605,0.0
151.96658046416374,-15.107796195210222,4.176222793737958,0.0,114.13826951201648,-9.920843044483831,1.2397614189266424,0.0,109.16209775169494,-10.236976193515632,2.119389710763498,0.0,158.3732039245857,-44.404228505326365,1.2016729158604118,0.0,120.72672832450895,-38.521468830084245,2.015924649646326,0.0,84.46910609902869,-38.27375644704211,1.7758746551051532,0.0
151.958395782875,-15.091000238992896,4.17734847450035,0.0,114.12343709955522,-9.951222385770564,1.2519913287316484,0.0,109.17092351552513,-10.23474081457039,2.1234143990819216,0.0,158.6304069413891,-44.00875340721897,1.1390041414883108,0.0,120.74345857095507,-38.5179486238963,2.0048373863616256,0.0,84.50202523138871,-38.52293629227359,2.0910552293308866,0.0
151.95434870066902,-15.075170619434688,4.174094679277465,0.0,114.12495702961341,-9.976558129346804,1.261047879709425,0.0,109.17748942644273,-10.236324665769674,2.1256989673320934,0.0,158.88096518476746,-43.6348495626897,1.0795230839075476,0.0,120.75816234862485,-38.51337396527607,1.9963808916353418,0.0,84.51806247881736,-38.79813454575269,2.5144510965254954,0.0
151.95804757732634,-15.05903586731019,4.1670519697451045,0.0,114.14905681210719,-9.984322039944804,1.2704827892297317,0.0,109.18182638973049,-10.24207777940495,2.125993795389201,0.0,159.12714295503537,-43.28618217452347,1.026274519896102,0.0,120.7713668896265,-38.50863113551048,1.9903393018844309,0.0,84.5205975813573,-39.07889343730076,3.0346911251025945,0.0
151.97240432672564,-15.042332041230319,4.157020744839112,0.0,114.19879464728041,-9.961449639004979,1.286765458291299,0.0,109.1844004730809,-10.251513449385932,2.1242307599908745,0.0,159.37010884749225,-42.96278225455484,0.9792548153051683,0.0,120.78405018521447,-38.504898701253516,1.9861132873220342,0.0,84.51782934606854,-39.34384338761857,3.6224525646232806,0.0
151.99799560534183,-15.026172715257221,4.1448536301263825,0.0,114.27385968905114,-9.896123876105783,1.3193893044403406,0.0,109.1860800996911,-10.263439238939858,2.120631814923856,0.0,159.60984049516495,-42.66113196118572,0.9352959618676202,0.0,120.79725436892997,-38.50296263389298,1.982859630610637,0.0,84.52154040763979,-39.57543369547233,4.233086421289813,0.0
152.0319773720877,-15.012767905291236,4.1312834788944865,0.0,114.37173367345764,-9.779253445637654,1.3799982363838037,0.0,109.18808185833514,-10.276235039635042,2.115770838960753,0.0,159.84517759516535,-42.375098320919136,0.8889475805717968,0.0,120.81176678871361,-38.50279427039665,1.9795955055874845,0.0,84.54477784026167,-39.764029708004465,4.81455305753831,0.0
152.0680375464941,-15.004660810743806,4.116690500942692,0.0,114.48922950382818,-9.606060979704207,1.4802888424431337,0.0,109.19184966710786,-10.288204246191034,2.110540136169334,0.0,160.07408454356334,-42.097709557799774,0.8341509110690488,0.0,120.8280071130489,-38.50364643504641,1.9752528428312868,0.0,84.59965063898895,-39.910298324911636,5.319097212556287,0.0
152.09765855721258,-15.00393220438647,4.100915309474489,0.0,114.62326170349908,-9.37803690264888,1.6288657509474955,0.0,109.19883154305862,-10.297915521299613,2.1060177606255213,0.0,160.29413205841564,-41.82356812416234,0.7661655752166006,0.0,120.84610825641094,-38.50457748958702,1.9687770835366276,0.0,84.69613983721966,-40.02521832913064,5.7146435465497865,0.0
152.11260565889978,-15.01178195601241,4.083289112720909,0.0,114.77034036094928,-9.104633310386998,1.8278073669181953,0.0,109.21018694513015,-10.304448937690562,2.103277566845268,0.0,160.5031390014845,-41.55133597836377,0.6831492105615702,0.0,120.86607966166245,-38.50505912529066,1.9593438145864557,0.0,84.84179449893598,-40.12775671712541,5.991600927821429,0.0
152.10797187913425,-15.028558532576747,4.062907381356485,0.0,114.92531759482569,-8.803344374278232,2.0702651982765463,0.0,109.2265221371492,-10.307479672071082,2.103205521682508,0.0,160.69983317860112,-41.285396584604996,0.5869273759634908,0.0,120.88794414352896,-38.505325983567765,1.94661666887367,0.0,85.04154124129815,-40.240815212248464,6.1628817381444145,0.0
152.0845523491351,-15.053938433491986,4.038947410629506,0.0,115.08082860430747,-8.497070039175217,2.340563774971324,0.0,109.24774684739107,-10.307190420764371,2.106368821002773,0.0,160.88428731696942,-41.0357759339862,0.48272078162693255,0.0,120.91178781562478,-38.50630930453034,1.930883456710168,0.0,85.29713297425965,-40.38628379838343,6.257809072512195,0.0
152.04931504267176,-15.086892537187923,4.010813540863518,0.0,115.22892971398355,-8.208888724230693,2.617617010635307,0.0,109.27308346296965,-10.304080971742476,2.112941995447752,0.0,161.05785102073955,-40.81588077350692,0.3778937826566491,0.0,120.93770250069612,-38.50919567058605,1.9129889603828243,0.0,85.6064894095189,-40.58016719239555,6.312567934268449,0.0
152.0134998479419,-15.125404803380475,3.97815382516149,0.0,115.36517066466149,-7.955749419295339,2.881128250863725,0.0,109.30120574336011,-10.298791411130182,2.1226645942634335,0.0,161.22249680238903,-40.63854689715809,0.280091513306731,0.0,120.96563244959873,-38.514783970653724,1.8941305722367883,0.0,85.96354069551312,-40.82890376326144,6.360450450205457,0.0
151.98900036479793,-15.166312475442915,3.941003577200373,0.0,115.49336396303465,-7.743276723138525,3.118592891108408,0.0,109.33047207879089,-10.29204303745263,2.134819559759549,0.0,161.3798709542477,-40.51186033666511,0.1953464180642719,0.0,120.99517917035158,-38.5228815363343,1.8756539313497687,0.0,86.3589630226153,-41.12793851437437,6.42459273420952,0.0
151.98451062571507,-15.205666668875708,3.900158742983672,0.0,115.62812214036262,-7.563669744279175,3.3303304046536137,0.0,109.3592196082498,-10.284732825329037,2.1482676722518566,0.0,161.53053974161665,-40.43653498475451,0.12680368654365815,0.0,121.02546471464609,-38.531996159490106,1.8589141396578839,0.0,86.78175296595231,-41.463077290315,6.514662363206809,0.0
152.00304901697766,-15.239606283366994,3.857506322754622,0.0,115.79287169195099,-7.397872067701647,3.530185767972501,0.0,109.3860648756795,-10.278108176265468,2.1615939619008735,0.0,161.67378500871848,-40.40593823486547,0.0745247878516544,0.0,121.05516928956375,-38.53953329033309,1.8450997242581888,0.0,87.2212882240383,-41.81422477694207,6.627542071222071,0.0
152.04184845073905,-15.26533229303806,3.815886847547885,0.0,116.0132568748744,-7.221958863041422,3.741157751224476,0.0,109.41013201936389,-10.27383345401508,2.1733746244400702,0.0,161.808010726902,-40.408530183980595,0.036335987730739205,0.0,121.08280101682014,-38.5425654854145,1.83485396828247,0.0,87.6694058272579,-42.16024140233379,6.750925904645264,0.0
152.09450722131118,-15.28176154067337,3.778351662484342,0.0,116.30834535388553,-7.015983765742388,3.987337234618801,0.0,109.43114718882636,-10.273732180323265,2.1824894840269735,0.0,161.93157041166754,-40.431385548517184,0.009177150890392838,0.0,121.10712813329988,-38.53898918933347,1.8278140898449298,0.0,88.12200024257898,-42.48334933696339,6.868185612997071,0.0
152.15424089855463,-15.289709916313054,3.7471427586474046,0.0,116.68345200160667,-6.771839092319052,4.285158554106726,0.0,109.4493985491768,-10.27914624569947,2.1883604477942793,0.0,162.04368253179643,-40.463241304487745,-0.009745185143348323,0.0,121.12759476518906,-38.528612740340655,1.8225540879435744,0.0,88.57970922987172,-42.77193985065085,6.962950076160661,0.0
152.21654493542525,-15.291630425688856,3.722937279928363,0.0,117.12798489946444,-6.496340554950909,4.637388386625991,0.0,109.4656072307768,-10.290153143937069,2.1910277911600478,0.0,162.1450660792141,-40.49610702323408,-0.022424158582413867,0.0,121.14454837807051,-38.51364072610045,1.8171223454391399,0.0,89.04746310840275,-43.02143438828456,7.022419551297668,0.0
152.2799169239503,-15.290936393739576,3.704730896401598,0.0,117.61965722182285,-6.207788873768539,5.032333049156557,0.0,109.48074663678372,-10.305101854228917,2.1910539364373864,0.0,162.2379894006284,-40.52535376147281,-0.030127382224916843,0.0,121.15920607259041,-38.49823528042084,1.8097248729342308,0.0,89.5329850788678,-43.233489436952084,7.039169290630426,0.0
152.34449330585673,-15.290993740442977,3.6903917176321848,0.0,118.13353167051883,-5.927865920685373,5.4485924122695035,0.0,109.49582048060805,-10.32084027487867,2.189315008070821,0.0,162.32560291144787,-40.54884861282955,-0.03375601331802969,0.0,121.17339203051134,-38.48724701440716,1.7991269087432897,0.0,90.0446431923587,-43.41409153879863,7.011705862779582,0.0
152.40980847651846,-15.294055787702739,3.6776238816627167,0.0,118.65199008657133,-5.673310457482929,5.863031086396954,0.0,109.5116234693094,-10.333617527116665,2.1867729465266716,0.0,162.41074679773226,-40.56590348523208,-0.03410559361446097,0.0,121.18914035342408,-38.48463836434619,1.7847684867299876,0.0,90.58926512785746,-43.57112806734574,6.9441319247782305,0.0
152.473366653245,-15.300563216419127,3.6649115645205317,0.0,119.17124476604027,-5.451367613507083,6.258039211289315,0.0,109.52856020121952,-10.340236055514794,2.1843091134418504,0.0,162.49477336408702,-40.576597430471956,-0.03183324149605582,0.0,121.208244601517,-38.49228397260767,1.7667359780939016,0.0,91.17055705507987,-43.7120077395263,6.845074228398284,0.0
152.53103821274954,-15.309161563358765,3.6520128635776725,0.0,119.7018219790251,-5.260215529651566,6.624931710850262,0.0,109.54661966789823,-10.338929976600575,2.1826495432719994,0.0,162.57702336487768,-40.58160298582328,-0.02722566101544288,0.0,121.23178980537597,-38.5095806095758,1.7456411992506116,0.0,91.78858342476651,-43.841823084266494,6.725883329601742,0.0
152.57906246204857,-15.317498039619082,3.6397850157274103,0.0,120.26339566446052,-5.0929049492659555,6.9629026490263595,0.0,109.56554583063678,-10.329716189079566,2.182345999475441,0.0,162.65529130373216,-40.58226345552501,-0.020052430789258224,0.0,121.25973486168486,-38.5338680051507,1.7223990516220624,0.0,92.44038578184794,-43.96236954133516,6.598283583740098,0.0
152.61643240493464,-15.32348157217351,3.629466347692464,0.0,120.87672561311906,-4.94229732818728,7.275292643016061,0.0,109.5851336559406,-10.3143071295382,2.1837399796280526,0.0,162.72708009759745,-40.5805517966535,-0.009755157051092311,0.0,121.29073346631733,-38.561369510592236,1.6979489145603512,0.0,93.12136014891765,-44.07213354965409,6.4720347597790635,0.0
152.64613648728488,-15.32642144606981,3.6218156370119665,0.0,121.55626415703966,-4.804814358480552,7.5656506531959735,0.0,109.60548432740053,-10.295748868824731,2.1868688844135775,0.0,162.7910198220081,-40.578720012346835,0.0040167938432880135,0.0,121.32242323272317,-38.58828886741661,1.673051989324005,0.0,93.82671583814141,-44.16717715594405,6.353377454857402,0.0
152.6743183546408,-15.327482045468766,3.6165669865314847,0.0,122.30619157710431,-4.681791755446419,7.835321833173596,0.0,109.62704569718974,-10.277789350210588,2.1913679066455973,0.0,162.84774849135192,-40.57873809019999,0.0208036968410088,0.0,121.3522123769902,-38.611755188206985,1.6482725674726986,0.0,94.55242079483943,-44.2426384141019,6.244790064948971,0.0
152.7076239383598,-15.32922173869228,3.612477499132897,0.0,123.1208057650544,-4.578412959718406,8.083019583369365,0.0,109.65037957312184,-10.263943828166433,2.1964966867062206,0.0,162.89985377766396,-40.5818026209356,0.03906225639938121,0.0,121.37823893749898,-38.63039847486918,1.6240929280531642,0.0,95.30766317085249,-44.28453916409093,6.150130633707704,0.0
152.7500828340497,-15.334430010632426,3.607913734520073,0.0,123.988226639286,-4.501187535364906,8.305838917936015,0.0,109.67577579006331,-10.256464211512252,2.2013767550705143,0.0,162.950971986813,-40.588176119418335,0.05644542749750947,0.0,121.39998019046388,-38.64442702026062,1.600993985451007,0.0,96.0941542208584,-44.286946805475395,6.079886826150139,0.0
152.80113902682336,-15.344802819654243,3.601636572896078,0.0,124.89513842267188,-4.45531912661802,8.500749586591411,0.0,109.70294096268913,-10.255652972234062,2.2053682796417284,0.0,163.0045320506559,-40.597443806361795,0.07052521058626304,0.0,121.41816724370392,-38.655195525933266,1.5793938126678881,0.0,96.88175515573748,-44.27210878252806,6.016473684916093,0.0
152.85585833644785,-15.360080968849264,3.5933931121773686,0.0,125.83026241882223,-4.4429827476919925,8.665720534254058,0.0,109.73095533946379,-10.259863121360857,2.208378186567078,0.0,163.0627033321315,-40.60904684787007,0.07960868892503825,0.0,121.43410083115667,-38.664434643645954,1.5594722197195878,0.0,97.67611310793461,-44.23585819458208,5.959607454780464,0.0
152.907281784431,-15.378090166184457,3.58409272996151,0.0,126.78536732012215,-4.462848317401075,8.800064364041585,0.0,109.75856444318921,-10.266162688918197,2.21090565257669,0.0,163.1258873984253,-40.62278567528949,0.08329587521691373,0.0,121.44883359668647,-38.67348528242058,1.5409776555271915,0.0,98.47694187839994,-44.179618632625875,5.907981925709414,0.0
152.9497927467296,-15.395693921676598,3.575542742707208,0.0,127.75424477860344,-4.510629847662692,8.904120697539174,0.0,109.78472325131337,-10.271356432102094,2.213780422950787,0.0,163.19278966429385,-40.63899079770687,0.08260212435465775,0.0,121.46271781980863,-38.682877589143565,1.5231531374968004,0.0,99.28366081497839,-44.10502045421417,5.859843113378245,0.0
152.98172087950658,-15.410169047933717,3.56982629798477,0.0,128.73119533495066,-4.580257049967392,8.978805326138446,0.0,109.80915615528215,-10.273015525271187,2.2177077889796877,0.0,163.26090372609505,-40.65825990508337,0.07965544262834356,0.0,121.47552024303293,-38.69236985738593,1.504940166318093,0.0,100.0960366819238,-44.01281677053946,5.812821405604799,0.0
153.00570863272046,-15.420245199999522,3.5684849922227198,0.0,129.7104304506627,-4.665361540474258,9.02560917065613,0.0,109.83258911704996,-10.270241583208362,2.222810276491778,0.0,163.32719049113808,-40.68094494953772,0.07709288647149926,0.0,121.48690893379117,-38.70130566703179,1.4854248426164993,0.0,100.91424429589443,-43.902575766004716,5.76398805188456,0.0
153.02663960862498,-15.426248779497445,3.571815724833092,0.0,130.68659628157138,-4.760854647535853,9.047180981624031,0.0,109.85640024017388,-10.263951138932127,2.2283623463841966,0.0,163.38877372537496,-40.70673742939338,0.07734572813430418,0.0,121.4969085148759,-38.709044742689095,1.4641941971552903,0.0,101.73863077638121,-43.772874746051755,5.710115602253488,0.0
153.04849387571912,-15.429371106587794,3.5786786559486927,0.0,131.65547836856717,-4.864266551445732,9.047867418000159,0.0,109.88178921365206,-10.256559725155093,2.2328773875645016,0.0,163.44351997707756,-40.73461463047955,0.08204633455082622,0.0,121.50603373688153,-38.71526252082739,1.441323811876785,0.0,102.56935877837333,-43.62190734899329,5.648021364854744,0.0
153.07228549263493,-15.43063508191633,3.586968597129596,0.0,132.6138717894416,-4.9763561977671,9.033144836719428,0.0,109.90895945757552,-10.25114943017881,2.2345871432250437,0.0,163.49039034595233,-40.76314945669923,0.09177131216003787,0.0,121.51508971456313,-38.72002511329346,1.417056620735762,0.0,103.40617636849932,-43.44836915550998,5.574902079428714,0.0
153.0965023170911,-15.43025752096214,3.5944186716826323,0.0,133.55852670534617,-5.100611754106472,9.007317741315456,0.0,109.93685753369711,-10.250427134001317,2.2321454638995952,0.0,163.5294866088916,-40.79097098048925,0.10619247002748189,0.0,121.52480089994462,-38.72369168343502,1.3914034788192318,0.0,104.24848349647907,-43.2523084429846,5.4886602468627785,0.0
153.11957932196827,-15.427743919034537,3.5992142175198616,0.0,134.4850538624143,-5.241776562721856,8.970032283289084,0.0,109.96361906598537,-10.255842358224976,2.225231084142086,0.0,163.56182004259978,-40.8171332835955,0.12445945241491785,0.0,121.53539739759886,-38.72682038108684,1.3637430253680574,0.0,105.09557381889795,-43.035525344596245,5.388288564421721,0.0
153.14239106303714,-15.422527338410278,3.6001955648845083,0.0,135.3878613460314,-5.4041931054083125,8.91321235053727,0.0,109.9873873465972,-10.267113385091186,2.2147734848577176,0.0,163.58894967587543,-40.84125577222896,0.14548952519079883,0.0,121.54608910622707,-38.73033823933882,1.3320503282313627,0.0,105.94666862150913,-42.80124452073436,5.274335802116909,0.0
153.16884334176754,-15.414652286986316,3.596809194883596,0.0,136.26145949166997,-5.591045068275957,8.820105249816283,0.0,110.00703542789476,-10.282261797709372,2.2027323443821363,0.0,163.61262567049013,-40.863426729574705,0.16803270641763035,0.0,121.55305765355493,-38.737095819605095,1.2878377559427001,0.0,106.80042251050187,-42.553152487665486,5.14933722105544,0.0
153.20416485616883,-15.405058560624967,3.589056077486916,0.0,137.10237747531613,-5.805146447620691,8.667125778829554,0.0,110.02255002982207,-10.298162515917657,2.1915380886686258,0.0,163.6344662565447,-40.883968836696056,0.19072667651598785,0.0,121.55723842649739,-38.74759295531651,1.2462660450924048,0.0,107.65397039744727,-42.29429114277055,5.017960879935744,0.0
153.25207579388177,-15.395326336579865,3.577523564801261,0.0,137.9103354614683,-6.050947605856203,8.427943046338495,0.0,110.03507583462797,-10.311498497633552,2.1833749823651285,0.0,163.65570516247286,-40.90321598765814,0.21232193093157115,0.0,121.56761240868475,-38.753978971451254,1.2324372347943076,0.0,108.50200820064225,-42.026464453546204,4.886604330780694,0.0
153.31255627002582,-15.38707589315819,3.563409884188296,0.0,138.68764777707452,-6.336476423410245,8.078731800302236,0.0,110.04665963798291,-10.319824219580834,2.1795187950846966,0.0,163.6771258888375,-40.92140343226661,0.23193094202413,0.0,121.57392137497972,-38.7635135847762,1.2191918919712545,0.0,109.33654404295982,-41.75056393354108,4.762325864549654,0.0
153.38139496154824,-15.381388059237779,3.5484131542106816,0.0,139.43679345917604,-6.673517988058751,7.603820756818273,0.0,110.05971019022402,-10.322324588399361,2.1799480426356386,0.0,163.69921631833984,-40.93867324901576,0.24912381424280916,0.0,121.57536299391188,-38.77669764922814,1.207101739529099,0.0,110.14771478698734,-41.46766130518937,4.651290283861732,0.0
153.4516640476578,-15.378562370072107,3.5344341414966554,0.0,140.15711210552138,-7.074678458278601,7.001309881913277,0.0,110.07627390183646,-10.319960102252788,2.183380681520413,0.0,163.72239799532252,-40.95513495693367,0.26392138800216713,0.0,121.57233590717577,-38.79304813739936,1.196562696145893,0.0,110.92557211207064,-41.18022341196352,4.557208934781711,0.0
153.51636161943378,-15.37831832089373,3.5231338312755067,0.0,140.8422888643581,-7.54714857116694,6.287790306150219,0.0,110.09737174580071,-10.31497823928444,2.1877401588405903,0.0,163.74712949905566,-40.970924578726,0.2768067487831001,0.0,121.5664917137343,-38.810912818771634,1.1876656984860539,0.0,111.66228076987164,-40.89268365696749,4.480334405341328,0.0
153.5710151300052,-15.380282732619813,3.515471787400722,0.0,141.48033951429514,-8.0849225338116,5.50022528542201,0.0,110.12269391676827,-10.310047414862325,2.190890049892449,0.0,163.77380193208137,-40.986235961169875,0.28872354534306766,0.0,121.5602874188837,-38.82774224493293,1.1801900002373564,0.0,112.35396585927907,-40.61089362063135,4.417346324786433,0.0
153.6151215988964,-15.384416081104874,3.5114283625394638,0.0,142.05676452097396,-8.66331406662784,4.69261815223363,0.0,110.15082416973308,-10.307373074001644,2.1913628779048366,0.0,163.8025291947162,-41.00130959998485,0.30086645852472493,0.0,121.55613730460847,-38.84087998008427,1.173733439777651,0.0,113.001543786364,-40.34053403302074,4.36211243592105,0.0
153.6518693683748,-15.391053321722572,3.5100682446011007,0.0,142.55955384025734,-9.240146220288104,3.926724437491785,0.0,110.17990856385832,-10.308078021252669,2.1887953621493033,0.0,163.83301129566144,-41.016364931075394,0.3141461911245287,0.0,121.55554654184886,-38.84862787745759,1.1679183971892417,0.0,113.61018069630998,-40.08516416336796,4.307072580570365,0.0
153.68641546680325,-15.400517007479255,3.5098829472340025,0.0,142.98325650392502,-9.765181621303924,3.259335810998227,0.0,110.20844874352575,-10.311972304631787,2.1839036748596143,0.0,163.8645316081569,-41.031497974048754,0.3286060739599268,0.0,121.55869209629606,-38.851092064267945,1.162535837932932,0.0,114.1874131233217,-39.84492793643022,4.244927571456344,0.0
153.72363054009259,-15.412599750151477,3.5091885856438907,0.0,143.33005383391045,-10.194240165201979,2.730737807367584,0.0,110.23584863639435,-10.317707618659194,2.1780556016323516,0.0,163.89602967513403,-41.046614528193594,0.3433292856605643,0.0,121.56466808865473,-38.85033628367619,1.1575201148868164,0.0,114.74033446568951,-39.61674397903242,4.17030096168256,0.0
153.76632759835618,-15.426306927643333,3.5064487392495494,0.0,143.6080869486047,-10.501377389486414,2.3578377692291514,0.0,110.26248771546766,-10.323240158903097,2.1726930061264706,0.0,163.9262538565385,-41.061450345418066,0.35699165227807583,0.0,121.57219637340073,-38.84968612043447,1.1527848937392715,0.0,115.27255975331252,-39.396102147551254,4.0809886582394554,0.0
153.814608654194,-15.440043439709013,3.500557594488688,0.0,143.82872076118113,-10.684146710493398,2.132928689827038,0.0,110.28930564518609,-10.326479258805316,2.168888731350906,0.0,163.9540444872764,-41.07565749028795,0.3686224751614109,0.0,121.58033648085402,-38.8524639153771,1.1480709785303578,0.0,115.78191985370634,-39.179731629037356,3.978385556720374,0.0
153.86637566026974,-15.4521343700258,3.4911113861525216,0.0,144.00407654084407,-10.761059088460184,2.027657959424314,0.0,110.3170589707335,-10.325955653815516,2.167171158934666,0.0,163.97866676088947,-41.088892421947364,0.37805426234130124,0.0,121.58879150998303,-38.86074873621727,1.1429535864385674,0.0,116.25987651504119,-38.96786823967095,3.8668570861583493,0.0
153.91853947260103,-15.461384706629914,3.4785741401774715,0.0,144.14528850040202,-10.763473005604318,2.0012664338838597,0.0,110.34554039887198,-10.321328072277563,2.167556977134824,0.0,164.00001026066988,-41.100845496671376,0.3858714525250413,0.0,121.59771587774101,-38.874746885607664,1.1370347699950898,0.0,116.69324292399557,-38.76495587694341,3.7522756876336505,0.0
153.9682400061865,-15.467368775474903,3.464205896543227,0.0,144.261468501497,-10.725495975425531,2.011216398678142,0.0,110.3731252147933,-10.313569951977765,2.1696561712358715,0.0,164.01854889676065,-41.111189637801196,0.3929971244209849,0.0,121.60724656771684,-38.892986267217026,1.1302003169080326,0.0,117.06788561202191,-38.57838793430359,3.6404034293517924,0.0
154.01354561838468,-15.470299361069443,3.4497271890352135,0.0,144.35924465171226,-10.675485829335496,2.0231615755454406,0.0,110.3969583772183,-10.30472486791271,2.172776389705943,0.0,164.03510318779738,-41.119488916722176,0.4002171582442351,0.0,121.6170985594347,-38.913064743860964,1.1227630025033992,0.0,117.37309873208058,-38.415932251091384,3.535827941564813,0.0
154.0534981856439,-15.470591117631372,3.436850401979326,0.0,144.44280435281075,-10.631478300549585,2.017123066542453,0.0,110.41385616052989,-10.297220989832784,2.1760572163699905,0.0,164.05053465671182,-41.12515555180898,0.407906354635017,0.0,121.62645879367756,-38.93247520768433,1.1153920480065782,0.0,117.60495925145796,-38.28311364126217,3.441664583521275,0.0
154.08775252201366,-15.468435557093787,3.426889453984474,0.0,144.5144251851471,-10.600865417554324,1.9883021203895268,0.0,110.42161605194926,-10.292936038207406,2.1786920392540097,0.0,164.0655035512903,-41.1275283823864,0.41604885907523403,0.0,121.63420475993365,-38.94920443897142,1.108874610184932,0.0,117.76749029464524,-38.18164671790459,3.3596935963403887,0.0
154.1162129282312,-15.463696215352169,3.4205882292507006,0.0,144.57534726177119,-10.583046786044502,1.9432873322343553,0.0,110.42012228788523,-10.292419829932344,2.1802061340526127,0.0,164.0803643020519,-41.12607447783475,0.4244649740689681,0.0,121.63930718033559,-38.96208019008264,1.1038503568233917,0.0,117.8714996427463,-38.10928748083627,3.290491080071794,0.0
154.13893552523962,-15.456206932428085,3.4181335223727434,0.0,144.62665232871424,-10.573238363095808,1.894016887685888,0.0,110.41166450986353,-10.294697535362733,2.1806424826192305,0.0,164.0951942266179,-41.12064263115239,0.4330663018011016,0.0,121.64121963304825,-38.970934680677914,1.1006482318170647,0.0,117.93185168560903,-38.06081146111548,3.233411051507977,0.0
154.1562759769499,-15.446263148141984,3.4191960541362683,0.0,144.66980675614116,-10.565950941209547,1.8520256507230215,0.0,110.40029594795044,-10.297790544509049,2.180506739948422,0.0,164.10989097550666,-41.11166393380823,0.44197805761797326,0.0,121.64010006732643,-38.976573059974214,1.09927650442717,0.0,117.96427438846237,-38.02955256953669,3.1866081115360103,0.0
154.16906548786795,-15.434946105613745,3.4228881148438823,0.0,144.70672569035574,-10.557308317116483,1.8246257305358657,0.0,110.39056717165425,-10.299687061770424,2.1804685764805374,0.0,164.12426592380874,-41.100205962925855,0.45145710851789467,0.0,121.63679963756293,-38.98047510193243,1.0995435837987824,0.0,117.98263827602496,-38.00896430857072,3.1473603417083904,0.0
154.17862099122314,-15.42402588656544,3.4276959926500883,0.0,144.73945344321504,-10.545984228343475,1.8135376801768892,0.0,110.38622998166099,-10.299269839759415,2.180976291895586,0.0,164.13810323695887,-41.087837866254475,0.4616514221899166,0.0,121.6326430277375,-38.98423858489408,1.1012399972439546,0.0,117.9972485760508,-37.99380206141193,3.1127258893009824,0.0
154.18653967878458,-15.415464755491898,3.431578974262477,0.0,144.7696816313475,-10.532964527748577,1.8156296995187837,0.0,110.38939740310241,-10.296781105715828,2.1819843069219704,0.0,164.1512053226826,-41.07634320989109,0.47234757206017264,0.0,121.6290822893498,-38.988948183100014,1.1042793116511014,0.0,118.01429686512148,-37.98069388049464,3.0802661530083135,0.0
154.19434709308086,-15.410778297804852,3.4323847902743587,0.0,144.79833094869892,-10.520587362835991,1.8249470185436127,0.0,110.40032713132618,-10.293668186877074,2.182920161336922,0.0,164.1634564657051,-41.06738557081742,0.4828783715075087,0.0,121.6273286507196,-38.99476756524228,1.108700430135837,0.0,118.03630616707605,-37.96807085714998,3.0484911336566594,0.0
154.20312260663854,-15.410566542937914,3.428523846742374,0.0,144.8253667486137,-10.511390316794081,1.8350748702304376,0.0,110.41770206674505,-10.291946218767638,2.1829041564515332,0.0,164.17490505643408,-41.06223480829698,0.49227383898868027,0.0,121.62806542563388,-39.00097354713767,1.114514974823141,0.0,118.06319308250667,-37.95563841137913,3.016886780608475,0.0
154.21322858812806,-15.414418098817777,3.419635592400061,0.0,144.84993589877394,-10.507196275594522,1.841029163433923,0.0,110.43915406430419,-10.293411915377817,2.181128458808354,0.0,164.1858305614406,-41.06160269196091,0.4995938295288358,0.0,121.631326841123,-39.006409958124614,1.1215039269489715,0.0,118.09349851181258,-37.9437030465077,2.985644559070302,0.0
154.22423205398383,-15.421215466788704,3.406934218172456,0.0,144.87080538013154,-10.508659341825322,1.8402264405206097,0.0,110.46182545005952,-10.299054176400741,2.1772265331363894,0.0,164.1967532549448,-41.06558428591473,0.5042881886147939,0.0,121.63658326988728,-39.01011048670502,1.129118356138445,0.0,118.12541958283073,-37.932653608442436,2.955314567084871,0.0
154.2350600748909,-15.429705193499977,3.393049586116973,0.0,144.88697512903394,-10.51529026884813,1.832498426652002,0.0,110.48289335945998,-10.308837029985925,2.171457071286648,0.0,164.20836107283043,-41.07369934640167,0.5064278648358336,0.0,121.64299910413854,-39.01177690778727,1.1365643651625952,0.0,118.15745414977862,-37.92274180193582,2.926532058616605,0.0
154.2443812011352,-15.439081323669097,3.3813774746216474,0.0,144.89826262730304,-10.525846307373502,1.8194291585507543,0.0,110.5000614285934,-10.321814114532902,2.1646132932954796,0.0,164.22135909405196,-41.08503888634522,0.5067018646347723,0.0,121.64975340818702,-39.01191167719895,1.143017789184082,0.0,118.18865117575099,-37.91411127133892,2.899836972808931,0.0
154.2511240320774,-15.449299631512815,3.3751299244911106,0.0,144.90562586944586,-10.538873070053103,1.8034147217973135,0.0,110.51198539102357,-10.336420545571304,2.1577045118716818,0.0,164.23628419391508,-41.09849666264761,0.5061560492349262,0.0,121.65628618712148,-39.01159237789568,1.1478313573525405,0.0,118.21857774110902,-37.90690665812594,2.875528031588326,0.0
154.25494098663253,-15.460935869541007,3.3763845133149584,0.0,144.91103025095137,-10.553136031049391,1.786789986001347,0.0,110.51851210191444,-10.35080638195489,2.151559609925032,0.0,164.25335003644457,-41.113018794909365,0.5057617012970024,0.0,121.66237944208441,-39.01203287185674,1.1506192759119944,0.0,118.24714885705374,-37.90130932055883,2.8535167672056527,0.0
154.2563863826967,-15.474626717405734,3.385438041301466,0.0,144.91682891782136,-10.567756052415188,1.7712272927133288,0.0,110.52061931768307,-10.363147833383454,2.1465298782409423,0.0,164.2723743503377,-41.12779140347502,0.5060039982944229,0.0,121.66807072852598,-39.01414480601208,1.151202898065602,0.0,118.27443692326973,-37.897457709141285,2.833238138451719,0.0
154.2566843830974,-15.490383174936774,3.400676580334741,0.0,144.92488720058122,-10.582061040994358,1.7574819993965036,0.0,110.5200978360211,-10.371913421585791,2.1424277020460707,0.0,164.29280185056672,-41.14232440199413,0.5066886460332025,0.0,121.67347367448407,-39.018283252502265,1.1495037313898209,0.0,118.30052232279645,-37.89532694955121,2.813728795854537,0.0
154.25719522435367,-15.507171281683076,3.4190131648850137,0.0,144.93586721188353,-10.59534108944769,1.7454657427889764,0.0,110.5191706430427,-10.37606356561881,2.1387337594414593,0.0,164.3138071975523,-41.15644413447734,0.5070518377159949,0.0,121.67861406563709,-39.02425595299421,1.1455066093271782,0.0,118.3254062823246,-37.89468300249954,2.793916698428804,0.0
154.25890875078102,-15.523028004052437,3.436747629232407,0.0,144.94903501766325,-10.606730924463157,1.7345536477485446,0.0,110.520200787687,-10.375178671231563,2.1349605479806044,0.0,164.33445376840692,-41.17023830206587,0.5061060193298754,0.0,121.68337433845598,-39.0315486752877,1.1393580358042552,0.0,118.3489918306031,-37.89516884160725,2.773015665649508,0.0
154.2623336981166,-15.535704931637122,3.4505465347849995,0.0,144.962682067513,-10.615349890862882,1.7239752870848903,0.0,110.52543439094592,-10.369552549213552,2.130957622163148,0.0,164.35387979582933,-41.18399522830205,0.5030629804995108,0.0,121.68757735590918,-39.03963304270382,1.131545921981317,0.0,118.37112838818952,-37.896472234178326,2.7508202388046374,0.0
154.2679537408913,-15.543581420472993,3.458273344719956,0.0,144.97494597318837,-10.620666599133354,1.713129099233937,0.0,110.53660545765842,-10.360279256453076,2.126975085493463,0.0,164.37148115991272,-41.19815754485525,0.4976705835856752,0.0,121.69115482849165,-39.048220838615094,1.1230080666811588,0.0,118.39169843071403,-37.898452875354884,2.7277352388383935,0.0
154.27709784581728,-15.54647944018702,3.4596447584402483,0.0,144.984649395866,-10.622890815511994,1.7017213573133212,0.0,110.55435608594536,-10.349265406150069,2.1234602540045717,0.0,164.38706438205799,-41.21328263483236,0.49035063099937126,0.0,121.69428369121405,-39.05739209458672,1.115017422767302,0.0,118.41070912122349,-37.90113062416236,2.704521929323038,0.0
154.2928069269133,-15.546045433614083,3.456856624146571,0.0,144.99180494351035,-10.623123328493413,1.6897401620097092,0.0,110.57770287006537,-10.339011089934491,2.1207338303884278,0.0,164.40094020652793,-41.22998573658071,0.48210738023930766,0.0,121.6973849828431,-39.06758137481866,1.1088157716507752,0.0,118.42834906221398,-37.90454323790344,2.6819032911372886,0.0
154.32021067094618,-15.545471328792257,3.455112377643381,0.0,144.99760544117902,-10.623088317290264,1.6773556588452916,0.0,110.60394481378951,-10.332058086850004,2.1187516758844076,0.0,164.41391366704764,-41.248845873235446,0.4742559605243315,0.0,121.70097142675296,-39.079418609014134,1.1051466149573042,0.0,118.44498563272165,-37.9085860085523,2.660241071546576,0.0
154.3661077720747,-15.548463977576372,3.46263382268277,0.0,145.00394419954725,-10.62450043115996,1.664832615587878,0.0,110.62925774382195,-10.330224951896334,2.117079835527674,0.0,164.4271298428009,-41.270275399091396,0.46805759977769235,0.0,121.70543932587859,-39.093429781073034,1.10393724016261,0.0,118.46110427217512,-37.91295570541273,2.639434490351398,0.0
154.437798219573,-15.557571447066012,3.4897652393506995,0.0,145.01270081360266,-10.628352447762712,1.6524793787076266,0.0,110.64983694725296,-10.333975854926788,2.115079834619708,0.0,164.44178020219852,-41.29438336637784,0.46434794831337634,0.0,121.7109377358657,-39.10965704081345,1.1043115282329339,0.0,118.47721043364551,-37.917231599769565,2.6190536050170294,0.0
154.54155087490633,-15.572254250295648,3.5472331742278094,0.0,145.02510436667933,-10.634505260743833,1.6406098317174092,0.0,110.6631352316232,-10.342285329616956,2.1122065447830405,0.0,164.45874829683723,-41.32088517523009,0.46323875910648127,0.0,121.71738303755875,-39.12733363399307,1.104938262122337,0.0,118.49372223190922,-37.92102623083163,2.5986065799047626,0.0
154.68120513703414,-15.587339012922595,3.644036524828234,0.0,145.04140810657188,-10.641832306054567,1.6294899308910935,0.0,110.66869256555348,-10.353105563853486,2.1082706021029036,0.0,164.4783295971142,-41.34910102905515,0.4639655016333588,0.0,121.72458281523181,-39.14477689681057,1.1045631077606632,0.0,118.51088459720013,-37.92411112368943,2.5777986838480462,0.0
154.8572650619727,-15.592552236115507,3.785500394144375,0.0,145.06092371957797,-10.64885846586574,1.6192584388558,0.0,110.66823833675183,-10.36419514835425,2.1035137881157038,0.0,164.50015188794336,-41.378046240284945,0.46494105222647164,0.0,121.73237616667072,-39.15960540981467,1.1025001638862832,0.0,118.52873363864127,-37.926463024743384,2.5566637066103244,0.0
155.06661624531907,-15.573643087637006,3.9718579075060276,0.0,145.08229496447953,-10.654529817267736,1.6098390401026368,0.0,110.6650573863024,-10.373886531077847,2.0984387818353607,0.0,164.52334189519186,-41.40658695339968,0.46406648224639646,0.0,121.74071064009985,-39.16927552203426,1.0988706412497997,0.0,118.54712345104342,-37.92822643276381,2.5355107836576547,0.0
155.30290754016818,-15.515182050939845,4.197631382529398,0.0,145.1038474323681,-10.658664845256972,1.6008923022457306,0.0,110.6628993074166,-10.381465009644256,2.0935072581710656,0.0,164.54686984697906,-41.43363409332187,0.45929602151632487,0.0,121.749622857623,-39.17181936651265,1.0944707112382446,0.0,118.56579759165986,-37.929617938471765,2.514717976833019,0.0
155.55771407061187,-15.404510404864018,4.452128442433676,0.0,145.12391520344804,-10.661835970345624,1.5918652402830755,0.0,110.66482106014874,-10.387096959792082,2.0889289451687443,0.0,164.56990934353072,-41.45834882096151,0.44930354500012015,0.0,121.75914195595348,-39.16656553599928,1.090320603790488,0.0,118.58446411837976,-37.930816085125755,2.494497309306702,0.0
155.82260087242105,-15.235660857645486,4.721305283193885,0.0,145.1411064213749,-10.664787945387538,1.5821619333061463,0.0,110.67228081335976,-10.391478096212026,2.0846932875159876,0.0,164.592019737446,-41.48032280966089,0.43397258578040443,0.0,121.76917968132034,-39.154551979203134,1.0871246831100745,0.0,118.60284016485335,-37.93188706610009,2.474786910823486,0.0
156.09192974101921,-15.011672206948436,4.990927889640455,0.0,145.15448039634916,-10.667778970227687,1.5713985479847175,0.0,110.68470456786736,-10.395444238340643,2.080796189560953,0.0,164.61303494626773,-41.49970161872308,0.41450610192273096,0.0,121.77948282109092,-39.13838126994003,1.0849321480055742,0.0,118.62066610227151,-37.932775045388105,2.4553324907461604,0.0
156.3657259100387,-14.743964513281691,5.250520859917112,0.0,145.1636289453918,-10.670248293629694,1.5596505783381183,0.0,110.69970238198692,-10.39970295026463,2.0774487253187885,0.0,164.63272830161782,-41.51723399317708,0.39316182393682375,0.0,121.78968517600413,-39.12149016155154,1.0831630580875498,0.0,118.63771442384136,-37.93334912215617,2.435870352563276,0.0
156.65137746065136,-14.448579074240381,5.4971188972496865,0.0,145.16871645632526,-10.670994247824417,1.5475671123222572,0.0,110.71399610180838,-10.404706785487772,2.07505421449644,0.0,164.65051081552707,-41.53421335742608,0.3727436403477249,0.0,121.79943186855738,-39.10710854614106,1.0809451675555746,0.0,118.6538106367136,-37.933482753115975,2.4162699481876864,0.0
156.96279536573104,-14.140819726476153,5.737297760570172,0.0,145.17055514420187,-10.668767348264296,1.5362471692924853,0.0,110.72482516711652,-10.41060400831277,2.073912798773385,0.0,164.66544559505653,-41.55224254557209,0.3559570411834727,0.0,121.80850652070374,-39.09733518721145,1.077559296918654,0.0,118.66886243243083,-37.93314485764304,2.3965634970719822,0.0
157.3164084706927,-13.831058948262807,5.985803539646826,0.0,145.1707039106232,-10.662988887293857,1.5268754526591657,0.0,110.73125184051224,-10.417207173780834,2.0738387476043005,0.0,164.67665988983626,-41.57278691631117,0.34470761585785503,0.0,121.81689978451827,-39.09264437747745,1.0727863392204586,0.0,118.68288550037326,-37.932476855146085,2.3768747822536653,0.0
157.72503823515345,-13.523982365974048,6.260202388650674,0.0,145.17145367086323,-10.654251558819363,1.5202602943495904,0.0,110.73471039785406,-10.42397823305981,2.0739856409189183,0.0,164.68393106322836,-41.596625066471134,0.33950203744589835,0.0,121.82480034525,-39.09189107581403,1.067033103094234,0.0,118.69601603497138,-37.931818019534255,2.357295550590351,0.0
158.19237394407406,-13.221337653669831,6.573281698440223,0.0,145.17553601507026,-10.644351857644283,1.516500551264551,0.0,110.73850452392884,-10.430076820836188,2.073062593722316,0.0,164.68805155933305,-41.62344595795407,0.3392222377585963,0.0,121.83252711525289,-39.092712362308006,1.0612103068206835,0.0,118.70849902413646,-37.93164605642763,2.337770399115927,0.0
158.71106236301415,-12.92589386127206,6.926776560137624,0.0,145.18550789239706,-10.635795324460341,1.514955933190958,0.0,110.74650695446994,-10.434515105716521,2.0698551325781995,0.0,164.6906956993976,-41.65181750450243,0.3414924474742289,0.0,121.84043529033659,-39.092205513160685,1.0564151680087583,0.0,118.72064027060792,-37.93242703107354,2.3180586766362943,0.0
159.26577328692773,-12.643653005320168,7.309722206579451,0.0,145.2029501058083,-10.630924133217203,1.5145373028964162,0.0,110.7616350990148,-10.436412950725579,2.063760379170894,0.0,164.69382671471823,-41.67956444771366,0.3435745775211796,0.0,121.84883046696106,-39.08782004833911,1.0535299152567,0.0,118.73271838493598,-37.93440854198628,2.297826100555394,0.0
159.83994254088717,-12.382861603641759,7.702449471540643,0.0,145.22776974259608,-10.630984195601249,1.5141744496829155,0.0,110.78465031649768,-10.435280189676828,2.055072900128872,0.0,164.69894799729195,-41.70439387422931,0.34339428098427405,0.0,121.85792326684998,-39.0784138528457,1.052872959560192,0.0,118.74487505980662,-37.93742831819773,2.2768574135077415,0.0
160.42293918867333,-12.150733145555268,8.084395258379779,0.0,145.2579324403436,-10.635522643458941,1.5132410424325506,0.0,110.81366203894673,-10.431208407204085,2.044940808433557,0.0,164.70656142125668,-41.72451988224681,0.3402018597868608,0.0,121.86784873555068,-39.065326469445154,1.05401708331107,0.0,118.75702784770706,-37.940829156222605,2.255294534970192,0.0
161.01433851210874,-11.950156530970634,8.442057089070786,0.0,145.28982448170314,-10.64242200722838,1.5117389628751141,0.0,110.84455101637397,-10.424876299901014,2.035061612673756,0.0,164.71606288910118,-41.73908462834441,0.334598231462337,0.0,121.87875720574417,-39.053145833872414,1.0558289052296406,0.0,118.76885543542123,-37.943551728509554,2.2337606955372777,0.0
161.62368288873654,-11.778307776585613,8.773568186156421,0.0,145.31919515316923,-10.648632509917487,1.510155027541133,0.0,110.87227957073773,-10.417360001434236,2.027229955237379,0.0,164.72607657057893,-41.7482981793315,0.32802301663810773,0.0,121.89095597762835,-39.04971248117061,1.0567180453500828,0.0,118.77987754655497,-37.94441177917035,2.2132728118160223,0.0
162.2663508822033,-11.627740088337635,9.088353812931908,0.0,145.3423772504863,-10.65135321127681,1.5090655345558197,0.0,110.89266760519405,-10.409832991418666,2.0228510043928836,0.0,164.73502542177,-41.753330588559606,0.3220499925354119,0.0,121.9050532301089,-39.06497529883744,1.05503483143419,0.0,118.78960618258176,-37.942476680836606,2.1949445407872847,0.0
162.9576274454579,-11.489284013813375,9.402790468345994,0.0,145.35735051646034,-10.649173250574549,1.508695782407706,0.0,110.90388475004076,-10.403280181094722,2.0225511369030578,0.0,164.74166639271735,-41.75601993010556,0.3178380503012477,0.0,121.92204922496879,-39.1086713889755,1.0495121107434429,0.0,118.7977107681766,-37.93738646041781,2.1795915479982053,0.0
163.7073035472666,-11.355465968955986,9.73422273761958,0.0,145.36425845383658,-10.642655866479167,1.5086612713471457,0.0,110.90698971654052,-10.398315687901317,2.026011552644176,0.0,164.74540598363987,-41.758442035161366,0.3159055283729728,0.0,121.94334768869271,-39.187387368353136,1.0396013579058145,0.0,118.80413340143974,-37.929466326278806,2.167418312254634,0.0
164.51647404986267,-11.2231550970547,10.095630635221351,0.0,145.3652028166739,-10.634097490124168,1.5080229653287986,0.0,110.90538040894548,-10.395106433062443,2.0320677766941593,0.0,164.74636785494945,-41.76239969882063,0.3161907600666769,0.0,121.97071201403236,-39.302122488502036,1.0255513320731975,0.0,118.80911080445091,-37.91956642670866,2.1579366428536897,0.0
165.37721596345372,-11.094591790133514,10.492301601065103,0.0,145.3634366929333,-10.626590418300239,1.5056483028879875,0.0,110.90357906354723,-10.393343931535913,2.039006301828259,0.0,164.74528982905517,-41.768944046097346,0.31824434915214006,0.0,122.00623817907896,-39.4476019828938,1.008184434684317,0.0,118.81309582515819,-37.90870022969645,2.1501414840133215,0.0
166.27488930811242,-10.976625170434271,10.920894460107343,0.0,145.36230855528981,-10.622794404938888,1.5007453097307604,0.0,110.90593589100908,-10.39224488729469,2.0449462507569542,0.0,164.743329745003,-41.77808265876973,0.32139361095625496,0.0,122.05240737523724,-39.613954733688956,0.9885118960434838,0.0,118.8166105977615,-37.89765764211702,2.142836824569933,0.0
167.19206990884524,-10.878668166161138,11.370664704231334,0.0,145.36435720275782,-10.623853561297961,1.493360150705822,0.0,110.91561300975536,-10.390651293651493,2.04823444212375,0.0,164.7418079031413,-41.78880433174344,0.32480420923453934,0.0,122.11217815533571,-39.79017071307491,0.9674369734774668,0.0,118.82009162801066,-37.88678094637985,2.134955379836901,0.0
168.11272868110976,-10.81027406913973,11.82627214500425,0.0,145.3708298898011,-10.628798104865652,1.4846137360670717,0.0,110.93393186631312,-10.387316045598144,2.0478299177733508,0.0,164.74189933654338,-41.79944749580521,0.3274830991412223,0.0,122.18894205300185,-39.96775535301068,0.9456981998131049,0.0,118.82378904235537,-37.87600370650757,2.125774075161596,0.0
169.02535251875878,-10.779130948290211,12.271377296705534,0.0,145.38169674462767,-10.634688054397822,1.4765083824449334,0.0,110.96005410335631,-10.381346092831656,2.0436363690275936,0.0,164.74433843769845,-41.808299039359014,0.32834542142233936,0.0,122.28614059402491,-40.142874019391726,0.9239753135261246,0.0,118.82775328455102,-37.865106272741826,2.1150286735083395,0.0
169.92421427559657,-10.789827876984576,12.692125131961825,0.0,145.39604673241539,-10.637624694281378,1.471273586305868,0.0,110.99101831754687,-10.372617688171532,2.0366657109307607,0.0,164.74924657438382,-41.814206155883866,0.3264492053489416,0.0,122.40649423652884,-40.31602131244159,0.9029214846010039,0.0,118.83189752611781,-37.85401506674126,2.1029590332714942,0.0
170.80869575573337,-10.843378915708122,13.079632307844024,0.0,145.41261688920034,-10.634401130931941,1.4704421418474833,0.0,111.02225668293823,-10.361919351208968,2.02887145517737,0.0,164.7561675047166,-41.81696811891673,0.32137847988222923,0.0,122.5510309050889,-40.48935353171902,0.8829133545777008,0.0,118.83609080674735,-37.842955064521774,2.090240823034037,0.0
171.68120179899262,-10.937371298454087,13.430827026553521,0.0,145.43019032690492,-10.624070153054586,1.4740635577353824,0.0,111.04871035908788,-10.350688636855566,2.0225709608438436,0.0,164.76429813654605,-41.817350016700544,0.31359768938054877,0.0,122.71824438834543,-40.66280179773627,0.8634900090329243,0.0,118.84023674049327,-37.832377922207634,2.077724827146504,0.0
172.54459414733034,-11.066637374904344,13.747513242224034,0.0,145.447741058622,-10.608545885102396,1.480485202696439,0.0,111.06643168277574,-10.340434191220599,2.0195851067276127,0.0,164.77279852751516,-41.81670536155927,0.3045355689075482,0.0,122.90366569337478,-40.83066014638984,0.8427037871309011,0.0,118.84431976798385,-37.82274421402751,2.0660502512875922,0.0
173.40006583783338,-11.22439896850981,14.034160887244315,0.0,145.46441045027845,-10.591855651709384,1.4868713353800977,0.0,111.07415881884909,-10.332127310221066,2.020442170384735,0.0,164.78102323884244,-41.81636893372744,0.296254994737458,0.0,123.09998762942082,-40.98039648930709,0.8168652184898164,0.0,118.84842641914982,-37.81431264906244,2.0553740066131496,0.0
174.24596623522268,-11.40373861192178,14.295314574732146,0.0,145.4794848022511,-10.578465544986173,1.4902402122465919,0.0,111.07406266080226,-10.325868709337296,2.0240563272063277,0.0,164.78857748469562,-41.81710044989385,0.2907699186659283,0.0,123.2978072657424,-41.09493261168616,0.7813041137187184,0.0,118.85274937989318,-37.80704392053957,2.0453893983975906,0.0
175.0775498209642,-11.598973371757893,14.533488893600396,0.0,145.49244390523057,-10.571540639440503,1.4885502567207265,0.0,111.07104553865796,-10.32097778573971,2.028123440242,0.0,164.7952429561157,-41.81884057784359,0.28927379617424975,0.0,123.48703394970775,-41.15860835664257,0.7325598292109365,0.0,118.85756227175479,-37.80063860019144,2.0355653550651507,0.0
175.8873357010922,-11.806336556602757,14.748084604392147,0.0,145.5030142103679,-10.571851533139586,1.4813939011078485,0.0,111.07069042996062,-10.3164314866304,2.0301336975658764,0.0,164.80091878344533,-41.82088804807185,0.29163974378300317,0.0,123.65886086255911,-41.16561741378984,0.6716995583875889,0.0,118.8631442234733,-37.79467884859736,2.0254136114521284,0.0
176.6658459173736,-12.023637920029635,14.935463746189114,0.0,145.51114843091986,-10.577603892289089,1.4700919680686244,0.0,111.07679737496065,-10.311418171309004,2.0285511429762657,0.0,164.80567099857285,-41.822404985902594,0.29644027743912105,0.0,123.80785294518122,-41.12821177572548,0.6074822020877324,0.0,118.86965799063306,-37.788827711162405,2.014644995648286,0.0
177.4027318133538,-12.249166763566603,15.09004267602059,0.0,145.516942024456,-10.585065687366505,1.45725674416828,0.0,111.08973471740566,-10.305731666140318,2.023588171621512,0.0,164.8098361968423,-41.82300262116807,0.3014477338355839,0.0,123.93346588962318,-41.08101186087986,0.5575922424555184,0.0,118.87702623205743,-37.78301500053053,2.0031829120064426,0.0
178.08844415236135,-12.480584191484711,15.206103883847575,0.0,145.5205534953898,-10.589647780390315,1.4460526466371917,0.0,111.10632726544976,-10.29983337328017,2.017224867397367,0.0,164.81404629463407,-41.82311641479805,0.3043398951621743,0.0,124.04053275993451,-41.07806617261756,0.5468632563853486,0.0,118.88487170668762,-37.777514865074615,1.9910789591020954,0.0
178.71655253565024,-12.714590077338311,15.279922002469617,0.0,145.52216858869252,-10.58710308831823,1.4393758674631059,0.0,111.1211684456023,-10.294601687680329,2.0125163336998,0.0,164.8190990619784,-41.82396440781804,0.3033233709802978,0.0,124.13877039401362,-41.18125434730842,0.6028766288144531,0.0,118.89257402640835,-37.77284976333707,1.9784010212304484,0.0
179.28658308337307,-12.947742219684637,15.311754625683824,0.0,145.52200112325502,-10.574620301579596,1.4391093824499475,0.0,111.12871379807638,-10.29093557498264,2.0125059818505573,0.0,164.82571346733548,-41.82706482222362,0.29752560590822874,0.0,124.24155431866218,-41.441685517975145,0.7500269854044799,0.0,118.89945510324797,-37.769547564934015,1.9651522900466514,0.0
179.8068106653189,-13.178166068162534,15.307285003628358,0.0,145.5203157971453,-10.551608542119702,1.4456130219588008,0.0,111.12543004639903,-10.289394464150309,2.0191268096348853,0.0,164.8342741099092,-41.833508447389185,0.2871214603333705,0.0,124.36374148091534,-41.8789979433806,1.002397678108366,0.0,118.9050443605171,-37.767868076241776,1.9512600066303598,0.0
180.29581113444434,-13.407278017048018,15.278142316206287,0.0,145.5174684829657,-10.519946166336164,1.4576182710232892,0.0,111.11133980546667,-10.289983205752634,2.032434980674088,0.0,164.84466393457106,-41.84334133866083,0.27320800242898535,0.0,124.51770119938328,-42.4666268332497,1.3554299629799118,0.0,118.90931082132869,-37.76763240263944,1.9366548789897315,0.0
180.7810385057124,-13.640354199884628,15.241125535924695,0.0,145.5139430107514,-10.483580203865637,1.4725855322558417,0.0,111.09033801422481,-10.292121250793066,2.050457185135178,0.0,164.85625369893503,-41.85539575013242,0.2574847950682386,0.0,124.7074935071009,-43.1327785474317,1.7791005468903016,0.0,118.91272966058585,-37.76822781358378,1.9214278605450605,0.0
